#-----------------------------------------------------------
# Vivado v2025.2 (64-bit)
# SW Build 6299465 on Fri Nov 14 12:34:56 MST 2025
# IP Build 6300035 on Fri Nov 14 10:48:45 MST 2025
# SharedData Build 6298862 on Thu Nov 13 04:50:51 MST 2025
# Start of session at: Sat Jun 20 19:01:11 2026
# Process ID         : 38914
# Current directory  : /home/eslam-elshokafy/Desktop/AIDAChip_Workshop_01/ztachip/HW/examples/ZC702
# Command line       : vivado -mode batch -source /home/eslam-elshokafy/Desktop/AIDAChip_Workshop_01/ztachip/HW/examples/ZC702/run_pmu_bitstream.tcl -log /home/eslam-elshokafy/Desktop/AIDAChip_Workshop_01/ztachip/HW/examples/ZC702/pmu_build.log -journal /home/eslam-elshokafy/Desktop/AIDAChip_Workshop_01/ztachip/HW/examples/ZC702/pmu_build.jou -notrace
# Log file           : /home/eslam-elshokafy/Desktop/AIDAChip_Workshop_01/ztachip/HW/examples/ZC702/pmu_build.log
# Journal file       : /home/eslam-elshokafy/Desktop/AIDAChip_Workshop_01/ztachip/HW/examples/ZC702/pmu_build.jou
# Running On         : eslam-elshokafy-Dell-G15-5511
# Platform           : Ubuntu
# Operating System   : Ubuntu 24.04.4 LTS
# Processor Detail   : 11th Gen Intel(R) Core(TM) i5-11400H @ 2.70GHz
# CPU Frequency      : 800.000 MHz
# CPU Physical cores : 6
# CPU Logical cores  : 12
# Host memory        : 16485 MB
# Swap memory        : 4294 MB
# Total Virtual      : 20780 MB
# Available Virtual  : 11626 MB
#-----------------------------------------------------------
source /home/eslam-elshokafy/Desktop/AIDAChip_Workshop_01/ztachip/HW/examples/ZC702/run_pmu_bitstream.tcl -notrace
INFO: opening existing project (keeps MMCM + jitter)...
Scanning sources...
Finished scanning sources
INFO: [IP_Flow 19-234] Refreshing IP repositories
INFO: [IP_Flow 19-1704] No user IP repositories specified
INFO: [IP_Flow 19-2313] Loaded Vivado IP repository '/home/eslam-elshokafy/Xilinx/2025.2/data/ip'.
INFO: adding pmu.vhd to the project...
INFO: resetting + launching synthesis (-jobs 2)...
INFO: [Project 1-1161] Replacing file /home/eslam-elshokafy/Desktop/AIDAChip_Workshop_01/ztachip/HW/examples/ZC702/ztachip_zc702.srcs/utils_1/imports/synth_1/main_zc702.dcp with file /home/eslam-elshokafy/Desktop/AIDAChip_Workshop_01/ztachip/HW/examples/ZC702/ztachip_zc702.runs/synth_1/main_zc702.dcp
INFO: [Vivado 12-4149] The synthesis checkpoint for IP '/home/eslam-elshokafy/Desktop/AIDAChip_Workshop_01/ztachip/HW/examples/ZC702/ztachip_zc702.srcs/sources_1/ip/clk_mmcm/clk_mmcm.xci' is already up-to-date
[Sat Jun 20 19:01:19 2026] Launched synth_1...
Run output will be captured here: /home/eslam-elshokafy/Desktop/AIDAChip_Workshop_01/ztachip/HW/examples/ZC702/ztachip_zc702.runs/synth_1/runme.log
[Sat Jun 20 19:01:19 2026] Waiting for synth_1 to finish...

*** Running vivado
    with args -log main_zc702.vds -m64 -product Vivado -mode batch -messageDb vivado.pb -notrace -source main_zc702.tcl


****** Vivado v2025.2 (64-bit)
  **** SW Build 6299465 on Fri Nov 14 12:34:56 MST 2025
  **** IP Build 6300035 on Fri Nov 14 10:48:45 MST 2025
  **** SharedData Build 6298862 on Thu Nov 13 04:50:51 MST 2025
  **** Start of session at: Sat Jun 20 19:01:22 2026
    ** Copyright 1986-2022 Xilinx, Inc. All Rights Reserved.
    ** Copyright 2022-2025 Advanced Micro Devices, Inc. All Rights Reserved.

source main_zc702.tcl -notrace
CRITICAL WARNING: [Common 17-1355] You are suppressing all messages of type 'WARNING'. You may potentially disregard important DRC, CDC, and implementation messages that can negatively impact your design.  If this is not desired, please run 'reset_msg_config -suppress -severity {WARNING}' to undo this change.
Command: read_checkpoint -auto_incremental -incremental /home/eslam-elshokafy/Desktop/AIDAChip_Workshop_01/ztachip/HW/examples/ZC702/ztachip_zc702.srcs/utils_1/imports/synth_1/main_zc702.dcp
INFO: [Vivado 12-5825] Read reference checkpoint from /home/eslam-elshokafy/Desktop/AIDAChip_Workshop_01/ztachip/HW/examples/ZC702/ztachip_zc702.srcs/utils_1/imports/synth_1/main_zc702.dcp for incremental synthesis
INFO: [Vivado 12-7989] Please ensure there are no constraint changes
Command: synth_design -top main_zc702 -part xc7z020clg484-1
Starting synth_design
Attempting to get a license for feature 'Synthesis' and/or device 'xc7z020'
INFO: [Common 17-349] Got license for feature 'Synthesis' and/or device 'xc7z020'
INFO: [Device 21-403] Loading part xc7z020clg484-1
INFO: [Synth 8-7079] Multithreading enabled for synth_design using a maximum of 7 processes.
INFO: [Synth 8-7078] Launching helper process for spawning children vivado processes
INFO: [Synth 8-7075] Helper process launched with PID 39201
---------------------------------------------------------------------------------
Starting RTL Elaboration : Time (s): cpu = 00:00:03 ; elapsed = 00:00:03 . Memory (MB): peak = 2249.945 ; gain = 483.156 ; free physical = 319 ; free virtual = 9339
---------------------------------------------------------------------------------
INFO: [Synth 8-7154] Comparator node is optimized using Range information. [/home/eslam-elshokafy/Desktop/AIDAChip_Workshop_01/ztachip/HW/riscv/sim/riscv.vhd:4449]
INFO: [Synth 8-7154] Comparator node is optimized using Range information. [/home/eslam-elshokafy/Desktop/AIDAChip_Workshop_01/ztachip/HW/riscv/sim/riscv.vhd:4192]
INFO: [Synth 8-7154] Comparator node is optimized using Range information. [/home/eslam-elshokafy/Desktop/AIDAChip_Workshop_01/ztachip/HW/src/pcore/instr_fetch.vhd:824]
---------------------------------------------------------------------------------
Finished RTL Elaboration : Time (s): cpu = 00:00:12 ; elapsed = 00:00:30 . Memory (MB): peak = 2703.164 ; gain = 936.375 ; free physical = 305 ; free virtual = 4553
---------------------------------------------------------------------------------
---------------------------------------------------------------------------------
Start Handling Custom Attributes
---------------------------------------------------------------------------------
---------------------------------------------------------------------------------
Finished Handling Custom Attributes : Time (s): cpu = 00:00:12 ; elapsed = 00:00:31 . Memory (MB): peak = 2703.164 ; gain = 936.375 ; free physical = 297 ; free virtual = 4549
---------------------------------------------------------------------------------
---------------------------------------------------------------------------------
Finished RTL Optimization Phase 1 : Time (s): cpu = 00:00:12 ; elapsed = 00:00:31 . Memory (MB): peak = 2703.164 ; gain = 936.375 ; free physical = 297 ; free virtual = 4549
---------------------------------------------------------------------------------
Netlist sorting complete. Time (s): cpu = 00:00:01 ; elapsed = 00:00:01 . Memory (MB): peak = 2706.133 ; gain = 0.000 ; free physical = 555 ; free virtual = 4831
INFO: [Project 1-570] Preparing netlist for logic optimization

Processing XDC Constraints
Initializing timing engine
Parsing XDC File [/home/eslam-elshokafy/Desktop/AIDAChip_Workshop_01/ztachip/HW/examples/ZC702/ztachip_zc702.gen/sources_1/ip/clk_mmcm/clk_mmcm/clk_mmcm_in_context.xdc] for cell 'clk_mmcm_inst'
Finished Parsing XDC File [/home/eslam-elshokafy/Desktop/AIDAChip_Workshop_01/ztachip/HW/examples/ZC702/ztachip_zc702.gen/sources_1/ip/clk_mmcm/clk_mmcm/clk_mmcm_in_context.xdc] for cell 'clk_mmcm_inst'
Parsing XDC File [/home/eslam-elshokafy/Desktop/AIDAChip_Workshop_01/ztachip/HW/examples/ZC702/ztachip_zc702.gen/sources_1/ip/float_addsub/float_addsub/float_addsub_in_context.xdc] for cell 'soc_base_inst/ztachip_inst/GEN1.fpu_i/falu_vector_i/GEN_FPU[0].falu_core_i/falu_i/stage_3/float_addsub_inst'
Finished Parsing XDC File [/home/eslam-elshokafy/Desktop/AIDAChip_Workshop_01/ztachip/HW/examples/ZC702/ztachip_zc702.gen/sources_1/ip/float_addsub/float_addsub/float_addsub_in_context.xdc] for cell 'soc_base_inst/ztachip_inst/GEN1.fpu_i/falu_vector_i/GEN_FPU[0].falu_core_i/falu_i/stage_3/float_addsub_inst'
Parsing XDC File [/home/eslam-elshokafy/Desktop/AIDAChip_Workshop_01/ztachip/HW/examples/ZC702/ztachip_zc702.gen/sources_1/ip/float_addsub/float_addsub/float_addsub_in_context.xdc] for cell 'soc_base_inst/ztachip_inst/GEN1.fpu_i/falu_vector_i/GEN_FPU[0].falu_core_i/falu2_i/sum_1/float_addsub_inst'
Finished Parsing XDC File [/home/eslam-elshokafy/Desktop/AIDAChip_Workshop_01/ztachip/HW/examples/ZC702/ztachip_zc702.gen/sources_1/ip/float_addsub/float_addsub/float_addsub_in_context.xdc] for cell 'soc_base_inst/ztachip_inst/GEN1.fpu_i/falu_vector_i/GEN_FPU[0].falu_core_i/falu2_i/sum_1/float_addsub_inst'
Parsing XDC File [/home/eslam-elshokafy/Desktop/AIDAChip_Workshop_01/ztachip/HW/examples/ZC702/ztachip_zc702.gen/sources_1/ip/float_addsub/float_addsub/float_addsub_in_context.xdc] for cell 'soc_base_inst/ztachip_inst/GEN1.fpu_i/falu_vector_i/GEN_FPU[0].falu_core_i/falu2_i/sum_2/float_addsub_inst'
Finished Parsing XDC File [/home/eslam-elshokafy/Desktop/AIDAChip_Workshop_01/ztachip/HW/examples/ZC702/ztachip_zc702.gen/sources_1/ip/float_addsub/float_addsub/float_addsub_in_context.xdc] for cell 'soc_base_inst/ztachip_inst/GEN1.fpu_i/falu_vector_i/GEN_FPU[0].falu_core_i/falu2_i/sum_2/float_addsub_inst'
Parsing XDC File [/home/eslam-elshokafy/Desktop/AIDAChip_Workshop_01/ztachip/HW/examples/ZC702/ztachip_zc702.gen/sources_1/ip/float_addsub/float_addsub/float_addsub_in_context.xdc] for cell 'soc_base_inst/ztachip_inst/GEN1.fpu_i/falu_vector_i/GEN_FPU[0].falu_core_i/falu2_i/sum_3/float_addsub_inst'
Finished Parsing XDC File [/home/eslam-elshokafy/Desktop/AIDAChip_Workshop_01/ztachip/HW/examples/ZC702/ztachip_zc702.gen/sources_1/ip/float_addsub/float_addsub/float_addsub_in_context.xdc] for cell 'soc_base_inst/ztachip_inst/GEN1.fpu_i/falu_vector_i/GEN_FPU[0].falu_core_i/falu2_i/sum_3/float_addsub_inst'
Parsing XDC File [/home/eslam-elshokafy/Desktop/AIDAChip_Workshop_01/ztachip/HW/examples/ZC702/ztachip_zc702.gen/sources_1/ip/float_addsub/float_addsub/float_addsub_in_context.xdc] for cell 'soc_base_inst/ztachip_inst/GEN1.fpu_i/falu_vector_i/GEN_FPU[1].falu_core_i/falu_i/stage_3/float_addsub_inst'
Finished Parsing XDC File [/home/eslam-elshokafy/Desktop/AIDAChip_Workshop_01/ztachip/HW/examples/ZC702/ztachip_zc702.gen/sources_1/ip/float_addsub/float_addsub/float_addsub_in_context.xdc] for cell 'soc_base_inst/ztachip_inst/GEN1.fpu_i/falu_vector_i/GEN_FPU[1].falu_core_i/falu_i/stage_3/float_addsub_inst'
Parsing XDC File [/home/eslam-elshokafy/Desktop/AIDAChip_Workshop_01/ztachip/HW/examples/ZC702/ztachip_zc702.gen/sources_1/ip/float_addsub/float_addsub/float_addsub_in_context.xdc] for cell 'soc_base_inst/ztachip_inst/GEN1.fpu_i/falu_vector_i/GEN_FPU[1].falu_core_i/falu2_i/sum_1/float_addsub_inst'
Finished Parsing XDC File [/home/eslam-elshokafy/Desktop/AIDAChip_Workshop_01/ztachip/HW/examples/ZC702/ztachip_zc702.gen/sources_1/ip/float_addsub/float_addsub/float_addsub_in_context.xdc] for cell 'soc_base_inst/ztachip_inst/GEN1.fpu_i/falu_vector_i/GEN_FPU[1].falu_core_i/falu2_i/sum_1/float_addsub_inst'
Parsing XDC File [/home/eslam-elshokafy/Desktop/AIDAChip_Workshop_01/ztachip/HW/examples/ZC702/ztachip_zc702.gen/sources_1/ip/float_addsub/float_addsub/float_addsub_in_context.xdc] for cell 'soc_base_inst/ztachip_inst/GEN1.fpu_i/falu_vector_i/GEN_FPU[1].falu_core_i/falu2_i/sum_2/float_addsub_inst'
Finished Parsing XDC File [/home/eslam-elshokafy/Desktop/AIDAChip_Workshop_01/ztachip/HW/examples/ZC702/ztachip_zc702.gen/sources_1/ip/float_addsub/float_addsub/float_addsub_in_context.xdc] for cell 'soc_base_inst/ztachip_inst/GEN1.fpu_i/falu_vector_i/GEN_FPU[1].falu_core_i/falu2_i/sum_2/float_addsub_inst'
Parsing XDC File [/home/eslam-elshokafy/Desktop/AIDAChip_Workshop_01/ztachip/HW/examples/ZC702/ztachip_zc702.gen/sources_1/ip/float_addsub/float_addsub/float_addsub_in_context.xdc] for cell 'soc_base_inst/ztachip_inst/GEN1.fpu_i/falu_vector_i/GEN_FPU[1].falu_core_i/falu2_i/sum_3/float_addsub_inst'
Finished Parsing XDC File [/home/eslam-elshokafy/Desktop/AIDAChip_Workshop_01/ztachip/HW/examples/ZC702/ztachip_zc702.gen/sources_1/ip/float_addsub/float_addsub/float_addsub_in_context.xdc] for cell 'soc_base_inst/ztachip_inst/GEN1.fpu_i/falu_vector_i/GEN_FPU[1].falu_core_i/falu2_i/sum_3/float_addsub_inst'
Parsing XDC File [/home/eslam-elshokafy/Desktop/AIDAChip_Workshop_01/ztachip/HW/examples/ZC702/ztachip_zc702.gen/sources_1/ip/float_addsub/float_addsub/float_addsub_in_context.xdc] for cell 'soc_base_inst/ztachip_inst/GEN1.fpu_i/falu_vector_i/stage_3/float_addsub_inst'
Finished Parsing XDC File [/home/eslam-elshokafy/Desktop/AIDAChip_Workshop_01/ztachip/HW/examples/ZC702/ztachip_zc702.gen/sources_1/ip/float_addsub/float_addsub/float_addsub_in_context.xdc] for cell 'soc_base_inst/ztachip_inst/GEN1.fpu_i/falu_vector_i/stage_3/float_addsub_inst'
Parsing XDC File [/home/eslam-elshokafy/Desktop/AIDAChip_Workshop_01/ztachip/HW/examples/ZC702/ztachip_zc702.gen/sources_1/ip/float_mul/float_mul/float_mul_in_context.xdc] for cell 'soc_base_inst/ztachip_inst/GEN1.fpu_i/falu_vector_i/GEN_FPU[0].falu_core_i/falu_i/stage_1/float_mul_inst'
Finished Parsing XDC File [/home/eslam-elshokafy/Desktop/AIDAChip_Workshop_01/ztachip/HW/examples/ZC702/ztachip_zc702.gen/sources_1/ip/float_mul/float_mul/float_mul_in_context.xdc] for cell 'soc_base_inst/ztachip_inst/GEN1.fpu_i/falu_vector_i/GEN_FPU[0].falu_core_i/falu_i/stage_1/float_mul_inst'
Parsing XDC File [/home/eslam-elshokafy/Desktop/AIDAChip_Workshop_01/ztachip/HW/examples/ZC702/ztachip_zc702.gen/sources_1/ip/float_mul/float_mul/float_mul_in_context.xdc] for cell 'soc_base_inst/ztachip_inst/GEN1.fpu_i/falu_vector_i/GEN_FPU[0].falu_core_i/falu_i/stage_2/float_mul_inst'
Finished Parsing XDC File [/home/eslam-elshokafy/Desktop/AIDAChip_Workshop_01/ztachip/HW/examples/ZC702/ztachip_zc702.gen/sources_1/ip/float_mul/float_mul/float_mul_in_context.xdc] for cell 'soc_base_inst/ztachip_inst/GEN1.fpu_i/falu_vector_i/GEN_FPU[0].falu_core_i/falu_i/stage_2/float_mul_inst'
Parsing XDC File [/home/eslam-elshokafy/Desktop/AIDAChip_Workshop_01/ztachip/HW/examples/ZC702/ztachip_zc702.gen/sources_1/ip/float_mul/float_mul/float_mul_in_context.xdc] for cell 'soc_base_inst/ztachip_inst/GEN1.fpu_i/falu_vector_i/GEN_FPU[1].falu_core_i/falu_i/stage_1/float_mul_inst'
Finished Parsing XDC File [/home/eslam-elshokafy/Desktop/AIDAChip_Workshop_01/ztachip/HW/examples/ZC702/ztachip_zc702.gen/sources_1/ip/float_mul/float_mul/float_mul_in_context.xdc] for cell 'soc_base_inst/ztachip_inst/GEN1.fpu_i/falu_vector_i/GEN_FPU[1].falu_core_i/falu_i/stage_1/float_mul_inst'
Parsing XDC File [/home/eslam-elshokafy/Desktop/AIDAChip_Workshop_01/ztachip/HW/examples/ZC702/ztachip_zc702.gen/sources_1/ip/float_mul/float_mul/float_mul_in_context.xdc] for cell 'soc_base_inst/ztachip_inst/GEN1.fpu_i/falu_vector_i/GEN_FPU[1].falu_core_i/falu_i/stage_2/float_mul_inst'
Finished Parsing XDC File [/home/eslam-elshokafy/Desktop/AIDAChip_Workshop_01/ztachip/HW/examples/ZC702/ztachip_zc702.gen/sources_1/ip/float_mul/float_mul/float_mul_in_context.xdc] for cell 'soc_base_inst/ztachip_inst/GEN1.fpu_i/falu_vector_i/GEN_FPU[1].falu_core_i/falu_i/stage_2/float_mul_inst'
Parsing XDC File [/home/eslam-elshokafy/Desktop/AIDAChip_Workshop_01/ztachip/HW/examples/ZC702/ztachip_zc702.gen/sources_1/bd/zynq_system/ip/zynq_system_processing_system7_0_0/zynq_system_processing_system7_0_0.xdc] for cell 'ps_inst/zynq_system_i/processing_system7_0/inst'
Finished Parsing XDC File [/home/eslam-elshokafy/Desktop/AIDAChip_Workshop_01/ztachip/HW/examples/ZC702/ztachip_zc702.gen/sources_1/bd/zynq_system/ip/zynq_system_processing_system7_0_0/zynq_system_processing_system7_0_0.xdc] for cell 'ps_inst/zynq_system_i/processing_system7_0/inst'
INFO: [Project 1-236] Implementation specific constraints were found while reading constraint file [/home/eslam-elshokafy/Desktop/AIDAChip_Workshop_01/ztachip/HW/examples/ZC702/ztachip_zc702.gen/sources_1/bd/zynq_system/ip/zynq_system_processing_system7_0_0/zynq_system_processing_system7_0_0.xdc]. These constraints will be ignored for synthesis but will be used in implementation. Impacted constraints are listed in the file [.Xil/main_zc702_propImpl.xdc].
Resolution: To avoid this warning, move constraints listed in [.Xil/main_zc702_propImpl.xdc] to another XDC file and exclude this new file from synthesis with the used_in_synthesis property (File Properties dialog in GUI) and re-run elaboration/synthesis.
Parsing XDC File [/home/eslam-elshokafy/Desktop/AIDAChip_Workshop_01/ztachip/HW/examples/ZC702/main_zc702.xdc]
Finished Parsing XDC File [/home/eslam-elshokafy/Desktop/AIDAChip_Workshop_01/ztachip/HW/examples/ZC702/main_zc702.xdc]
INFO: [Project 1-236] Implementation specific constraints were found while reading constraint file [/home/eslam-elshokafy/Desktop/AIDAChip_Workshop_01/ztachip/HW/examples/ZC702/main_zc702.xdc]. These constraints will be ignored for synthesis but will be used in implementation. Impacted constraints are listed in the file [.Xil/main_zc702_propImpl.xdc].
Resolution: To avoid this warning, move constraints listed in [.Xil/main_zc702_propImpl.xdc] to another XDC file and exclude this new file from synthesis with the used_in_synthesis property (File Properties dialog in GUI) and re-run elaboration/synthesis.
Parsing XDC File [/home/eslam-elshokafy/Desktop/AIDAChip_Workshop_01/ztachip/HW/examples/ZC702/ztachip_zc702.runs/synth_1/dont_touch.xdc]
Finished Parsing XDC File [/home/eslam-elshokafy/Desktop/AIDAChip_Workshop_01/ztachip/HW/examples/ZC702/ztachip_zc702.runs/synth_1/dont_touch.xdc]
INFO: [Project 1-236] Implementation specific constraints were found while reading constraint file [/home/eslam-elshokafy/Desktop/AIDAChip_Workshop_01/ztachip/HW/examples/ZC702/ztachip_zc702.runs/synth_1/dont_touch.xdc]. These constraints will be ignored for synthesis but will be used in implementation. Impacted constraints are listed in the file [.Xil/main_zc702_propImpl.xdc].
Resolution: To avoid this warning, move constraints listed in [.Xil/main_zc702_propImpl.xdc] to another XDC file and exclude this new file from synthesis with the used_in_synthesis property (File Properties dialog in GUI) and re-run elaboration/synthesis.
INFO: [Vivado 12-3272] Current instance is the top level cell 'soc_base_inst/axi_merge_inst/read_i/GEN1_CCD.slave_cmd_fifo/GEN2.afifo_i/sync_i1/xpm_cdc_array_single_inst' of design 'preSynthElab_1' [/home/eslam-elshokafy/Xilinx/2025.2/data/ip/xpm/xpm_cdc/tcl/xpm_cdc_array_single.tcl:5]
INFO: [Vivado 12-3272] Current instance is the top level cell 'soc_base_inst/axi_merge_inst/read_i/GEN1_CCD.slave_cmd_fifo/GEN2.afifo_i/sync_i2/xpm_cdc_array_single_inst' of design 'preSynthElab_1' [/home/eslam-elshokafy/Xilinx/2025.2/data/ip/xpm/xpm_cdc/tcl/xpm_cdc_array_single.tcl:5]
INFO: [Vivado 12-3272] Current instance is the top level cell 'soc_base_inst/axi_merge_inst/read_i/GEN2_CCD.slave_resp_fifo/GEN2.afifo_i/sync_i1/xpm_cdc_array_single_inst' of design 'preSynthElab_1' [/home/eslam-elshokafy/Xilinx/2025.2/data/ip/xpm/xpm_cdc/tcl/xpm_cdc_array_single.tcl:5]
INFO: [Vivado 12-3272] Current instance is the top level cell 'soc_base_inst/axi_merge_inst/read_i/GEN2_CCD.slave_resp_fifo/GEN2.afifo_i/sync_i2/xpm_cdc_array_single_inst' of design 'preSynthElab_1' [/home/eslam-elshokafy/Xilinx/2025.2/data/ip/xpm/xpm_cdc/tcl/xpm_cdc_array_single.tcl:5]
INFO: [Vivado 12-3272] Current instance is the top level cell 'soc_base_inst/axi_merge_inst/write_i/GEN1_CCD.slave_cmd_fifo/GEN2.afifo_i/sync_i1/xpm_cdc_array_single_inst' of design 'preSynthElab_1' [/home/eslam-elshokafy/Xilinx/2025.2/data/ip/xpm/xpm_cdc/tcl/xpm_cdc_array_single.tcl:5]
INFO: [Vivado 12-3272] Current instance is the top level cell 'soc_base_inst/axi_merge_inst/write_i/GEN1_CCD.slave_cmd_fifo/GEN2.afifo_i/sync_i2/xpm_cdc_array_single_inst' of design 'preSynthElab_1' [/home/eslam-elshokafy/Xilinx/2025.2/data/ip/xpm/xpm_cdc/tcl/xpm_cdc_array_single.tcl:5]
INFO: [Vivado 12-3272] Current instance is the top level cell 'soc_base_inst/axi_merge_inst/write_i/GEN2_CCD.slave_data_fifo/GEN2.afifo_i/sync_i1/xpm_cdc_array_single_inst' of design 'preSynthElab_1' [/home/eslam-elshokafy/Xilinx/2025.2/data/ip/xpm/xpm_cdc/tcl/xpm_cdc_array_single.tcl:5]
INFO: [Vivado 12-3272] Current instance is the top level cell 'soc_base_inst/axi_merge_inst/write_i/GEN2_CCD.slave_data_fifo/GEN2.afifo_i/sync_i2/xpm_cdc_array_single_inst' of design 'preSynthElab_1' [/home/eslam-elshokafy/Xilinx/2025.2/data/ip/xpm/xpm_cdc/tcl/xpm_cdc_array_single.tcl:5]
INFO: [Vivado 12-3272] Current instance is the top level cell 'soc_base_inst/axi_merge_inst/write_i/GEN3_CCD.slave_resp_fifo/GEN2.afifo_i/sync_i1/xpm_cdc_array_single_inst' of design 'preSynthElab_1' [/home/eslam-elshokafy/Xilinx/2025.2/data/ip/xpm/xpm_cdc/tcl/xpm_cdc_array_single.tcl:5]
INFO: [Vivado 12-3272] Current instance is the top level cell 'soc_base_inst/axi_merge_inst/write_i/GEN3_CCD.slave_resp_fifo/GEN2.afifo_i/sync_i2/xpm_cdc_array_single_inst' of design 'preSynthElab_1' [/home/eslam-elshokafy/Xilinx/2025.2/data/ip/xpm/xpm_cdc/tcl/xpm_cdc_array_single.tcl:5]
INFO: [Project 1-236] Implementation specific constraints were found while reading constraint file [/home/eslam-elshokafy/Xilinx/2025.2/data/ip/xpm/xpm_cdc/tcl/xpm_cdc_array_single.tcl]. These constraints will be ignored for synthesis but will be used in implementation. Impacted constraints are listed in the file [.Xil/main_zc702_propImpl.xdc].
Resolution: To avoid this warning, move constraints listed in [.Xil/main_zc702_propImpl.xdc] to another XDC file and exclude this new file from synthesis with the used_in_synthesis property (File Properties dialog in GUI) and re-run elaboration/synthesis.
INFO: [Project 1-236] Implementation specific constraints were found while reading constraint file [/home/eslam-elshokafy/Xilinx/2025.2/data/ip/xpm/xpm_memory/tcl/xpm_memory_xdc.tcl]. These constraints will be ignored for synthesis but will be used in implementation. Impacted constraints are listed in the file [.Xil/main_zc702_propImpl.xdc].
Resolution: To avoid this warning, move constraints listed in [.Xil/main_zc702_propImpl.xdc] to another XDC file and exclude this new file from synthesis with the used_in_synthesis property (File Properties dialog in GUI) and re-run elaboration/synthesis.
INFO: [Project 1-236] Implementation specific constraints were found while reading constraint file [/home/eslam-elshokafy/Xilinx/2025.2/data/ip/xpm/xpm_memory/tcl/xpm_memory_xdc.tcl]. These constraints will be ignored for synthesis but will be used in implementation. Impacted constraints are listed in the file [.Xil/main_zc702_propImpl.xdc].
Resolution: To avoid this warning, move constraints listed in [.Xil/main_zc702_propImpl.xdc] to another XDC file and exclude this new file from synthesis with the used_in_synthesis property (File Properties dialog in GUI) and re-run elaboration/synthesis.
INFO: [Project 1-1714] 109 XPM XDC files have been applied to the design.
Completed Processing XDC Constraints

Netlist sorting complete. Time (s): cpu = 00:00:00.03 ; elapsed = 00:00:00.03 . Memory (MB): peak = 3225.641 ; gain = 1.000 ; free physical = 2614 ; free virtual = 7070
INFO: [Project 1-111] Unisim Transformation Summary:
No Unisim elements were transformed.

Constraint Validation Runtime : Time (s): cpu = 00:00:00.34 ; elapsed = 00:00:00.35 . Memory (MB): peak = 3226.641 ; gain = 0.965 ; free physical = 2619 ; free virtual = 7069
---------------------------------------------------------------------------------
Finished Constraint Validation : Time (s): cpu = 00:00:52 ; elapsed = 00:00:54 . Memory (MB): peak = 3241.484 ; gain = 1474.695 ; free physical = 2682 ; free virtual = 7125
---------------------------------------------------------------------------------
---------------------------------------------------------------------------------
Start Loading Part and Timing Information
---------------------------------------------------------------------------------
Loading part: xc7z020clg484-1
---------------------------------------------------------------------------------
Finished Loading Part and Timing Information : Time (s): cpu = 00:00:52 ; elapsed = 00:00:54 . Memory (MB): peak = 3249.488 ; gain = 1482.699 ; free physical = 2682 ; free virtual = 7125
---------------------------------------------------------------------------------
---------------------------------------------------------------------------------
Start Applying 'set_property' XDC Constraints
---------------------------------------------------------------------------------
---------------------------------------------------------------------------------
Finished applying 'set_property' XDC Constraints : Time (s): cpu = 00:00:52 ; elapsed = 00:00:54 . Memory (MB): peak = 3249.488 ; gain = 1482.699 ; free physical = 2687 ; free virtual = 7131
---------------------------------------------------------------------------------
---------------------------------------------------------------------------------
Start Preparing Guide Design
---------------------------------------------------------------------------------
---------------------------------------------------------------------------------
Finished Doing Graph Differ : Time (s): cpu = 00:00:55 ; elapsed = 00:00:57 . Memory (MB): peak = 3249.488 ; gain = 1482.699 ; free physical = 2676 ; free virtual = 7138
---------------------------------------------------------------------------------
main_zc702__GC0cell__GB0pcore__parameterized3pcore__parameterized1dp_core__GC0fpu__GB1fpu__GB0IncrSyn: Total reference run partitions are 15, Impacted partitions are 8.
IncrSyn: List of changed modules: 
	Changed Module : soc_base
---------------------------------------------------------------------------------
Finished Preparing Guide Design : Time (s): cpu = 00:00:57 ; elapsed = 00:00:59 . Memory (MB): peak = 3249.488 ; gain = 1482.699 ; free physical = 2587 ; free virtual = 7142
---------------------------------------------------------------------------------
INFO: [Synth 8-802] inferred FSM for state register 'tx_state_r_reg' in module 'UART'
---------------------------------------------------------------------------------------------------
                   State |                     New Encoding |                Previous Encoding 
---------------------------------------------------------------------------------------------------
                    idle |                               00 |                               00
               start_bit |                               01 |                               01
            writing_bits |                               10 |                               10
         writing_end_bit |                               11 |                               11
---------------------------------------------------------------------------------------------------
INFO: [Synth 8-3354] encoded FSM with state register 'tx_state_r_reg' using encoding 'User encoding' in module 'UART'
---------------------------------------------------------------------------------
Finished RTL Optimization Phase 2 : Time (s): cpu = 00:01:12 ; elapsed = 00:01:16 . Memory (MB): peak = 4449.707 ; gain = 2682.918 ; free physical = 1333 ; free virtual = 5896
---------------------------------------------------------------------------------
# Minor page faults: 945194 Major page faults: 30019
# Thrashing Detected!
# Process may be trying to use more memory than is available
# (memory might be consumed by other processes or file cache).
# Minor page faults: 945200 Major page faults: 30019
# Thrashing Detected!
# Process may be trying to use more memory than is available
# (memory might be consumed by other processes or file cache).
# Minor page faults: 946047 Major page faults: 30019
# Thrashing Detected!
# Process may be trying to use more memory than is available
# (memory might be consumed by other processes or file cache).
# Minor page faults: 946047 Major page faults: 30019
# Thrashing Detected!
# Process may be trying to use more memory than is available
# (memory might be consumed by other processes or file cache).
# Minor page faults: 946047 Major page faults: 30019
# Thrashing Detected!
# Process may be trying to use more memory than is available
# (memory might be consumed by other processes or file cache).
# Minor page faults: 957062 Major page faults: 30019
# Thrashing Detected!
# Process may be trying to use more memory than is available
# (memory might be consumed by other processes or file cache).


Incremental Synthesis Report Summary:

1. Incremental synthesis run: no

   Reason for not running incremental synthesis : Change is too high


INFO: [Synth 8-7130] Flow is switching to default flow due to incremental criteria not met. If you would like to alter this behaviour and have the flow terminate instead, please set the following parameter config_implementation {autoIncr.Synth.RejectBehavior Terminate}
---------------------------------------------------------------------------------
Start RTL Component Statistics 
---------------------------------------------------------------------------------
Detailed RTL Component Info : 
+---Adders : 
	   2 Input   64 Bit       Adders := 1     
	   3 Input   52 Bit       Adders := 1     
	   2 Input   33 Bit       Adders := 2     
	   3 Input   33 Bit       Adders := 1     
	   2 Input   32 Bit       Adders := 32    
	   3 Input   32 Bit       Adders := 33    
	   3 Input   29 Bit       Adders := 4     
	   2 Input   27 Bit       Adders := 14    
	   3 Input   27 Bit       Adders := 14    
	   2 Input   26 Bit       Adders := 64    
	   3 Input   26 Bit       Adders := 16    
	   2 Input   25 Bit       Adders := 2     
	   2 Input   24 Bit       Adders := 2     
	   2 Input   23 Bit       Adders := 34    
	   2 Input   22 Bit       Adders := 8     
	   2 Input   20 Bit       Adders := 2     
	   2 Input   17 Bit       Adders := 1     
	   2 Input   16 Bit       Adders := 5     
	   2 Input   15 Bit       Adders := 5     
	   2 Input   13 Bit       Adders := 20    
	   3 Input   13 Bit       Adders := 5     
	   2 Input   12 Bit       Adders := 28    
	   3 Input   12 Bit       Adders := 16    
	   2 Input   11 Bit       Adders := 1     
	   2 Input   10 Bit       Adders := 18    
	   3 Input   10 Bit       Adders := 6     
	   2 Input    9 Bit       Adders := 119   
	   3 Input    9 Bit       Adders := 18    
	   2 Input    8 Bit       Adders := 115   
	   3 Input    8 Bit       Adders := 31    
	   2 Input    7 Bit       Adders := 9     
	   3 Input    7 Bit       Adders := 4     
	   2 Input    6 Bit       Adders := 48    
	   3 Input    6 Bit       Adders := 6     
	   2 Input    5 Bit       Adders := 123   
	   3 Input    5 Bit       Adders := 46    
	   2 Input    4 Bit       Adders := 85    
	   3 Input    4 Bit       Adders := 15    
	   2 Input    3 Bit       Adders := 47    
	   3 Input    3 Bit       Adders := 16    
	   2 Input    2 Bit       Adders := 16    
	   3 Input    1 Bit       Adders := 1     
	   2 Input    1 Bit       Adders := 5     
+---XORs : 
	   2 Input     32 Bit         XORs := 11    
	   2 Input     13 Bit         XORs := 4     
	   2 Input      5 Bit         XORs := 14    
	   2 Input      1 Bit         XORs := 44    
+---Registers : 
	             1632 Bit    Registers := 5     
	              417 Bit    Registers := 2     
	              408 Bit    Registers := 1     
	              337 Bit    Registers := 2     
	              256 Bit    Registers := 4     
	              144 Bit    Registers := 4     
	              136 Bit    Registers := 8     
	              133 Bit    Registers := 6     
	              128 Bit    Registers := 82    
	               80 Bit    Registers := 5     
	               73 Bit    Registers := 5     
	               72 Bit    Registers := 8     
	               68 Bit    Registers := 7     
	               67 Bit    Registers := 1     
	               65 Bit    Registers := 5     
	               64 Bit    Registers := 67    
	               58 Bit    Registers := 19    
	               52 Bit    Registers := 1     
	               38 Bit    Registers := 1     
	               37 Bit    Registers := 3     
	               36 Bit    Registers := 2     
	               35 Bit    Registers := 2     
	               34 Bit    Registers := 1     
	               33 Bit    Registers := 7     
	               32 Bit    Registers := 518   
	               30 Bit    Registers := 2     
	               29 Bit    Registers := 4     
	               28 Bit    Registers := 41    
	               27 Bit    Registers := 154   
	               26 Bit    Registers := 234   
	               24 Bit    Registers := 53    
	               23 Bit    Registers := 64    
	               22 Bit    Registers := 59    
	               21 Bit    Registers := 1     
	               20 Bit    Registers := 1     
	               18 Bit    Registers := 4     
	               17 Bit    Registers := 5     
	               16 Bit    Registers := 290   
	               15 Bit    Registers := 149   
	               14 Bit    Registers := 6     
	               13 Bit    Registers := 117   
	               12 Bit    Registers := 144   
	               11 Bit    Registers := 71    
	               10 Bit    Registers := 18    
	                9 Bit    Registers := 85    
	                8 Bit    Registers := 180   
	                7 Bit    Registers := 14    
	                6 Bit    Registers := 212   
	                5 Bit    Registers := 261   
	                4 Bit    Registers := 351   
	                3 Bit    Registers := 340   
	                2 Bit    Registers := 470   
	                1 Bit    Registers := 1371  
+---RAMs : 
	             204K Bit	(512 X 408 bit)          RAMs := 1     
	             128K Bit	(1024 X 128 bit)          RAMs := 3     
	             128K Bit	(4096 X 32 bit)          RAMs := 1     
	              84K Bit	(256 X 337 bit)          RAMs := 2     
	              68K Bit	(512 X 136 bit)          RAMs := 4     
	              66K Bit	(512 X 133 bit)          RAMs := 3     
	              65K Bit	(1024 X 65 bit)          RAMs := 1     
	              64K Bit	(1024 X 64 bit)          RAMs := 1     
	              34K Bit	(512 X 68 bit)          RAMs := 1     
	              32K Bit	(512 X 64 bit)          RAMs := 4     
	              32K Bit	(256 X 128 bit)          RAMs := 8     
	              32K Bit	(1024 X 32 bit)          RAMs := 2     
	              18K Bit	(256 X 73 bit)          RAMs := 1     
	              16K Bit	(256 X 67 bit)          RAMs := 1     
	              16K Bit	(2048 X 8 bit)          RAMs := 4     
	              14K Bit	(256 X 58 bit)          RAMs := 1     
	              13K Bit	(32 X 417 bit)          RAMs := 1     
	              12K Bit	(512 X 24 bit)          RAMs := 16    
	               8K Bit	(128 X 68 bit)          RAMs := 1     
	               5K Bit	(256 X 21 bit)          RAMs := 1     
	               4K Bit	(64 X 72 bit)          RAMs := 4     
	               4K Bit	(128 X 35 bit)          RAMs := 1     
	               3K Bit	(64 X 58 bit)          RAMs := 1     
	               2K Bit	(16 X 128 bit)          RAMs := 3     
	               2K Bit	(64 X 32 bit)          RAMs := 1     
	               2K Bit	(128 X 22 bit)          RAMs := 2     
	               2K Bit	(32 X 68 bit)          RAMs := 2     
	               2K Bit	(32 X 73 bit)          RAMs := 1     
	               2K Bit	(256 X 8 bit)          RAMs := 2     
	               1K Bit	(64 X 24 bit)          RAMs := 1     
	             1024 Bit	(32 X 32 bit)          RAMs := 1     
	               1K Bit	(32 X 58 bit)          RAMs := 11    
	               1K Bit	(32 X 36 bit)          RAMs := 2     
	               1K Bit	(256 X 5 bit)          RAMs := 4     
	               1K Bit	(32 X 37 bit)          RAMs := 3     
	               1K Bit	(256 X 6 bit)          RAMs := 2     
	             1024 Bit	(256 X 4 bit)          RAMs := 1     
	              768 Bit	(256 X 3 bit)          RAMs := 1     
	              608 Bit	(16 X 38 bit)          RAMs := 1     
	              528 Bit	(16 X 33 bit)          RAMs := 3     
	              264 Bit	(8 X 33 bit)          RAMs := 3     
	              256 Bit	(8 X 32 bit)          RAMs := 1     
	               96 Bit	(32 X 3 bit)          RAMs := 4     
	               40 Bit	(8 X 5 bit)          RAMs := 1     
	                8 Bit	(8 X 1 bit)          RAMs := 1     
+---ROMs : 
	                    ROMs := 1     
+---Muxes : 
	   2 Input 1632 Bit        Muxes := 3     
	   2 Input  417 Bit        Muxes := 1     
	   2 Input  337 Bit        Muxes := 3     
	   2 Input  136 Bit        Muxes := 136   
	   2 Input  128 Bit        Muxes := 464   
	   3 Input  128 Bit        Muxes := 5     
	   4 Input  128 Bit        Muxes := 1     
	   5 Input  128 Bit        Muxes := 2     
	   2 Input  112 Bit        Muxes := 4     
	   2 Input   72 Bit        Muxes := 72    
	   2 Input   64 Bit        Muxes := 29    
	   3 Input   64 Bit        Muxes := 6     
	   2 Input   33 Bit        Muxes := 3     
	   2 Input   32 Bit        Muxes := 342   
	   4 Input   32 Bit        Muxes := 10    
	   3 Input   32 Bit        Muxes := 15    
	   2 Input   29 Bit        Muxes := 4     
	   2 Input   28 Bit        Muxes := 3     
	   2 Input   27 Bit        Muxes := 144   
	   3 Input   27 Bit        Muxes := 14    
	   2 Input   26 Bit        Muxes := 187   
	   3 Input   26 Bit        Muxes := 15    
	   2 Input   25 Bit        Muxes := 1     
	   2 Input   24 Bit        Muxes := 9     
	   2 Input   23 Bit        Muxes := 32    
	   2 Input   22 Bit        Muxes := 39    
	   2 Input   20 Bit        Muxes := 1     
	   2 Input   17 Bit        Muxes := 4     
	   2 Input   16 Bit        Muxes := 159   
	   3 Input   16 Bit        Muxes := 5     
	   8 Input   16 Bit        Muxes := 1     
	   2 Input   15 Bit        Muxes := 31    
	   2 Input   14 Bit        Muxes := 16    
	   2 Input   13 Bit        Muxes := 38    
	   4 Input   13 Bit        Muxes := 16    
	   2 Input   12 Bit        Muxes := 171   
	   4 Input   12 Bit        Muxes := 16    
	   2 Input   11 Bit        Muxes := 61    
	   2 Input   10 Bit        Muxes := 18    
	   2 Input    9 Bit        Muxes := 69    
	   2 Input    8 Bit        Muxes := 156   
	   3 Input    8 Bit        Muxes := 8     
	   4 Input    8 Bit        Muxes := 2     
	   2 Input    7 Bit        Muxes := 13    
	   8 Input    6 Bit        Muxes := 2     
	   3 Input    6 Bit        Muxes := 9     
	   2 Input    6 Bit        Muxes := 81    
	   2 Input    5 Bit        Muxes := 87    
	   4 Input    5 Bit        Muxes := 2     
	   2 Input    4 Bit        Muxes := 96    
	   4 Input    4 Bit        Muxes := 14    
	   3 Input    4 Bit        Muxes := 5     
	   5 Input    4 Bit        Muxes := 8     
	   6 Input    4 Bit        Muxes := 1     
	   2 Input    3 Bit        Muxes := 164   
	   4 Input    3 Bit        Muxes := 3     
	   3 Input    3 Bit        Muxes := 4     
	   2 Input    2 Bit        Muxes := 338   
	   4 Input    2 Bit        Muxes := 5     
	   3 Input    2 Bit        Muxes := 23    
	   2 Input    1 Bit        Muxes := 1000  
	   3 Input    1 Bit        Muxes := 37    
	   6 Input    1 Bit        Muxes := 2     
	   5 Input    1 Bit        Muxes := 10    
	   4 Input    1 Bit        Muxes := 16    
	   8 Input    1 Bit        Muxes := 1     
	   7 Input    1 Bit        Muxes := 1     
	   9 Input    1 Bit        Muxes := 1     
---------------------------------------------------------------------------------
Finished RTL Component Statistics 
---------------------------------------------------------------------------------
---------------------------------------------------------------------------------
Start Part Resource Summary
---------------------------------------------------------------------------------
Part Resources:
DSPs: 220 (col length:60)
BRAMs: 280 (col length: RAMB18 60 RAMB36 30)
---------------------------------------------------------------------------------
Finished Part Resource Summary
---------------------------------------------------------------------------------
---------------------------------------------------------------------------------
Start Cross Boundary and Area Optimization
---------------------------------------------------------------------------------
INFO: [Synth 8-3333] propagating constant 0 across sequential element (\fpu_next_instruction_r_reg[C_pending] )
INFO: [Synth 8-3886] merging instance 'fpu_next_instruction_r_reg[B_type][0]' (FDCE) to 'fpu_next_instruction_r_reg[B_type][1]'
INFO: [Synth 8-3886] merging instance 'fpu_next_instruction_r_reg[B_type][1]' (FDCE) to 'fpu_next_instruction_r_reg[B_type][2]'
INFO: [Synth 8-3886] merging instance 'fpu_next_instruction_r_reg[B_type][2]' (FDCE) to 'fpu_next_instruction_r_reg[B_type][3]'
INFO: [Synth 8-3886] merging instance 'fpu_next_instruction_r_reg[B_type][3]' (FDCE) to 'fpu_next_instruction_r_reg[B_precision][0]'
INFO: [Synth 8-3886] merging instance 'fpu_next_instruction_r_reg[Y_type][0]' (FDCE) to 'fpu_next_instruction_r_reg[Y_type][3]'
INFO: [Synth 8-3886] merging instance 'fpu_next_instruction_r_reg[Y_type][1]' (FDCE) to 'fpu_next_instruction_r_reg[Y_type][3]'
INFO: [Synth 8-3886] merging instance 'fpu_next_instruction_r_reg[Y_type][2]' (FDCE) to 'fpu_next_instruction_r_reg[Y_type][3]'
INFO: [Synth 8-3333] propagating constant 0 across sequential element (\fpu_next_instruction_r_reg[Y_type][3] )
INFO: [Synth 8-3886] merging instance 'fpu_next_instruction_r_reg[X_type][0]' (FDCE) to 'fpu_next_instruction_r_reg[X_type][3]'
INFO: [Synth 8-3886] merging instance 'fpu_next_instruction_r_reg[X_type][1]' (FDCE) to 'fpu_next_instruction_r_reg[X_type][3]'
INFO: [Synth 8-3886] merging instance 'fpu_next_instruction_r_reg[X_type][2]' (FDCE) to 'fpu_next_instruction_r_reg[X_type][3]'
INFO: [Synth 8-3333] propagating constant 0 across sequential element (\fpu_next_instruction_r_reg[X_type][3] )
INFO: [Synth 8-3333] propagating constant 0 across sequential element (\fpu_next_instruction_r_reg[B_precision][0] )
INFO: [Synth 8-3333] propagating constant 0 across sequential element (\fpu_next_instruction_r_reg[C2_pending] )
INFO: [Synth 8-3333] propagating constant 0 across sequential element (\fpu_next_instruction_r_reg[A_precision][0] )
INFO: [Synth 8-3886] merging instance 'fpu_next_instruction_r_reg[VECTOR][1]' (FDCE) to 'fpu_next_instruction_r_reg[VECTOR][2]'
INFO: [Synth 8-3333] propagating constant 0 across sequential element (\fpu_next_instruction_r_reg[VECTOR][2] )
INFO: [Synth 8-4471] merging register 'delay6_i/fifo_r_reg[15][3:0]' into 'opcode_delay_i/fifo_r_reg[11][3:0]' [/home/eslam-elshokafy/Desktop/AIDAChip_Workshop_01/ztachip/HW/src/util/delayv.vhd:48]
INFO: [Synth 8-4471] merging register 'delay6_i/fifo_r_reg[14][3:0]' into 'opcode_delay_i/fifo_r_reg[10][3:0]' [/home/eslam-elshokafy/Desktop/AIDAChip_Workshop_01/ztachip/HW/src/util/delayv.vhd:48]
INFO: [Synth 8-4471] merging register 'delay6_i/fifo_r_reg[13][3:0]' into 'opcode_delay_i/fifo_r_reg[9][3:0]' [/home/eslam-elshokafy/Desktop/AIDAChip_Workshop_01/ztachip/HW/src/util/delayv.vhd:48]
INFO: [Synth 8-4471] merging register 'delay6_i/fifo_r_reg[12][3:0]' into 'opcode_delay_i/fifo_r_reg[8][3:0]' [/home/eslam-elshokafy/Desktop/AIDAChip_Workshop_01/ztachip/HW/src/util/delayv.vhd:48]
INFO: [Synth 8-4471] merging register 'delay6_i/fifo_r_reg[11][3:0]' into 'opcode_delay_i/fifo_r_reg[7][3:0]' [/home/eslam-elshokafy/Desktop/AIDAChip_Workshop_01/ztachip/HW/src/util/delayv.vhd:48]
INFO: [Synth 8-4471] merging register 'delay6_i/fifo_r_reg[10][3:0]' into 'opcode_delay_i/fifo_r_reg[6][3:0]' [/home/eslam-elshokafy/Desktop/AIDAChip_Workshop_01/ztachip/HW/src/util/delayv.vhd:48]
INFO: [Synth 8-4471] merging register 'delay6_i/fifo_r_reg[9][3:0]' into 'opcode_delay_i/fifo_r_reg[5][3:0]' [/home/eslam-elshokafy/Desktop/AIDAChip_Workshop_01/ztachip/HW/src/util/delayv.vhd:48]
INFO: [Synth 8-4471] merging register 'delay6_i/fifo_r_reg[8][3:0]' into 'opcode_delay_i/fifo_r_reg[4][3:0]' [/home/eslam-elshokafy/Desktop/AIDAChip_Workshop_01/ztachip/HW/src/util/delayv.vhd:48]
INFO: [Synth 8-4471] merging register 'delay6_i/fifo_r_reg[7][3:0]' into 'opcode_delay_i/fifo_r_reg[3][3:0]' [/home/eslam-elshokafy/Desktop/AIDAChip_Workshop_01/ztachip/HW/src/util/delayv.vhd:48]
INFO: [Synth 8-4471] merging register 'delay6_i/fifo_r_reg[6][3:0]' into 'opcode_delay_i/fifo_r_reg[2][3:0]' [/home/eslam-elshokafy/Desktop/AIDAChip_Workshop_01/ztachip/HW/src/util/delayv.vhd:48]
INFO: [Synth 8-4471] merging register 'delay6_i/fifo_r_reg[5][3:0]' into 'opcode_delay_i/fifo_r_reg[1][3:0]' [/home/eslam-elshokafy/Desktop/AIDAChip_Workshop_01/ztachip/HW/src/util/delayv.vhd:48]
INFO: [Synth 8-4471] merging register 'delay6_i/fifo_r_reg[4][3:0]' into 'opcode_delay_i/fifo_r_reg[0][3:0]' [/home/eslam-elshokafy/Desktop/AIDAChip_Workshop_01/ztachip/HW/src/util/delayv.vhd:48]
INFO: [Synth 8-5544] ROM "RECIPROCAL_LUT[0]" won't be mapped to Block RAM because address size (3) smaller than threshold (5)
INFO: [Synth 8-4471] merging register 'delay8_i/fifo_r_reg[12][3:0]' into 'opcode_delay_i/fifo_r_reg[11][3:0]' [/home/eslam-elshokafy/Desktop/AIDAChip_Workshop_01/ztachip/HW/src/util/delayv.vhd:48]
INFO: [Synth 8-4471] merging register 'delay8_i/fifo_r_reg[11][3:0]' into 'opcode_delay_i/fifo_r_reg[10][3:0]' [/home/eslam-elshokafy/Desktop/AIDAChip_Workshop_01/ztachip/HW/src/util/delayv.vhd:48]
INFO: [Synth 8-4471] merging register 'delay8_i/fifo_r_reg[10][3:0]' into 'opcode_delay_i/fifo_r_reg[9][3:0]' [/home/eslam-elshokafy/Desktop/AIDAChip_Workshop_01/ztachip/HW/src/util/delayv.vhd:48]
INFO: [Synth 8-4471] merging register 'delay8_i/fifo_r_reg[9][3:0]' into 'opcode_delay_i/fifo_r_reg[8][3:0]' [/home/eslam-elshokafy/Desktop/AIDAChip_Workshop_01/ztachip/HW/src/util/delayv.vhd:48]
INFO: [Synth 8-4471] merging register 'delay8_i/fifo_r_reg[8][3:0]' into 'opcode_delay_i/fifo_r_reg[7][3:0]' [/home/eslam-elshokafy/Desktop/AIDAChip_Workshop_01/ztachip/HW/src/util/delayv.vhd:48]
INFO: [Synth 8-4471] merging register 'delay8_i/fifo_r_reg[7][3:0]' into 'opcode_delay_i/fifo_r_reg[6][3:0]' [/home/eslam-elshokafy/Desktop/AIDAChip_Workshop_01/ztachip/HW/src/util/delayv.vhd:48]
INFO: [Synth 8-4471] merging register 'delay8_i/fifo_r_reg[6][3:0]' into 'opcode_delay_i/fifo_r_reg[5][3:0]' [/home/eslam-elshokafy/Desktop/AIDAChip_Workshop_01/ztachip/HW/src/util/delayv.vhd:48]
INFO: [Synth 8-4471] merging register 'delay8_i/fifo_r_reg[5][3:0]' into 'opcode_delay_i/fifo_r_reg[4][3:0]' [/home/eslam-elshokafy/Desktop/AIDAChip_Workshop_01/ztachip/HW/src/util/delayv.vhd:48]
INFO: [Synth 8-4471] merging register 'delay8_i/fifo_r_reg[4][3:0]' into 'opcode_delay_i/fifo_r_reg[3][3:0]' [/home/eslam-elshokafy/Desktop/AIDAChip_Workshop_01/ztachip/HW/src/util/delayv.vhd:48]
INFO: [Synth 8-4471] merging register 'delay8_i/fifo_r_reg[3][3:0]' into 'opcode_delay_i/fifo_r_reg[2][3:0]' [/home/eslam-elshokafy/Desktop/AIDAChip_Workshop_01/ztachip/HW/src/util/delayv.vhd:48]
INFO: [Synth 8-4471] merging register 'delay8_i/fifo_r_reg[2][3:0]' into 'opcode_delay_i/fifo_r_reg[1][3:0]' [/home/eslam-elshokafy/Desktop/AIDAChip_Workshop_01/ztachip/HW/src/util/delayv.vhd:48]
INFO: [Synth 8-4471] merging register 'delay8_i/fifo_r_reg[1][3:0]' into 'opcode_delay_i/fifo_r_reg[0][3:0]' [/home/eslam-elshokafy/Desktop/AIDAChip_Workshop_01/ztachip/HW/src/util/delayv.vhd:48]
INFO: [Synth 8-4471] merging register 'delay6_i/fifo_r_reg[15][3:0]' into 'opcode_delay_i/fifo_r_reg[11][3:0]' [/home/eslam-elshokafy/Desktop/AIDAChip_Workshop_01/ztachip/HW/src/util/delayv.vhd:48]
INFO: [Synth 8-4471] merging register 'delay6_i/fifo_r_reg[14][3:0]' into 'opcode_delay_i/fifo_r_reg[10][3:0]' [/home/eslam-elshokafy/Desktop/AIDAChip_Workshop_01/ztachip/HW/src/util/delayv.vhd:48]
INFO: [Synth 8-4471] merging register 'delay6_i/fifo_r_reg[13][3:0]' into 'opcode_delay_i/fifo_r_reg[9][3:0]' [/home/eslam-elshokafy/Desktop/AIDAChip_Workshop_01/ztachip/HW/src/util/delayv.vhd:48]
INFO: [Synth 8-4471] merging register 'delay6_i/fifo_r_reg[12][3:0]' into 'opcode_delay_i/fifo_r_reg[8][3:0]' [/home/eslam-elshokafy/Desktop/AIDAChip_Workshop_01/ztachip/HW/src/util/delayv.vhd:48]
INFO: [Synth 8-4471] merging register 'delay6_i/fifo_r_reg[11][3:0]' into 'opcode_delay_i/fifo_r_reg[7][3:0]' [/home/eslam-elshokafy/Desktop/AIDAChip_Workshop_01/ztachip/HW/src/util/delayv.vhd:48]
INFO: [Synth 8-4471] merging register 'delay6_i/fifo_r_reg[10][3:0]' into 'opcode_delay_i/fifo_r_reg[6][3:0]' [/home/eslam-elshokafy/Desktop/AIDAChip_Workshop_01/ztachip/HW/src/util/delayv.vhd:48]
INFO: [Synth 8-4471] merging register 'delay6_i/fifo_r_reg[9][3:0]' into 'opcode_delay_i/fifo_r_reg[5][3:0]' [/home/eslam-elshokafy/Desktop/AIDAChip_Workshop_01/ztachip/HW/src/util/delayv.vhd:48]
INFO: [Synth 8-4471] merging register 'delay6_i/fifo_r_reg[8][3:0]' into 'opcode_delay_i/fifo_r_reg[4][3:0]' [/home/eslam-elshokafy/Desktop/AIDAChip_Workshop_01/ztachip/HW/src/util/delayv.vhd:48]
INFO: [Synth 8-4471] merging register 'delay6_i/fifo_r_reg[7][3:0]' into 'opcode_delay_i/fifo_r_reg[3][3:0]' [/home/eslam-elshokafy/Desktop/AIDAChip_Workshop_01/ztachip/HW/src/util/delayv.vhd:48]
INFO: [Synth 8-4471] merging register 'delay6_i/fifo_r_reg[6][3:0]' into 'opcode_delay_i/fifo_r_reg[2][3:0]' [/home/eslam-elshokafy/Desktop/AIDAChip_Workshop_01/ztachip/HW/src/util/delayv.vhd:48]
INFO: [Synth 8-4471] merging register 'delay6_i/fifo_r_reg[5][3:0]' into 'opcode_delay_i/fifo_r_reg[1][3:0]' [/home/eslam-elshokafy/Desktop/AIDAChip_Workshop_01/ztachip/HW/src/util/delayv.vhd:48]
INFO: [Synth 8-4471] merging register 'delay6_i/fifo_r_reg[4][3:0]' into 'opcode_delay_i/fifo_r_reg[0][3:0]' [/home/eslam-elshokafy/Desktop/AIDAChip_Workshop_01/ztachip/HW/src/util/delayv.vhd:48]
INFO: [Synth 8-5544] ROM "RECIPROCAL_LUT[0]" won't be mapped to Block RAM because address size (3) smaller than threshold (5)
INFO: [Synth 8-4471] merging register 'delay8_i/fifo_r_reg[12][3:0]' into 'opcode_delay_i/fifo_r_reg[11][3:0]' [/home/eslam-elshokafy/Desktop/AIDAChip_Workshop_01/ztachip/HW/src/util/delayv.vhd:48]
INFO: [Synth 8-4471] merging register 'delay8_i/fifo_r_reg[11][3:0]' into 'opcode_delay_i/fifo_r_reg[10][3:0]' [/home/eslam-elshokafy/Desktop/AIDAChip_Workshop_01/ztachip/HW/src/util/delayv.vhd:48]
INFO: [Synth 8-4471] merging register 'delay8_i/fifo_r_reg[10][3:0]' into 'opcode_delay_i/fifo_r_reg[9][3:0]' [/home/eslam-elshokafy/Desktop/AIDAChip_Workshop_01/ztachip/HW/src/util/delayv.vhd:48]
INFO: [Synth 8-4471] merging register 'delay8_i/fifo_r_reg[9][3:0]' into 'opcode_delay_i/fifo_r_reg[8][3:0]' [/home/eslam-elshokafy/Desktop/AIDAChip_Workshop_01/ztachip/HW/src/util/delayv.vhd:48]
INFO: [Synth 8-4471] merging register 'delay8_i/fifo_r_reg[8][3:0]' into 'opcode_delay_i/fifo_r_reg[7][3:0]' [/home/eslam-elshokafy/Desktop/AIDAChip_Workshop_01/ztachip/HW/src/util/delayv.vhd:48]
INFO: [Synth 8-4471] merging register 'delay8_i/fifo_r_reg[7][3:0]' into 'opcode_delay_i/fifo_r_reg[6][3:0]' [/home/eslam-elshokafy/Desktop/AIDAChip_Workshop_01/ztachip/HW/src/util/delayv.vhd:48]
INFO: [Synth 8-4471] merging register 'delay8_i/fifo_r_reg[6][3:0]' into 'opcode_delay_i/fifo_r_reg[5][3:0]' [/home/eslam-elshokafy/Desktop/AIDAChip_Workshop_01/ztachip/HW/src/util/delayv.vhd:48]
INFO: [Synth 8-4471] merging register 'delay8_i/fifo_r_reg[5][3:0]' into 'opcode_delay_i/fifo_r_reg[4][3:0]' [/home/eslam-elshokafy/Desktop/AIDAChip_Workshop_01/ztachip/HW/src/util/delayv.vhd:48]
INFO: [Synth 8-4471] merging register 'delay8_i/fifo_r_reg[4][3:0]' into 'opcode_delay_i/fifo_r_reg[3][3:0]' [/home/eslam-elshokafy/Desktop/AIDAChip_Workshop_01/ztachip/HW/src/util/delayv.vhd:48]
INFO: [Synth 8-4471] merging register 'delay8_i/fifo_r_reg[3][3:0]' into 'opcode_delay_i/fifo_r_reg[2][3:0]' [/home/eslam-elshokafy/Desktop/AIDAChip_Workshop_01/ztachip/HW/src/util/delayv.vhd:48]
INFO: [Synth 8-4471] merging register 'delay8_i/fifo_r_reg[2][3:0]' into 'opcode_delay_i/fifo_r_reg[1][3:0]' [/home/eslam-elshokafy/Desktop/AIDAChip_Workshop_01/ztachip/HW/src/util/delayv.vhd:48]
INFO: [Synth 8-4471] merging register 'delay8_i/fifo_r_reg[1][3:0]' into 'opcode_delay_i/fifo_r_reg[0][3:0]' [/home/eslam-elshokafy/Desktop/AIDAChip_Workshop_01/ztachip/HW/src/util/delayv.vhd:48]
INFO: [Synth 8-3333] propagating constant 0 across sequential element (\falu_vector_i/GEN_FPU[1].falu_core_i /\C2_r_reg[15] )
INFO: [Synth 8-3333] propagating constant 0 across sequential element (\falu_vector_i/GEN_FPU[1].falu_core_i /\C2_r_reg[16] )
INFO: [Synth 8-3333] propagating constant 0 across sequential element (\falu_vector_i/GEN_FPU[1].falu_core_i /\C2_r_reg[17] )
INFO: [Synth 8-3333] propagating constant 0 across sequential element (\falu_vector_i/GEN_FPU[1].falu_core_i /\C2_r_reg[18] )
INFO: [Synth 8-3333] propagating constant 0 across sequential element (\falu_vector_i/GEN_FPU[1].falu_core_i /\C2_r_reg[19] )
INFO: [Synth 8-3333] propagating constant 0 across sequential element (\falu_vector_i/GEN_FPU[1].falu_core_i /\C2_r_reg[20] )
INFO: [Synth 8-3333] propagating constant 0 across sequential element (\falu_vector_i/GEN_FPU[1].falu_core_i /\C2_r_reg[21] )
INFO: [Synth 8-3333] propagating constant 0 across sequential element (\falu_vector_i/GEN_FPU[1].falu_core_i /\C2_r_reg[22] )
INFO: [Synth 8-3333] propagating constant 0 across sequential element (\falu_vector_i/GEN_FPU[1].falu_core_i /\C2_r_reg[23] )
INFO: [Synth 8-3333] propagating constant 0 across sequential element (\falu_vector_i/GEN_FPU[1].falu_core_i /\C2_r_reg[24] )
INFO: [Synth 8-3333] propagating constant 0 across sequential element (\falu_vector_i/GEN_FPU[1].falu_core_i /\C2_r_reg[25] )
INFO: [Synth 8-3333] propagating constant 0 across sequential element (\falu_vector_i/GEN_FPU[1].falu_core_i /\C2_r_reg[26] )
INFO: [Synth 8-3333] propagating constant 0 across sequential element (\falu_vector_i/GEN_FPU[1].falu_core_i /\C2_r_reg[27] )
INFO: [Synth 8-3333] propagating constant 0 across sequential element (\falu_vector_i/GEN_FPU[1].falu_core_i /\C2_r_reg[28] )
INFO: [Synth 8-3333] propagating constant 0 across sequential element (\falu_vector_i/GEN_FPU[1].falu_core_i /\C2_r_reg[29] )
INFO: [Synth 8-3333] propagating constant 0 across sequential element (\falu_vector_i/GEN_FPU[1].falu_core_i /\C2_r_reg[30] )
INFO: [Synth 8-3333] propagating constant 0 across sequential element (\falu_vector_i/GEN_FPU[1].falu_core_i /\C2_r_reg[31] )
INFO: [Synth 8-3333] propagating constant 0 across sequential element (\falu_vector_i/GEN_FPU[1].falu_core_i /\C2_r_reg[12] )
INFO: [Synth 8-3333] propagating constant 0 across sequential element (\falu_vector_i/GEN_FPU[1].falu_core_i /\C2_r_reg[13] )
INFO: [Synth 8-3333] propagating constant 0 across sequential element (\falu_vector_i/GEN_FPU[1].falu_core_i /\C2_r_reg[14] )
INFO: [Synth 8-3333] propagating constant 0 across sequential element (\falu_vector_i/GEN_FPU[1].falu_core_i /\C2_r_reg[9] )
INFO: [Synth 8-3333] propagating constant 0 across sequential element (\falu_vector_i/GEN_FPU[1].falu_core_i /\C2_r_reg[10] )
INFO: [Synth 8-3333] propagating constant 0 across sequential element (\falu_vector_i/GEN_FPU[1].falu_core_i /\C2_r_reg[11] )
INFO: [Synth 8-3333] propagating constant 0 across sequential element (\falu_vector_i/GEN_FPU[1].falu_core_i /\C2_r_reg[6] )
INFO: [Synth 8-3333] propagating constant 0 across sequential element (\falu_vector_i/GEN_FPU[1].falu_core_i /\C2_r_reg[7] )
INFO: [Synth 8-3333] propagating constant 0 across sequential element (\falu_vector_i/GEN_FPU[1].falu_core_i /\C2_r_reg[8] )
INFO: [Synth 8-3333] propagating constant 0 across sequential element (\falu_vector_i/GEN_FPU[1].falu_core_i /\C2_r_reg[3] )
INFO: [Synth 8-3333] propagating constant 0 across sequential element (\falu_vector_i/GEN_FPU[1].falu_core_i /\C2_r_reg[4] )
INFO: [Synth 8-3333] propagating constant 0 across sequential element (\falu_vector_i/GEN_FPU[1].falu_core_i /\C2_r_reg[5] )
INFO: [Synth 8-3333] propagating constant 0 across sequential element (\falu_vector_i/GEN_FPU[1].falu_core_i /\C2_r_reg[0] )
INFO: [Synth 8-3333] propagating constant 0 across sequential element (\falu_vector_i/GEN_FPU[1].falu_core_i /\C2_r_reg[1] )
INFO: [Synth 8-3333] propagating constant 0 across sequential element (\falu_vector_i/GEN_FPU[1].falu_core_i /\C2_r_reg[2] )
INFO: [Synth 8-3333] propagating constant 0 across sequential element (\falu_vector_i/GEN_FPU[1].falu_core_i /\falu_i/reciprocal_delay_i/fifo_r_reg[11][0] )
INFO: [Synth 8-3333] propagating constant 0 across sequential element (\falu_vector_i/GEN_FPU[1].falu_core_i /\falu_i/exp_delay_i/fifo_r_reg[11][0] )
INFO: [Synth 8-3333] propagating constant 0 across sequential element (\falu_vector_i/GEN_FPU[1].falu_core_i /\falu_i/reciprocal_delay_i/fifo_r_reg[11][1] )
INFO: [Synth 8-3333] propagating constant 0 across sequential element (\falu_vector_i/GEN_FPU[1].falu_core_i /\falu_i/exp_delay_i/fifo_r_reg[11][1] )
INFO: [Synth 8-3333] propagating constant 0 across sequential element (\falu_vector_i/GEN_FPU[1].falu_core_i /\falu_i/reciprocal_delay_i/fifo_r_reg[11][2] )
INFO: [Synth 8-3333] propagating constant 0 across sequential element (\falu_vector_i/GEN_FPU[1].falu_core_i /\falu_i/exp_delay_i/fifo_r_reg[11][2] )
INFO: [Synth 8-3333] propagating constant 0 across sequential element (\falu_vector_i/GEN_FPU[1].falu_core_i /\falu_i/reciprocal_delay_i/fifo_r_reg[11][3] )
INFO: [Synth 8-3333] propagating constant 0 across sequential element (\falu_vector_i/GEN_FPU[1].falu_core_i /\falu_i/exp_delay_i/fifo_r_reg[11][3] )
INFO: [Synth 8-3333] propagating constant 0 across sequential element (\falu_vector_i/GEN_FPU[1].falu_core_i /\falu_i/reciprocal_delay_i/fifo_r_reg[11][4] )
INFO: [Synth 8-3333] propagating constant 0 across sequential element (\falu_vector_i/GEN_FPU[1].falu_core_i /\falu_i/exp_delay_i/fifo_r_reg[11][4] )
INFO: [Synth 8-3333] propagating constant 0 across sequential element (\falu_vector_i/GEN_FPU[1].falu_core_i /\falu_i/reciprocal_delay_i/fifo_r_reg[11][5] )
INFO: [Synth 8-3333] propagating constant 0 across sequential element (\falu_vector_i/GEN_FPU[1].falu_core_i /\falu_i/exp_delay_i/fifo_r_reg[11][5] )
INFO: [Synth 8-3333] propagating constant 0 across sequential element (\falu_vector_i/GEN_FPU[1].falu_core_i /\falu_i/reciprocal_delay_i/fifo_r_reg[11][6] )
INFO: [Synth 8-3333] propagating constant 0 across sequential element (\falu_vector_i/GEN_FPU[1].falu_core_i /\falu_i/exp_delay_i/fifo_r_reg[11][6] )
INFO: [Synth 8-3333] propagating constant 0 across sequential element (\falu_vector_i/GEN_FPU[1].falu_core_i /\falu_i/reciprocal_delay_i/fifo_r_reg[11][7] )
INFO: [Synth 8-3333] propagating constant 0 across sequential element (\falu_vector_i/GEN_FPU[1].falu_core_i /\falu_i/exp_delay_i/fifo_r_reg[11][7] )
INFO: [Synth 8-3333] propagating constant 0 across sequential element (\falu_vector_i/GEN_FPU[1].falu_core_i /\falu_i/reciprocal_delay_i/fifo_r_reg[11][8] )
INFO: [Synth 8-3333] propagating constant 0 across sequential element (\falu_vector_i/GEN_FPU[1].falu_core_i /\falu_i/exp_delay_i/fifo_r_reg[11][8] )
INFO: [Synth 8-3333] propagating constant 0 across sequential element (\falu_vector_i/GEN_FPU[1].falu_core_i /\falu_i/reciprocal_delay_i/fifo_r_reg[11][9] )
INFO: [Synth 8-3333] propagating constant 0 across sequential element (\falu_vector_i/GEN_FPU[1].falu_core_i /\falu_i/exp_delay_i/fifo_r_reg[11][9] )
INFO: [Synth 8-3333] propagating constant 0 across sequential element (\falu_vector_i/GEN_FPU[1].falu_core_i /\falu_i/reciprocal_delay_i/fifo_r_reg[11][10] )
INFO: [Synth 8-3333] propagating constant 0 across sequential element (\falu_vector_i/GEN_FPU[1].falu_core_i /\falu_i/exp_delay_i/fifo_r_reg[11][10] )
INFO: [Synth 8-3333] propagating constant 0 across sequential element (\falu_vector_i/GEN_FPU[1].falu_core_i /\falu_i/reciprocal_delay_i/fifo_r_reg[11][11] )
INFO: [Synth 8-3333] propagating constant 0 across sequential element (\falu_vector_i/GEN_FPU[1].falu_core_i /\falu_i/exp_delay_i/fifo_r_reg[11][11] )
INFO: [Synth 8-3333] propagating constant 0 across sequential element (\falu_vector_i/GEN_FPU[1].falu_core_i /\falu_i/reciprocal_delay_i/fifo_r_reg[11][12] )
INFO: [Synth 8-3333] propagating constant 0 across sequential element (\falu_vector_i/GEN_FPU[1].falu_core_i /\falu_i/exp_delay_i/fifo_r_reg[11][12] )
INFO: [Synth 8-3333] propagating constant 0 across sequential element (\falu_vector_i/GEN_FPU[1].falu_core_i /\falu_i/reciprocal_delay_i/fifo_r_reg[11][13] )
INFO: [Synth 8-3333] propagating constant 0 across sequential element (\falu_vector_i/GEN_FPU[1].falu_core_i /\falu_i/exp_delay_i/fifo_r_reg[11][13] )
INFO: [Synth 8-3333] propagating constant 0 across sequential element (\falu_vector_i/GEN_FPU[1].falu_core_i /\falu_i/reciprocal_delay_i/fifo_r_reg[11][14] )
INFO: [Synth 8-3333] propagating constant 0 across sequential element (\falu_vector_i/GEN_FPU[1].falu_core_i /\falu_i/exp_delay_i/fifo_r_reg[11][14] )
INFO: [Synth 8-3333] propagating constant 0 across sequential element (\falu_vector_i/GEN_FPU[1].falu_core_i /\falu_i/reciprocal_delay_i/fifo_r_reg[11][15] )
INFO: [Synth 8-3333] propagating constant 0 across sequential element (\falu_vector_i/GEN_FPU[1].falu_core_i /\falu_i/exp_delay_i/fifo_r_reg[11][15] )
INFO: [Synth 8-3333] propagating constant 0 across sequential element (\falu_vector_i/GEN_FPU[1].falu_core_i /\falu_i/reciprocal_delay_i/fifo_r_reg[11][16] )
INFO: [Synth 8-3333] propagating constant 0 across sequential element (\falu_vector_i/GEN_FPU[1].falu_core_i /\falu_i/exp_delay_i/fifo_r_reg[11][16] )
INFO: [Synth 8-3333] propagating constant 0 across sequential element (\falu_vector_i/GEN_FPU[1].falu_core_i /\falu_i/exp_delay_i/fifo_r_reg[11][17] )
INFO: [Synth 8-3333] propagating constant 0 across sequential element (\falu_vector_i/GEN_FPU[1].falu_core_i /\falu_i/exp_delay_i/fifo_r_reg[11][18] )
INFO: [Synth 8-3333] propagating constant 0 across sequential element (\falu_vector_i/GEN_FPU[1].falu_core_i /\falu_i/exp_delay_i/fifo_r_reg[11][19] )
INFO: [Synth 8-3333] propagating constant 0 across sequential element (\falu_vector_i/GEN_FPU[1].falu_core_i /\falu_i/exp_delay_i/fifo_r_reg[11][20] )
INFO: [Synth 8-3333] propagating constant 0 across sequential element (\falu_vector_i/GEN_FPU[1].falu_core_i /\falu_i/exp_delay_i/fifo_r_reg[11][21] )
INFO: [Synth 8-3333] propagating constant 0 across sequential element (\falu_vector_i/GEN_FPU[1].falu_core_i /\falu_i/exp_delay_i/fifo_r_reg[11][22] )
INFO: [Synth 8-3333] propagating constant 0 across sequential element (\falu_vector_i/GEN_FPU[1].falu_core_i /\falu_i/exp_delay_i/fifo_r_reg[11][31] )
INFO: [Synth 8-3333] propagating constant 0 across sequential element (\falu_vector_i/GEN_FPU[0].falu_core_i /\falu_i/reciprocal_delay_i/fifo_r_reg[11][0] )
INFO: [Synth 8-3333] propagating constant 0 across sequential element (\falu_vector_i/GEN_FPU[0].falu_core_i /\falu_i/exp_delay_i/fifo_r_reg[11][0] )
INFO: [Synth 8-3333] propagating constant 0 across sequential element (\falu_vector_i/GEN_FPU[0].falu_core_i /\falu_i/reciprocal_delay_i/fifo_r_reg[11][1] )
INFO: [Synth 8-3333] propagating constant 0 across sequential element (\falu_vector_i/GEN_FPU[0].falu_core_i /\falu_i/exp_delay_i/fifo_r_reg[11][1] )
INFO: [Synth 8-3333] propagating constant 0 across sequential element (\falu_vector_i/GEN_FPU[0].falu_core_i /\falu_i/reciprocal_delay_i/fifo_r_reg[11][2] )
INFO: [Synth 8-3333] propagating constant 0 across sequential element (\falu_vector_i/GEN_FPU[0].falu_core_i /\falu_i/exp_delay_i/fifo_r_reg[11][2] )
INFO: [Synth 8-3333] propagating constant 0 across sequential element (\falu_vector_i/GEN_FPU[0].falu_core_i /\falu_i/reciprocal_delay_i/fifo_r_reg[11][3] )
INFO: [Synth 8-3333] propagating constant 0 across sequential element (\falu_vector_i/GEN_FPU[0].falu_core_i /\falu_i/exp_delay_i/fifo_r_reg[11][3] )
INFO: [Synth 8-3333] propagating constant 0 across sequential element (\falu_vector_i/GEN_FPU[0].falu_core_i /\falu_i/reciprocal_delay_i/fifo_r_reg[11][4] )
INFO: [Synth 8-3333] propagating constant 0 across sequential element (\falu_vector_i/GEN_FPU[0].falu_core_i /\falu_i/exp_delay_i/fifo_r_reg[11][4] )
INFO: [Synth 8-3333] propagating constant 0 across sequential element (\falu_vector_i/GEN_FPU[0].falu_core_i /\falu_i/reciprocal_delay_i/fifo_r_reg[11][5] )
INFO: [Synth 8-3333] propagating constant 0 across sequential element (\falu_vector_i/GEN_FPU[0].falu_core_i /\falu_i/exp_delay_i/fifo_r_reg[11][5] )
INFO: [Synth 8-3333] propagating constant 0 across sequential element (\falu_vector_i/GEN_FPU[0].falu_core_i /\falu_i/reciprocal_delay_i/fifo_r_reg[11][6] )
INFO: [Synth 8-3333] propagating constant 0 across sequential element (\falu_vector_i/GEN_FPU[0].falu_core_i /\falu_i/exp_delay_i/fifo_r_reg[11][6] )
INFO: [Synth 8-3333] propagating constant 0 across sequential element (\falu_vector_i/GEN_FPU[0].falu_core_i /\falu_i/reciprocal_delay_i/fifo_r_reg[11][7] )
INFO: [Synth 8-3333] propagating constant 0 across sequential element (\falu_vector_i/GEN_FPU[0].falu_core_i /\falu_i/exp_delay_i/fifo_r_reg[11][7] )
INFO: [Synth 8-3333] propagating constant 0 across sequential element (\falu_vector_i/GEN_FPU[0].falu_core_i /\falu_i/reciprocal_delay_i/fifo_r_reg[11][8] )
INFO: [Synth 8-3333] propagating constant 0 across sequential element (\falu_vector_i/GEN_FPU[0].falu_core_i /\falu_i/exp_delay_i/fifo_r_reg[11][8] )
INFO: [Synth 8-3333] propagating constant 0 across sequential element (\falu_vector_i/GEN_FPU[0].falu_core_i /\falu_i/reciprocal_delay_i/fifo_r_reg[11][9] )
INFO: [Synth 8-3333] propagating constant 0 across sequential element (\falu_vector_i/GEN_FPU[0].falu_core_i /\falu_i/exp_delay_i/fifo_r_reg[11][9] )
INFO: [Common 17-14] Message 'Synth 8-3333' appears 100 times and further instances of the messages will be disabled. Use the Tcl command set_msg_config to change the current settings.
INFO: [Common 17-14] Message 'Synth 8-3333' appears 100 times and further instances of the messages will be disabled. Use the Tcl command set_msg_config to change the current settings.
INFO: [Synth 8-3886] merging instance 'dp_fetch_1_i/fifo_i/GEN1.fifo_i/data_in_r_reg[839]' (FDCE) to 'dp_fetch_1_i/fifo_i/GEN1.fifo_i/data_in_r_reg[54]'
INFO: [Synth 8-3886] merging instance 'dp_fetch_1_i/fifo_i/GEN1.fifo_i/data_in_r_reg[840]' (FDCE) to 'dp_fetch_1_i/fifo_i/GEN1.fifo_i/data_in_r_reg[55]'
INFO: [Synth 8-3886] merging instance 'dp_fetch_1_i/condition_vm0_busy_r_reg[3]' (FDC) to 'dp_fetch_1_i/condition_vm1_busy_r_reg[3]'
INFO: [Synth 8-3886] merging instance 'dp_fetch_1_i/new_cmd_is_safe_r_reg[3][3]' (LD) to 'dp_fetch_1_i/new_cmd_is_safe_r_reg[3][2]'
INFO: [Synth 8-3886] merging instance 'dp_fetch_1_i/new_cmd_is_safe_r_reg[2][3]' (FDCE) to 'dp_fetch_1_i/new_cmd_is_safe_r_reg[1][3]'
INFO: [Synth 8-3886] merging instance 'dp_fetch_1_i/new_cmd_is_safe_r_reg[1][3]' (FDCE) to 'dp_fetch_1_i/new_cmd_is_safe_r_reg[0][3]'
INFO: [Synth 8-3886] merging instance 'dp_fetch_1_i/new_cmd_is_safe_r_reg[3][2]' (LD) to 'dp_fetch_1_i/new_cmd_is_safe_r_reg[3][1]'
INFO: [Synth 8-3886] merging instance 'dp_fetch_1_i/new_cmd_is_safe_r_reg[3][1]' (LD) to 'dp_fetch_1_i/new_cmd_is_safe_r_reg[3][0]'
INFO: [Synth 8-3886] merging instance 'dp_fetch_1_i/log_readtime_r_reg[0]' (FDCE) to 'dp_fetch_1_i/log_readtime_r_reg[1]'
INFO: [Synth 8-3886] merging instance 'dp_fetch_1_i/log_readtime_r_reg[1]' (FDCE) to 'dp_fetch_1_i/log_readtime_r_reg[2]'
INFO: [Synth 8-3886] merging instance 'dp_fetch_1_i/log_readtime_r_reg[2]' (FDCE) to 'dp_fetch_1_i/log_readtime_r_reg[3]'
INFO: [Synth 8-3886] merging instance 'dp_fetch_1_i/log_readtime_r_reg[3]' (FDCE) to 'dp_fetch_1_i/log_readtime_r_reg[4]'
INFO: [Synth 8-3886] merging instance 'dp_fetch_1_i/log_readtime_r_reg[4]' (FDCE) to 'dp_fetch_1_i/log_readtime_r_reg[5]'
INFO: [Synth 8-3886] merging instance 'dp_fetch_1_i/log_readtime_r_reg[5]' (FDCE) to 'dp_fetch_1_i/log_readtime_r_reg[6]'
INFO: [Synth 8-3886] merging instance 'dp_fetch_1_i/log_readtime_r_reg[6]' (FDCE) to 'dp_fetch_1_i/log_readtime_r_reg[7]'
INFO: [Synth 8-3886] merging instance 'dp_fetch_1_i/log_readtime_r_reg[7]' (FDCE) to 'dp_fetch_1_i/log_readtime_r_reg[8]'
INFO: [Synth 8-3886] merging instance 'dp_fetch_1_i/log_readtime_r_reg[8]' (FDCE) to 'dp_fetch_1_i/log_readtime_r_reg[9]'
INFO: [Synth 8-3886] merging instance 'dp_fetch_1_i/log_readtime_r_reg[9]' (FDCE) to 'dp_fetch_1_i/log_readtime_r_reg[10]'
INFO: [Synth 8-3886] merging instance 'dp_fetch_1_i/log_readtime_r_reg[10]' (FDCE) to 'dp_fetch_1_i/log_readtime_r_reg[11]'
INFO: [Synth 8-3886] merging instance 'dp_fetch_1_i/log_readtime_r_reg[11]' (FDCE) to 'dp_fetch_1_i/log_readtime_r_reg[12]'
INFO: [Synth 8-3886] merging instance 'dp_fetch_1_i/log_readtime_r_reg[12]' (FDCE) to 'dp_fetch_1_i/log_readtime_r_reg[13]'
INFO: [Synth 8-3886] merging instance 'dp_fetch_1_i/log_readtime_r_reg[13]' (FDCE) to 'dp_fetch_1_i/log_readtime_r_reg[14]'
INFO: [Synth 8-3886] merging instance 'dp_fetch_1_i/log_readtime_r_reg[14]' (FDCE) to 'dp_fetch_1_i/log_readtime_r_reg[15]'
INFO: [Synth 8-3886] merging instance 'dp_fetch_1_i/log_readtime_r_reg[15]' (FDCE) to 'dp_fetch_1_i/log_readtime_r_reg[16]'
INFO: [Synth 8-3886] merging instance 'dp_fetch_1_i/log_readtime_r_reg[16]' (FDCE) to 'dp_fetch_1_i/log_readtime_r_reg[17]'
INFO: [Synth 8-3886] merging instance 'dp_fetch_1_i/log_readtime_r_reg[17]' (FDCE) to 'dp_fetch_1_i/log_readtime_r_reg[18]'
INFO: [Synth 8-3886] merging instance 'dp_fetch_1_i/log_readtime_r_reg[18]' (FDCE) to 'dp_fetch_1_i/log_readtime_r_reg[19]'
INFO: [Synth 8-3886] merging instance 'dp_fetch_1_i/log_readtime_r_reg[19]' (FDCE) to 'dp_fetch_1_i/log_readtime_r_reg[20]'
INFO: [Synth 8-3886] merging instance 'dp_fetch_1_i/log_readtime_r_reg[20]' (FDCE) to 'dp_fetch_1_i/log_readtime_r_reg[21]'
INFO: [Synth 8-3886] merging instance 'dp_fetch_1_i/log_readtime_r_reg[21]' (FDCE) to 'dp_fetch_1_i/log_readtime_r_reg[22]'
INFO: [Synth 8-3886] merging instance 'dp_fetch_1_i/log_readtime_r_reg[22]' (FDCE) to 'dp_fetch_1_i/log_readtime_r_reg[23]'
INFO: [Synth 8-3886] merging instance 'dp_fetch_1_i/log_readtime_r_reg[23]' (FDCE) to 'dp_fetch_1_i/log_readtime_r_reg[24]'
INFO: [Synth 8-3886] merging instance 'dp_fetch_1_i/log_readtime_r_reg[24]' (FDCE) to 'dp_fetch_1_i/log_readtime_r_reg[25]'
INFO: [Synth 8-3886] merging instance 'dp_fetch_1_i/log_readtime_r_reg[25]' (FDCE) to 'dp_fetch_1_i/log_readtime_r_reg[26]'
INFO: [Synth 8-3886] merging instance 'dp_fetch_1_i/log_readtime_r_reg[26]' (FDCE) to 'dp_fetch_1_i/log_readtime_r_reg[27]'
INFO: [Synth 8-3886] merging instance 'dp_fetch_1_i/log_readtime_r_reg[27]' (FDCE) to 'dp_fetch_1_i/log_readtime_r_reg[28]'
INFO: [Synth 8-3886] merging instance 'dp_fetch_1_i/log_readtime_r_reg[28]' (FDCE) to 'dp_fetch_1_i/log_readtime_r_reg[29]'
INFO: [Synth 8-3886] merging instance 'dp_fetch_1_i/log_readtime_r_reg[29]' (FDCE) to 'dp_fetch_1_i/log_readtime_r_reg[30]'
INFO: [Synth 8-3886] merging instance 'dp_fetch_1_i/log_readtime_r_reg[30]' (FDCE) to 'dp_fetch_1_i/log_readtime_r_reg[31]'
INFO: [Synth 8-3886] merging instance 'dp_fetch_1_i/instruction_r_reg[source][datatype][0]' (FDRE) to 'dp_fetch_1_i/instruction_r_reg[source][datatype][1]'
INFO: [Synth 8-3886] merging instance 'dp_fetch_1_i/instruction_rr_reg[source][datatype][0]' (FDE) to 'dp_fetch_1_i/instruction_rr_reg[source][datatype][1]'
INFO: [Synth 8-3886] merging instance 'dp_fetch_1_i/instruction_r_reg[source][datatype][1]' (FDRE) to 'dp_fetch_1_i/instruction_r_reg[source][repeat]'
INFO: [Synth 8-3886] merging instance 'dp_fetch_1_i/instruction_rr_reg[source][datatype][1]' (FDE) to 'dp_fetch_1_i/instruction_rr_reg[source][repeat]'
INFO: [Synth 8-3886] merging instance 'dp_fetch_1_i/instruction_r_reg[source][repeat]' (FDRE) to 'dp_fetch_1_i/instruction_r_reg[source][data][0]'
INFO: [Synth 8-3886] merging instance 'dp_fetch_1_i/instruction_rr_reg[source][repeat]' (FDE) to 'dp_fetch_1_i/instruction_rr_reg[source][data][0]'
INFO: [Synth 8-3886] merging instance 'dp_fetch_1_i/instruction_r_reg[source][data][0]' (FDRE) to 'dp_fetch_1_i/instruction_r_reg[source][data][1]'
INFO: [Synth 8-3886] merging instance 'dp_fetch_1_i/instruction_rr_reg[source][data][0]' (FDE) to 'dp_fetch_1_i/instruction_rr_reg[source][data][1]'
INFO: [Synth 8-3886] merging instance 'dp_fetch_1_i/instruction_r_reg[source][data][1]' (FDRE) to 'dp_fetch_1_i/instruction_r_reg[source][data][2]'
INFO: [Synth 8-3886] merging instance 'dp_fetch_1_i/instruction_rr_reg[source][data][1]' (FDE) to 'dp_fetch_1_i/instruction_rr_reg[source][data][2]'
INFO: [Synth 8-3886] merging instance 'dp_fetch_1_i/instruction_r_reg[source][data][2]' (FDRE) to 'dp_fetch_1_i/instruction_r_reg[source][data][3]'
INFO: [Synth 8-3886] merging instance 'dp_fetch_1_i/instruction_rr_reg[source][data][2]' (FDE) to 'dp_fetch_1_i/instruction_rr_reg[source][data][3]'
INFO: [Synth 8-3886] merging instance 'dp_fetch_1_i/instruction_r_reg[source][data][3]' (FDRE) to 'dp_fetch_1_i/instruction_r_reg[source][data][4]'
INFO: [Synth 8-3886] merging instance 'dp_fetch_1_i/instruction_rr_reg[source][data][3]' (FDE) to 'dp_fetch_1_i/instruction_rr_reg[source][data][4]'
INFO: [Synth 8-3886] merging instance 'dp_fetch_1_i/instruction_r_reg[source][data][4]' (FDRE) to 'dp_fetch_1_i/instruction_r_reg[source][data][5]'
INFO: [Synth 8-3886] merging instance 'dp_fetch_1_i/instruction_rr_reg[source][data][4]' (FDE) to 'dp_fetch_1_i/instruction_rr_reg[source][data][5]'
INFO: [Synth 8-3886] merging instance 'dp_fetch_1_i/instruction_r_reg[source][data][5]' (FDRE) to 'dp_fetch_1_i/instruction_r_reg[source][data][6]'
INFO: [Synth 8-3886] merging instance 'dp_fetch_1_i/instruction_rr_reg[source][data][5]' (FDE) to 'dp_fetch_1_i/instruction_rr_reg[source][data][6]'
INFO: [Synth 8-3886] merging instance 'dp_fetch_1_i/instruction_r_reg[source][data][6]' (FDRE) to 'dp_fetch_1_i/instruction_r_reg[source][data][7]'
INFO: [Synth 8-3886] merging instance 'dp_fetch_1_i/instruction_rr_reg[source][data][6]' (FDE) to 'dp_fetch_1_i/instruction_rr_reg[source][data][7]'
INFO: [Synth 8-3886] merging instance 'dp_fetch_1_i/instruction_r_reg[source][data][7]' (FDRE) to 'dp_fetch_1_i/instruction_r_reg[source][data][8]'
INFO: [Synth 8-3886] merging instance 'dp_fetch_1_i/instruction_rr_reg[source][data][7]' (FDE) to 'dp_fetch_1_i/instruction_rr_reg[source][data][8]'
INFO: [Synth 8-3886] merging instance 'dp_fetch_1_i/instruction_r_reg[source][data][8]' (FDRE) to 'dp_fetch_1_i/instruction_r_reg[source][data][9]'
INFO: [Synth 8-3886] merging instance 'dp_fetch_1_i/instruction_rr_reg[source][data][8]' (FDE) to 'dp_fetch_1_i/instruction_rr_reg[source][data][9]'
INFO: [Synth 8-3886] merging instance 'dp_fetch_1_i/instruction_r_reg[source][data][9]' (FDRE) to 'dp_fetch_1_i/instruction_r_reg[source][data][10]'
INFO: [Synth 8-3886] merging instance 'dp_fetch_1_i/instruction_rr_reg[source][data][9]' (FDE) to 'dp_fetch_1_i/instruction_rr_reg[source][data][10]'
INFO: [Synth 8-3886] merging instance 'dp_fetch_1_i/instruction_r_reg[source][data][10]' (FDRE) to 'dp_fetch_1_i/instruction_r_reg[source][data][11]'
INFO: [Synth 8-3886] merging instance 'dp_fetch_1_i/instruction_rr_reg[source][data][10]' (FDE) to 'dp_fetch_1_i/instruction_rr_reg[source][data][11]'
INFO: [Synth 8-3886] merging instance 'dp_fetch_1_i/instruction_r_reg[source][data][11]' (FDRE) to 'dp_fetch_1_i/instruction_r_reg[source][data][12]'
INFO: [Synth 8-3886] merging instance 'dp_fetch_1_i/instruction_rr_reg[source][data][11]' (FDE) to 'dp_fetch_1_i/instruction_rr_reg[source][data][12]'
INFO: [Synth 8-3886] merging instance 'dp_fetch_1_i/instruction_r_reg[source][data][12]' (FDRE) to 'dp_fetch_1_i/instruction_r_reg[source][data][13]'
INFO: [Synth 8-3886] merging instance 'dp_fetch_1_i/instruction_rr_reg[source][data][12]' (FDE) to 'dp_fetch_1_i/instruction_rr_reg[source][data][13]'
INFO: [Synth 8-3886] merging instance 'dp_fetch_1_i/instruction_r_reg[source][data][13]' (FDRE) to 'dp_fetch_1_i/instruction_r_reg[source][data][14]'
INFO: [Synth 8-3886] merging instance 'dp_fetch_1_i/instruction_rr_reg[source][data][13]' (FDE) to 'dp_fetch_1_i/instruction_rr_reg[source][data][14]'
INFO: [Synth 8-3886] merging instance 'dp_fetch_1_i/instruction_r_reg[source][data][14]' (FDRE) to 'dp_fetch_1_i/instruction_r_reg[source][data][15]'
INFO: [Synth 8-3886] merging instance 'dp_fetch_1_i/instruction_rr_reg[source][data][14]' (FDE) to 'dp_fetch_1_i/instruction_rr_reg[source][data][15]'
INFO: [Synth 8-3886] merging instance 'dp_fetch_1_i/instruction_r_reg[source][data][15]' (FDRE) to 'dp_fetch_1_i/instruction_r_reg[source][mcast][0]'
INFO: [Synth 8-3886] merging instance 'dp_fetch_1_i/instruction_rr_reg[source][data][15]' (FDE) to 'dp_fetch_1_i/instruction_rr_reg[source][mcast][0]'
INFO: [Synth 8-3886] merging instance 'dp_fetch_1_i/instruction_r_reg[source][mcast][0]' (FDRE) to 'dp_fetch_1_i/instruction_r_reg[source][mcast][1]'
INFO: [Synth 8-3886] merging instance 'dp_fetch_1_i/instruction_rr_reg[source][mcast][0]' (FDE) to 'dp_fetch_1_i/instruction_rr_reg[source][mcast][1]'
INFO: [Synth 8-3886] merging instance 'dp_fetch_1_i/instruction_r_reg[source][mcast][1]' (FDRE) to 'dp_fetch_1_i/instruction_r_reg[source][mcast][2]'
INFO: [Synth 8-3886] merging instance 'dp_fetch_1_i/instruction_rr_reg[source][mcast][1]' (FDE) to 'dp_fetch_1_i/instruction_rr_reg[source][mcast][2]'
INFO: [Synth 8-3886] merging instance 'dp_fetch_1_i/instruction_r_reg[source][mcast][2]' (FDRE) to 'dp_fetch_1_i/instruction_r_reg[source][mcast][3]'
INFO: [Synth 8-3886] merging instance 'dp_fetch_1_i/instruction_rr_reg[source][mcast][2]' (FDE) to 'dp_fetch_1_i/instruction_rr_reg[source][mcast][3]'
INFO: [Synth 8-3886] merging instance 'dp_fetch_1_i/instruction_r_reg[source][mcast][3]' (FDRE) to 'dp_fetch_1_i/instruction_r_reg[source][mcast][4]'
INFO: [Synth 8-3886] merging instance 'dp_fetch_1_i/instruction_rr_reg[source][mcast][3]' (FDE) to 'dp_fetch_1_i/instruction_rr_reg[source][mcast][4]'
INFO: [Synth 8-3886] merging instance 'dp_fetch_1_i/instruction_r_reg[source][mcast][4]' (FDRE) to 'dp_fetch_1_i/instruction_r_reg[source][mcast][5]'
INFO: [Synth 8-3886] merging instance 'dp_fetch_1_i/instruction_rr_reg[source][mcast][4]' (FDE) to 'dp_fetch_1_i/instruction_rr_reg[source][mcast][5]'
INFO: [Synth 8-3886] merging instance 'dp_fetch_1_i/instruction_r_reg[source][mcast][5]' (FDRE) to 'dp_fetch_1_i/instruction_r_reg[source][totalcount][0]'
INFO: [Synth 8-3886] merging instance 'dp_fetch_1_i/instruction_rr_reg[source][mcast][5]' (FDE) to 'dp_fetch_1_i/instruction_rr_reg[source][totalcount][0]'
INFO: [Common 17-14] Message 'Synth 8-3886' appears 100 times and further instances of the messages will be disabled. Use the Tcl command set_msg_config to change the current settings.
INFO: [Common 17-14] Message 'Synth 8-3886' appears 100 times and further instances of the messages will be disabled. Use the Tcl command set_msg_config to change the current settings.
INFO: [Synth 8-4471] merging register 'dp_sink2_i/wr_maxburstlen_r_reg[5:0]' into 'dp_sink1_i/wr_maxburstlen_r_reg[5:0]' [/home/eslam-elshokafy/Desktop/AIDAChip_Workshop_01/ztachip/HW/src/dp/dp_source.vhd:201]
INFO: [Synth 8-4471] merging register 'dp_sink3_i/wr_maxburstlen_r_reg[5:0]' into 'dp_sink1_i/wr_maxburstlen_r_reg[5:0]' [/home/eslam-elshokafy/Desktop/AIDAChip_Workshop_01/ztachip/HW/src/dp/dp_source.vhd:201]
INFO: [Synth 8-5784] Optimized 3 bits of RAM "gen_wr_a.gen_word_narrow.mem_reg" due to constant propagation. Old ram width 133 bits, new ram width 130 bits.
INFO: [Synth 8-5784] Optimized 3 bits of RAM "gen_wr_a.gen_word_narrow.mem_reg" due to constant propagation. Old ram width 133 bits, new ram width 130 bits.
INFO: [Synth 8-4471] merging register 'mul_i/z_r_reg[31:0]' into 'mul_i/z_r_reg[31:0]' [/home/eslam-elshokafy/Desktop/AIDAChip_Workshop_01/ztachip/HW/src/pcore/pcore.vhd:54]
DSP Report: Generating DSP y_add_r0, operation Mode is: (C+(A*B)') OR (C-(A*B)').
DSP Report: register mul_i/z_r_reg is absorbed into DSP y_add_r0.
DSP Report: operator mul_i/z is absorbed into DSP y_add_r0.
DSP Report: operator y_add_r0 is absorbed into DSP y_add_r0.
DSP Report: operator y_add_r0 is absorbed into DSP y_add_r0.
INFO: [Synth 8-4471] merging register 'mul_i/z_r_reg[31:0]' into 'mul_i/z_r_reg[31:0]' [/home/eslam-elshokafy/Desktop/AIDAChip_Workshop_01/ztachip/HW/src/pcore/pcore.vhd:54]
DSP Report: Generating DSP y_add_r0, operation Mode is: (C+(A*B)') OR (C-(A*B)').
DSP Report: register mul_i/z_r_reg is absorbed into DSP y_add_r0.
DSP Report: operator mul_i/z is absorbed into DSP y_add_r0.
DSP Report: operator y_add_r0 is absorbed into DSP y_add_r0.
DSP Report: operator y_add_r0 is absorbed into DSP y_add_r0.
INFO: [Synth 8-4471] merging register 'mul_i/z_r_reg[31:0]' into 'mul_i/z_r_reg[31:0]' [/home/eslam-elshokafy/Desktop/AIDAChip_Workshop_01/ztachip/HW/src/pcore/pcore.vhd:54]
DSP Report: Generating DSP y_add_r0, operation Mode is: (C+(A*B)') OR (C-(A*B)').
DSP Report: register mul_i/z_r_reg is absorbed into DSP y_add_r0.
DSP Report: operator mul_i/z is absorbed into DSP y_add_r0.
DSP Report: operator y_add_r0 is absorbed into DSP y_add_r0.
DSP Report: operator y_add_r0 is absorbed into DSP y_add_r0.
INFO: [Synth 8-4471] merging register 'mul_i/z_r_reg[31:0]' into 'mul_i/z_r_reg[31:0]' [/home/eslam-elshokafy/Desktop/AIDAChip_Workshop_01/ztachip/HW/src/pcore/pcore.vhd:54]
DSP Report: Generating DSP y_add_r0, operation Mode is: (C+(A*B)') OR (C-(A*B)').
DSP Report: register mul_i/z_r_reg is absorbed into DSP y_add_r0.
DSP Report: operator mul_i/z is absorbed into DSP y_add_r0.
DSP Report: operator y_add_r0 is absorbed into DSP y_add_r0.
DSP Report: operator y_add_r0 is absorbed into DSP y_add_r0.
INFO: [Synth 8-4471] merging register 'mul_i/z_r_reg[31:0]' into 'mul_i/z_r_reg[31:0]' [/home/eslam-elshokafy/Desktop/AIDAChip_Workshop_01/ztachip/HW/src/pcore/pcore.vhd:54]
DSP Report: Generating DSP y_add_r0, operation Mode is: (C+(A*B)') OR (C-(A*B)').
DSP Report: register mul_i/z_r_reg is absorbed into DSP y_add_r0.
DSP Report: operator mul_i/z is absorbed into DSP y_add_r0.
DSP Report: operator y_add_r0 is absorbed into DSP y_add_r0.
DSP Report: operator y_add_r0 is absorbed into DSP y_add_r0.
INFO: [Synth 8-4471] merging register 'mul_i/z_r_reg[31:0]' into 'mul_i/z_r_reg[31:0]' [/home/eslam-elshokafy/Desktop/AIDAChip_Workshop_01/ztachip/HW/src/pcore/pcore.vhd:54]
DSP Report: Generating DSP y_add_r0, operation Mode is: (C+(A*B)') OR (C-(A*B)').
DSP Report: register mul_i/z_r_reg is absorbed into DSP y_add_r0.
DSP Report: operator mul_i/z is absorbed into DSP y_add_r0.
DSP Report: operator y_add_r0 is absorbed into DSP y_add_r0.
DSP Report: operator y_add_r0 is absorbed into DSP y_add_r0.
INFO: [Synth 8-4471] merging register 'mul_i/z_r_reg[31:0]' into 'mul_i/z_r_reg[31:0]' [/home/eslam-elshokafy/Desktop/AIDAChip_Workshop_01/ztachip/HW/src/pcore/pcore.vhd:54]
DSP Report: Generating DSP y_add_r0, operation Mode is: (C+(A*B)') OR (C-(A*B)').
DSP Report: register mul_i/z_r_reg is absorbed into DSP y_add_r0.
DSP Report: operator mul_i/z is absorbed into DSP y_add_r0.
DSP Report: operator y_add_r0 is absorbed into DSP y_add_r0.
DSP Report: operator y_add_r0 is absorbed into DSP y_add_r0.
INFO: [Synth 8-4471] merging register 'mul_i/z_r_reg[31:0]' into 'mul_i/z_r_reg[31:0]' [/home/eslam-elshokafy/Desktop/AIDAChip_Workshop_01/ztachip/HW/src/pcore/pcore.vhd:54]
DSP Report: Generating DSP y_add_r0, operation Mode is: (C+(A*B)') OR (C-(A*B)').
DSP Report: register mul_i/z_r_reg is absorbed into DSP y_add_r0.
DSP Report: operator mul_i/z is absorbed into DSP y_add_r0.
DSP Report: operator y_add_r0 is absorbed into DSP y_add_r0.
DSP Report: operator y_add_r0 is absorbed into DSP y_add_r0.
DSP Report: Generating DSP mult_i/z_r_reg, operation Mode is: (A*B)'.
DSP Report: register mult_i/z_r_reg is absorbed into DSP mult_i/z_r_reg.
DSP Report: operator mult_i/z is absorbed into DSP mult_i/z_r_reg.
INFO: [Common 17-14] Message 'Synth 8-3886' appears 100 times and further instances of the messages will be disabled. Use the Tcl command set_msg_config to change the current settings.
INFO: [Synth 8-4471] merging register 'mul_i/z_r_reg[31:0]' into 'mul_i/z_r_reg[31:0]' [/home/eslam-elshokafy/Desktop/AIDAChip_Workshop_01/ztachip/HW/src/pcore/pcore.vhd:54]
DSP Report: Generating DSP y_add_r0, operation Mode is: (C+(A*B)') OR (C-(A*B)').
DSP Report: register mul_i/z_r_reg is absorbed into DSP y_add_r0.
DSP Report: operator mul_i/z is absorbed into DSP y_add_r0.
DSP Report: operator y_add_r0 is absorbed into DSP y_add_r0.
DSP Report: operator y_add_r0 is absorbed into DSP y_add_r0.
INFO: [Synth 8-4471] merging register 'mul_i/z_r_reg[31:0]' into 'mul_i/z_r_reg[31:0]' [/home/eslam-elshokafy/Desktop/AIDAChip_Workshop_01/ztachip/HW/src/pcore/pcore.vhd:54]
DSP Report: Generating DSP y_add_r0, operation Mode is: (C+(A*B)') OR (C-(A*B)').
DSP Report: register mul_i/z_r_reg is absorbed into DSP y_add_r0.
DSP Report: operator mul_i/z is absorbed into DSP y_add_r0.
DSP Report: operator y_add_r0 is absorbed into DSP y_add_r0.
DSP Report: operator y_add_r0 is absorbed into DSP y_add_r0.
INFO: [Synth 8-4471] merging register 'mul_i/z_r_reg[31:0]' into 'mul_i/z_r_reg[31:0]' [/home/eslam-elshokafy/Desktop/AIDAChip_Workshop_01/ztachip/HW/src/pcore/pcore.vhd:54]
DSP Report: Generating DSP y_add_r0, operation Mode is: (C+(A*B)') OR (C-(A*B)').
DSP Report: register mul_i/z_r_reg is absorbed into DSP y_add_r0.
DSP Report: operator mul_i/z is absorbed into DSP y_add_r0.
DSP Report: operator y_add_r0 is absorbed into DSP y_add_r0.
DSP Report: operator y_add_r0 is absorbed into DSP y_add_r0.
INFO: [Synth 8-4471] merging register 'mul_i/z_r_reg[31:0]' into 'mul_i/z_r_reg[31:0]' [/home/eslam-elshokafy/Desktop/AIDAChip_Workshop_01/ztachip/HW/src/pcore/pcore.vhd:54]
DSP Report: Generating DSP y_add_r0, operation Mode is: (C+(A*B)') OR (C-(A*B)').
DSP Report: register mul_i/z_r_reg is absorbed into DSP y_add_r0.
DSP Report: operator mul_i/z is absorbed into DSP y_add_r0.
DSP Report: operator y_add_r0 is absorbed into DSP y_add_r0.
DSP Report: operator y_add_r0 is absorbed into DSP y_add_r0.
INFO: [Synth 8-4471] merging register 'mul_i/z_r_reg[31:0]' into 'mul_i/z_r_reg[31:0]' [/home/eslam-elshokafy/Desktop/AIDAChip_Workshop_01/ztachip/HW/src/pcore/pcore.vhd:54]
DSP Report: Generating DSP y_add_r0, operation Mode is: (C+(A*B)') OR (C-(A*B)').
DSP Report: register mul_i/z_r_reg is absorbed into DSP y_add_r0.
DSP Report: operator mul_i/z is absorbed into DSP y_add_r0.
DSP Report: operator y_add_r0 is absorbed into DSP y_add_r0.
DSP Report: operator y_add_r0 is absorbed into DSP y_add_r0.
INFO: [Synth 8-4471] merging register 'mul_i/z_r_reg[31:0]' into 'mul_i/z_r_reg[31:0]' [/home/eslam-elshokafy/Desktop/AIDAChip_Workshop_01/ztachip/HW/src/pcore/pcore.vhd:54]
DSP Report: Generating DSP y_add_r0, operation Mode is: (C+(A*B)') OR (C-(A*B)').
DSP Report: register mul_i/z_r_reg is absorbed into DSP y_add_r0.
DSP Report: operator mul_i/z is absorbed into DSP y_add_r0.
DSP Report: operator y_add_r0 is absorbed into DSP y_add_r0.
DSP Report: operator y_add_r0 is absorbed into DSP y_add_r0.
INFO: [Synth 8-4471] merging register 'mul_i/z_r_reg[31:0]' into 'mul_i/z_r_reg[31:0]' [/home/eslam-elshokafy/Desktop/AIDAChip_Workshop_01/ztachip/HW/src/pcore/pcore.vhd:54]
DSP Report: Generating DSP y_add_r0, operation Mode is: (C+(A*B)') OR (C-(A*B)').
DSP Report: register mul_i/z_r_reg is absorbed into DSP y_add_r0.
DSP Report: operator mul_i/z is absorbed into DSP y_add_r0.
DSP Report: operator y_add_r0 is absorbed into DSP y_add_r0.
DSP Report: operator y_add_r0 is absorbed into DSP y_add_r0.
INFO: [Synth 8-4471] merging register 'mul_i/z_r_reg[31:0]' into 'mul_i/z_r_reg[31:0]' [/home/eslam-elshokafy/Desktop/AIDAChip_Workshop_01/ztachip/HW/src/pcore/pcore.vhd:54]
DSP Report: Generating DSP y_add_r0, operation Mode is: (C+(A*B)') OR (C-(A*B)').
DSP Report: register mul_i/z_r_reg is absorbed into DSP y_add_r0.
DSP Report: operator mul_i/z is absorbed into DSP y_add_r0.
DSP Report: operator y_add_r0 is absorbed into DSP y_add_r0.
DSP Report: operator y_add_r0 is absorbed into DSP y_add_r0.
DSP Report: Generating DSP mult_i/z_r_reg, operation Mode is: (A*B)'.
DSP Report: register mult_i/z_r_reg is absorbed into DSP mult_i/z_r_reg.
DSP Report: operator mult_i/z is absorbed into DSP mult_i/z_r_reg.
INFO: [Common 17-14] Message 'Synth 8-3886' appears 100 times and further instances of the messages will be disabled. Use the Tcl command set_msg_config to change the current settings.
INFO: [Synth 8-4471] merging register 'mul_i/z_r_reg[31:0]' into 'mul_i/z_r_reg[31:0]' [/home/eslam-elshokafy/Desktop/AIDAChip_Workshop_01/ztachip/HW/src/pcore/pcore.vhd:54]
DSP Report: Generating DSP y_add_r0, operation Mode is: (C+(A*B)') OR (C-(A*B)').
DSP Report: register mul_i/z_r_reg is absorbed into DSP y_add_r0.
DSP Report: operator mul_i/z is absorbed into DSP y_add_r0.
DSP Report: operator y_add_r0 is absorbed into DSP y_add_r0.
DSP Report: operator y_add_r0 is absorbed into DSP y_add_r0.
INFO: [Synth 8-4471] merging register 'mul_i/z_r_reg[31:0]' into 'mul_i/z_r_reg[31:0]' [/home/eslam-elshokafy/Desktop/AIDAChip_Workshop_01/ztachip/HW/src/pcore/pcore.vhd:54]
DSP Report: Generating DSP y_add_r0, operation Mode is: (C+(A*B)') OR (C-(A*B)').
DSP Report: register mul_i/z_r_reg is absorbed into DSP y_add_r0.
DSP Report: operator mul_i/z is absorbed into DSP y_add_r0.
DSP Report: operator y_add_r0 is absorbed into DSP y_add_r0.
DSP Report: operator y_add_r0 is absorbed into DSP y_add_r0.
INFO: [Synth 8-4471] merging register 'mul_i/z_r_reg[31:0]' into 'mul_i/z_r_reg[31:0]' [/home/eslam-elshokafy/Desktop/AIDAChip_Workshop_01/ztachip/HW/src/pcore/pcore.vhd:54]
DSP Report: Generating DSP y_add_r0, operation Mode is: (C+(A*B)') OR (C-(A*B)').
DSP Report: register mul_i/z_r_reg is absorbed into DSP y_add_r0.
DSP Report: operator mul_i/z is absorbed into DSP y_add_r0.
DSP Report: operator y_add_r0 is absorbed into DSP y_add_r0.
DSP Report: operator y_add_r0 is absorbed into DSP y_add_r0.
INFO: [Synth 8-4471] merging register 'mul_i/z_r_reg[31:0]' into 'mul_i/z_r_reg[31:0]' [/home/eslam-elshokafy/Desktop/AIDAChip_Workshop_01/ztachip/HW/src/pcore/pcore.vhd:54]
DSP Report: Generating DSP y_add_r0, operation Mode is: (C+(A*B)') OR (C-(A*B)').
DSP Report: register mul_i/z_r_reg is absorbed into DSP y_add_r0.
DSP Report: operator mul_i/z is absorbed into DSP y_add_r0.
DSP Report: operator y_add_r0 is absorbed into DSP y_add_r0.
DSP Report: operator y_add_r0 is absorbed into DSP y_add_r0.
INFO: [Synth 8-4471] merging register 'mul_i/z_r_reg[31:0]' into 'mul_i/z_r_reg[31:0]' [/home/eslam-elshokafy/Desktop/AIDAChip_Workshop_01/ztachip/HW/src/pcore/pcore.vhd:54]
DSP Report: Generating DSP y_add_r0, operation Mode is: (C+(A*B)') OR (C-(A*B)').
DSP Report: register mul_i/z_r_reg is absorbed into DSP y_add_r0.
DSP Report: operator mul_i/z is absorbed into DSP y_add_r0.
DSP Report: operator y_add_r0 is absorbed into DSP y_add_r0.
DSP Report: operator y_add_r0 is absorbed into DSP y_add_r0.
INFO: [Synth 8-4471] merging register 'mul_i/z_r_reg[31:0]' into 'mul_i/z_r_reg[31:0]' [/home/eslam-elshokafy/Desktop/AIDAChip_Workshop_01/ztachip/HW/src/pcore/pcore.vhd:54]
DSP Report: Generating DSP y_add_r0, operation Mode is: (C+(A*B)') OR (C-(A*B)').
DSP Report: register mul_i/z_r_reg is absorbed into DSP y_add_r0.
DSP Report: operator mul_i/z is absorbed into DSP y_add_r0.
DSP Report: operator y_add_r0 is absorbed into DSP y_add_r0.
DSP Report: operator y_add_r0 is absorbed into DSP y_add_r0.
INFO: [Synth 8-4471] merging register 'mul_i/z_r_reg[31:0]' into 'mul_i/z_r_reg[31:0]' [/home/eslam-elshokafy/Desktop/AIDAChip_Workshop_01/ztachip/HW/src/pcore/pcore.vhd:54]
DSP Report: Generating DSP y_add_r0, operation Mode is: (C+(A*B)') OR (C-(A*B)').
DSP Report: register mul_i/z_r_reg is absorbed into DSP y_add_r0.
DSP Report: operator mul_i/z is absorbed into DSP y_add_r0.
DSP Report: operator y_add_r0 is absorbed into DSP y_add_r0.
DSP Report: operator y_add_r0 is absorbed into DSP y_add_r0.
INFO: [Synth 8-4471] merging register 'mul_i/z_r_reg[31:0]' into 'mul_i/z_r_reg[31:0]' [/home/eslam-elshokafy/Desktop/AIDAChip_Workshop_01/ztachip/HW/src/pcore/pcore.vhd:54]
DSP Report: Generating DSP y_add_r0, operation Mode is: (C+(A*B)') OR (C-(A*B)').
DSP Report: register mul_i/z_r_reg is absorbed into DSP y_add_r0.
DSP Report: operator mul_i/z is absorbed into DSP y_add_r0.
DSP Report: operator y_add_r0 is absorbed into DSP y_add_r0.
DSP Report: operator y_add_r0 is absorbed into DSP y_add_r0.
DSP Report: Generating DSP mult_i/z_r_reg, operation Mode is: (A*B)'.
DSP Report: register mult_i/z_r_reg is absorbed into DSP mult_i/z_r_reg.
DSP Report: operator mult_i/z is absorbed into DSP mult_i/z_r_reg.
INFO: [Common 17-14] Message 'Synth 8-3886' appears 100 times and further instances of the messages will be disabled. Use the Tcl command set_msg_config to change the current settings.
INFO: [Synth 8-4471] merging register 'mul_i/z_r_reg[31:0]' into 'mul_i/z_r_reg[31:0]' [/home/eslam-elshokafy/Desktop/AIDAChip_Workshop_01/ztachip/HW/src/pcore/pcore.vhd:54]
DSP Report: Generating DSP y_add_r0, operation Mode is: (C+(A*B)') OR (C-(A*B)').
DSP Report: register mul_i/z_r_reg is absorbed into DSP y_add_r0.
DSP Report: operator mul_i/z is absorbed into DSP y_add_r0.
DSP Report: operator y_add_r0 is absorbed into DSP y_add_r0.
DSP Report: operator y_add_r0 is absorbed into DSP y_add_r0.
INFO: [Synth 8-4471] merging register 'mul_i/z_r_reg[31:0]' into 'mul_i/z_r_reg[31:0]' [/home/eslam-elshokafy/Desktop/AIDAChip_Workshop_01/ztachip/HW/src/pcore/pcore.vhd:54]
DSP Report: Generating DSP y_add_r0, operation Mode is: (C+(A*B)') OR (C-(A*B)').
DSP Report: register mul_i/z_r_reg is absorbed into DSP y_add_r0.
DSP Report: operator mul_i/z is absorbed into DSP y_add_r0.
DSP Report: operator y_add_r0 is absorbed into DSP y_add_r0.
DSP Report: operator y_add_r0 is absorbed into DSP y_add_r0.
INFO: [Synth 8-4471] merging register 'mul_i/z_r_reg[31:0]' into 'mul_i/z_r_reg[31:0]' [/home/eslam-elshokafy/Desktop/AIDAChip_Workshop_01/ztachip/HW/src/pcore/pcore.vhd:54]
DSP Report: Generating DSP y_add_r0, operation Mode is: (C+(A*B)') OR (C-(A*B)').
DSP Report: register mul_i/z_r_reg is absorbed into DSP y_add_r0.
DSP Report: operator mul_i/z is absorbed into DSP y_add_r0.
DSP Report: operator y_add_r0 is absorbed into DSP y_add_r0.
DSP Report: operator y_add_r0 is absorbed into DSP y_add_r0.
INFO: [Synth 8-4471] merging register 'mul_i/z_r_reg[31:0]' into 'mul_i/z_r_reg[31:0]' [/home/eslam-elshokafy/Desktop/AIDAChip_Workshop_01/ztachip/HW/src/pcore/pcore.vhd:54]
DSP Report: Generating DSP y_add_r0, operation Mode is: (C+(A*B)') OR (C-(A*B)').
DSP Report: register mul_i/z_r_reg is absorbed into DSP y_add_r0.
DSP Report: operator mul_i/z is absorbed into DSP y_add_r0.
DSP Report: operator y_add_r0 is absorbed into DSP y_add_r0.
DSP Report: operator y_add_r0 is absorbed into DSP y_add_r0.
INFO: [Synth 8-4471] merging register 'mul_i/z_r_reg[31:0]' into 'mul_i/z_r_reg[31:0]' [/home/eslam-elshokafy/Desktop/AIDAChip_Workshop_01/ztachip/HW/src/pcore/pcore.vhd:54]
DSP Report: Generating DSP y_add_r0, operation Mode is: (C+(A*B)') OR (C-(A*B)').
DSP Report: register mul_i/z_r_reg is absorbed into DSP y_add_r0.
DSP Report: operator mul_i/z is absorbed into DSP y_add_r0.
DSP Report: operator y_add_r0 is absorbed into DSP y_add_r0.
DSP Report: operator y_add_r0 is absorbed into DSP y_add_r0.
INFO: [Synth 8-4471] merging register 'mul_i/z_r_reg[31:0]' into 'mul_i/z_r_reg[31:0]' [/home/eslam-elshokafy/Desktop/AIDAChip_Workshop_01/ztachip/HW/src/pcore/pcore.vhd:54]
DSP Report: Generating DSP y_add_r0, operation Mode is: (C+(A*B)') OR (C-(A*B)').
DSP Report: register mul_i/z_r_reg is absorbed into DSP y_add_r0.
DSP Report: operator mul_i/z is absorbed into DSP y_add_r0.
DSP Report: operator y_add_r0 is absorbed into DSP y_add_r0.
DSP Report: operator y_add_r0 is absorbed into DSP y_add_r0.
INFO: [Synth 8-4471] merging register 'mul_i/z_r_reg[31:0]' into 'mul_i/z_r_reg[31:0]' [/home/eslam-elshokafy/Desktop/AIDAChip_Workshop_01/ztachip/HW/src/pcore/pcore.vhd:54]
DSP Report: Generating DSP y_add_r0, operation Mode is: (C+(A*B)') OR (C-(A*B)').
DSP Report: register mul_i/z_r_reg is absorbed into DSP y_add_r0.
DSP Report: operator mul_i/z is absorbed into DSP y_add_r0.
DSP Report: operator y_add_r0 is absorbed into DSP y_add_r0.
DSP Report: operator y_add_r0 is absorbed into DSP y_add_r0.
INFO: [Synth 8-4471] merging register 'mul_i/z_r_reg[31:0]' into 'mul_i/z_r_reg[31:0]' [/home/eslam-elshokafy/Desktop/AIDAChip_Workshop_01/ztachip/HW/src/pcore/pcore.vhd:54]
DSP Report: Generating DSP y_add_r0, operation Mode is: (C+(A*B)') OR (C-(A*B)').
DSP Report: register mul_i/z_r_reg is absorbed into DSP y_add_r0.
DSP Report: operator mul_i/z is absorbed into DSP y_add_r0.
DSP Report: operator y_add_r0 is absorbed into DSP y_add_r0.
DSP Report: operator y_add_r0 is absorbed into DSP y_add_r0.
DSP Report: Generating DSP mult_i/z_r_reg, operation Mode is: (A*B)'.
DSP Report: register mult_i/z_r_reg is absorbed into DSP mult_i/z_r_reg.
DSP Report: operator mult_i/z is absorbed into DSP mult_i/z_r_reg.
INFO: [Common 17-14] Message 'Synth 8-3886' appears 100 times and further instances of the messages will be disabled. Use the Tcl command set_msg_config to change the current settings.
DSP Report: Generating DSP mul_i/z, operation Mode is: A*B.
DSP Report: operator mul_i/z is absorbed into DSP mul_i/z.
DSP Report: Generating DSP mul_i/z, operation Mode is: A*B.
DSP Report: operator mul_i/z is absorbed into DSP mul_i/z.
DSP Report: Generating DSP mul_i/z, operation Mode is: A*B.
DSP Report: operator mul_i/z is absorbed into DSP mul_i/z.
DSP Report: Generating DSP mul_i/z, operation Mode is: A*B.
DSP Report: operator mul_i/z is absorbed into DSP mul_i/z.
DSP Report: Generating DSP mul_i/z, operation Mode is: A*B.
DSP Report: operator mul_i/z is absorbed into DSP mul_i/z.
DSP Report: Generating DSP mul_i/z, operation Mode is: A*B.
DSP Report: operator mul_i/z is absorbed into DSP mul_i/z.
DSP Report: Generating DSP mul_i/z, operation Mode is: A*B.
DSP Report: operator mul_i/z is absorbed into DSP mul_i/z.
DSP Report: Generating DSP mul_i/z, operation Mode is: A*B.
DSP Report: operator mul_i/z is absorbed into DSP mul_i/z.
DSP Report: Generating DSP mul_i/z, operation Mode is: A*B.
DSP Report: operator mul_i/z is absorbed into DSP mul_i/z.
DSP Report: Generating DSP mul_i/z, operation Mode is: A*B.
DSP Report: operator mul_i/z is absorbed into DSP mul_i/z.
DSP Report: Generating DSP mul_i/z, operation Mode is: A*B.
DSP Report: operator mul_i/z is absorbed into DSP mul_i/z.
DSP Report: Generating DSP mul_i/z, operation Mode is: A*B.
DSP Report: operator mul_i/z is absorbed into DSP mul_i/z.
DSP Report: Generating DSP mul_i/z, operation Mode is: A*B.
DSP Report: operator mul_i/z is absorbed into DSP mul_i/z.
DSP Report: Generating DSP mul_i/z, operation Mode is: A*B.
DSP Report: operator mul_i/z is absorbed into DSP mul_i/z.
DSP Report: Generating DSP mul_i/z, operation Mode is: A*B.
DSP Report: operator mul_i/z is absorbed into DSP mul_i/z.
DSP Report: Generating DSP mul_i/z, operation Mode is: A*B.
DSP Report: operator mul_i/z is absorbed into DSP mul_i/z.
INFO: [Synth 8-5544] ROM "mask_v" won't be mapped to Block RAM because address size (4) smaller than threshold (5)
INFO: [Synth 8-5544] ROM "p_0_out" won't be mapped to Block RAM because address size (2) smaller than threshold (5)
INFO: [Synth 8-4471] merging register 'decode_to_execute_IS_RS1_SIGNED_reg' into 'decode_to_execute_IS_RS2_SIGNED_reg' [/home/eslam-elshokafy/Desktop/AIDAChip_Workshop_01/ztachip/HW/src/util/shifter.vhd:3440]
DSP Report: Generating DSP memory_to_writeBack_MUL_HH_reg, operation Mode is: (A*B)'.
DSP Report: register memory_to_writeBack_MUL_HH_reg is absorbed into DSP memory_to_writeBack_MUL_HH_reg.
DSP Report: register execute_to_memory_MUL_HH_reg is absorbed into DSP memory_to_writeBack_MUL_HH_reg.
DSP Report: operator execute_MUL_HH is absorbed into DSP memory_to_writeBack_MUL_HH_reg.
DSP Report: Generating DSP execute_to_memory_MUL_LH_reg, operation Mode is: (A*B)'.
DSP Report: register execute_to_memory_MUL_LH_reg is absorbed into DSP execute_to_memory_MUL_LH_reg.
DSP Report: operator execute_MUL_LH is absorbed into DSP execute_to_memory_MUL_LH_reg.
DSP Report: Generating DSP execute_to_memory_MUL_HL_reg, operation Mode is: (A*B)'.
DSP Report: register execute_to_memory_MUL_HL_reg is absorbed into DSP execute_to_memory_MUL_HL_reg.
DSP Report: operator execute_MUL_HL is absorbed into DSP execute_to_memory_MUL_HL_reg.
DSP Report: Generating DSP execute_to_memory_MUL_LL_reg, operation Mode is: (A*B)'.
DSP Report: register execute_to_memory_MUL_LL_reg is absorbed into DSP execute_to_memory_MUL_LL_reg.
DSP Report: operator execute_MUL_LL is absorbed into DSP execute_to_memory_MUL_LL_reg.
INFO: [Synth 8-3971] The signal "\cpu_inst/system_cpu/RegFilePlugin_regFile_reg " was recognized as a true dual port RAM template.
INFO: [Synth 8-4652] Swapped enable and write-enable on 1 RAM instances of RAM gen_wr_a.gen_word_narrow.mem_reg to conserve power
INFO: [Synth 8-4652] Swapped enable and write-enable on 1 RAM instances of RAM gen_wr_a.gen_word_narrow.mem_reg to conserve power
INFO: [Synth 8-4652] Swapped enable and write-enable on 1 RAM instances of RAM gen_wr_a.gen_word_narrow.mem_reg to conserve power
INFO: [Synth 8-4652] Swapped enable and write-enable on 1 RAM instances of RAM gen_wr_a.gen_word_narrow.mem_reg to conserve power
INFO: [Synth 8-4652] Swapped enable and write-enable on 1 RAM instances of RAM gen_wr_a.gen_word_narrow.mem_reg to conserve power
INFO: [Synth 8-5784] Optimized 4 bits of RAM "gen_wr_a.gen_word_narrow.mem_reg" due to constant propagation. Old ram width 58 bits, new ram width 54 bits.
INFO: [Synth 8-4652] Swapped enable and write-enable on 1 RAM instances of RAM gen_wr_a.gen_word_narrow.mem_reg to conserve power
INFO: [Synth 8-4652] Swapped enable and write-enable on 1 RAM instances of RAM gen_wr_a.gen_word_narrow.mem_reg to conserve power
INFO: [Synth 8-4652] Swapped enable and write-enable on 1 RAM instances of RAM gen_wr_a.gen_word_narrow.mem_reg to conserve power
INFO: [Synth 8-4652] Swapped enable and write-enable on 1 RAM instances of RAM gen_wr_a.gen_word_narrow.mem_reg to conserve power
INFO: [Common 17-14] Message 'Synth 8-3886' appears 100 times and further instances of the messages will be disabled. Use the Tcl command set_msg_config to change the current settings.
INFO: [Synth 8-4652] Swapped enable and write-enable on 2 RAM instances of RAM gen_wr_a.gen_word_narrow.mem_reg to conserve power
INFO: [Synth 8-4652] Swapped enable and write-enable on 2 RAM instances of RAM gen_wr_a.gen_word_narrow.mem_reg to conserve power
INFO: [Common 17-14] Message 'Synth 8-3886' appears 100 times and further instances of the messages will be disabled. Use the Tcl command set_msg_config to change the current settings.
---------------------------------------------------------------------------------
Finished Cross Boundary and Area Optimization : Time (s): cpu = 00:01:43 ; elapsed = 00:02:01 . Memory (MB): peak = 4674.938 ; gain = 2908.148 ; free physical = 212 ; free virtual = 4747
---------------------------------------------------------------------------------
 Sort Area is soc_base__GCB0 memory_to_writeBack_MUL_HH_reg_5 : 0 0 : 2328 2328 : Used 1 time 0
 Sort Area is pcore__parameterized3 y_add_r0_0 : 0 0 : 2318 2318 : Used 1 time 0
 Sort Area is pcore__parameterized5 y_add_r0_0 : 0 0 : 2318 2318 : Used 1 time 0
 Sort Area is pcore__parameterized1 y_add_r0_0 : 0 0 : 2318 2318 : Used 1 time 0
 Sort Area is cell__GB0 y_add_r0_0 : 0 0 : 2318 2318 : Used 1 time 0
 Sort Area is pcore__parameterized3 y_add_r0_2 : 0 0 : 2318 2318 : Used 1 time 0
 Sort Area is pcore__parameterized5 y_add_r0_2 : 0 0 : 2318 2318 : Used 1 time 0
 Sort Area is pcore__parameterized1 y_add_r0_2 : 0 0 : 2318 2318 : Used 1 time 0
 Sort Area is cell__GB0 y_add_r0_2 : 0 0 : 2318 2318 : Used 1 time 0
 Sort Area is pcore__parameterized3 y_add_r0_3 : 0 0 : 2318 2318 : Used 1 time 0
 Sort Area is pcore__parameterized5 y_add_r0_3 : 0 0 : 2318 2318 : Used 1 time 0
 Sort Area is pcore__parameterized1 y_add_r0_3 : 0 0 : 2318 2318 : Used 1 time 0
 Sort Area is cell__GB0 y_add_r0_3 : 0 0 : 2318 2318 : Used 1 time 0
 Sort Area is pcore__parameterized3 y_add_r0_4 : 0 0 : 2318 2318 : Used 1 time 0
 Sort Area is pcore__parameterized5 y_add_r0_4 : 0 0 : 2318 2318 : Used 1 time 0
 Sort Area is pcore__parameterized1 y_add_r0_4 : 0 0 : 2318 2318 : Used 1 time 0
 Sort Area is cell__GB0 y_add_r0_4 : 0 0 : 2318 2318 : Used 1 time 0
 Sort Area is pcore__parameterized3 y_add_r0_5 : 0 0 : 2318 2318 : Used 1 time 0
 Sort Area is pcore__parameterized5 y_add_r0_5 : 0 0 : 2318 2318 : Used 1 time 0
 Sort Area is pcore__parameterized1 y_add_r0_5 : 0 0 : 2318 2318 : Used 1 time 0
 Sort Area is cell__GB0 y_add_r0_5 : 0 0 : 2318 2318 : Used 1 time 0
 Sort Area is pcore__parameterized3 y_add_r0_6 : 0 0 : 2318 2318 : Used 1 time 0
 Sort Area is pcore__parameterized5 y_add_r0_6 : 0 0 : 2318 2318 : Used 1 time 0
 Sort Area is pcore__parameterized1 y_add_r0_6 : 0 0 : 2318 2318 : Used 1 time 0
 Sort Area is cell__GB0 y_add_r0_6 : 0 0 : 2318 2318 : Used 1 time 0
 Sort Area is pcore__parameterized3 y_add_r0_7 : 0 0 : 2318 2318 : Used 1 time 0
 Sort Area is pcore__parameterized5 y_add_r0_7 : 0 0 : 2318 2318 : Used 1 time 0
 Sort Area is pcore__parameterized1 y_add_r0_7 : 0 0 : 2318 2318 : Used 1 time 0
 Sort Area is cell__GB0 y_add_r0_7 : 0 0 : 2318 2318 : Used 1 time 0
 Sort Area is pcore__parameterized3 y_add_r0_8 : 0 0 : 2318 2318 : Used 1 time 0
 Sort Area is pcore__parameterized5 y_add_r0_8 : 0 0 : 2318 2318 : Used 1 time 0
 Sort Area is pcore__parameterized1 y_add_r0_8 : 0 0 : 2318 2318 : Used 1 time 0
 Sort Area is cell__GB0 y_add_r0_8 : 0 0 : 2318 2318 : Used 1 time 0
 Sort Area is soc_base__GCB0 execute_to_memory_MUL_HL_reg_2 : 0 0 : 2298 2298 : Used 1 time 0
 Sort Area is soc_base__GCB0 execute_to_memory_MUL_LH_reg_4 : 0 0 : 2298 2298 : Used 1 time 0
 Sort Area is soc_base__GCB0 execute_to_memory_MUL_LL_reg_0 : 0 0 : 1978 1978 : Used 1 time 0
 Sort Area is pcore__parameterized3 mult_i/z_r_reg_9 : 0 0 : 1280 1280 : Used 1 time 0
 Sort Area is pcore__parameterized5 mult_i/z_r_reg_9 : 0 0 : 1280 1280 : Used 1 time 0
 Sort Area is pcore__parameterized1 mult_i/z_r_reg_9 : 0 0 : 1280 1280 : Used 1 time 0
 Sort Area is cell__GB0 mult_i/z_r_reg_9 : 0 0 : 1280 1280 : Used 1 time 0
 Sort Area is core__GC0 mul_i/z_0 : 0 0 : 1052 1052 : Used 1 time 0
 Sort Area is core__GC0 mul_i/z_10 : 0 0 : 1052 1052 : Used 1 time 0
 Sort Area is core__GC0 mul_i/z_2 : 0 0 : 1052 1052 : Used 1 time 0
 Sort Area is core__GC0 mul_i/z_3 : 0 0 : 1052 1052 : Used 1 time 0
 Sort Area is core__GC0 mul_i/z_4 : 0 0 : 1052 1052 : Used 1 time 0
 Sort Area is core__GC0 mul_i/z_5 : 0 0 : 1052 1052 : Used 1 time 0
 Sort Area is core__GC0 mul_i/z_6 : 0 0 : 1052 1052 : Used 1 time 0
 Sort Area is core__GC0 mul_i/z_7 : 0 0 : 1052 1052 : Used 1 time 0
 Sort Area is core__GC0 mul_i/z_8 : 0 0 : 1052 1052 : Used 1 time 0
 Sort Area is core__GC0 mul_i/z_9 : 0 0 : 1052 1052 : Used 1 time 0
 Sort Area is core__GC0 mul_i/z_a : 0 0 : 1052 1052 : Used 1 time 0
 Sort Area is core__GC0 mul_i/z_b : 0 0 : 1052 1052 : Used 1 time 0
 Sort Area is core__GC0 mul_i/z_c : 0 0 : 1052 1052 : Used 1 time 0
 Sort Area is core__GC0 mul_i/z_d : 0 0 : 1052 1052 : Used 1 time 0
 Sort Area is core__GC0 mul_i/z_e : 0 0 : 1052 1052 : Used 1 time 0
 Sort Area is core__GC0 mul_i/z_f : 0 0 : 1052 1052 : Used 1 time 0
---------------------------------------------------------------------------------
Start ROM, RAM, DSP, Shift Register and Retiming Reporting
---------------------------------------------------------------------------------

ROM: Preliminary Mapping Report
+------------+---------------+---------------+----------------+
|Module Name | RTL Object    | Depth x Width | Implemented As | 
+------------+---------------+---------------+----------------+
|fp_floor    | mantissa_mask | 32x23         | LUT            | 
+------------+---------------+---------------+----------------+


Block RAM: Preliminary Mapping Report (see note below)
+---------------------------------------------------------------------------------------------------------------------------------------+--------------------------------------------------+------------------------+---+---+------------------------+---+---+------------------+--------+--------+
|Module Name                                                                                                                            | RTL Object                                       | PORT A (Depth x Width) | W | R | PORT B (Depth x Width) | W | R | Ports driving FF | RAMB18 | RAMB36 | 
+---------------------------------------------------------------------------------------------------------------------------------------+--------------------------------------------------+------------------------+---+---+------------------------+---+---+------------------+--------+--------+
|cmd_fifo_i0/\ram_i/xpm_memory_sdpram_inst /xpm_memory_base_inst                                                                        | gen_wr_a.gen_word_narrow.mem_reg                 | 256 x 337(READ_FIRST)  | W |   | 256 x 337(WRITE_FIRST) |   | R | Port A and B     | 0      | 5      | 
|cmd_fifo_i1/\ram_i/xpm_memory_sdpram_inst /xpm_memory_base_inst                                                                        | gen_wr_a.gen_word_narrow.mem_reg                 | 256 x 337(READ_FIRST)  | W |   | 256 x 337(WRITE_FIRST) |   | R | Port A and B     | 0      | 5      | 
|B_fifo_i/\ram_i/xpm_memory_sdpram_inst /xpm_memory_base_inst                                                                           | gen_wr_a.gen_word_narrow.mem_reg                 | 16 x 128(READ_FIRST)   | W |   | 16 x 128(WRITE_FIRST)  |   | R | Port A and B     | 0      | 2      | 
|X_fifo_i/\ram_i/xpm_memory_sdpram_inst /xpm_memory_base_inst                                                                           | gen_wr_a.gen_word_narrow.mem_reg                 | 16 x 128(READ_FIRST)   | W |   | 16 x 128(WRITE_FIRST)  |   | R | Port A and B     | 0      | 2      | 
|Y_fifo_i/\ram_i/xpm_memory_sdpram_inst /xpm_memory_base_inst                                                                           | gen_wr_a.gen_word_narrow.mem_reg                 | 16 x 128(READ_FIRST)   | W |   | 16 x 128(WRITE_FIRST)  |   | R | Port A and B     | 0      | 2      | 
|dp_fetch_1_i/fifo_i/\GEN1.fifo_i/fifo_i/ram_i/xpm_memory_sdpram_inst /xpm_memory_base_inst                                             | gen_wr_a.gen_word_narrow.mem_reg                 | 512 x 408(READ_FIRST)  | W |   | 512 x 408(WRITE_FIRST) |   | R | Port A and B     | 0      | 6      | 
|dp_fetch_1_i/\GEN1.ram_i /\ram_i/xpm_memory_sdpram_inst /xpm_memory_base_inst                                                          | gen_wr_a.gen_word_narrow.mem_reg                 | 32 x 417(READ_FIRST)   | W |   | 32 x 417(WRITE_FIRST)  |   | R | Port A and B     | 0      | 6      | 
|dp_fetch_1_i/indication_i/\ram_i/xpm_memory_sdpram_inst /xpm_memory_base_inst                                                          | gen_wr_a.gen_word_narrow.mem_reg                 | 256 x 67(READ_FIRST)   | W |   | 256 x 67(WRITE_FIRST)  |   | R | Port A and B     | 0      | 1      | 
|\dp_sink1_i/dp_sink_fifo_i /\ram_i/xpm_memory_sdpram_inst /xpm_memory_base_inst                                                        | gen_wr_a.gen_word_narrow.mem_reg                 | 512 x 133(READ_FIRST)  | W |   | 512 x 133(WRITE_FIRST) |   | R | Port A and B     | 0      | 2      | 
|\dp_sink1_i/dp_sink_fifo_i2 /\ram_i/xpm_memory_sdpram_inst /xpm_memory_base_inst                                                       | gen_wr_a.gen_word_narrow.mem_reg                 | 512 x 64(READ_FIRST)   | W |   | 512 x 64(WRITE_FIRST)  |   | R | Port A and B     | 0      | 1      | 
|\dp_sink2_i/dp_sink_fifo_i /\ram_i/xpm_memory_sdpram_inst /xpm_memory_base_inst                                                        | gen_wr_a.gen_word_narrow.mem_reg                 | 512 x 133(READ_FIRST)  | W |   | 512 x 133(WRITE_FIRST) |   | R | Port A and B     | 0      | 2      | 
|\dp_sink2_i/dp_sink_fifo_i2 /\ram_i/xpm_memory_sdpram_inst /xpm_memory_base_inst                                                       | gen_wr_a.gen_word_narrow.mem_reg                 | 512 x 64(READ_FIRST)   | W |   | 512 x 64(WRITE_FIRST)  |   | R | Port A and B     | 0      | 1      | 
|\dp_sink3_i/dp_sink_fifo_i /\ram_i/xpm_memory_sdpram_inst /xpm_memory_base_inst                                                        | gen_wr_a.gen_word_narrow.mem_reg                 | 512 x 133(READ_FIRST)  | W |   | 512 x 133(WRITE_FIRST) |   | R | Port A and B     | 0      | 2      | 
|\dp_sink3_i/dp_sink_fifo_i2 /\ram_i/xpm_memory_sdpram_inst /xpm_memory_base_inst                                                       | gen_wr_a.gen_word_narrow.mem_reg                 | 512 x 64(READ_FIRST)   | W |   | 512 x 64(WRITE_FIRST)  |   | R | Port A and B     | 0      | 1      | 
|xregister_file_i/\GEN2.altsyncram_i/ram_i/xpm_memory_sdpram_inst /xpm_memory_base_inst                                                 | gen_wr_a.gen_byte_narrow.for_mem_cols[1].mem_reg | 512 x 136(READ_FIRST)  | W |   | 512 x 136(WRITE_FIRST) |   | R | Port A and B     | 1      | 2      | 
|iregister_i/\iregister_ram_i/altsyncram_i/ram_i/xpm_memory_sdpram_inst /xpm_memory_base_inst                                           | gen_wr_a.gen_byte_narrow.for_mem_cols[1].mem_reg | 64 x 72(READ_FIRST)    | W |   | 64 x 72(WRITE_FIRST)   |   | R | Port A and B     | 1      | 1      | 
|register_bank_i/\register_file_i/ram3_i/ram2_i/xpm_memory_sdpram_inst /xpm_memory_base_inst                                            | gen_wr_a.gen_byte_narrow.for_mem_cols[1].mem_reg | 256 x 128(READ_FIRST)  | W |   | 256 x 128(WRITE_FIRST) |   | R | Port A and B     | 0      | 2      | 
|register_bank_i/\register_file_i2/ram3_i/ram2_i/xpm_memory_sdpram_inst /xpm_memory_base_inst                                           | gen_wr_a.gen_byte_narrow.for_mem_cols[1].mem_reg | 256 x 128(READ_FIRST)  | W |   | 256 x 128(WRITE_FIRST) |   | R | Port A and B     | 0      | 2      | 
|xregister_file_i/\GEN2.altsyncram_i/ram_i/xpm_memory_sdpram_inst /xpm_memory_base_inst                                                 | gen_wr_a.gen_byte_narrow.for_mem_cols[1].mem_reg | 512 x 136(READ_FIRST)  | W |   | 512 x 136(WRITE_FIRST) |   | R | Port A and B     | 1      | 2      | 
|iregister_i/\iregister_ram_i/altsyncram_i/ram_i/xpm_memory_sdpram_inst /xpm_memory_base_inst                                           | gen_wr_a.gen_byte_narrow.for_mem_cols[1].mem_reg | 64 x 72(READ_FIRST)    | W |   | 64 x 72(WRITE_FIRST)   |   | R | Port A and B     | 1      | 1      | 
|register_bank_i/\register_file_i/ram3_i/ram2_i/xpm_memory_sdpram_inst /xpm_memory_base_inst                                            | gen_wr_a.gen_byte_narrow.for_mem_cols[1].mem_reg | 256 x 128(READ_FIRST)  | W |   | 256 x 128(WRITE_FIRST) |   | R | Port A and B     | 0      | 2      | 
|register_bank_i/\register_file_i2/ram3_i/ram2_i/xpm_memory_sdpram_inst /xpm_memory_base_inst                                           | gen_wr_a.gen_byte_narrow.for_mem_cols[1].mem_reg | 256 x 128(READ_FIRST)  | W |   | 256 x 128(WRITE_FIRST) |   | R | Port A and B     | 0      | 2      | 
|xregister_file_i/\GEN2.altsyncram_i/ram_i/xpm_memory_sdpram_inst /xpm_memory_base_inst                                                 | gen_wr_a.gen_byte_narrow.for_mem_cols[1].mem_reg | 512 x 136(READ_FIRST)  | W |   | 512 x 136(WRITE_FIRST) |   | R | Port A and B     | 1      | 2      | 
|iregister_i/\iregister_ram_i/altsyncram_i/ram_i/xpm_memory_sdpram_inst /xpm_memory_base_inst                                           | gen_wr_a.gen_byte_narrow.for_mem_cols[1].mem_reg | 64 x 72(READ_FIRST)    | W |   | 64 x 72(WRITE_FIRST)   |   | R | Port A and B     | 1      | 1      | 
|register_bank_i/\register_file_i/ram3_i/ram2_i/xpm_memory_sdpram_inst /xpm_memory_base_inst                                            | gen_wr_a.gen_byte_narrow.for_mem_cols[1].mem_reg | 256 x 128(READ_FIRST)  | W |   | 256 x 128(WRITE_FIRST) |   | R | Port A and B     | 0      | 2      | 
|register_bank_i/\register_file_i2/ram3_i/ram2_i/xpm_memory_sdpram_inst /xpm_memory_base_inst                                           | gen_wr_a.gen_byte_narrow.for_mem_cols[1].mem_reg | 256 x 128(READ_FIRST)  | W |   | 256 x 128(WRITE_FIRST) |   | R | Port A and B     | 0      | 2      | 
|\GEN_REG[0].GEN1.pcore_i /xregister_file_i/\GEN2.altsyncram_i/ram_i/xpm_memory_sdpram_inst /xpm_memory_base_inst                       | gen_wr_a.gen_byte_narrow.for_mem_cols[1].mem_reg | 512 x 136(READ_FIRST)  | W |   | 512 x 136(WRITE_FIRST) |   | R | Port A and B     | 1      | 2      | 
|\GEN_REG[0].GEN1.pcore_i /iregister_i/\iregister_ram_i/altsyncram_i/ram_i/xpm_memory_sdpram_inst /xpm_memory_base_inst                 | gen_wr_a.gen_byte_narrow.for_mem_cols[1].mem_reg | 64 x 72(READ_FIRST)    | W |   | 64 x 72(WRITE_FIRST)   |   | R | Port A and B     | 1      | 1      | 
|\GEN_REG[0].GEN1.pcore_i /register_bank_i/\register_file_i/ram3_i/ram2_i/xpm_memory_sdpram_inst /xpm_memory_base_inst                  | gen_wr_a.gen_byte_narrow.for_mem_cols[1].mem_reg | 256 x 128(READ_FIRST)  | W |   | 256 x 128(WRITE_FIRST) |   | R | Port A and B     | 0      | 2      | 
|\GEN_REG[0].GEN1.pcore_i /register_bank_i/\register_file_i2/ram3_i/ram2_i/xpm_memory_sdpram_inst /xpm_memory_base_inst                 | gen_wr_a.gen_byte_narrow.for_mem_cols[1].mem_reg | 256 x 128(READ_FIRST)  | W |   | 256 x 128(WRITE_FIRST) |   | R | Port A and B     | 0      | 2      | 
|\GEN_STREAM[0].stream_i /\lookup_i/xpm_memory_spram_inst/xpm_memory_base_inst                                                          | gen_wr_a.gen_word_narrow.mem_reg                 | 512 x 24(READ_FIRST)   | W | R |                        |   |   | Port A           | 1      | 0      | 
|\GEN_STREAM[1].stream_i /\lookup_i/xpm_memory_spram_inst/xpm_memory_base_inst                                                          | gen_wr_a.gen_word_narrow.mem_reg                 | 512 x 24(READ_FIRST)   | W | R |                        |   |   | Port A           | 1      | 0      | 
|\GEN_STREAM[2].stream_i /\lookup_i/xpm_memory_spram_inst/xpm_memory_base_inst                                                          | gen_wr_a.gen_word_narrow.mem_reg                 | 512 x 24(READ_FIRST)   | W | R |                        |   |   | Port A           | 1      | 0      | 
|\GEN_STREAM[3].stream_i /\lookup_i/xpm_memory_spram_inst/xpm_memory_base_inst                                                          | gen_wr_a.gen_word_narrow.mem_reg                 | 512 x 24(READ_FIRST)   | W | R |                        |   |   | Port A           | 1      | 0      | 
|\GEN_STREAM[4].stream_i /\lookup_i/xpm_memory_spram_inst/xpm_memory_base_inst                                                          | gen_wr_a.gen_word_narrow.mem_reg                 | 512 x 24(READ_FIRST)   | W | R |                        |   |   | Port A           | 1      | 0      | 
|\GEN_STREAM[5].stream_i /\lookup_i/xpm_memory_spram_inst/xpm_memory_base_inst                                                          | gen_wr_a.gen_word_narrow.mem_reg                 | 512 x 24(READ_FIRST)   | W | R |                        |   |   | Port A           | 1      | 0      | 
|\GEN_STREAM[6].stream_i /\lookup_i/xpm_memory_spram_inst/xpm_memory_base_inst                                                          | gen_wr_a.gen_word_narrow.mem_reg                 | 512 x 24(READ_FIRST)   | W | R |                        |   |   | Port A           | 1      | 0      | 
|\GEN_STREAM[7].stream_i /\lookup_i/xpm_memory_spram_inst/xpm_memory_base_inst                                                          | gen_wr_a.gen_word_narrow.mem_reg                 | 512 x 24(READ_FIRST)   | W | R |                        |   |   | Port A           | 1      | 0      | 
|\GEN_STREAM_1[0].stream_i1 /\lookup_i/xpm_memory_spram_inst/xpm_memory_base_inst                                                       | gen_wr_a.gen_word_narrow.mem_reg                 | 512 x 24(READ_FIRST)   | W | R |                        |   |   | Port A           | 1      | 0      | 
|\GEN_STREAM_1[1].stream_i1 /\lookup_i/xpm_memory_spram_inst/xpm_memory_base_inst                                                       | gen_wr_a.gen_word_narrow.mem_reg                 | 512 x 24(READ_FIRST)   | W | R |                        |   |   | Port A           | 1      | 0      | 
|\GEN_STREAM_1[2].stream_i1 /\lookup_i/xpm_memory_spram_inst/xpm_memory_base_inst                                                       | gen_wr_a.gen_word_narrow.mem_reg                 | 512 x 24(READ_FIRST)   | W | R |                        |   |   | Port A           | 1      | 0      | 
|\GEN_STREAM_1[3].stream_i1 /\lookup_i/xpm_memory_spram_inst/xpm_memory_base_inst                                                       | gen_wr_a.gen_word_narrow.mem_reg                 | 512 x 24(READ_FIRST)   | W | R |                        |   |   | Port A           | 1      | 0      | 
|\GEN_STREAM_1[4].stream_i1 /\lookup_i/xpm_memory_spram_inst/xpm_memory_base_inst                                                       | gen_wr_a.gen_word_narrow.mem_reg                 | 512 x 24(READ_FIRST)   | W | R |                        |   |   | Port A           | 1      | 0      | 
|\GEN_STREAM_1[5].stream_i1 /\lookup_i/xpm_memory_spram_inst/xpm_memory_base_inst                                                       | gen_wr_a.gen_word_narrow.mem_reg                 | 512 x 24(READ_FIRST)   | W | R |                        |   |   | Port A           | 1      | 0      | 
|\GEN_STREAM_1[6].stream_i1 /\lookup_i/xpm_memory_spram_inst/xpm_memory_base_inst                                                       | gen_wr_a.gen_word_narrow.mem_reg                 | 512 x 24(READ_FIRST)   | W | R |                        |   |   | Port A           | 1      | 0      | 
|\GEN_STREAM_1[7].stream_i1 /\lookup_i/xpm_memory_spram_inst/xpm_memory_base_inst                                                       | gen_wr_a.gen_word_narrow.mem_reg                 | 512 x 24(READ_FIRST)   | W | R |                        |   |   | Port A           | 1      | 0      | 
|instr_i/\rom_i/ram_i/xpm_memory_spram_inst/xpm_memory_base_inst                                                                        | gen_wr_a.gen_byte_narrow.for_mem_cols[1].mem_reg | 1 K x 128(READ_FIRST)  | W |   | 1 K x 128(WRITE_FIRST) |   | R | Port A and B     | 0      | 4      | 
|\axilite_i/waddr_fifo_i/ram_i/xpm_memory_sdpram_inst /xpm_memory_base_inst                                                             | gen_wr_a.gen_word_narrow.mem_reg                 | 64 x 24(READ_FIRST)    | W |   | 64 x 24(WRITE_FIRST)   |   | R | Port A and B     | 1      | 0      | 
|\axilite_i/wdata_fifo_i/ram_i/xpm_memory_sdpram_inst /xpm_memory_base_inst                                                             | gen_wr_a.gen_word_narrow.mem_reg                 | 64 x 32(READ_FIRST)    | W |   | 64 x 32(WRITE_FIRST)   |   | R | Port A and B     | 1      | 0      | 
|sram_i/sram_0_i/\altsyncram_i/xpm_memory_sdpram_inst /xpm_memory_base_inst                                                             | gen_wr_a.gen_byte_narrow.for_mem_cols[1].mem_reg | 1 K x 128(READ_FIRST)  | W |   | 1 K x 128(WRITE_FIRST) |   | R | Port A and B     | 0      | 4      | 
|sram_i/sram_1_i/\altsyncram_i/xpm_memory_sdpram_inst /xpm_memory_base_inst                                                             | gen_wr_a.gen_byte_narrow.for_mem_cols[1].mem_reg | 1 K x 128(READ_FIRST)  | W |   | 1 K x 128(WRITE_FIRST) |   | R | Port A and B     | 0      | 4      | 
|\ddr_rx_i/read_data_fifo_i/ram_i/xpm_memory_sdpram_inst /xpm_memory_base_inst                                                          | gen_wr_a.gen_word_narrow.mem_reg                 | 512 x 64(READ_FIRST)   | W |   | 512 x 64(WRITE_FIRST)  |   | R | Port A and B     | 0      | 1      | 
|\ddr_rx_i/read_record_fifo_i/ram_i/xpm_memory_sdpram_inst /xpm_memory_base_inst                                                        | gen_wr_a.gen_word_narrow.mem_reg                 | 128 x 35(READ_FIRST)   | W |   | 128 x 35(WRITE_FIRST)  |   | R | Port A and B     | 1      | 0      | 
|\cpu_inst/system_cpu /IBusCachedPlugin_cache                                                                                           | ways_1_tags_reg                                  | 128 x 22(READ_FIRST)   | W |   | 128 x 22(WRITE_FIRST)  |   | R | Port A and B     | 1      | 0      | 
|\cpu_inst/system_cpu /IBusCachedPlugin_cache                                                                                           | banks_1_reg                                      | 1 K x 32(READ_FIRST)   | W |   | 1 K x 32(WRITE_FIRST)  |   | R | Port A and B     | 0      | 1      | 
|\cpu_inst/system_cpu /IBusCachedPlugin_cache                                                                                           | banks_0_reg                                      | 1 K x 32(READ_FIRST)   | W |   | 1 K x 32(WRITE_FIRST)  |   | R | Port A and B     | 0      | 1      | 
|\cpu_inst/system_cpu /IBusCachedPlugin_cache                                                                                           | ways_0_tags_reg                                  | 128 x 22(READ_FIRST)   | W |   | 128 x 22(WRITE_FIRST)  |   | R | Port A and B     | 1      | 0      | 
|\cpu_inst/system_cpu /dataCache_1                                                                                                      | ways_0_tags_reg                                  | 256 x 21(READ_FIRST)   | W |   | 256 x 21(WRITE_FIRST)  |   | R | Port A and B     | 1      | 0      | 
|\cpu_inst/system_cpu /dataCache_1                                                                                                      | ways_0_data_symbol0_reg                          | 2 K x 8(READ_FIRST)    | W |   | 2 K x 8(WRITE_FIRST)   |   | R | Port A and B     | 1      | 0      | 
|\cpu_inst/system_cpu /dataCache_1                                                                                                      | ways_0_data_symbol1_reg                          | 2 K x 8(READ_FIRST)    | W |   | 2 K x 8(WRITE_FIRST)   |   | R | Port A and B     | 1      | 0      | 
|\cpu_inst/system_cpu /dataCache_1                                                                                                      | ways_0_data_symbol2_reg                          | 2 K x 8(READ_FIRST)    | W |   | 2 K x 8(WRITE_FIRST)   |   | R | Port A and B     | 1      | 0      | 
|\cpu_inst/system_cpu /dataCache_1                                                                                                      | ways_0_data_symbol3_reg                          | 2 K x 8(READ_FIRST)    | W |   | 2 K x 8(WRITE_FIRST)   |   | R | Port A and B     | 1      | 0      | 
|\axi_split_ibus_i/GEN1.axi_split_read_i/read_ifc_i/GEN1.slave_cmd_fifo/ram_i/xpm_memory_sdpram_inst /xpm_memory_base_inst              | gen_wr_a.gen_word_narrow.mem_reg                 | 32 x 58(READ_FIRST)    | W |   | 32 x 58(WRITE_FIRST)   |   | R | Port A and B     | 0      | 1      | 
|\axi_split_ibus_i/GEN1.axi_split_read_i/read_ifc_i/GEN2.slave_resp_fifo/ram_i/xpm_memory_sdpram_inst /xpm_memory_base_inst             | gen_wr_a.gen_word_narrow.mem_reg                 | 32 x 36(READ_FIRST)    | W |   | 32 x 36(WRITE_FIRST)   |   | R | Port A and B     | 1      | 0      | 
|\axi_split_ibus_i/GEN1.axi_split_read_i/pending_fifo/ram_i/xpm_memory_sdpram_inst /xpm_memory_base_inst                                | gen_wr_a.gen_word_narrow.mem_reg                 | 256 x 5(READ_FIRST)    | W |   | 256 x 5(WRITE_FIRST)   |   | R | Port A and B     | 1      | 0      | 
|\axi_split_dbus_i/GEN1.axi_split_read_i/read_ifc_i/GEN1.slave_cmd_fifo/ram_i/xpm_memory_sdpram_inst /xpm_memory_base_inst              | gen_wr_a.gen_word_narrow.mem_reg                 | 32 x 58(READ_FIRST)    | W |   | 32 x 58(WRITE_FIRST)   |   | R | Port A and B     | 0      | 1      | 
|\axi_split_dbus_i/GEN1.axi_split_read_i/read_ifc_i/GEN2.slave_resp_fifo/ram_i/xpm_memory_sdpram_inst /xpm_memory_base_inst             | gen_wr_a.gen_word_narrow.mem_reg                 | 32 x 36(READ_FIRST)    | W |   | 32 x 36(WRITE_FIRST)   |   | R | Port A and B     | 1      | 0      | 
|\axi_split_dbus_i/GEN1.axi_split_read_i/pending_fifo/ram_i/xpm_memory_sdpram_inst /xpm_memory_base_inst                                | gen_wr_a.gen_word_narrow.mem_reg                 | 256 x 5(READ_FIRST)    | W |   | 256 x 5(WRITE_FIRST)   |   | R | Port A and B     | 1      | 0      | 
|\axi_split_dbus_i/GEN2.axi_split_write_i/write_fifo_i/GEN1.slave_cmd_fifo/ram_i/xpm_memory_sdpram_inst /xpm_memory_base_inst           | gen_wr_a.gen_word_narrow.mem_reg                 | 32 x 58(READ_FIRST)    | W |   | 32 x 58(WRITE_FIRST)   |   | R | Port A and B     | 0      | 1      | 
|\axi_split_dbus_i/GEN2.axi_split_write_i/write_fifo_i/GEN2.slave_data_fifo/ram_i/xpm_memory_sdpram_inst /xpm_memory_base_inst          | gen_wr_a.gen_word_narrow.mem_reg                 | 32 x 37(READ_FIRST)    | W |   | 32 x 37(WRITE_FIRST)   |   | R | Port A and B     | 0      | 1      | 
|\axi_split_dbus_i/GEN2.axi_split_write_i/pending_resp_fifo/ram_i/xpm_memory_sdpram_inst /xpm_memory_base_inst                          | gen_wr_a.gen_word_narrow.mem_reg                 | 256 x 5(READ_FIRST)    | W |   | 256 x 5(WRITE_FIRST)   |   | R | Port A and B     | 1      | 0      | 
|\axi_split_dbus_i/GEN2.axi_split_write_i/pending_data_fifo/ram_i/xpm_memory_sdpram_inst /xpm_memory_base_inst                          | gen_wr_a.gen_word_narrow.mem_reg                 | 256 x 5(READ_FIRST)    | W |   | 256 x 5(WRITE_FIRST)   |   | R | Port A and B     | 1      | 0      | 
|axi_merge_inst/axi_merge_read_i/\GEN_SLAVE_NO_RESIZE.slave_i0/GEN1.slave_cmd_fifo/ram_i/xpm_memory_sdpram_inst /xpm_memory_base_inst   | gen_wr_a.gen_word_narrow.mem_reg                 | 32 x 58(READ_FIRST)    | W |   | 32 x 58(WRITE_FIRST)   |   | R | Port A and B     | 0      | 1      | 
|axi_merge_inst/axi_merge_read_i/\GEN_SLAVE_NO_RESIZE.slave_i0/GEN2.slave_resp_fifo/ram_i/xpm_memory_sdpram_inst /xpm_memory_base_inst  | gen_wr_a.gen_word_narrow.mem_reg                 | 128 x 68(READ_FIRST)   | W |   | 128 x 68(WRITE_FIRST)  |   | R | Port A and B     | 0      | 1      | 
|axi_merge_inst/axi_merge_read_i/\slave_i1/slave_cmd_pend_fifo/ram_i/xpm_memory_sdpram_inst /xpm_memory_base_inst                       | gen_wr_a.gen_word_narrow.mem_reg                 | 32 x 58(READ_FIRST)    | W |   | 32 x 58(WRITE_FIRST)   |   | R | Port A and B     | 0      | 1      | 
|axi_merge_inst/axi_merge_read_i/\slave_i1/GEN1.slave_cmd_fifo/ram_i/xpm_memory_sdpram_inst /xpm_memory_base_inst                       | gen_wr_a.gen_word_narrow.mem_reg                 | 32 x 58(READ_FIRST)    | W |   | 32 x 58(WRITE_FIRST)   |   | R | Port A and B     | 0      | 1      | 
|axi_merge_inst/axi_merge_read_i/\slave_i1/GEN2.slave_resp_fifo/ram_i/xpm_memory_sdpram_inst /xpm_memory_base_inst                      | gen_wr_a.gen_word_narrow.mem_reg                 | 32 x 68(READ_FIRST)    | W |   | 32 x 68(WRITE_FIRST)   |   | R | Port A and B     | 0      | 1      | 
|axi_merge_inst/axi_merge_read_i/\slave_i2/slave_cmd_pend_fifo/ram_i/xpm_memory_sdpram_inst /xpm_memory_base_inst                       | gen_wr_a.gen_word_narrow.mem_reg                 | 32 x 58(READ_FIRST)    | W |   | 32 x 58(WRITE_FIRST)   |   | R | Port A and B     | 0      | 1      | 
|axi_merge_inst/axi_merge_read_i/\slave_i2/GEN1.slave_cmd_fifo/ram_i/xpm_memory_sdpram_inst /xpm_memory_base_inst                       | gen_wr_a.gen_word_narrow.mem_reg                 | 32 x 58(READ_FIRST)    | W |   | 32 x 58(WRITE_FIRST)   |   | R | Port A and B     | 0      | 1      | 
|axi_merge_inst/axi_merge_read_i/\slave_i2/GEN2.slave_resp_fifo/ram_i/xpm_memory_sdpram_inst /xpm_memory_base_inst                      | gen_wr_a.gen_word_narrow.mem_reg                 | 32 x 68(READ_FIRST)    | W |   | 32 x 68(WRITE_FIRST)   |   | R | Port A and B     | 0      | 1      | 
|axi_merge_inst/axi_merge_read_i/\GEN1_NO_RESIZE.slavew_i/GEN1.slave_cmd_fifo/ram_i/xpm_memory_sdpram_inst /xpm_memory_base_inst        | gen_wr_a.gen_word_narrow.mem_reg                 | 64 x 58(READ_FIRST)    | W |   | 64 x 58(WRITE_FIRST)   |   | R | Port A and B     | 0      | 1      | 
|axi_merge_inst/axi_merge_read_i/\GEN1_NO_RESIZE.slavew_i/GEN2.slave_resp_fifo/ram_i/xpm_memory_sdpram_inst /xpm_memory_base_inst       | gen_wr_a.gen_word_narrow.mem_reg                 | 512 x 68(READ_FIRST)   | W |   | 512 x 68(WRITE_FIRST)  |   | R | Port A and B     | 0      | 1      | 
|axi_merge_inst/axi_merge_read_i/\pend_master_fifo_i/ram_i/xpm_memory_sdpram_inst /xpm_memory_base_inst                                 | gen_wr_a.gen_word_narrow.mem_reg                 | 256 x 6(READ_FIRST)    | W |   | 256 x 6(WRITE_FIRST)   |   | R | Port A and B     | 1      | 0      | 
|axi_merge_inst/axi_merge_write_i/\GEN1_NO_RESIZE.slavew_i/GEN1.slave_cmd_fifo/ram_i/xpm_memory_sdpram_inst /xpm_memory_base_inst       | gen_wr_a.gen_word_narrow.mem_reg                 | 256 x 58(READ_FIRST)   | W |   | 256 x 58(WRITE_FIRST)  |   | R | Port A and B     | 0      | 1      | 
|axi_merge_inst/axi_merge_write_i/\GEN1_NO_RESIZE.slavew_i/GEN2.slave_data_fifo/ram_i/xpm_memory_sdpram_inst /xpm_memory_base_inst      | gen_wr_a.gen_word_narrow.mem_reg                 | 256 x 73(READ_FIRST)   | W |   | 256 x 73(WRITE_FIRST)  |   | R | Port A and B     | 1      | 1      | 
|axi_merge_inst/axi_merge_write_i/\GEN_SLAVE_NO_RESIZE.slave_i0/GEN1.slave_cmd_fifo/ram_i/xpm_memory_sdpram_inst /xpm_memory_base_inst  | gen_wr_a.gen_word_narrow.mem_reg                 | 32 x 58(READ_FIRST)    | W |   | 32 x 58(WRITE_FIRST)   |   | R | Port A and B     | 0      | 1      | 
|axi_merge_inst/axi_merge_write_i/\GEN_SLAVE_NO_RESIZE.slave_i0/GEN2.slave_data_fifo/ram_i/xpm_memory_sdpram_inst /xpm_memory_base_inst | gen_wr_a.gen_word_narrow.mem_reg                 | 32 x 73(READ_FIRST)    | W |   | 32 x 73(WRITE_FIRST)   |   | R | Port A and B     | 1      | 1      | 
|axi_merge_inst/axi_merge_write_i/\slave_i1/GEN1.slave_cmd_fifo/ram_i/xpm_memory_sdpram_inst /xpm_memory_base_inst                      | gen_wr_a.gen_word_narrow.mem_reg                 | 32 x 58(READ_FIRST)    | W |   | 32 x 58(WRITE_FIRST)   |   | R | Port A and B     | 0      | 1      | 
|axi_merge_inst/axi_merge_write_i/\slave_i1/GEN2.slave_data_fifo/ram_i/xpm_memory_sdpram_inst /xpm_memory_base_inst                     | gen_wr_a.gen_word_narrow.mem_reg                 | 32 x 37(READ_FIRST)    | W |   | 32 x 37(WRITE_FIRST)   |   | R | Port A and B     | 0      | 1      | 
|axi_merge_inst/axi_merge_write_i/\slave_i2/GEN1.slave_cmd_fifo/ram_i/xpm_memory_sdpram_inst /xpm_memory_base_inst                      | gen_wr_a.gen_word_narrow.mem_reg                 | 32 x 58(READ_FIRST)    | W |   | 32 x 58(WRITE_FIRST)   |   | R | Port A and B     | 0      | 1      | 
|axi_merge_inst/axi_merge_write_i/\slave_i2/GEN2.slave_data_fifo/ram_i/xpm_memory_sdpram_inst /xpm_memory_base_inst                     | gen_wr_a.gen_word_narrow.mem_reg                 | 32 x 37(READ_FIRST)    | W |   | 32 x 37(WRITE_FIRST)   |   | R | Port A and B     | 0      | 1      | 
|axi_merge_inst/axi_merge_write_i/\pend_master_fifo_i/ram_i/xpm_memory_sdpram_inst /xpm_memory_base_inst                                | gen_wr_a.gen_word_narrow.mem_reg                 | 256 x 4(READ_FIRST)    | W |   | 256 x 4(WRITE_FIRST)   |   | R | Port A and B     | 1      | 0      | 
|axi_merge_inst/axi_merge_write_i/\pend_data_fifo_i/ram_i/xpm_memory_sdpram_inst /xpm_memory_base_inst                                  | gen_wr_a.gen_word_narrow.mem_reg                 | 256 x 6(READ_FIRST)    | W |   | 256 x 6(WRITE_FIRST)   |   | R | Port A and B     | 1      | 0      | 
|\UART_INST/txfifo_i/ram_i/xpm_memory_sdpram_inst /xpm_memory_base_inst                                                                 | gen_wr_a.gen_word_narrow.mem_reg                 | 256 x 8(READ_FIRST)    | W |   | 256 x 8(WRITE_FIRST)   |   | R | Port A and B     | 1      | 0      | 
|\UART_INST/rxfifo_i/ram_i/xpm_memory_sdpram_inst /xpm_memory_base_inst                                                                 | gen_wr_a.gen_word_narrow.mem_reg                 | 256 x 8(READ_FIRST)    | W |   | 256 x 8(WRITE_FIRST)   |   | R | Port A and B     | 1      | 0      | 
|TCM_i/\ram_i/ram2_i/xpm_memory_sdpram_inst /xpm_memory_base_inst                                                                       | gen_wr_a.gen_byte_narrow.for_mem_cols[1].mem_reg | 4 K x 32(READ_FIRST)   | W |   | 4 K x 32(WRITE_FIRST)  |   | R | Port A and B     | 0      | 4      | 
|axi_stream_read_inst/\read_fifo2/ram_i/xpm_memory_sdpram_inst /xpm_memory_base_inst                                                    | gen_wr_a.gen_word_narrow.mem_reg                 | 1 K x 65(READ_FIRST)   | W |   | 1 K x 65(WRITE_FIRST)  |   | R | Port A and B     | 0      | 2      | 
|axi_stream_write_inst/\write_fifo2/ram_i/xpm_memory_sdpram_inst /xpm_memory_base_inst                                                  | gen_wr_a.gen_word_narrow.mem_reg                 | 1 K x 64(READ_FIRST)   | W |   | 1 K x 64(WRITE_FIRST)  |   | R | Port A and B     | 0      | 2      | 
+---------------------------------------------------------------------------------------------------------------------------------------+--------------------------------------------------+------------------------+---+---+------------------------+---+---+------------------+--------+--------+

Note: The table above is a preliminary report that shows the Block RAMs at the current stage of the synthesis flow. Some Block RAMs may be reimplemented as non Block RAM primitives later in the synthesis flow. Multiple instantiated Block RAMs are reported only once. 

Distributed RAM: Preliminary Mapping Report (see note below)
+---------------------------------------------------------------------------------------------------------------------------------------+----------------------------------+----------------+----------------------+--------------+
|Module Name                                                                                                                            | RTL Object                       | Inference      | Size (Depth x Width) | Primitives   | 
+---------------------------------------------------------------------------------------------------------------------------------------+----------------------------------+----------------+----------------------+--------------+
|read_pending_i/\ram_i/xpm_memory_sdpram_inst /xpm_memory_base_inst                                                                     | gen_wr_a.gen_word_narrow.mem_reg | Implied        | 8 x 5                | RAM32M x 1   | 
|sram_i/axi_ifc_i/\resp_fifo/ram_i/xpm_memory_sdpram_inst /xpm_memory_base_inst                                                         | gen_wr_a.gen_word_narrow.mem_reg | Implied        | 16 x 33              | RAM32M x 6   | 
|\ddr_rx_i/ddr_rx_fifo_i/ram_i/xpm_memory_sdpram_inst /xpm_memory_base_inst                                                             | gen_wr_a.gen_word_narrow.mem_reg | Implied        | 16 x 38              | RAM32M x 7   | 
|axi_merge_inst/\read_i/GEN1_CCD.slave_cmd_fifo/GEN2.afifo_i/ram_i/xpm_memory_sdpram_inst /xpm_memory_base_inst                         | gen_wr_a.gen_word_narrow.mem_reg | User Attribute | 32 x 58              | RAM32M x 10  | 
|axi_merge_inst/\read_i/GEN2_CCD.slave_resp_fifo/GEN2.afifo_i/ram_i/xpm_memory_sdpram_inst /xpm_memory_base_inst                        | gen_wr_a.gen_word_narrow.mem_reg | User Attribute | 32 x 68              | RAM32M x 12  | 
|axi_merge_inst/\write_i/GEN1_CCD.slave_cmd_fifo/GEN2.afifo_i/ram_i/xpm_memory_sdpram_inst /xpm_memory_base_inst                        | gen_wr_a.gen_word_narrow.mem_reg | User Attribute | 32 x 58              | RAM32M x 10  | 
|axi_merge_inst/\write_i/GEN2_CCD.slave_data_fifo/GEN2.afifo_i/ram_i/xpm_memory_sdpram_inst /xpm_memory_base_inst                       | gen_wr_a.gen_word_narrow.mem_reg | User Attribute | 32 x 73              | RAM32M x 13  | 
|axi_merge_inst/\write_i/GEN3_CCD.slave_resp_fifo/GEN2.afifo_i/ram_i/xpm_memory_sdpram_inst /xpm_memory_base_inst                       | gen_wr_a.gen_word_narrow.mem_reg | User Attribute | 32 x 3               | RAM32M x 1   | 
|axi_merge_inst/axi_merge_write_i/\GEN_SLAVE_NO_RESIZE.slave_i0/GEN3.slave_resp_fifo/ram_i/xpm_memory_sdpram_inst /xpm_memory_base_inst | gen_wr_a.gen_word_narrow.mem_reg | Implied        | 32 x 3               | RAM32M x 1   | 
|\axi_apb_bridge_inst/wcmd_i/ram_i/xpm_memory_sdpram_inst /xpm_memory_base_inst                                                         | gen_wr_a.gen_word_narrow.mem_reg | Implied        | 8 x 33               | RAM32M x 6   | 
|\axi_apb_bridge_inst/wdata_i/ram_i/xpm_memory_sdpram_inst /xpm_memory_base_inst                                                        | gen_wr_a.gen_word_narrow.mem_reg | Implied        | 8 x 32               | RAM32M x 6   | 
|\axi_apb_bridge_inst/rcmd_i/ram_i/xpm_memory_sdpram_inst /xpm_memory_base_inst                                                         | gen_wr_a.gen_word_narrow.mem_reg | Implied        | 8 x 33               | RAM32M x 6   | 
|\axi_apb_bridge_inst/rresp_i/ram_i/xpm_memory_sdpram_inst /xpm_memory_base_inst                                                        | gen_wr_a.gen_word_narrow.mem_reg | Implied        | 8 x 33               | RAM32M x 6   | 
|TCM_i/\TCM_read1_i/resp_fifo/ram_i/xpm_memory_sdpram_inst /xpm_memory_base_inst                                                        | gen_wr_a.gen_word_narrow.mem_reg | Implied        | 16 x 33              | RAM32M x 6   | 
|TCM_i/\TCM_read2_i/resp_fifo/ram_i/xpm_memory_sdpram_inst /xpm_memory_base_inst                                                        | gen_wr_a.gen_word_narrow.mem_reg | Implied        | 16 x 33              | RAM32M x 6   | 
|axi_stream_read_inst/\read_fifo/GEN2.afifo_i/ram_i/xpm_memory_sdpram_inst /xpm_memory_base_inst                                        | gen_wr_a.gen_word_narrow.mem_reg | User Attribute | 32 x 65              | RAM32M x 11  | 
|axi_stream_write_inst/\write_fifo/GEN2.afifo_i/ram_i/xpm_memory_sdpram_inst /xpm_memory_base_inst                                      | gen_wr_a.gen_word_narrow.mem_reg | User Attribute | 32 x 64              | RAM32M x 11  | 
+---------------------------------------------------------------------------------------------------------------------------------------+----------------------------------+----------------+----------------------+--------------+

Note: The table above is a preliminary report that shows the Distributed RAMs at the current stage of the synthesis flow. Some Distributed RAMs may be reimplemented as non Distributed RAM primitives later in the synthesis flow. Multiple instantiated RAMs are reported only once.

DSP: Preliminary Mapping Report (see note below. The ' indicates corresponding REG is set)
+------------+--------------------------+--------+--------+--------+--------+--------+------+------+------+------+-------+------+------+
|Module Name | DSP Mapping              | A Size | B Size | C Size | D Size | P Size | AREG | BREG | CREG | DREG | ADREG | MREG | PREG | 
+------------+--------------------------+--------+--------+--------+--------+--------+------+------+------+------+-------+------+------+
|multiplier  | (C+(A*B)') OR (C-(A*B)') | 16     | 16     | 32     | -      | 32     | 0    | 0    | 0    | -    | -     | 1    | 0    | 
|multiplier  | (C+(A*B)') OR (C-(A*B)') | 16     | 16     | 32     | -      | 32     | 0    | 0    | 0    | -    | -     | 1    | 0    | 
|multiplier  | (C+(A*B)') OR (C-(A*B)') | 16     | 16     | 32     | -      | 32     | 0    | 0    | 0    | -    | -     | 1    | 0    | 
|multiplier  | (C+(A*B)') OR (C-(A*B)') | 16     | 16     | 32     | -      | 32     | 0    | 0    | 0    | -    | -     | 1    | 0    | 
|multiplier  | (C+(A*B)') OR (C-(A*B)') | 16     | 16     | 32     | -      | 32     | 0    | 0    | 0    | -    | -     | 1    | 0    | 
|multiplier  | (C+(A*B)') OR (C-(A*B)') | 16     | 16     | 32     | -      | 32     | 0    | 0    | 0    | -    | -     | 1    | 0    | 
|multiplier  | (C+(A*B)') OR (C-(A*B)') | 16     | 16     | 32     | -      | 32     | 0    | 0    | 0    | -    | -     | 1    | 0    | 
|multiplier  | (C+(A*B)') OR (C-(A*B)') | 16     | 16     | 32     | -      | 32     | 0    | 0    | 0    | -    | -     | 1    | 0    | 
|multiplier  | (A*B)'                   | 13     | 13     | -      | -      | 26     | 0    | 0    | -    | -    | -     | 1    | 0    | 
|multiplier  | (C+(A*B)') OR (C-(A*B)') | 16     | 16     | 32     | -      | 32     | 0    | 0    | 0    | -    | -     | 1    | 0    | 
|multiplier  | (C+(A*B)') OR (C-(A*B)') | 16     | 16     | 32     | -      | 32     | 0    | 0    | 0    | -    | -     | 1    | 0    | 
|multiplier  | (C+(A*B)') OR (C-(A*B)') | 16     | 16     | 32     | -      | 32     | 0    | 0    | 0    | -    | -     | 1    | 0    | 
|multiplier  | (C+(A*B)') OR (C-(A*B)') | 16     | 16     | 32     | -      | 32     | 0    | 0    | 0    | -    | -     | 1    | 0    | 
|multiplier  | (C+(A*B)') OR (C-(A*B)') | 16     | 16     | 32     | -      | 32     | 0    | 0    | 0    | -    | -     | 1    | 0    | 
|multiplier  | (C+(A*B)') OR (C-(A*B)') | 16     | 16     | 32     | -      | 32     | 0    | 0    | 0    | -    | -     | 1    | 0    | 
|multiplier  | (C+(A*B)') OR (C-(A*B)') | 16     | 16     | 32     | -      | 32     | 0    | 0    | 0    | -    | -     | 1    | 0    | 
|multiplier  | (C+(A*B)') OR (C-(A*B)') | 16     | 16     | 32     | -      | 32     | 0    | 0    | 0    | -    | -     | 1    | 0    | 
|multiplier  | (A*B)'                   | 13     | 13     | -      | -      | 26     | 0    | 0    | -    | -    | -     | 1    | 0    | 
|multiplier  | (C+(A*B)') OR (C-(A*B)') | 16     | 16     | 32     | -      | 32     | 0    | 0    | 0    | -    | -     | 1    | 0    | 
|multiplier  | (C+(A*B)') OR (C-(A*B)') | 16     | 16     | 32     | -      | 32     | 0    | 0    | 0    | -    | -     | 1    | 0    | 
|multiplier  | (C+(A*B)') OR (C-(A*B)') | 16     | 16     | 32     | -      | 32     | 0    | 0    | 0    | -    | -     | 1    | 0    | 
|multiplier  | (C+(A*B)') OR (C-(A*B)') | 16     | 16     | 32     | -      | 32     | 0    | 0    | 0    | -    | -     | 1    | 0    | 
|multiplier  | (C+(A*B)') OR (C-(A*B)') | 16     | 16     | 32     | -      | 32     | 0    | 0    | 0    | -    | -     | 1    | 0    | 
|multiplier  | (C+(A*B)') OR (C-(A*B)') | 16     | 16     | 32     | -      | 32     | 0    | 0    | 0    | -    | -     | 1    | 0    | 
|multiplier  | (C+(A*B)') OR (C-(A*B)') | 16     | 16     | 32     | -      | 32     | 0    | 0    | 0    | -    | -     | 1    | 0    | 
|multiplier  | (C+(A*B)') OR (C-(A*B)') | 16     | 16     | 32     | -      | 32     | 0    | 0    | 0    | -    | -     | 1    | 0    | 
|multiplier  | (A*B)'                   | 13     | 13     | -      | -      | 26     | 0    | 0    | -    | -    | -     | 1    | 0    | 
|multiplier  | (C+(A*B)') OR (C-(A*B)') | 16     | 16     | 32     | -      | 32     | 0    | 0    | 0    | -    | -     | 1    | 0    | 
|multiplier  | (C+(A*B)') OR (C-(A*B)') | 16     | 16     | 32     | -      | 32     | 0    | 0    | 0    | -    | -     | 1    | 0    | 
|multiplier  | (C+(A*B)') OR (C-(A*B)') | 16     | 16     | 32     | -      | 32     | 0    | 0    | 0    | -    | -     | 1    | 0    | 
|multiplier  | (C+(A*B)') OR (C-(A*B)') | 16     | 16     | 32     | -      | 32     | 0    | 0    | 0    | -    | -     | 1    | 0    | 
|multiplier  | (C+(A*B)') OR (C-(A*B)') | 16     | 16     | 32     | -      | 32     | 0    | 0    | 0    | -    | -     | 1    | 0    | 
|multiplier  | (C+(A*B)') OR (C-(A*B)') | 16     | 16     | 32     | -      | 32     | 0    | 0    | 0    | -    | -     | 1    | 0    | 
|multiplier  | (C+(A*B)') OR (C-(A*B)') | 16     | 16     | 32     | -      | 32     | 0    | 0    | 0    | -    | -     | 1    | 0    | 
|multiplier  | (C+(A*B)') OR (C-(A*B)') | 16     | 16     | 32     | -      | 32     | 0    | 0    | 0    | -    | -     | 1    | 0    | 
|multiplier  | (A*B)'                   | 13     | 13     | -      | -      | 26     | 0    | 0    | -    | -    | -     | 1    | 0    | 
|multiplier  | A*B                      | 12     | 12     | -      | -      | 24     | 0    | 0    | -    | -    | -     | 0    | 0    | 
|multiplier  | A*B                      | 12     | 12     | -      | -      | 24     | 0    | 0    | -    | -    | -     | 0    | 0    | 
|multiplier  | A*B                      | 12     | 12     | -      | -      | 24     | 0    | 0    | -    | -    | -     | 0    | 0    | 
|multiplier  | A*B                      | 12     | 12     | -      | -      | 24     | 0    | 0    | -    | -    | -     | 0    | 0    | 
|multiplier  | A*B                      | 12     | 12     | -      | -      | 24     | 0    | 0    | -    | -    | -     | 0    | 0    | 
|multiplier  | A*B                      | 12     | 12     | -      | -      | 24     | 0    | 0    | -    | -    | -     | 0    | 0    | 
|multiplier  | A*B                      | 12     | 12     | -      | -      | 24     | 0    | 0    | -    | -    | -     | 0    | 0    | 
|multiplier  | A*B                      | 12     | 12     | -      | -      | 24     | 0    | 0    | -    | -    | -     | 0    | 0    | 
|multiplier  | A*B                      | 12     | 12     | -      | -      | 24     | 0    | 0    | -    | -    | -     | 0    | 0    | 
|multiplier  | A*B                      | 12     | 12     | -      | -      | 24     | 0    | 0    | -    | -    | -     | 0    | 0    | 
|multiplier  | A*B                      | 12     | 12     | -      | -      | 24     | 0    | 0    | -    | -    | -     | 0    | 0    | 
|multiplier  | A*B                      | 12     | 12     | -      | -      | 24     | 0    | 0    | -    | -    | -     | 0    | 0    | 
|multiplier  | A*B                      | 12     | 12     | -      | -      | 24     | 0    | 0    | -    | -    | -     | 0    | 0    | 
|multiplier  | A*B                      | 12     | 12     | -      | -      | 24     | 0    | 0    | -    | -    | -     | 0    | 0    | 
|multiplier  | A*B                      | 12     | 12     | -      | -      | 24     | 0    | 0    | -    | -    | -     | 0    | 0    | 
|multiplier  | A*B                      | 12     | 12     | -      | -      | 24     | 0    | 0    | -    | -    | -     | 0    | 0    | 
|VexRiscv    | (A*B)'                   | 17     | 17     | -      | -      | 34     | 0    | 0    | -    | -    | -     | 1    | 1    | 
|VexRiscv    | (A*B)'                   | 17     | 17     | -      | -      | 34     | 0    | 0    | -    | -    | -     | 1    | 0    | 
|VexRiscv    | (A*B)'                   | 17     | 17     | -      | -      | 34     | 0    | 0    | -    | -    | -     | 1    | 0    | 
|VexRiscv    | (A*B)'                   | 16     | 16     | -      | -      | 32     | 0    | 0    | -    | -    | -     | 1    | 0    | 
+------------+--------------------------+--------+--------+--------+--------+--------+------+------+------+------+-------+------+------+

Note: The table above is a preliminary report that shows the DSPs inferred at the current stage of the synthesis flow. Some DSP may be reimplemented as non DSP primitives later in the synthesis flow. Multiple instantiated DSPs are reported only once.
---------------------------------------------------------------------------------
Finished ROM, RAM, DSP, Shift Register and Retiming Reporting
---------------------------------------------------------------------------------
---------------------------------------------------------------------------------
Start Applying XDC Timing Constraints
---------------------------------------------------------------------------------
---------------------------------------------------------------------------------
Finished Applying XDC Timing Constraints : Time (s): cpu = 00:04:09 ; elapsed = 00:02:12 . Memory (MB): peak = 4947.953 ; gain = 3181.164 ; free physical = 1255 ; free virtual = 6022
---------------------------------------------------------------------------------
---------------------------------------------------------------------------------
Start Timing Optimization
---------------------------------------------------------------------------------
---------------------------------------------------------------------------------
Finished Timing Optimization : Time (s): cpu = 00:04:43 ; elapsed = 00:02:47 . Memory (MB): peak = 5150.086 ; gain = 3383.297 ; free physical = 1161 ; free virtual = 5937
---------------------------------------------------------------------------------
---------------------------------------------------------------------------------
Start ROM, RAM, DSP, Shift Register and Retiming Reporting
---------------------------------------------------------------------------------

Block RAM: Final Mapping Report
+---------------------------------------------------------------------------------------------------------------------------------------+--------------------------------------------------+------------------------+---+---+------------------------+---+---+------------------+--------+--------+
|Module Name                                                                                                                            | RTL Object                                       | PORT A (Depth x Width) | W | R | PORT B (Depth x Width) | W | R | Ports driving FF | RAMB18 | RAMB36 | 
+---------------------------------------------------------------------------------------------------------------------------------------+--------------------------------------------------+------------------------+---+---+------------------------+---+---+------------------+--------+--------+
|cmd_fifo_i0/\ram_i/xpm_memory_sdpram_inst /xpm_memory_base_inst                                                                        | gen_wr_a.gen_word_narrow.mem_reg                 | 256 x 337(READ_FIRST)  | W |   | 256 x 337(WRITE_FIRST) |   | R | Port A and B     | 0      | 5      | 
|cmd_fifo_i1/\ram_i/xpm_memory_sdpram_inst /xpm_memory_base_inst                                                                        | gen_wr_a.gen_word_narrow.mem_reg                 | 256 x 337(READ_FIRST)  | W |   | 256 x 337(WRITE_FIRST) |   | R | Port A and B     | 0      | 5      | 
|B_fifo_i/\ram_i/xpm_memory_sdpram_inst /xpm_memory_base_inst                                                                           | gen_wr_a.gen_word_narrow.mem_reg                 | 16 x 128(READ_FIRST)   | W |   | 16 x 128(WRITE_FIRST)  |   | R | Port A and B     | 0      | 2      | 
|X_fifo_i/\ram_i/xpm_memory_sdpram_inst /xpm_memory_base_inst                                                                           | gen_wr_a.gen_word_narrow.mem_reg                 | 16 x 128(READ_FIRST)   | W |   | 16 x 128(WRITE_FIRST)  |   | R | Port A and B     | 0      | 2      | 
|Y_fifo_i/\ram_i/xpm_memory_sdpram_inst /xpm_memory_base_inst                                                                           | gen_wr_a.gen_word_narrow.mem_reg                 | 16 x 128(READ_FIRST)   | W |   | 16 x 128(WRITE_FIRST)  |   | R | Port A and B     | 0      | 2      | 
|dp_fetch_1_i/fifo_i/\GEN1.fifo_i/fifo_i/ram_i/xpm_memory_sdpram_inst /xpm_memory_base_inst                                             | gen_wr_a.gen_word_narrow.mem_reg                 | 512 x 408(READ_FIRST)  | W |   | 512 x 408(WRITE_FIRST) |   | R | Port A and B     | 0      | 6      | 
|dp_fetch_1_i/\GEN1.ram_i /\ram_i/xpm_memory_sdpram_inst /xpm_memory_base_inst                                                          | gen_wr_a.gen_word_narrow.mem_reg                 | 32 x 417(READ_FIRST)   | W |   | 32 x 417(WRITE_FIRST)  |   | R | Port A and B     | 0      | 6      | 
|dp_fetch_1_i/indication_i/\ram_i/xpm_memory_sdpram_inst /xpm_memory_base_inst                                                          | gen_wr_a.gen_word_narrow.mem_reg                 | 256 x 67(READ_FIRST)   | W |   | 256 x 67(WRITE_FIRST)  |   | R | Port A and B     | 0      | 1      | 
|\dp_sink1_i/dp_sink_fifo_i /\ram_i/xpm_memory_sdpram_inst /xpm_memory_base_inst                                                        | gen_wr_a.gen_word_narrow.mem_reg                 | 512 x 133(READ_FIRST)  | W |   | 512 x 133(WRITE_FIRST) |   | R | Port A and B     | 0      | 2      | 
|\dp_sink1_i/dp_sink_fifo_i2 /\ram_i/xpm_memory_sdpram_inst /xpm_memory_base_inst                                                       | gen_wr_a.gen_word_narrow.mem_reg                 | 512 x 64(READ_FIRST)   | W |   | 512 x 64(WRITE_FIRST)  |   | R | Port A and B     | 0      | 1      | 
|\dp_sink2_i/dp_sink_fifo_i /\ram_i/xpm_memory_sdpram_inst /xpm_memory_base_inst                                                        | gen_wr_a.gen_word_narrow.mem_reg                 | 512 x 133(READ_FIRST)  | W |   | 512 x 133(WRITE_FIRST) |   | R | Port A and B     | 0      | 2      | 
|\dp_sink2_i/dp_sink_fifo_i2 /\ram_i/xpm_memory_sdpram_inst /xpm_memory_base_inst                                                       | gen_wr_a.gen_word_narrow.mem_reg                 | 512 x 64(READ_FIRST)   | W |   | 512 x 64(WRITE_FIRST)  |   | R | Port A and B     | 0      | 1      | 
|\dp_sink3_i/dp_sink_fifo_i /\ram_i/xpm_memory_sdpram_inst /xpm_memory_base_inst                                                        | gen_wr_a.gen_word_narrow.mem_reg                 | 512 x 133(READ_FIRST)  | W |   | 512 x 133(WRITE_FIRST) |   | R | Port A and B     | 0      | 2      | 
|\dp_sink3_i/dp_sink_fifo_i2 /\ram_i/xpm_memory_sdpram_inst /xpm_memory_base_inst                                                       | gen_wr_a.gen_word_narrow.mem_reg                 | 512 x 64(READ_FIRST)   | W |   | 512 x 64(WRITE_FIRST)  |   | R | Port A and B     | 0      | 1      | 
|xregister_file_i/\GEN2.altsyncram_i/ram_i/xpm_memory_sdpram_inst /xpm_memory_base_inst                                                 | gen_wr_a.gen_byte_narrow.for_mem_cols[1].mem_reg | 512 x 136(READ_FIRST)  | W |   | 512 x 136(WRITE_FIRST) |   | R | Port A and B     | 1      | 2      | 
|iregister_i/\iregister_ram_i/altsyncram_i/ram_i/xpm_memory_sdpram_inst /xpm_memory_base_inst                                           | gen_wr_a.gen_byte_narrow.for_mem_cols[1].mem_reg | 64 x 72(READ_FIRST)    | W |   | 64 x 72(WRITE_FIRST)   |   | R | Port A and B     | 1      | 1      | 
|register_bank_i/\register_file_i/ram3_i/ram2_i/xpm_memory_sdpram_inst /xpm_memory_base_inst                                            | gen_wr_a.gen_byte_narrow.for_mem_cols[1].mem_reg | 256 x 128(READ_FIRST)  | W |   | 256 x 128(WRITE_FIRST) |   | R | Port A and B     | 0      | 2      | 
|register_bank_i/\register_file_i2/ram3_i/ram2_i/xpm_memory_sdpram_inst /xpm_memory_base_inst                                           | gen_wr_a.gen_byte_narrow.for_mem_cols[1].mem_reg | 256 x 128(READ_FIRST)  | W |   | 256 x 128(WRITE_FIRST) |   | R | Port A and B     | 0      | 2      | 
|xregister_file_i/\GEN2.altsyncram_i/ram_i/xpm_memory_sdpram_inst /xpm_memory_base_inst                                                 | gen_wr_a.gen_byte_narrow.for_mem_cols[1].mem_reg | 512 x 136(READ_FIRST)  | W |   | 512 x 136(WRITE_FIRST) |   | R | Port A and B     | 1      | 2      | 
|iregister_i/\iregister_ram_i/altsyncram_i/ram_i/xpm_memory_sdpram_inst /xpm_memory_base_inst                                           | gen_wr_a.gen_byte_narrow.for_mem_cols[1].mem_reg | 64 x 72(READ_FIRST)    | W |   | 64 x 72(WRITE_FIRST)   |   | R | Port A and B     | 1      | 1      | 
|register_bank_i/\register_file_i/ram3_i/ram2_i/xpm_memory_sdpram_inst /xpm_memory_base_inst                                            | gen_wr_a.gen_byte_narrow.for_mem_cols[1].mem_reg | 256 x 128(READ_FIRST)  | W |   | 256 x 128(WRITE_FIRST) |   | R | Port A and B     | 0      | 2      | 
|register_bank_i/\register_file_i2/ram3_i/ram2_i/xpm_memory_sdpram_inst /xpm_memory_base_inst                                           | gen_wr_a.gen_byte_narrow.for_mem_cols[1].mem_reg | 256 x 128(READ_FIRST)  | W |   | 256 x 128(WRITE_FIRST) |   | R | Port A and B     | 0      | 2      | 
|xregister_file_i/\GEN2.altsyncram_i/ram_i/xpm_memory_sdpram_inst /xpm_memory_base_inst                                                 | gen_wr_a.gen_byte_narrow.for_mem_cols[1].mem_reg | 512 x 136(READ_FIRST)  | W |   | 512 x 136(WRITE_FIRST) |   | R | Port A and B     | 1      | 2      | 
|iregister_i/\iregister_ram_i/altsyncram_i/ram_i/xpm_memory_sdpram_inst /xpm_memory_base_inst                                           | gen_wr_a.gen_byte_narrow.for_mem_cols[1].mem_reg | 64 x 72(READ_FIRST)    | W |   | 64 x 72(WRITE_FIRST)   |   | R | Port A and B     | 1      | 1      | 
|register_bank_i/\register_file_i/ram3_i/ram2_i/xpm_memory_sdpram_inst /xpm_memory_base_inst                                            | gen_wr_a.gen_byte_narrow.for_mem_cols[1].mem_reg | 256 x 128(READ_FIRST)  | W |   | 256 x 128(WRITE_FIRST) |   | R | Port A and B     | 0      | 2      | 
|register_bank_i/\register_file_i2/ram3_i/ram2_i/xpm_memory_sdpram_inst /xpm_memory_base_inst                                           | gen_wr_a.gen_byte_narrow.for_mem_cols[1].mem_reg | 256 x 128(READ_FIRST)  | W |   | 256 x 128(WRITE_FIRST) |   | R | Port A and B     | 0      | 2      | 
|\GEN_REG[0].GEN1.pcore_i /xregister_file_i/\GEN2.altsyncram_i/ram_i/xpm_memory_sdpram_inst /xpm_memory_base_inst                       | gen_wr_a.gen_byte_narrow.for_mem_cols[1].mem_reg | 512 x 136(READ_FIRST)  | W |   | 512 x 136(WRITE_FIRST) |   | R | Port A and B     | 1      | 2      | 
|\GEN_REG[0].GEN1.pcore_i /iregister_i/\iregister_ram_i/altsyncram_i/ram_i/xpm_memory_sdpram_inst /xpm_memory_base_inst                 | gen_wr_a.gen_byte_narrow.for_mem_cols[1].mem_reg | 64 x 72(READ_FIRST)    | W |   | 64 x 72(WRITE_FIRST)   |   | R | Port A and B     | 1      | 1      | 
|\GEN_REG[0].GEN1.pcore_i /register_bank_i/\register_file_i/ram3_i/ram2_i/xpm_memory_sdpram_inst /xpm_memory_base_inst                  | gen_wr_a.gen_byte_narrow.for_mem_cols[1].mem_reg | 256 x 128(READ_FIRST)  | W |   | 256 x 128(WRITE_FIRST) |   | R | Port A and B     | 0      | 2      | 
|\GEN_REG[0].GEN1.pcore_i /register_bank_i/\register_file_i2/ram3_i/ram2_i/xpm_memory_sdpram_inst /xpm_memory_base_inst                 | gen_wr_a.gen_byte_narrow.for_mem_cols[1].mem_reg | 256 x 128(READ_FIRST)  | W |   | 256 x 128(WRITE_FIRST) |   | R | Port A and B     | 0      | 2      | 
|\GEN_STREAM[0].stream_i /\lookup_i/xpm_memory_spram_inst/xpm_memory_base_inst                                                          | gen_wr_a.gen_word_narrow.mem_reg                 | 512 x 24(READ_FIRST)   | W | R |                        |   |   | Port A           | 1      | 0      | 
|\GEN_STREAM[1].stream_i /\lookup_i/xpm_memory_spram_inst/xpm_memory_base_inst                                                          | gen_wr_a.gen_word_narrow.mem_reg                 | 512 x 24(READ_FIRST)   | W | R |                        |   |   | Port A           | 1      | 0      | 
|\GEN_STREAM[2].stream_i /\lookup_i/xpm_memory_spram_inst/xpm_memory_base_inst                                                          | gen_wr_a.gen_word_narrow.mem_reg                 | 512 x 24(READ_FIRST)   | W | R |                        |   |   | Port A           | 1      | 0      | 
|\GEN_STREAM[3].stream_i /\lookup_i/xpm_memory_spram_inst/xpm_memory_base_inst                                                          | gen_wr_a.gen_word_narrow.mem_reg                 | 512 x 24(READ_FIRST)   | W | R |                        |   |   | Port A           | 1      | 0      | 
|\GEN_STREAM[4].stream_i /\lookup_i/xpm_memory_spram_inst/xpm_memory_base_inst                                                          | gen_wr_a.gen_word_narrow.mem_reg                 | 512 x 24(READ_FIRST)   | W | R |                        |   |   | Port A           | 1      | 0      | 
|\GEN_STREAM[5].stream_i /\lookup_i/xpm_memory_spram_inst/xpm_memory_base_inst                                                          | gen_wr_a.gen_word_narrow.mem_reg                 | 512 x 24(READ_FIRST)   | W | R |                        |   |   | Port A           | 1      | 0      | 
|\GEN_STREAM[6].stream_i /\lookup_i/xpm_memory_spram_inst/xpm_memory_base_inst                                                          | gen_wr_a.gen_word_narrow.mem_reg                 | 512 x 24(READ_FIRST)   | W | R |                        |   |   | Port A           | 1      | 0      | 
|\GEN_STREAM[7].stream_i /\lookup_i/xpm_memory_spram_inst/xpm_memory_base_inst                                                          | gen_wr_a.gen_word_narrow.mem_reg                 | 512 x 24(READ_FIRST)   | W | R |                        |   |   | Port A           | 1      | 0      | 
|\GEN_STREAM_1[0].stream_i1 /\lookup_i/xpm_memory_spram_inst/xpm_memory_base_inst                                                       | gen_wr_a.gen_word_narrow.mem_reg                 | 512 x 24(READ_FIRST)   | W | R |                        |   |   | Port A           | 1      | 0      | 
|\GEN_STREAM_1[1].stream_i1 /\lookup_i/xpm_memory_spram_inst/xpm_memory_base_inst                                                       | gen_wr_a.gen_word_narrow.mem_reg                 | 512 x 24(READ_FIRST)   | W | R |                        |   |   | Port A           | 1      | 0      | 
|\GEN_STREAM_1[2].stream_i1 /\lookup_i/xpm_memory_spram_inst/xpm_memory_base_inst                                                       | gen_wr_a.gen_word_narrow.mem_reg                 | 512 x 24(READ_FIRST)   | W | R |                        |   |   | Port A           | 1      | 0      | 
|\GEN_STREAM_1[3].stream_i1 /\lookup_i/xpm_memory_spram_inst/xpm_memory_base_inst                                                       | gen_wr_a.gen_word_narrow.mem_reg                 | 512 x 24(READ_FIRST)   | W | R |                        |   |   | Port A           | 1      | 0      | 
|\GEN_STREAM_1[4].stream_i1 /\lookup_i/xpm_memory_spram_inst/xpm_memory_base_inst                                                       | gen_wr_a.gen_word_narrow.mem_reg                 | 512 x 24(READ_FIRST)   | W | R |                        |   |   | Port A           | 1      | 0      | 
|\GEN_STREAM_1[5].stream_i1 /\lookup_i/xpm_memory_spram_inst/xpm_memory_base_inst                                                       | gen_wr_a.gen_word_narrow.mem_reg                 | 512 x 24(READ_FIRST)   | W | R |                        |   |   | Port A           | 1      | 0      | 
|\GEN_STREAM_1[6].stream_i1 /\lookup_i/xpm_memory_spram_inst/xpm_memory_base_inst                                                       | gen_wr_a.gen_word_narrow.mem_reg                 | 512 x 24(READ_FIRST)   | W | R |                        |   |   | Port A           | 1      | 0      | 
|\GEN_STREAM_1[7].stream_i1 /\lookup_i/xpm_memory_spram_inst/xpm_memory_base_inst                                                       | gen_wr_a.gen_word_narrow.mem_reg                 | 512 x 24(READ_FIRST)   | W | R |                        |   |   | Port A           | 1      | 0      | 
|instr_i/\rom_i/ram_i/xpm_memory_spram_inst/xpm_memory_base_inst                                                                        | gen_wr_a.gen_byte_narrow.for_mem_cols[1].mem_reg | 1 K x 128(READ_FIRST)  | W |   | 1 K x 128(WRITE_FIRST) |   | R | Port A and B     | 0      | 4      | 
|TCM_i/\ram_i/ram2_i/xpm_memory_sdpram_inst /xpm_memory_base_inst                                                                       | gen_wr_a.gen_byte_narrow.for_mem_cols[1].mem_reg | 4 K x 32(READ_FIRST)   | W |   | 4 K x 32(WRITE_FIRST)  |   | R | Port A and B     | 0      | 4      | 
|axi_stream_write_inst/\write_fifo2/ram_i/xpm_memory_sdpram_inst /xpm_memory_base_inst                                                  | gen_wr_a.gen_word_narrow.mem_reg                 | 1 K x 64(READ_FIRST)   | W |   | 1 K x 64(WRITE_FIRST)  |   | R | Port A and B     | 0      | 2      | 
|\axilite_i/waddr_fifo_i/ram_i/xpm_memory_sdpram_inst /xpm_memory_base_inst                                                             | gen_wr_a.gen_word_narrow.mem_reg                 | 64 x 24(READ_FIRST)    | W |   | 64 x 24(WRITE_FIRST)   |   | R | Port A and B     | 1      | 0      | 
|\axilite_i/wdata_fifo_i/ram_i/xpm_memory_sdpram_inst /xpm_memory_base_inst                                                             | gen_wr_a.gen_word_narrow.mem_reg                 | 64 x 32(READ_FIRST)    | W |   | 64 x 32(WRITE_FIRST)   |   | R | Port A and B     | 1      | 0      | 
|sram_i/sram_0_i/\altsyncram_i/xpm_memory_sdpram_inst /xpm_memory_base_inst                                                             | gen_wr_a.gen_byte_narrow.for_mem_cols[1].mem_reg | 1 K x 128(READ_FIRST)  | W |   | 1 K x 128(WRITE_FIRST) |   | R | Port A and B     | 0      | 4      | 
|sram_i/sram_1_i/\altsyncram_i/xpm_memory_sdpram_inst /xpm_memory_base_inst                                                             | gen_wr_a.gen_byte_narrow.for_mem_cols[1].mem_reg | 1 K x 128(READ_FIRST)  | W |   | 1 K x 128(WRITE_FIRST) |   | R | Port A and B     | 0      | 4      | 
|\ddr_rx_i/read_data_fifo_i/ram_i/xpm_memory_sdpram_inst /xpm_memory_base_inst                                                          | gen_wr_a.gen_word_narrow.mem_reg                 | 512 x 64(READ_FIRST)   | W |   | 512 x 64(WRITE_FIRST)  |   | R | Port A and B     | 0      | 1      | 
|\ddr_rx_i/read_record_fifo_i/ram_i/xpm_memory_sdpram_inst /xpm_memory_base_inst                                                        | gen_wr_a.gen_word_narrow.mem_reg                 | 128 x 35(READ_FIRST)   | W |   | 128 x 35(WRITE_FIRST)  |   | R | Port A and B     | 1      | 0      | 
|\axi_split_dbus_i/GEN2.axi_split_write_i/pending_resp_fifo/ram_i/xpm_memory_sdpram_inst /xpm_memory_base_inst                          | gen_wr_a.gen_word_narrow.mem_reg                 | 256 x 5(READ_FIRST)    | W |   | 256 x 5(WRITE_FIRST)   |   | R | Port A and B     | 1      | 0      | 
|\cpu_inst/system_cpu /IBusCachedPlugin_cache                                                                                           | ways_1_tags_reg                                  | 128 x 22(READ_FIRST)   | W |   | 128 x 22(WRITE_FIRST)  |   | R | Port A and B     | 1      | 0      | 
|\cpu_inst/system_cpu /IBusCachedPlugin_cache                                                                                           | banks_1_reg                                      | 1 K x 32(READ_FIRST)   | W |   | 1 K x 32(WRITE_FIRST)  |   | R | Port A and B     | 0      | 1      | 
|\cpu_inst/system_cpu /IBusCachedPlugin_cache                                                                                           | banks_0_reg                                      | 1 K x 32(READ_FIRST)   | W |   | 1 K x 32(WRITE_FIRST)  |   | R | Port A and B     | 0      | 1      | 
|\cpu_inst/system_cpu /IBusCachedPlugin_cache                                                                                           | ways_0_tags_reg                                  | 128 x 22(READ_FIRST)   | W |   | 128 x 22(WRITE_FIRST)  |   | R | Port A and B     | 1      | 0      | 
|\cpu_inst/system_cpu /dataCache_1                                                                                                      | ways_0_tags_reg                                  | 256 x 21(READ_FIRST)   | W |   | 256 x 21(WRITE_FIRST)  |   | R | Port A and B     | 1      | 0      | 
|\cpu_inst/system_cpu /dataCache_1                                                                                                      | ways_0_data_symbol0_reg                          | 2 K x 8(READ_FIRST)    | W |   | 2 K x 8(WRITE_FIRST)   |   | R | Port A and B     | 1      | 0      | 
|\cpu_inst/system_cpu /dataCache_1                                                                                                      | ways_0_data_symbol1_reg                          | 2 K x 8(READ_FIRST)    | W |   | 2 K x 8(WRITE_FIRST)   |   | R | Port A and B     | 1      | 0      | 
|\cpu_inst/system_cpu /dataCache_1                                                                                                      | ways_0_data_symbol2_reg                          | 2 K x 8(READ_FIRST)    | W |   | 2 K x 8(WRITE_FIRST)   |   | R | Port A and B     | 1      | 0      | 
|\cpu_inst/system_cpu /dataCache_1                                                                                                      | ways_0_data_symbol3_reg                          | 2 K x 8(READ_FIRST)    | W |   | 2 K x 8(WRITE_FIRST)   |   | R | Port A and B     | 1      | 0      | 
|\axi_split_ibus_i/GEN1.axi_split_read_i/read_ifc_i/GEN1.slave_cmd_fifo/ram_i/xpm_memory_sdpram_inst /xpm_memory_base_inst              | gen_wr_a.gen_word_narrow.mem_reg                 | 32 x 58(READ_FIRST)    | W |   | 32 x 58(WRITE_FIRST)   |   | R | Port A and B     | 0      | 1      | 
|\axi_split_ibus_i/GEN1.axi_split_read_i/read_ifc_i/GEN2.slave_resp_fifo/ram_i/xpm_memory_sdpram_inst /xpm_memory_base_inst             | gen_wr_a.gen_word_narrow.mem_reg                 | 32 x 36(READ_FIRST)    | W |   | 32 x 36(WRITE_FIRST)   |   | R | Port A and B     | 1      | 0      | 
|\axi_split_ibus_i/GEN1.axi_split_read_i/pending_fifo/ram_i/xpm_memory_sdpram_inst /xpm_memory_base_inst                                | gen_wr_a.gen_word_narrow.mem_reg                 | 256 x 5(READ_FIRST)    | W |   | 256 x 5(WRITE_FIRST)   |   | R | Port A and B     | 1      | 0      | 
|\axi_split_dbus_i/GEN1.axi_split_read_i/read_ifc_i/GEN1.slave_cmd_fifo/ram_i/xpm_memory_sdpram_inst /xpm_memory_base_inst              | gen_wr_a.gen_word_narrow.mem_reg                 | 32 x 58(READ_FIRST)    | W |   | 32 x 58(WRITE_FIRST)   |   | R | Port A and B     | 0      | 1      | 
|\axi_split_dbus_i/GEN1.axi_split_read_i/read_ifc_i/GEN2.slave_resp_fifo/ram_i/xpm_memory_sdpram_inst /xpm_memory_base_inst             | gen_wr_a.gen_word_narrow.mem_reg                 | 32 x 36(READ_FIRST)    | W |   | 32 x 36(WRITE_FIRST)   |   | R | Port A and B     | 1      | 0      | 
|\axi_split_dbus_i/GEN1.axi_split_read_i/pending_fifo/ram_i/xpm_memory_sdpram_inst /xpm_memory_base_inst                                | gen_wr_a.gen_word_narrow.mem_reg                 | 256 x 5(READ_FIRST)    | W |   | 256 x 5(WRITE_FIRST)   |   | R | Port A and B     | 1      | 0      | 
|\axi_split_dbus_i/GEN2.axi_split_write_i/write_fifo_i/GEN1.slave_cmd_fifo/ram_i/xpm_memory_sdpram_inst /xpm_memory_base_inst           | gen_wr_a.gen_word_narrow.mem_reg                 | 32 x 58(READ_FIRST)    | W |   | 32 x 58(WRITE_FIRST)   |   | R | Port A and B     | 0      | 1      | 
|\axi_split_dbus_i/GEN2.axi_split_write_i/write_fifo_i/GEN2.slave_data_fifo/ram_i/xpm_memory_sdpram_inst /xpm_memory_base_inst          | gen_wr_a.gen_word_narrow.mem_reg                 | 32 x 37(READ_FIRST)    | W |   | 32 x 37(WRITE_FIRST)   |   | R | Port A and B     | 0      | 1      | 
|\axi_split_dbus_i/GEN2.axi_split_write_i/pending_data_fifo/ram_i/xpm_memory_sdpram_inst /xpm_memory_base_inst                          | gen_wr_a.gen_word_narrow.mem_reg                 | 256 x 5(READ_FIRST)    | W |   | 256 x 5(WRITE_FIRST)   |   | R | Port A and B     | 1      | 0      | 
|axi_merge_inst/axi_merge_read_i/\GEN_SLAVE_NO_RESIZE.slave_i0/GEN1.slave_cmd_fifo/ram_i/xpm_memory_sdpram_inst /xpm_memory_base_inst   | gen_wr_a.gen_word_narrow.mem_reg                 | 32 x 58(READ_FIRST)    | W |   | 32 x 58(WRITE_FIRST)   |   | R | Port A and B     | 0      | 1      | 
|axi_merge_inst/axi_merge_read_i/\GEN_SLAVE_NO_RESIZE.slave_i0/GEN2.slave_resp_fifo/ram_i/xpm_memory_sdpram_inst /xpm_memory_base_inst  | gen_wr_a.gen_word_narrow.mem_reg                 | 128 x 68(READ_FIRST)   | W |   | 128 x 68(WRITE_FIRST)  |   | R | Port A and B     | 0      | 1      | 
|axi_merge_inst/axi_merge_read_i/\slave_i1/slave_cmd_pend_fifo/ram_i/xpm_memory_sdpram_inst /xpm_memory_base_inst                       | gen_wr_a.gen_word_narrow.mem_reg                 | 32 x 58(READ_FIRST)    | W |   | 32 x 58(WRITE_FIRST)   |   | R | Port A and B     | 0      | 1      | 
|axi_merge_inst/axi_merge_read_i/\slave_i1/GEN1.slave_cmd_fifo/ram_i/xpm_memory_sdpram_inst /xpm_memory_base_inst                       | gen_wr_a.gen_word_narrow.mem_reg                 | 32 x 58(READ_FIRST)    | W |   | 32 x 58(WRITE_FIRST)   |   | R | Port A and B     | 0      | 1      | 
|axi_merge_inst/axi_merge_read_i/\slave_i1/GEN2.slave_resp_fifo/ram_i/xpm_memory_sdpram_inst /xpm_memory_base_inst                      | gen_wr_a.gen_word_narrow.mem_reg                 | 32 x 68(READ_FIRST)    | W |   | 32 x 68(WRITE_FIRST)   |   | R | Port A and B     | 0      | 1      | 
|axi_merge_inst/axi_merge_read_i/\slave_i2/slave_cmd_pend_fifo/ram_i/xpm_memory_sdpram_inst /xpm_memory_base_inst                       | gen_wr_a.gen_word_narrow.mem_reg                 | 32 x 58(READ_FIRST)    | W |   | 32 x 58(WRITE_FIRST)   |   | R | Port A and B     | 0      | 1      | 
|axi_merge_inst/axi_merge_read_i/\slave_i2/GEN1.slave_cmd_fifo/ram_i/xpm_memory_sdpram_inst /xpm_memory_base_inst                       | gen_wr_a.gen_word_narrow.mem_reg                 | 32 x 58(READ_FIRST)    | W |   | 32 x 58(WRITE_FIRST)   |   | R | Port A and B     | 0      | 1      | 
|axi_merge_inst/axi_merge_read_i/\slave_i2/GEN2.slave_resp_fifo/ram_i/xpm_memory_sdpram_inst /xpm_memory_base_inst                      | gen_wr_a.gen_word_narrow.mem_reg                 | 32 x 68(READ_FIRST)    | W |   | 32 x 68(WRITE_FIRST)   |   | R | Port A and B     | 0      | 1      | 
|axi_merge_inst/axi_merge_read_i/\GEN1_NO_RESIZE.slavew_i/GEN1.slave_cmd_fifo/ram_i/xpm_memory_sdpram_inst /xpm_memory_base_inst        | gen_wr_a.gen_word_narrow.mem_reg                 | 64 x 58(READ_FIRST)    | W |   | 64 x 58(WRITE_FIRST)   |   | R | Port A and B     | 0      | 1      | 
|axi_merge_inst/axi_merge_read_i/\GEN1_NO_RESIZE.slavew_i/GEN2.slave_resp_fifo/ram_i/xpm_memory_sdpram_inst /xpm_memory_base_inst       | gen_wr_a.gen_word_narrow.mem_reg                 | 512 x 68(READ_FIRST)   | W |   | 512 x 68(WRITE_FIRST)  |   | R | Port A and B     | 0      | 1      | 
|axi_merge_inst/axi_merge_read_i/\pend_master_fifo_i/ram_i/xpm_memory_sdpram_inst /xpm_memory_base_inst                                 | gen_wr_a.gen_word_narrow.mem_reg                 | 256 x 6(READ_FIRST)    | W |   | 256 x 6(WRITE_FIRST)   |   | R | Port A and B     | 1      | 0      | 
|axi_merge_inst/axi_merge_write_i/\GEN1_NO_RESIZE.slavew_i/GEN1.slave_cmd_fifo/ram_i/xpm_memory_sdpram_inst /xpm_memory_base_inst       | gen_wr_a.gen_word_narrow.mem_reg                 | 256 x 58(READ_FIRST)   | W |   | 256 x 58(WRITE_FIRST)  |   | R | Port A and B     | 0      | 1      | 
|axi_merge_inst/axi_merge_write_i/\GEN1_NO_RESIZE.slavew_i/GEN2.slave_data_fifo/ram_i/xpm_memory_sdpram_inst /xpm_memory_base_inst      | gen_wr_a.gen_word_narrow.mem_reg                 | 256 x 73(READ_FIRST)   | W |   | 256 x 73(WRITE_FIRST)  |   | R | Port A and B     | 1      | 1      | 
|axi_merge_inst/axi_merge_write_i/\GEN_SLAVE_NO_RESIZE.slave_i0/GEN1.slave_cmd_fifo/ram_i/xpm_memory_sdpram_inst /xpm_memory_base_inst  | gen_wr_a.gen_word_narrow.mem_reg                 | 32 x 58(READ_FIRST)    | W |   | 32 x 58(WRITE_FIRST)   |   | R | Port A and B     | 0      | 1      | 
|axi_merge_inst/axi_merge_write_i/\GEN_SLAVE_NO_RESIZE.slave_i0/GEN2.slave_data_fifo/ram_i/xpm_memory_sdpram_inst /xpm_memory_base_inst | gen_wr_a.gen_word_narrow.mem_reg                 | 32 x 73(READ_FIRST)    | W |   | 32 x 73(WRITE_FIRST)   |   | R | Port A and B     | 1      | 1      | 
|axi_merge_inst/axi_merge_write_i/\slave_i1/GEN1.slave_cmd_fifo/ram_i/xpm_memory_sdpram_inst /xpm_memory_base_inst                      | gen_wr_a.gen_word_narrow.mem_reg                 | 32 x 58(READ_FIRST)    | W |   | 32 x 58(WRITE_FIRST)   |   | R | Port A and B     | 0      | 1      | 
|axi_merge_inst/axi_merge_write_i/\slave_i1/GEN2.slave_data_fifo/ram_i/xpm_memory_sdpram_inst /xpm_memory_base_inst                     | gen_wr_a.gen_word_narrow.mem_reg                 | 32 x 37(READ_FIRST)    | W |   | 32 x 37(WRITE_FIRST)   |   | R | Port A and B     | 0      | 1      | 
|axi_merge_inst/axi_merge_write_i/\slave_i2/GEN1.slave_cmd_fifo/ram_i/xpm_memory_sdpram_inst /xpm_memory_base_inst                      | gen_wr_a.gen_word_narrow.mem_reg                 | 32 x 58(READ_FIRST)    | W |   | 32 x 58(WRITE_FIRST)   |   | R | Port A and B     | 0      | 1      | 
|axi_merge_inst/axi_merge_write_i/\slave_i2/GEN2.slave_data_fifo/ram_i/xpm_memory_sdpram_inst /xpm_memory_base_inst                     | gen_wr_a.gen_word_narrow.mem_reg                 | 32 x 37(READ_FIRST)    | W |   | 32 x 37(WRITE_FIRST)   |   | R | Port A and B     | 0      | 1      | 
|axi_merge_inst/axi_merge_write_i/\pend_master_fifo_i/ram_i/xpm_memory_sdpram_inst /xpm_memory_base_inst                                | gen_wr_a.gen_word_narrow.mem_reg                 | 256 x 4(READ_FIRST)    | W |   | 256 x 4(WRITE_FIRST)   |   | R | Port A and B     | 1      | 0      | 
|axi_merge_inst/axi_merge_write_i/\pend_data_fifo_i/ram_i/xpm_memory_sdpram_inst /xpm_memory_base_inst                                  | gen_wr_a.gen_word_narrow.mem_reg                 | 256 x 6(READ_FIRST)    | W |   | 256 x 6(WRITE_FIRST)   |   | R | Port A and B     | 1      | 0      | 
|\UART_INST/txfifo_i/ram_i/xpm_memory_sdpram_inst /xpm_memory_base_inst                                                                 | gen_wr_a.gen_word_narrow.mem_reg                 | 256 x 8(READ_FIRST)    | W |   | 256 x 8(WRITE_FIRST)   |   | R | Port A and B     | 1      | 0      | 
+---------------------------------------------------------------------------------------------------------------------------------------+--------------------------------------------------+------------------------+---+---+------------------------+---+---+------------------+--------+--------+


Distributed RAM: Final Mapping Report
+-----------------------------------------------------------------------------------------------------------------+----------------------------------+----------------+----------------------+--------------+
|Module Name                                                                                                      | RTL Object                       | Inference      | Size (Depth x Width) | Primitives   | 
+-----------------------------------------------------------------------------------------------------------------+----------------------------------+----------------+----------------------+--------------+
|read_pending_i/\ram_i/xpm_memory_sdpram_inst /xpm_memory_base_inst                                               | gen_wr_a.gen_word_narrow.mem_reg | Implied        | 8 x 5                | RAM32M x 1   | 
|TCM_i/\TCM_read1_i/resp_fifo/ram_i/xpm_memory_sdpram_inst /xpm_memory_base_inst                                  | gen_wr_a.gen_word_narrow.mem_reg | Implied        | 16 x 33              | RAM32M x 6   | 
|TCM_i/\TCM_read2_i/resp_fifo/ram_i/xpm_memory_sdpram_inst /xpm_memory_base_inst                                  | gen_wr_a.gen_word_narrow.mem_reg | Implied        | 16 x 33              | RAM32M x 6   | 
|axi_stream_write_inst/\write_fifo/GEN2.afifo_i/ram_i/xpm_memory_sdpram_inst /xpm_memory_base_inst                | gen_wr_a.gen_word_narrow.mem_reg | User Attribute | 32 x 64              | RAM32M x 11  | 
|sram_i/axi_ifc_i/\resp_fifo/ram_i/xpm_memory_sdpram_inst /xpm_memory_base_inst                                   | gen_wr_a.gen_word_narrow.mem_reg | Implied        | 16 x 33              | RAM32M x 6   | 
|\ddr_rx_i/ddr_rx_fifo_i/ram_i/xpm_memory_sdpram_inst /xpm_memory_base_inst                                       | gen_wr_a.gen_word_narrow.mem_reg | Implied        | 16 x 38              | RAM32M x 7   | 
|axi_merge_inst/\read_i/GEN1_CCD.slave_cmd_fifo/GEN2.afifo_i/ram_i/xpm_memory_sdpram_inst /xpm_memory_base_inst   | gen_wr_a.gen_word_narrow.mem_reg | User Attribute | 32 x 58              | RAM32M x 10  | 
|axi_merge_inst/\read_i/GEN2_CCD.slave_resp_fifo/GEN2.afifo_i/ram_i/xpm_memory_sdpram_inst /xpm_memory_base_inst  | gen_wr_a.gen_word_narrow.mem_reg | User Attribute | 32 x 68              | RAM32M x 12  | 
|axi_merge_inst/\write_i/GEN1_CCD.slave_cmd_fifo/GEN2.afifo_i/ram_i/xpm_memory_sdpram_inst /xpm_memory_base_inst  | gen_wr_a.gen_word_narrow.mem_reg | User Attribute | 32 x 58              | RAM32M x 10  | 
|axi_merge_inst/\write_i/GEN2_CCD.slave_data_fifo/GEN2.afifo_i/ram_i/xpm_memory_sdpram_inst /xpm_memory_base_inst | gen_wr_a.gen_word_narrow.mem_reg | User Attribute | 32 x 73              | RAM32M x 13  | 
|\axi_apb_bridge_inst/wcmd_i/ram_i/xpm_memory_sdpram_inst /xpm_memory_base_inst                                   | gen_wr_a.gen_word_narrow.mem_reg | Implied        | 8 x 33               | RAM32M x 6   | 
|\axi_apb_bridge_inst/wdata_i/ram_i/xpm_memory_sdpram_inst /xpm_memory_base_inst                                  | gen_wr_a.gen_word_narrow.mem_reg | Implied        | 8 x 32               | RAM32M x 6   | 
|\axi_apb_bridge_inst/rcmd_i/ram_i/xpm_memory_sdpram_inst /xpm_memory_base_inst                                   | gen_wr_a.gen_word_narrow.mem_reg | Implied        | 8 x 33               | RAM32M x 6   | 
|\axi_apb_bridge_inst/rresp_i/ram_i/xpm_memory_sdpram_inst /xpm_memory_base_inst                                  | gen_wr_a.gen_word_narrow.mem_reg | Implied        | 8 x 33               | RAM32M x 6   | 
+-----------------------------------------------------------------------------------------------------------------+----------------------------------+----------------+----------------------+--------------+

---------------------------------------------------------------------------------
Finished ROM, RAM, DSP, Shift Register and Retiming Reporting
---------------------------------------------------------------------------------
---------------------------------------------------------------------------------
Start Technology Mapping
---------------------------------------------------------------------------------
INFO: [Synth 8-7052] The timing for the instance dp0_ii_5/dp_sink1_i/dp_sink_fifo_i/ram_i/xpm_memory_sdpram_inst/xpm_memory_base_inst/gen_wr_a.gen_word_narrow.mem_reg_0 (implemented as a Block RAM) might be sub-optimal as no optional output register could be merged into the ram block. Providing additional output register may help in improving timing.
INFO: [Synth 8-7052] The timing for the instance dp0_ii_5/dp_sink1_i/dp_sink_fifo_i/ram_i/xpm_memory_sdpram_inst/xpm_memory_base_inst/gen_wr_a.gen_word_narrow.mem_reg_1 (implemented as a Block RAM) might be sub-optimal as no optional output register could be merged into the ram block. Providing additional output register may help in improving timing.
INFO: [Synth 8-7052] The timing for the instance dp0_ii_5/dp_sink1_i/dp_sink_fifo_i2/ram_i/xpm_memory_sdpram_inst/xpm_memory_base_inst/gen_wr_a.gen_word_narrow.mem_reg (implemented as a Block RAM) might be sub-optimal as no optional output register could be merged into the ram block. Providing additional output register may help in improving timing.
INFO: [Synth 8-7052] The timing for the instance dp0_ii_5/dp_sink2_i/dp_sink_fifo_i/ram_i/xpm_memory_sdpram_inst/xpm_memory_base_inst/gen_wr_a.gen_word_narrow.mem_reg_0 (implemented as a Block RAM) might be sub-optimal as no optional output register could be merged into the ram block. Providing additional output register may help in improving timing.
INFO: [Synth 8-7052] The timing for the instance dp0_ii_5/dp_sink2_i/dp_sink_fifo_i/ram_i/xpm_memory_sdpram_inst/xpm_memory_base_inst/gen_wr_a.gen_word_narrow.mem_reg_1 (implemented as a Block RAM) might be sub-optimal as no optional output register could be merged into the ram block. Providing additional output register may help in improving timing.
INFO: [Synth 8-7052] The timing for the instance dp0_ii_5/dp_sink2_i/dp_sink_fifo_i2/ram_i/xpm_memory_sdpram_inst/xpm_memory_base_inst/gen_wr_a.gen_word_narrow.mem_reg (implemented as a Block RAM) might be sub-optimal as no optional output register could be merged into the ram block. Providing additional output register may help in improving timing.
INFO: [Synth 8-7052] The timing for the instance dp0_ii_5/dp_sink3_i/dp_sink_fifo_i/ram_i/xpm_memory_sdpram_inst/xpm_memory_base_inst/gen_wr_a.gen_word_narrow.mem_reg_0 (implemented as a Block RAM) might be sub-optimal as no optional output register could be merged into the ram block. Providing additional output register may help in improving timing.
INFO: [Synth 8-7052] The timing for the instance dp0_ii_5/dp_sink3_i/dp_sink_fifo_i/ram_i/xpm_memory_sdpram_inst/xpm_memory_base_inst/gen_wr_a.gen_word_narrow.mem_reg_1 (implemented as a Block RAM) might be sub-optimal as no optional output register could be merged into the ram block. Providing additional output register may help in improving timing.
INFO: [Synth 8-7052] The timing for the instance dp0_ii_5/dp_sink3_i/dp_sink_fifo_i2/ram_i/xpm_memory_sdpram_inst/xpm_memory_base_inst/gen_wr_a.gen_word_narrow.mem_reg (implemented as a Block RAM) might be sub-optimal as no optional output register could be merged into the ram block. Providing additional output register may help in improving timing.
INFO: [Synth 8-7052] The timing for the instance GEN1.fpu_ii_1/soc_base_inst/ztachip_inst/GEN1.fpu_i/cmd_fifo_i0/ram_i/xpm_memory_sdpram_inst/xpm_memory_base_inst/gen_wr_a.gen_word_narrow.mem_reg_0 (implemented as a Block RAM) might be sub-optimal as no optional output register could be merged into the ram block. Providing additional output register may help in improving timing.
INFO: [Synth 8-7052] The timing for the instance GEN1.fpu_ii_1/soc_base_inst/ztachip_inst/GEN1.fpu_i/cmd_fifo_i0/ram_i/xpm_memory_sdpram_inst/xpm_memory_base_inst/gen_wr_a.gen_word_narrow.mem_reg_1 (implemented as a Block RAM) might be sub-optimal as no optional output register could be merged into the ram block. Providing additional output register may help in improving timing.
INFO: [Synth 8-7052] The timing for the instance GEN1.fpu_ii_1/soc_base_inst/ztachip_inst/GEN1.fpu_i/cmd_fifo_i0/ram_i/xpm_memory_sdpram_inst/xpm_memory_base_inst/gen_wr_a.gen_word_narrow.mem_reg_2 (implemented as a Block RAM) might be sub-optimal as no optional output register could be merged into the ram block. Providing additional output register may help in improving timing.
INFO: [Synth 8-7052] The timing for the instance GEN1.fpu_ii_1/soc_base_inst/ztachip_inst/GEN1.fpu_i/cmd_fifo_i0/ram_i/xpm_memory_sdpram_inst/xpm_memory_base_inst/gen_wr_a.gen_word_narrow.mem_reg_3 (implemented as a Block RAM) might be sub-optimal as no optional output register could be merged into the ram block. Providing additional output register may help in improving timing.
INFO: [Synth 8-7052] The timing for the instance GEN1.fpu_ii_1/soc_base_inst/ztachip_inst/GEN1.fpu_i/cmd_fifo_i0/ram_i/xpm_memory_sdpram_inst/xpm_memory_base_inst/gen_wr_a.gen_word_narrow.mem_reg_4 (implemented as a Block RAM) might be sub-optimal as no optional output register could be merged into the ram block. Providing additional output register may help in improving timing.
INFO: [Synth 8-7052] The timing for the instance GEN1.fpu_ii_1/soc_base_inst/ztachip_inst/GEN1.fpu_i/cmd_fifo_i1/ram_i/xpm_memory_sdpram_inst/xpm_memory_base_inst/gen_wr_a.gen_word_narrow.mem_reg_0 (implemented as a Block RAM) might be sub-optimal as no optional output register could be merged into the ram block. Providing additional output register may help in improving timing.
INFO: [Synth 8-7052] The timing for the instance GEN1.fpu_ii_1/soc_base_inst/ztachip_inst/GEN1.fpu_i/cmd_fifo_i1/ram_i/xpm_memory_sdpram_inst/xpm_memory_base_inst/gen_wr_a.gen_word_narrow.mem_reg_1 (implemented as a Block RAM) might be sub-optimal as no optional output register could be merged into the ram block. Providing additional output register may help in improving timing.
INFO: [Synth 8-7052] The timing for the instance GEN1.fpu_ii_1/soc_base_inst/ztachip_inst/GEN1.fpu_i/cmd_fifo_i1/ram_i/xpm_memory_sdpram_inst/xpm_memory_base_inst/gen_wr_a.gen_word_narrow.mem_reg_2 (implemented as a Block RAM) might be sub-optimal as no optional output register could be merged into the ram block. Providing additional output register may help in improving timing.
INFO: [Synth 8-7052] The timing for the instance GEN1.fpu_ii_1/soc_base_inst/ztachip_inst/GEN1.fpu_i/cmd_fifo_i1/ram_i/xpm_memory_sdpram_inst/xpm_memory_base_inst/gen_wr_a.gen_word_narrow.mem_reg_3 (implemented as a Block RAM) might be sub-optimal as no optional output register could be merged into the ram block. Providing additional output register may help in improving timing.
INFO: [Synth 8-7052] The timing for the instance GEN1.fpu_ii_1/soc_base_inst/ztachip_inst/GEN1.fpu_i/cmd_fifo_i1/ram_i/xpm_memory_sdpram_inst/xpm_memory_base_inst/gen_wr_a.gen_word_narrow.mem_reg_4 (implemented as a Block RAM) might be sub-optimal as no optional output register could be merged into the ram block. Providing additional output register may help in improving timing.
INFO: [Synth 8-7052] The timing for the instance GEN1.fpu_ii_1/soc_base_inst/ztachip_inst/GEN1.fpu_i/B_fifo_i/ram_i/xpm_memory_sdpram_inst/xpm_memory_base_inst/gen_wr_a.gen_word_narrow.mem_reg_0 (implemented as a Block RAM) might be sub-optimal as no optional output register could be merged into the ram block. Providing additional output register may help in improving timing.
INFO: [Synth 8-7052] The timing for the instance GEN1.fpu_ii_1/soc_base_inst/ztachip_inst/GEN1.fpu_i/B_fifo_i/ram_i/xpm_memory_sdpram_inst/xpm_memory_base_inst/gen_wr_a.gen_word_narrow.mem_reg_1 (implemented as a Block RAM) might be sub-optimal as no optional output register could be merged into the ram block. Providing additional output register may help in improving timing.
INFO: [Synth 8-7052] The timing for the instance GEN1.fpu_ii_1/soc_base_inst/ztachip_inst/GEN1.fpu_i/X_fifo_i/ram_i/xpm_memory_sdpram_inst/xpm_memory_base_inst/gen_wr_a.gen_word_narrow.mem_reg_0 (implemented as a Block RAM) might be sub-optimal as no optional output register could be merged into the ram block. Providing additional output register may help in improving timing.
INFO: [Synth 8-7052] The timing for the instance GEN1.fpu_ii_1/soc_base_inst/ztachip_inst/GEN1.fpu_i/X_fifo_i/ram_i/xpm_memory_sdpram_inst/xpm_memory_base_inst/gen_wr_a.gen_word_narrow.mem_reg_1 (implemented as a Block RAM) might be sub-optimal as no optional output register could be merged into the ram block. Providing additional output register may help in improving timing.
INFO: [Synth 8-7052] The timing for the instance GEN1.fpu_ii_1/soc_base_inst/ztachip_inst/GEN1.fpu_i/Y_fifo_i/ram_i/xpm_memory_sdpram_inst/xpm_memory_base_inst/gen_wr_a.gen_word_narrow.mem_reg_0 (implemented as a Block RAM) might be sub-optimal as no optional output register could be merged into the ram block. Providing additional output register may help in improving timing.
INFO: [Synth 8-7052] The timing for the instance GEN1.fpu_ii_1/soc_base_inst/ztachip_inst/GEN1.fpu_i/Y_fifo_i/ram_i/xpm_memory_sdpram_inst/xpm_memory_base_inst/gen_wr_a.gen_word_narrow.mem_reg_1 (implemented as a Block RAM) might be sub-optimal as no optional output register could be merged into the ram block. Providing additional output register may help in improving timing.
INFO: [Synth 8-7052] The timing for the instance dp0_ii_4/soc_base_inst/ztachip_inst/dp_1_i/dp0_i/dp_fetch_1_i/fifo_i/GEN1.fifo_i/fifo_i/ram_i/xpm_memory_sdpram_inst/xpm_memory_base_inst/gen_wr_a.gen_word_narrow.mem_reg_0 (implemented as a Block RAM) might be sub-optimal as no optional output register could be merged into the ram block. Providing additional output register may help in improving timing.
INFO: [Synth 8-7052] The timing for the instance dp0_ii_4/soc_base_inst/ztachip_inst/dp_1_i/dp0_i/dp_fetch_1_i/fifo_i/GEN1.fifo_i/fifo_i/ram_i/xpm_memory_sdpram_inst/xpm_memory_base_inst/gen_wr_a.gen_word_narrow.mem_reg_1 (implemented as a Block RAM) might be sub-optimal as no optional output register could be merged into the ram block. Providing additional output register may help in improving timing.
INFO: [Synth 8-7052] The timing for the instance dp0_ii_4/soc_base_inst/ztachip_inst/dp_1_i/dp0_i/dp_fetch_1_i/fifo_i/GEN1.fifo_i/fifo_i/ram_i/xpm_memory_sdpram_inst/xpm_memory_base_inst/gen_wr_a.gen_word_narrow.mem_reg_2 (implemented as a Block RAM) might be sub-optimal as no optional output register could be merged into the ram block. Providing additional output register may help in improving timing.
INFO: [Synth 8-7052] The timing for the instance dp0_ii_4/soc_base_inst/ztachip_inst/dp_1_i/dp0_i/dp_fetch_1_i/fifo_i/GEN1.fifo_i/fifo_i/ram_i/xpm_memory_sdpram_inst/xpm_memory_base_inst/gen_wr_a.gen_word_narrow.mem_reg_3 (implemented as a Block RAM) might be sub-optimal as no optional output register could be merged into the ram block. Providing additional output register may help in improving timing.
INFO: [Synth 8-7052] The timing for the instance dp0_ii_4/soc_base_inst/ztachip_inst/dp_1_i/dp0_i/dp_fetch_1_i/fifo_i/GEN1.fifo_i/fifo_i/ram_i/xpm_memory_sdpram_inst/xpm_memory_base_inst/gen_wr_a.gen_word_narrow.mem_reg_4 (implemented as a Block RAM) might be sub-optimal as no optional output register could be merged into the ram block. Providing additional output register may help in improving timing.
INFO: [Synth 8-7052] The timing for the instance dp0_ii_4/soc_base_inst/ztachip_inst/dp_1_i/dp0_i/dp_fetch_1_i/fifo_i/GEN1.fifo_i/fifo_i/ram_i/xpm_memory_sdpram_inst/xpm_memory_base_inst/gen_wr_a.gen_word_narrow.mem_reg_5 (implemented as a Block RAM) might be sub-optimal as no optional output register could be merged into the ram block. Providing additional output register may help in improving timing.
INFO: [Synth 8-7052] The timing for the instance dp0_ii_4/soc_base_inst/ztachip_inst/dp_1_i/dp0_i/dp_fetch_1_i/GEN1.ram_i/ram_i/xpm_memory_sdpram_inst/xpm_memory_base_inst/gen_wr_a.gen_word_narrow.mem_reg_0 (implemented as a Block RAM) might be sub-optimal as no optional output register could be merged into the ram block. Providing additional output register may help in improving timing.
INFO: [Synth 8-7052] The timing for the instance dp0_ii_4/soc_base_inst/ztachip_inst/dp_1_i/dp0_i/dp_fetch_1_i/GEN1.ram_i/ram_i/xpm_memory_sdpram_inst/xpm_memory_base_inst/gen_wr_a.gen_word_narrow.mem_reg_1 (implemented as a Block RAM) might be sub-optimal as no optional output register could be merged into the ram block. Providing additional output register may help in improving timing.
INFO: [Synth 8-7052] The timing for the instance dp0_ii_4/soc_base_inst/ztachip_inst/dp_1_i/dp0_i/dp_fetch_1_i/GEN1.ram_i/ram_i/xpm_memory_sdpram_inst/xpm_memory_base_inst/gen_wr_a.gen_word_narrow.mem_reg_2 (implemented as a Block RAM) might be sub-optimal as no optional output register could be merged into the ram block. Providing additional output register may help in improving timing.
INFO: [Synth 8-7052] The timing for the instance dp0_ii_4/soc_base_inst/ztachip_inst/dp_1_i/dp0_i/dp_fetch_1_i/GEN1.ram_i/ram_i/xpm_memory_sdpram_inst/xpm_memory_base_inst/gen_wr_a.gen_word_narrow.mem_reg_3 (implemented as a Block RAM) might be sub-optimal as no optional output register could be merged into the ram block. Providing additional output register may help in improving timing.
INFO: [Synth 8-7052] The timing for the instance dp0_ii_4/soc_base_inst/ztachip_inst/dp_1_i/dp0_i/dp_fetch_1_i/GEN1.ram_i/ram_i/xpm_memory_sdpram_inst/xpm_memory_base_inst/gen_wr_a.gen_word_narrow.mem_reg_4 (implemented as a Block RAM) might be sub-optimal as no optional output register could be merged into the ram block. Providing additional output register may help in improving timing.
INFO: [Synth 8-7052] The timing for the instance dp0_ii_4/soc_base_inst/ztachip_inst/dp_1_i/dp0_i/dp_fetch_1_i/GEN1.ram_i/ram_i/xpm_memory_sdpram_inst/xpm_memory_base_inst/gen_wr_a.gen_word_narrow.mem_reg_5 (implemented as a Block RAM) might be sub-optimal as no optional output register could be merged into the ram block. Providing additional output register may help in improving timing.
INFO: [Synth 8-7052] The timing for the instance dp0_ii_4/soc_base_inst/ztachip_inst/dp_1_i/dp0_i/dp_fetch_1_i/indication_i/ram_i/xpm_memory_sdpram_inst/xpm_memory_base_inst/gen_wr_a.gen_word_narrow.mem_reg (implemented as a Block RAM) might be sub-optimal as no optional output register could be merged into the ram block. Providing additional output register may help in improving timing.
INFO: [Synth 8-5844] Detected registers with asynchronous reset at DSP/BRAM block boundary. Consider using synchronous reset for optimal packing [/home/eslam-elshokafy/Desktop/AIDAChip_Workshop_01/ztachip/HW/src/util/arbiter.vhd:248]
INFO: [Synth 8-5844] Detected registers with asynchronous reset at DSP/BRAM block boundary. Consider using synchronous reset for optimal packing [/home/eslam-elshokafy/Desktop/AIDAChip_Workshop_01/ztachip/HW/src/util/arbiter.vhd:248]
INFO: [Synth 8-5844] Detected registers with asynchronous reset at DSP/BRAM block boundary. Consider using synchronous reset for optimal packing [/home/eslam-elshokafy/Desktop/AIDAChip_Workshop_01/ztachip/HW/src/util/arbiter.vhd:248]
INFO: [Synth 8-5844] Detected registers with asynchronous reset at DSP/BRAM block boundary. Consider using synchronous reset for optimal packing [/home/eslam-elshokafy/Desktop/AIDAChip_Workshop_01/ztachip/HW/src/util/arbiter.vhd:248]
INFO: [Synth 8-5844] Detected registers with asynchronous reset at DSP/BRAM block boundary. Consider using synchronous reset for optimal packing [/home/eslam-elshokafy/Desktop/AIDAChip_Workshop_01/ztachip/HW/src/util/arbiter.vhd:248]
INFO: [Synth 8-5844] Detected registers with asynchronous reset at DSP/BRAM block boundary. Consider using synchronous reset for optimal packing [/home/eslam-elshokafy/Desktop/AIDAChip_Workshop_01/ztachip/HW/src/util/arbiter.vhd:248]
INFO: [Synth 8-5844] Detected registers with asynchronous reset at DSP/BRAM block boundary. Consider using synchronous reset for optimal packing [/home/eslam-elshokafy/Desktop/AIDAChip_Workshop_01/ztachip/HW/src/util/arbiter.vhd:248]
INFO: [Synth 8-5844] Detected registers with asynchronous reset at DSP/BRAM block boundary. Consider using synchronous reset for optimal packing [/home/eslam-elshokafy/Desktop/AIDAChip_Workshop_01/ztachip/HW/src/util/arbiter.vhd:248]
INFO: [Synth 8-7052] The timing for the instance GEN_CELL[0].cell_ii_7/soc_base_inst/ztachip_inst/core_i/GEN_CELL[0].cell_i/GEN_REG[0].GEN1.pcore_i/xregister_file_i/GEN2.altsyncram_i/ram_i/xpm_memory_sdpram_inst/xpm_memory_base_inst/gen_wr_a.gen_byte_narrow.for_mem_cols[1].mem_reg_0 (implemented as a Block RAM) might be sub-optimal as no optional output register could be merged into the ram block. Providing additional output register may help in improving timing.
INFO: [Synth 8-7052] The timing for the instance GEN_CELL[0].cell_ii_7/soc_base_inst/ztachip_inst/core_i/GEN_CELL[0].cell_i/GEN_REG[0].GEN1.pcore_i/xregister_file_i/GEN2.altsyncram_i/ram_i/xpm_memory_sdpram_inst/xpm_memory_base_inst/gen_wr_a.gen_byte_narrow.for_mem_cols[1].mem_reg_1 (implemented as a Block RAM) might be sub-optimal as no optional output register could be merged into the ram block. Providing additional output register may help in improving timing.
INFO: [Synth 8-7052] The timing for the instance GEN_CELL[0].cell_ii_7/soc_base_inst/ztachip_inst/core_i/GEN_CELL[0].cell_i/GEN_REG[0].GEN1.pcore_i/xregister_file_i/GEN2.altsyncram_i/ram_i/xpm_memory_sdpram_inst/xpm_memory_base_inst/gen_wr_a.gen_byte_narrow.for_mem_cols[1].mem_reg_2 (implemented as a Block RAM) might be sub-optimal as no optional output register could be merged into the ram block. Providing additional output register may help in improving timing.
INFO: [Synth 8-7052] The timing for the instance GEN_CELL[0].cell_ii_7/soc_base_inst/ztachip_inst/core_i/GEN_CELL[0].cell_i/GEN_REG[0].GEN1.pcore_i/iregister_i/iregister_ram_i/altsyncram_i/ram_i/xpm_memory_sdpram_inst/xpm_memory_base_inst/gen_wr_a.gen_byte_narrow.for_mem_cols[1].mem_reg_0 (implemented as a Block RAM) might be sub-optimal as no optional output register could be merged into the ram block. Providing additional output register may help in improving timing.
INFO: [Synth 8-7052] The timing for the instance GEN_CELL[0].cell_ii_7/soc_base_inst/ztachip_inst/core_i/GEN_CELL[0].cell_i/GEN_REG[0].GEN1.pcore_i/iregister_i/iregister_ram_i/altsyncram_i/ram_i/xpm_memory_sdpram_inst/xpm_memory_base_inst/gen_wr_a.gen_byte_narrow.for_mem_cols[1].mem_reg_1 (implemented as a Block RAM) might be sub-optimal as no optional output register could be merged into the ram block. Providing additional output register may help in improving timing.
INFO: [Synth 8-7052] The timing for the instance GEN_CELL[0].cell_ii_7/soc_base_inst/ztachip_inst/core_i/GEN_CELL[0].cell_i/GEN_REG[0].GEN1.pcore_i/register_bank_i/register_file_i/ram3_i/ram2_i/xpm_memory_sdpram_inst/xpm_memory_base_inst/gen_wr_a.gen_byte_narrow.for_mem_cols[1].mem_reg_0 (implemented as a Block RAM) might be sub-optimal as no optional output register could be merged into the ram block. Providing additional output register may help in improving timing.
INFO: [Synth 8-7052] The timing for the instance GEN_CELL[0].cell_ii_7/soc_base_inst/ztachip_inst/core_i/GEN_CELL[0].cell_i/GEN_REG[0].GEN1.pcore_i/register_bank_i/register_file_i/ram3_i/ram2_i/xpm_memory_sdpram_inst/xpm_memory_base_inst/gen_wr_a.gen_byte_narrow.for_mem_cols[1].mem_reg_1 (implemented as a Block RAM) might be sub-optimal as no optional output register could be merged into the ram block. Providing additional output register may help in improving timing.
INFO: [Synth 8-7052] The timing for the instance GEN_CELL[0].cell_ii_7/soc_base_inst/ztachip_inst/core_i/GEN_CELL[0].cell_i/GEN_REG[0].GEN1.pcore_i/register_bank_i/register_file_i2/ram3_i/ram2_i/xpm_memory_sdpram_inst/xpm_memory_base_inst/gen_wr_a.gen_byte_narrow.for_mem_cols[1].mem_reg_0 (implemented as a Block RAM) might be sub-optimal as no optional output register could be merged into the ram block. Providing additional output register may help in improving timing.
INFO: [Synth 8-7052] The timing for the instance GEN_CELL[0].cell_ii_7/soc_base_inst/ztachip_inst/core_i/GEN_CELL[0].cell_i/GEN_REG[0].GEN1.pcore_i/register_bank_i/register_file_i2/ram3_i/ram2_i/xpm_memory_sdpram_inst/xpm_memory_base_inst/gen_wr_a.gen_byte_narrow.for_mem_cols[1].mem_reg_1 (implemented as a Block RAM) might be sub-optimal as no optional output register could be merged into the ram block. Providing additional output register may help in improving timing.
INFO: [Synth 8-5844] Detected registers with asynchronous reset at DSP/BRAM block boundary. Consider using synchronous reset for optimal packing [/home/eslam-elshokafy/Desktop/AIDAChip_Workshop_01/ztachip/HW/src/util/arbiter.vhd:219]
INFO: [Synth 8-5844] Detected registers with asynchronous reset at DSP/BRAM block boundary. Consider using synchronous reset for optimal packing [/home/eslam-elshokafy/Desktop/AIDAChip_Workshop_01/ztachip/HW/src/util/arbiter.vhd:220]
INFO: [Synth 8-5844] Detected registers with asynchronous reset at DSP/BRAM block boundary. Consider using synchronous reset for optimal packing [/home/eslam-elshokafy/Desktop/AIDAChip_Workshop_01/ztachip/HW/src/util/arbiter.vhd:231]
INFO: [Synth 8-5844] Detected registers with asynchronous reset at DSP/BRAM block boundary. Consider using synchronous reset for optimal packing [/home/eslam-elshokafy/Desktop/AIDAChip_Workshop_01/ztachip/HW/src/util/arbiter.vhd:219]
INFO: [Synth 8-5844] Detected registers with asynchronous reset at DSP/BRAM block boundary. Consider using synchronous reset for optimal packing [/home/eslam-elshokafy/Desktop/AIDAChip_Workshop_01/ztachip/HW/src/util/arbiter.vhd:220]
INFO: [Synth 8-5844] Detected registers with asynchronous reset at DSP/BRAM block boundary. Consider using synchronous reset for optimal packing [/home/eslam-elshokafy/Desktop/AIDAChip_Workshop_01/ztachip/HW/src/util/arbiter.vhd:231]
INFO: [Synth 8-5844] Detected registers with asynchronous reset at DSP/BRAM block boundary. Consider using synchronous reset for optimal packing [/home/eslam-elshokafy/Desktop/AIDAChip_Workshop_01/ztachip/HW/src/util/arbiter.vhd:219]
INFO: [Synth 8-5844] Detected registers with asynchronous reset at DSP/BRAM block boundary. Consider using synchronous reset for optimal packing [/home/eslam-elshokafy/Desktop/AIDAChip_Workshop_01/ztachip/HW/src/util/arbiter.vhd:220]
INFO: [Synth 8-5844] Detected registers with asynchronous reset at DSP/BRAM block boundary. Consider using synchronous reset for optimal packing [/home/eslam-elshokafy/Desktop/AIDAChip_Workshop_01/ztachip/HW/src/util/arbiter.vhd:231]
INFO: [Synth 8-5844] Detected registers with asynchronous reset at DSP/BRAM block boundary. Consider using synchronous reset for optimal packing [/home/eslam-elshokafy/Desktop/AIDAChip_Workshop_01/ztachip/HW/src/util/arbiter.vhd:219]
INFO: [Synth 8-5844] Detected registers with asynchronous reset at DSP/BRAM block boundary. Consider using synchronous reset for optimal packing [/home/eslam-elshokafy/Desktop/AIDAChip_Workshop_01/ztachip/HW/src/util/arbiter.vhd:220]
INFO: [Synth 8-5844] Detected registers with asynchronous reset at DSP/BRAM block boundary. Consider using synchronous reset for optimal packing [/home/eslam-elshokafy/Desktop/AIDAChip_Workshop_01/ztachip/HW/src/util/arbiter.vhd:231]
INFO: [Synth 8-5844] Detected registers with asynchronous reset at DSP/BRAM block boundary. Consider using synchronous reset for optimal packing [/home/eslam-elshokafy/Desktop/AIDAChip_Workshop_01/ztachip/HW/src/util/arbiter.vhd:219]
INFO: [Synth 8-5844] Detected registers with asynchronous reset at DSP/BRAM block boundary. Consider using synchronous reset for optimal packing [/home/eslam-elshokafy/Desktop/AIDAChip_Workshop_01/ztachip/HW/src/util/arbiter.vhd:220]
INFO: [Synth 8-5844] Detected registers with asynchronous reset at DSP/BRAM block boundary. Consider using synchronous reset for optimal packing [/home/eslam-elshokafy/Desktop/AIDAChip_Workshop_01/ztachip/HW/src/util/arbiter.vhd:231]
INFO: [Synth 8-5844] Detected registers with asynchronous reset at DSP/BRAM block boundary. Consider using synchronous reset for optimal packing [/home/eslam-elshokafy/Desktop/AIDAChip_Workshop_01/ztachip/HW/src/util/arbiter.vhd:219]
INFO: [Synth 8-5844] Detected registers with asynchronous reset at DSP/BRAM block boundary. Consider using synchronous reset for optimal packing [/home/eslam-elshokafy/Desktop/AIDAChip_Workshop_01/ztachip/HW/src/util/arbiter.vhd:220]
INFO: [Synth 8-5844] Detected registers with asynchronous reset at DSP/BRAM block boundary. Consider using synchronous reset for optimal packing [/home/eslam-elshokafy/Desktop/AIDAChip_Workshop_01/ztachip/HW/src/util/arbiter.vhd:231]
INFO: [Synth 8-5844] Detected registers with asynchronous reset at DSP/BRAM block boundary. Consider using synchronous reset for optimal packing [/home/eslam-elshokafy/Desktop/AIDAChip_Workshop_01/ztachip/HW/src/util/arbiter.vhd:219]
INFO: [Synth 8-5844] Detected registers with asynchronous reset at DSP/BRAM block boundary. Consider using synchronous reset for optimal packing [/home/eslam-elshokafy/Desktop/AIDAChip_Workshop_01/ztachip/HW/src/util/arbiter.vhd:220]
INFO: [Synth 8-5844] Detected registers with asynchronous reset at DSP/BRAM block boundary. Consider using synchronous reset for optimal packing [/home/eslam-elshokafy/Desktop/AIDAChip_Workshop_01/ztachip/HW/src/util/arbiter.vhd:231]
INFO: [Synth 8-5844] Detected registers with asynchronous reset at DSP/BRAM block boundary. Consider using synchronous reset for optimal packing [/home/eslam-elshokafy/Desktop/AIDAChip_Workshop_01/ztachip/HW/src/util/arbiter.vhd:219]
INFO: [Synth 8-5844] Detected registers with asynchronous reset at DSP/BRAM block boundary. Consider using synchronous reset for optimal packing [/home/eslam-elshokafy/Desktop/AIDAChip_Workshop_01/ztachip/HW/src/util/arbiter.vhd:220]
INFO: [Synth 8-5844] Detected registers with asynchronous reset at DSP/BRAM block boundary. Consider using synchronous reset for optimal packing [/home/eslam-elshokafy/Desktop/AIDAChip_Workshop_01/ztachip/HW/src/util/arbiter.vhd:231]
INFO: [Synth 8-5844] Detected registers with asynchronous reset at DSP/BRAM block boundary. Consider using synchronous reset for optimal packing [/home/eslam-elshokafy/Desktop/AIDAChip_Workshop_01/ztachip/HW/src/pcore/instr.vhd:65]
INFO: [Synth 8-5844] Detected registers with asynchronous reset at DSP/BRAM block boundary. Consider using synchronous reset for optimal packing [/home/eslam-elshokafy/Desktop/AIDAChip_Workshop_01/ztachip/HW/src/pcore/instr.vhd:66]
INFO: [Synth 8-5844] Detected registers with asynchronous reset at DSP/BRAM block boundary. Consider using synchronous reset for optimal packing [/home/eslam-elshokafy/Desktop/AIDAChip_Workshop_01/ztachip/HW/src/util/arbiter.vhd:248]
INFO: [Synth 8-5844] Detected registers with asynchronous reset at DSP/BRAM block boundary. Consider using synchronous reset for optimal packing [/home/eslam-elshokafy/Desktop/AIDAChip_Workshop_01/ztachip/HW/src/util/arbiter.vhd:248]
INFO: [Synth 8-5844] Detected registers with asynchronous reset at DSP/BRAM block boundary. Consider using synchronous reset for optimal packing [/home/eslam-elshokafy/Desktop/AIDAChip_Workshop_01/ztachip/HW/src/util/arbiter.vhd:248]
INFO: [Synth 8-5844] Detected registers with asynchronous reset at DSP/BRAM block boundary. Consider using synchronous reset for optimal packing [/home/eslam-elshokafy/Desktop/AIDAChip_Workshop_01/ztachip/HW/src/util/arbiter.vhd:248]
INFO: [Synth 8-5844] Detected registers with asynchronous reset at DSP/BRAM block boundary. Consider using synchronous reset for optimal packing [/home/eslam-elshokafy/Desktop/AIDAChip_Workshop_01/ztachip/HW/src/util/arbiter.vhd:248]
INFO: [Synth 8-5844] Detected registers with asynchronous reset at DSP/BRAM block boundary. Consider using synchronous reset for optimal packing [/home/eslam-elshokafy/Desktop/AIDAChip_Workshop_01/ztachip/HW/src/util/arbiter.vhd:248]
INFO: [Synth 8-5844] Detected registers with asynchronous reset at DSP/BRAM block boundary. Consider using synchronous reset for optimal packing [/home/eslam-elshokafy/Desktop/AIDAChip_Workshop_01/ztachip/HW/src/util/arbiter.vhd:248]
INFO: [Synth 8-5844] Detected registers with asynchronous reset at DSP/BRAM block boundary. Consider using synchronous reset for optimal packing [/home/eslam-elshokafy/Desktop/AIDAChip_Workshop_01/ztachip/HW/src/util/arbiter.vhd:248]
INFO: [Synth 8-7052] The timing for the instance soc_base_inst/ztachip_inst/core_i/GEN_CELL[0].cell_i/GEN_REG[1].GEN1.pcore_i/xregister_file_i/GEN2.altsyncram_i/ram_i/xpm_memory_sdpram_inst/xpm_memory_base_inst/gen_wr_a.gen_byte_narrow.for_mem_cols[1].mem_reg_0 (implemented as a Block RAM) might be sub-optimal as no optional output register could be merged into the ram block. Providing additional output register may help in improving timing.
INFO: [Synth 8-7052] The timing for the instance soc_base_inst/ztachip_inst/core_i/GEN_CELL[0].cell_i/GEN_REG[1].GEN1.pcore_i/xregister_file_i/GEN2.altsyncram_i/ram_i/xpm_memory_sdpram_inst/xpm_memory_base_inst/gen_wr_a.gen_byte_narrow.for_mem_cols[1].mem_reg_1 (implemented as a Block RAM) might be sub-optimal as no optional output register could be merged into the ram block. Providing additional output register may help in improving timing.
INFO: [Synth 8-7052] The timing for the instance soc_base_inst/ztachip_inst/core_i/GEN_CELL[0].cell_i/GEN_REG[1].GEN1.pcore_i/xregister_file_i/GEN2.altsyncram_i/ram_i/xpm_memory_sdpram_inst/xpm_memory_base_inst/gen_wr_a.gen_byte_narrow.for_mem_cols[1].mem_reg_2 (implemented as a Block RAM) might be sub-optimal as no optional output register could be merged into the ram block. Providing additional output register may help in improving timing.
INFO: [Synth 8-7052] The timing for the instance soc_base_inst/ztachip_inst/core_i/GEN_CELL[0].cell_i/GEN_REG[1].GEN1.pcore_i/iregister_i/iregister_ram_i/altsyncram_i/ram_i/xpm_memory_sdpram_inst/xpm_memory_base_inst/gen_wr_a.gen_byte_narrow.for_mem_cols[1].mem_reg_0 (implemented as a Block RAM) might be sub-optimal as no optional output register could be merged into the ram block. Providing additional output register may help in improving timing.
INFO: [Synth 8-7052] The timing for the instance soc_base_inst/ztachip_inst/core_i/GEN_CELL[0].cell_i/GEN_REG[1].GEN1.pcore_i/iregister_i/iregister_ram_i/altsyncram_i/ram_i/xpm_memory_sdpram_inst/xpm_memory_base_inst/gen_wr_a.gen_byte_narrow.for_mem_cols[1].mem_reg_1 (implemented as a Block RAM) might be sub-optimal as no optional output register could be merged into the ram block. Providing additional output register may help in improving timing.
INFO: [Synth 8-7052] The timing for the instance soc_base_inst/ztachip_inst/core_i/GEN_CELL[0].cell_i/GEN_REG[1].GEN1.pcore_i/register_bank_i/register_file_i/ram3_i/ram2_i/xpm_memory_sdpram_inst/xpm_memory_base_inst/gen_wr_a.gen_byte_narrow.for_mem_cols[1].mem_reg_0 (implemented as a Block RAM) might be sub-optimal as no optional output register could be merged into the ram block. Providing additional output register may help in improving timing.
INFO: [Synth 8-7052] The timing for the instance soc_base_inst/ztachip_inst/core_i/GEN_CELL[0].cell_i/GEN_REG[1].GEN1.pcore_i/register_bank_i/register_file_i/ram3_i/ram2_i/xpm_memory_sdpram_inst/xpm_memory_base_inst/gen_wr_a.gen_byte_narrow.for_mem_cols[1].mem_reg_1 (implemented as a Block RAM) might be sub-optimal as no optional output register could be merged into the ram block. Providing additional output register may help in improving timing.
INFO: [Synth 8-7052] The timing for the instance soc_base_inst/ztachip_inst/core_i/GEN_CELL[0].cell_i/GEN_REG[1].GEN1.pcore_i/register_bank_i/register_file_i2/ram3_i/ram2_i/xpm_memory_sdpram_inst/xpm_memory_base_inst/gen_wr_a.gen_byte_narrow.for_mem_cols[1].mem_reg_0 (implemented as a Block RAM) might be sub-optimal as no optional output register could be merged into the ram block. Providing additional output register may help in improving timing.
INFO: [Synth 8-7052] The timing for the instance soc_base_inst/ztachip_inst/core_i/GEN_CELL[0].cell_i/GEN_REG[1].GEN1.pcore_i/register_bank_i/register_file_i2/ram3_i/ram2_i/xpm_memory_sdpram_inst/xpm_memory_base_inst/gen_wr_a.gen_byte_narrow.for_mem_cols[1].mem_reg_1 (implemented as a Block RAM) might be sub-optimal as no optional output register could be merged into the ram block. Providing additional output register may help in improving timing.
INFO: [Synth 8-5844] Detected registers with asynchronous reset at DSP/BRAM block boundary. Consider using synchronous reset for optimal packing [/home/eslam-elshokafy/Desktop/AIDAChip_Workshop_01/ztachip/HW/src/util/arbiter.vhd:219]
INFO: [Synth 8-5844] Detected registers with asynchronous reset at DSP/BRAM block boundary. Consider using synchronous reset for optimal packing [/home/eslam-elshokafy/Desktop/AIDAChip_Workshop_01/ztachip/HW/src/util/arbiter.vhd:220]
INFO: [Synth 8-5844] Detected registers with asynchronous reset at DSP/BRAM block boundary. Consider using synchronous reset for optimal packing [/home/eslam-elshokafy/Desktop/AIDAChip_Workshop_01/ztachip/HW/src/util/arbiter.vhd:231]
INFO: [Synth 8-5844] Detected registers with asynchronous reset at DSP/BRAM block boundary. Consider using synchronous reset for optimal packing [/home/eslam-elshokafy/Desktop/AIDAChip_Workshop_01/ztachip/HW/src/util/arbiter.vhd:219]
INFO: [Synth 8-5844] Detected registers with asynchronous reset at DSP/BRAM block boundary. Consider using synchronous reset for optimal packing [/home/eslam-elshokafy/Desktop/AIDAChip_Workshop_01/ztachip/HW/src/util/arbiter.vhd:220]
INFO: [Synth 8-5844] Detected registers with asynchronous reset at DSP/BRAM block boundary. Consider using synchronous reset for optimal packing [/home/eslam-elshokafy/Desktop/AIDAChip_Workshop_01/ztachip/HW/src/util/arbiter.vhd:231]
INFO: [Synth 8-5844] Detected registers with asynchronous reset at DSP/BRAM block boundary. Consider using synchronous reset for optimal packing [/home/eslam-elshokafy/Desktop/AIDAChip_Workshop_01/ztachip/HW/src/util/arbiter.vhd:219]
INFO: [Synth 8-5844] Detected registers with asynchronous reset at DSP/BRAM block boundary. Consider using synchronous reset for optimal packing [/home/eslam-elshokafy/Desktop/AIDAChip_Workshop_01/ztachip/HW/src/util/arbiter.vhd:220]
INFO: [Synth 8-5844] Detected registers with asynchronous reset at DSP/BRAM block boundary. Consider using synchronous reset for optimal packing [/home/eslam-elshokafy/Desktop/AIDAChip_Workshop_01/ztachip/HW/src/util/arbiter.vhd:231]
INFO: [Synth 8-5844] Detected registers with asynchronous reset at DSP/BRAM block boundary. Consider using synchronous reset for optimal packing [/home/eslam-elshokafy/Desktop/AIDAChip_Workshop_01/ztachip/HW/src/util/arbiter.vhd:219]
INFO: [Synth 8-5844] Detected registers with asynchronous reset at DSP/BRAM block boundary. Consider using synchronous reset for optimal packing [/home/eslam-elshokafy/Desktop/AIDAChip_Workshop_01/ztachip/HW/src/util/arbiter.vhd:220]
INFO: [Synth 8-5844] Detected registers with asynchronous reset at DSP/BRAM block boundary. Consider using synchronous reset for optimal packing [/home/eslam-elshokafy/Desktop/AIDAChip_Workshop_01/ztachip/HW/src/util/arbiter.vhd:231]
INFO: [Synth 8-5844] Detected registers with asynchronous reset at DSP/BRAM block boundary. Consider using synchronous reset for optimal packing [/home/eslam-elshokafy/Desktop/AIDAChip_Workshop_01/ztachip/HW/src/util/arbiter.vhd:219]
INFO: [Synth 8-5844] Detected registers with asynchronous reset at DSP/BRAM block boundary. Consider using synchronous reset for optimal packing [/home/eslam-elshokafy/Desktop/AIDAChip_Workshop_01/ztachip/HW/src/util/arbiter.vhd:220]
INFO: [Synth 8-5844] Detected registers with asynchronous reset at DSP/BRAM block boundary. Consider using synchronous reset for optimal packing [/home/eslam-elshokafy/Desktop/AIDAChip_Workshop_01/ztachip/HW/src/util/arbiter.vhd:231]
INFO: [Synth 8-5844] Detected registers with asynchronous reset at DSP/BRAM block boundary. Consider using synchronous reset for optimal packing [/home/eslam-elshokafy/Desktop/AIDAChip_Workshop_01/ztachip/HW/src/util/arbiter.vhd:219]
INFO: [Synth 8-5844] Detected registers with asynchronous reset at DSP/BRAM block boundary. Consider using synchronous reset for optimal packing [/home/eslam-elshokafy/Desktop/AIDAChip_Workshop_01/ztachip/HW/src/util/arbiter.vhd:220]
INFO: [Synth 8-5844] Detected registers with asynchronous reset at DSP/BRAM block boundary. Consider using synchronous reset for optimal packing [/home/eslam-elshokafy/Desktop/AIDAChip_Workshop_01/ztachip/HW/src/util/arbiter.vhd:231]
INFO: [Synth 8-5844] Detected registers with asynchronous reset at DSP/BRAM block boundary. Consider using synchronous reset for optimal packing [/home/eslam-elshokafy/Desktop/AIDAChip_Workshop_01/ztachip/HW/src/util/arbiter.vhd:219]
INFO: [Synth 8-5844] Detected registers with asynchronous reset at DSP/BRAM block boundary. Consider using synchronous reset for optimal packing [/home/eslam-elshokafy/Desktop/AIDAChip_Workshop_01/ztachip/HW/src/util/arbiter.vhd:220]
INFO: [Synth 8-5844] Detected registers with asynchronous reset at DSP/BRAM block boundary. Consider using synchronous reset for optimal packing [/home/eslam-elshokafy/Desktop/AIDAChip_Workshop_01/ztachip/HW/src/util/arbiter.vhd:231]
INFO: [Synth 8-5844] Detected registers with asynchronous reset at DSP/BRAM block boundary. Consider using synchronous reset for optimal packing [/home/eslam-elshokafy/Desktop/AIDAChip_Workshop_01/ztachip/HW/src/util/arbiter.vhd:219]
INFO: [Synth 8-5844] Detected registers with asynchronous reset at DSP/BRAM block boundary. Consider using synchronous reset for optimal packing [/home/eslam-elshokafy/Desktop/AIDAChip_Workshop_01/ztachip/HW/src/util/arbiter.vhd:220]
INFO: [Synth 8-5844] Detected registers with asynchronous reset at DSP/BRAM block boundary. Consider using synchronous reset for optimal packing [/home/eslam-elshokafy/Desktop/AIDAChip_Workshop_01/ztachip/HW/src/util/arbiter.vhd:231]
INFO: [Synth 8-5844] Detected registers with asynchronous reset at DSP/BRAM block boundary. Consider using synchronous reset for optimal packing [/home/eslam-elshokafy/Desktop/AIDAChip_Workshop_01/ztachip/HW/src/pcore/instr.vhd:65]
INFO: [Synth 8-5844] Detected registers with asynchronous reset at DSP/BRAM block boundary. Consider using synchronous reset for optimal packing [/home/eslam-elshokafy/Desktop/AIDAChip_Workshop_01/ztachip/HW/src/pcore/instr.vhd:66]
INFO: [Synth 8-5844] Detected registers with asynchronous reset at DSP/BRAM block boundary. Consider using synchronous reset for optimal packing [/home/eslam-elshokafy/Desktop/AIDAChip_Workshop_01/ztachip/HW/src/util/arbiter.vhd:248]
INFO: [Synth 8-5844] Detected registers with asynchronous reset at DSP/BRAM block boundary. Consider using synchronous reset for optimal packing [/home/eslam-elshokafy/Desktop/AIDAChip_Workshop_01/ztachip/HW/src/util/arbiter.vhd:248]
INFO: [Synth 8-5844] Detected registers with asynchronous reset at DSP/BRAM block boundary. Consider using synchronous reset for optimal packing [/home/eslam-elshokafy/Desktop/AIDAChip_Workshop_01/ztachip/HW/src/util/arbiter.vhd:248]
INFO: [Synth 8-5844] Detected registers with asynchronous reset at DSP/BRAM block boundary. Consider using synchronous reset for optimal packing [/home/eslam-elshokafy/Desktop/AIDAChip_Workshop_01/ztachip/HW/src/util/arbiter.vhd:248]
INFO: [Synth 8-5844] Detected registers with asynchronous reset at DSP/BRAM block boundary. Consider using synchronous reset for optimal packing [/home/eslam-elshokafy/Desktop/AIDAChip_Workshop_01/ztachip/HW/src/util/arbiter.vhd:248]
INFO: [Synth 8-5844] Detected registers with asynchronous reset at DSP/BRAM block boundary. Consider using synchronous reset for optimal packing [/home/eslam-elshokafy/Desktop/AIDAChip_Workshop_01/ztachip/HW/src/util/arbiter.vhd:248]
INFO: [Synth 8-5844] Detected registers with asynchronous reset at DSP/BRAM block boundary. Consider using synchronous reset for optimal packing [/home/eslam-elshokafy/Desktop/AIDAChip_Workshop_01/ztachip/HW/src/util/arbiter.vhd:248]
INFO: [Synth 8-5844] Detected registers with asynchronous reset at DSP/BRAM block boundary. Consider using synchronous reset for optimal packing [/home/eslam-elshokafy/Desktop/AIDAChip_Workshop_01/ztachip/HW/src/util/arbiter.vhd:248]
INFO: [Synth 8-7052] The timing for the instance soc_base_inst/ztachip_inst/core_i/GEN_CELL[0].cell_i/GEN_REG[2].GEN1.pcore_i/xregister_file_i/GEN2.altsyncram_i/ram_i/xpm_memory_sdpram_inst/xpm_memory_base_inst/gen_wr_a.gen_byte_narrow.for_mem_cols[1].mem_reg_0 (implemented as a Block RAM) might be sub-optimal as no optional output register could be merged into the ram block. Providing additional output register may help in improving timing.
INFO: [Synth 8-7052] The timing for the instance soc_base_inst/ztachip_inst/core_i/GEN_CELL[0].cell_i/GEN_REG[2].GEN1.pcore_i/xregister_file_i/GEN2.altsyncram_i/ram_i/xpm_memory_sdpram_inst/xpm_memory_base_inst/gen_wr_a.gen_byte_narrow.for_mem_cols[1].mem_reg_1 (implemented as a Block RAM) might be sub-optimal as no optional output register could be merged into the ram block. Providing additional output register may help in improving timing.
INFO: [Synth 8-7052] The timing for the instance soc_base_inst/ztachip_inst/core_i/GEN_CELL[0].cell_i/GEN_REG[2].GEN1.pcore_i/xregister_file_i/GEN2.altsyncram_i/ram_i/xpm_memory_sdpram_inst/xpm_memory_base_inst/gen_wr_a.gen_byte_narrow.for_mem_cols[1].mem_reg_2 (implemented as a Block RAM) might be sub-optimal as no optional output register could be merged into the ram block. Providing additional output register may help in improving timing.
INFO: [Synth 8-7052] The timing for the instance soc_base_inst/ztachip_inst/core_i/GEN_CELL[0].cell_i/GEN_REG[2].GEN1.pcore_i/iregister_i/iregister_ram_i/altsyncram_i/ram_i/xpm_memory_sdpram_inst/xpm_memory_base_inst/gen_wr_a.gen_byte_narrow.for_mem_cols[1].mem_reg_0 (implemented as a Block RAM) might be sub-optimal as no optional output register could be merged into the ram block. Providing additional output register may help in improving timing.
INFO: [Synth 8-7052] The timing for the instance soc_base_inst/ztachip_inst/core_i/GEN_CELL[0].cell_i/GEN_REG[2].GEN1.pcore_i/iregister_i/iregister_ram_i/altsyncram_i/ram_i/xpm_memory_sdpram_inst/xpm_memory_base_inst/gen_wr_a.gen_byte_narrow.for_mem_cols[1].mem_reg_1 (implemented as a Block RAM) might be sub-optimal as no optional output register could be merged into the ram block. Providing additional output register may help in improving timing.
INFO: [Synth 8-7052] The timing for the instance soc_base_inst/ztachip_inst/core_i/GEN_CELL[0].cell_i/GEN_REG[2].GEN1.pcore_i/register_bank_i/register_file_i/ram3_i/ram2_i/xpm_memory_sdpram_inst/xpm_memory_base_inst/gen_wr_a.gen_byte_narrow.for_mem_cols[1].mem_reg_0 (implemented as a Block RAM) might be sub-optimal as no optional output register could be merged into the ram block. Providing additional output register may help in improving timing.
INFO: [Synth 8-7052] The timing for the instance soc_base_inst/ztachip_inst/core_i/GEN_CELL[0].cell_i/GEN_REG[2].GEN1.pcore_i/register_bank_i/register_file_i/ram3_i/ram2_i/xpm_memory_sdpram_inst/xpm_memory_base_inst/gen_wr_a.gen_byte_narrow.for_mem_cols[1].mem_reg_1 (implemented as a Block RAM) might be sub-optimal as no optional output register could be merged into the ram block. Providing additional output register may help in improving timing.
INFO: [Synth 8-7052] The timing for the instance soc_base_inst/ztachip_inst/core_i/GEN_CELL[0].cell_i/GEN_REG[2].GEN1.pcore_i/register_bank_i/register_file_i2/ram3_i/ram2_i/xpm_memory_sdpram_inst/xpm_memory_base_inst/gen_wr_a.gen_byte_narrow.for_mem_cols[1].mem_reg_0 (implemented as a Block RAM) might be sub-optimal as no optional output register could be merged into the ram block. Providing additional output register may help in improving timing.
INFO: [Synth 8-7052] The timing for the instance soc_base_inst/ztachip_inst/core_i/GEN_CELL[0].cell_i/GEN_REG[2].GEN1.pcore_i/register_bank_i/register_file_i2/ram3_i/ram2_i/xpm_memory_sdpram_inst/xpm_memory_base_inst/gen_wr_a.gen_byte_narrow.for_mem_cols[1].mem_reg_1 (implemented as a Block RAM) might be sub-optimal as no optional output register could be merged into the ram block. Providing additional output register may help in improving timing.
INFO: [Synth 8-5844] Detected registers with asynchronous reset at DSP/BRAM block boundary. Consider using synchronous reset for optimal packing [/home/eslam-elshokafy/Desktop/AIDAChip_Workshop_01/ztachip/HW/src/util/arbiter.vhd:219]
INFO: [Synth 8-5844] Detected registers with asynchronous reset at DSP/BRAM block boundary. Consider using synchronous reset for optimal packing [/home/eslam-elshokafy/Desktop/AIDAChip_Workshop_01/ztachip/HW/src/util/arbiter.vhd:220]
INFO: [Synth 8-5844] Detected registers with asynchronous reset at DSP/BRAM block boundary. Consider using synchronous reset for optimal packing [/home/eslam-elshokafy/Desktop/AIDAChip_Workshop_01/ztachip/HW/src/util/arbiter.vhd:231]
INFO: [Synth 8-5844] Detected registers with asynchronous reset at DSP/BRAM block boundary. Consider using synchronous reset for optimal packing [/home/eslam-elshokafy/Desktop/AIDAChip_Workshop_01/ztachip/HW/src/util/arbiter.vhd:219]
INFO: [Synth 8-5844] Detected registers with asynchronous reset at DSP/BRAM block boundary. Consider using synchronous reset for optimal packing [/home/eslam-elshokafy/Desktop/AIDAChip_Workshop_01/ztachip/HW/src/util/arbiter.vhd:220]
INFO: [Synth 8-5844] Detected registers with asynchronous reset at DSP/BRAM block boundary. Consider using synchronous reset for optimal packing [/home/eslam-elshokafy/Desktop/AIDAChip_Workshop_01/ztachip/HW/src/util/arbiter.vhd:231]
INFO: [Synth 8-5844] Detected registers with asynchronous reset at DSP/BRAM block boundary. Consider using synchronous reset for optimal packing [/home/eslam-elshokafy/Desktop/AIDAChip_Workshop_01/ztachip/HW/src/util/arbiter.vhd:219]
INFO: [Synth 8-5844] Detected registers with asynchronous reset at DSP/BRAM block boundary. Consider using synchronous reset for optimal packing [/home/eslam-elshokafy/Desktop/AIDAChip_Workshop_01/ztachip/HW/src/util/arbiter.vhd:220]
INFO: [Synth 8-5844] Detected registers with asynchronous reset at DSP/BRAM block boundary. Consider using synchronous reset for optimal packing [/home/eslam-elshokafy/Desktop/AIDAChip_Workshop_01/ztachip/HW/src/util/arbiter.vhd:231]
INFO: [Synth 8-5844] Detected registers with asynchronous reset at DSP/BRAM block boundary. Consider using synchronous reset for optimal packing [/home/eslam-elshokafy/Desktop/AIDAChip_Workshop_01/ztachip/HW/src/util/arbiter.vhd:219]
INFO: [Synth 8-5844] Detected registers with asynchronous reset at DSP/BRAM block boundary. Consider using synchronous reset for optimal packing [/home/eslam-elshokafy/Desktop/AIDAChip_Workshop_01/ztachip/HW/src/util/arbiter.vhd:220]
INFO: [Synth 8-5844] Detected registers with asynchronous reset at DSP/BRAM block boundary. Consider using synchronous reset for optimal packing [/home/eslam-elshokafy/Desktop/AIDAChip_Workshop_01/ztachip/HW/src/util/arbiter.vhd:231]
INFO: [Synth 8-5844] Detected registers with asynchronous reset at DSP/BRAM block boundary. Consider using synchronous reset for optimal packing [/home/eslam-elshokafy/Desktop/AIDAChip_Workshop_01/ztachip/HW/src/util/arbiter.vhd:219]
INFO: [Synth 8-5844] Detected registers with asynchronous reset at DSP/BRAM block boundary. Consider using synchronous reset for optimal packing [/home/eslam-elshokafy/Desktop/AIDAChip_Workshop_01/ztachip/HW/src/util/arbiter.vhd:220]
INFO: [Synth 8-5844] Detected registers with asynchronous reset at DSP/BRAM block boundary. Consider using synchronous reset for optimal packing [/home/eslam-elshokafy/Desktop/AIDAChip_Workshop_01/ztachip/HW/src/util/arbiter.vhd:231]
INFO: [Synth 8-5844] Detected registers with asynchronous reset at DSP/BRAM block boundary. Consider using synchronous reset for optimal packing [/home/eslam-elshokafy/Desktop/AIDAChip_Workshop_01/ztachip/HW/src/util/arbiter.vhd:219]
INFO: [Synth 8-5844] Detected registers with asynchronous reset at DSP/BRAM block boundary. Consider using synchronous reset for optimal packing [/home/eslam-elshokafy/Desktop/AIDAChip_Workshop_01/ztachip/HW/src/util/arbiter.vhd:220]
INFO: [Synth 8-5844] Detected registers with asynchronous reset at DSP/BRAM block boundary. Consider using synchronous reset for optimal packing [/home/eslam-elshokafy/Desktop/AIDAChip_Workshop_01/ztachip/HW/src/util/arbiter.vhd:231]
INFO: [Synth 8-5844] Detected registers with asynchronous reset at DSP/BRAM block boundary. Consider using synchronous reset for optimal packing [/home/eslam-elshokafy/Desktop/AIDAChip_Workshop_01/ztachip/HW/src/util/arbiter.vhd:219]
INFO: [Synth 8-5844] Detected registers with asynchronous reset at DSP/BRAM block boundary. Consider using synchronous reset for optimal packing [/home/eslam-elshokafy/Desktop/AIDAChip_Workshop_01/ztachip/HW/src/util/arbiter.vhd:220]
INFO: [Synth 8-5844] Detected registers with asynchronous reset at DSP/BRAM block boundary. Consider using synchronous reset for optimal packing [/home/eslam-elshokafy/Desktop/AIDAChip_Workshop_01/ztachip/HW/src/util/arbiter.vhd:231]
INFO: [Synth 8-5844] Detected registers with asynchronous reset at DSP/BRAM block boundary. Consider using synchronous reset for optimal packing [/home/eslam-elshokafy/Desktop/AIDAChip_Workshop_01/ztachip/HW/src/util/arbiter.vhd:219]
INFO: [Synth 8-5844] Detected registers with asynchronous reset at DSP/BRAM block boundary. Consider using synchronous reset for optimal packing [/home/eslam-elshokafy/Desktop/AIDAChip_Workshop_01/ztachip/HW/src/util/arbiter.vhd:220]
INFO: [Synth 8-5844] Detected registers with asynchronous reset at DSP/BRAM block boundary. Consider using synchronous reset for optimal packing [/home/eslam-elshokafy/Desktop/AIDAChip_Workshop_01/ztachip/HW/src/util/arbiter.vhd:231]
INFO: [Common 17-14] Message 'Synth 8-5844' appears 100 times and further instances of the messages will be disabled. Use the Tcl command set_msg_config to change the current settings.
INFO: [Synth 8-7052] The timing for the instance soc_base_inst/ztachip_inst/core_i/GEN_CELL[0].cell_i/GEN_REG[3].GEN1.pcore_i/xregister_file_i/GEN2.altsyncram_i/ram_i/xpm_memory_sdpram_inst/xpm_memory_base_inst/gen_wr_a.gen_byte_narrow.for_mem_cols[1].mem_reg_0 (implemented as a Block RAM) might be sub-optimal as no optional output register could be merged into the ram block. Providing additional output register may help in improving timing.
INFO: [Synth 8-7052] The timing for the instance soc_base_inst/ztachip_inst/core_i/GEN_CELL[0].cell_i/GEN_REG[3].GEN1.pcore_i/xregister_file_i/GEN2.altsyncram_i/ram_i/xpm_memory_sdpram_inst/xpm_memory_base_inst/gen_wr_a.gen_byte_narrow.for_mem_cols[1].mem_reg_1 (implemented as a Block RAM) might be sub-optimal as no optional output register could be merged into the ram block. Providing additional output register may help in improving timing.
INFO: [Synth 8-7052] The timing for the instance soc_base_inst/ztachip_inst/core_i/GEN_CELL[0].cell_i/GEN_REG[3].GEN1.pcore_i/xregister_file_i/GEN2.altsyncram_i/ram_i/xpm_memory_sdpram_inst/xpm_memory_base_inst/gen_wr_a.gen_byte_narrow.for_mem_cols[1].mem_reg_2 (implemented as a Block RAM) might be sub-optimal as no optional output register could be merged into the ram block. Providing additional output register may help in improving timing.
INFO: [Synth 8-7052] The timing for the instance soc_base_inst/ztachip_inst/core_i/GEN_CELL[0].cell_i/GEN_REG[3].GEN1.pcore_i/iregister_i/iregister_ram_i/altsyncram_i/ram_i/xpm_memory_sdpram_inst/xpm_memory_base_inst/gen_wr_a.gen_byte_narrow.for_mem_cols[1].mem_reg_0 (implemented as a Block RAM) might be sub-optimal as no optional output register could be merged into the ram block. Providing additional output register may help in improving timing.
INFO: [Synth 8-7052] The timing for the instance soc_base_inst/ztachip_inst/core_i/GEN_CELL[0].cell_i/GEN_REG[3].GEN1.pcore_i/iregister_i/iregister_ram_i/altsyncram_i/ram_i/xpm_memory_sdpram_inst/xpm_memory_base_inst/gen_wr_a.gen_byte_narrow.for_mem_cols[1].mem_reg_1 (implemented as a Block RAM) might be sub-optimal as no optional output register could be merged into the ram block. Providing additional output register may help in improving timing.
INFO: [Synth 8-7052] The timing for the instance soc_base_inst/ztachip_inst/core_i/GEN_CELL[0].cell_i/GEN_REG[3].GEN1.pcore_i/register_bank_i/register_file_i/ram3_i/ram2_i/xpm_memory_sdpram_inst/xpm_memory_base_inst/gen_wr_a.gen_byte_narrow.for_mem_cols[1].mem_reg_0 (implemented as a Block RAM) might be sub-optimal as no optional output register could be merged into the ram block. Providing additional output register may help in improving timing.
INFO: [Synth 8-7052] The timing for the instance soc_base_inst/ztachip_inst/core_i/GEN_CELL[0].cell_i/GEN_REG[3].GEN1.pcore_i/register_bank_i/register_file_i/ram3_i/ram2_i/xpm_memory_sdpram_inst/xpm_memory_base_inst/gen_wr_a.gen_byte_narrow.for_mem_cols[1].mem_reg_1 (implemented as a Block RAM) might be sub-optimal as no optional output register could be merged into the ram block. Providing additional output register may help in improving timing.
INFO: [Synth 8-7052] The timing for the instance soc_base_inst/ztachip_inst/core_i/GEN_CELL[0].cell_i/GEN_REG[3].GEN1.pcore_i/register_bank_i/register_file_i2/ram3_i/ram2_i/xpm_memory_sdpram_inst/xpm_memory_base_inst/gen_wr_a.gen_byte_narrow.for_mem_cols[1].mem_reg_0 (implemented as a Block RAM) might be sub-optimal as no optional output register could be merged into the ram block. Providing additional output register may help in improving timing.
INFO: [Synth 8-7052] The timing for the instance soc_base_inst/ztachip_inst/core_i/GEN_CELL[0].cell_i/GEN_REG[3].GEN1.pcore_i/register_bank_i/register_file_i2/ram3_i/ram2_i/xpm_memory_sdpram_inst/xpm_memory_base_inst/gen_wr_a.gen_byte_narrow.for_mem_cols[1].mem_reg_1 (implemented as a Block RAM) might be sub-optimal as no optional output register could be merged into the ram block. Providing additional output register may help in improving timing.
INFO: [Synth 8-7052] The timing for the instance core_ii_8/soc_base_inst/ztachip_inst/core_i/GEN_STREAM[0].stream_i/lookup_i/xpm_memory_spram_inst/xpm_memory_base_inst/gen_wr_a.gen_word_narrow.mem_reg (implemented as a Block RAM) might be sub-optimal as no optional output register could be merged into the ram block. Providing additional output register may help in improving timing.
INFO: [Synth 8-7052] The timing for the instance core_ii_8/soc_base_inst/ztachip_inst/core_i/GEN_STREAM[0].stream_i/lookup_i/xpm_memory_spram_inst/xpm_memory_base_inst/gen_wr_a.gen_word_narrow.mem_reg (implemented as a Block RAM) might be sub-optimal as no optional output register could be merged into the ram block. Providing additional output register may help in improving timing.
INFO: [Synth 8-7052] The timing for the instance core_ii_8/soc_base_inst/ztachip_inst/core_i/GEN_STREAM[1].stream_i/lookup_i/xpm_memory_spram_inst/xpm_memory_base_inst/gen_wr_a.gen_word_narrow.mem_reg (implemented as a Block RAM) might be sub-optimal as no optional output register could be merged into the ram block. Providing additional output register may help in improving timing.
INFO: [Synth 8-7052] The timing for the instance core_ii_8/soc_base_inst/ztachip_inst/core_i/GEN_STREAM[1].stream_i/lookup_i/xpm_memory_spram_inst/xpm_memory_base_inst/gen_wr_a.gen_word_narrow.mem_reg (implemented as a Block RAM) might be sub-optimal as no optional output register could be merged into the ram block. Providing additional output register may help in improving timing.
INFO: [Synth 8-7052] The timing for the instance core_ii_8/soc_base_inst/ztachip_inst/core_i/GEN_STREAM[2].stream_i/lookup_i/xpm_memory_spram_inst/xpm_memory_base_inst/gen_wr_a.gen_word_narrow.mem_reg (implemented as a Block RAM) might be sub-optimal as no optional output register could be merged into the ram block. Providing additional output register may help in improving timing.
INFO: [Synth 8-7052] The timing for the instance core_ii_8/soc_base_inst/ztachip_inst/core_i/GEN_STREAM[2].stream_i/lookup_i/xpm_memory_spram_inst/xpm_memory_base_inst/gen_wr_a.gen_word_narrow.mem_reg (implemented as a Block RAM) might be sub-optimal as no optional output register could be merged into the ram block. Providing additional output register may help in improving timing.
INFO: [Synth 8-7052] The timing for the instance core_ii_8/soc_base_inst/ztachip_inst/core_i/GEN_STREAM[3].stream_i/lookup_i/xpm_memory_spram_inst/xpm_memory_base_inst/gen_wr_a.gen_word_narrow.mem_reg (implemented as a Block RAM) might be sub-optimal as no optional output register could be merged into the ram block. Providing additional output register may help in improving timing.
INFO: [Synth 8-7052] The timing for the instance core_ii_8/soc_base_inst/ztachip_inst/core_i/GEN_STREAM[3].stream_i/lookup_i/xpm_memory_spram_inst/xpm_memory_base_inst/gen_wr_a.gen_word_narrow.mem_reg (implemented as a Block RAM) might be sub-optimal as no optional output register could be merged into the ram block. Providing additional output register may help in improving timing.
INFO: [Synth 8-7052] The timing for the instance core_ii_8/soc_base_inst/ztachip_inst/core_i/GEN_STREAM[4].stream_i/lookup_i/xpm_memory_spram_inst/xpm_memory_base_inst/gen_wr_a.gen_word_narrow.mem_reg (implemented as a Block RAM) might be sub-optimal as no optional output register could be merged into the ram block. Providing additional output register may help in improving timing.
INFO: [Synth 8-7052] The timing for the instance core_ii_8/soc_base_inst/ztachip_inst/core_i/GEN_STREAM[4].stream_i/lookup_i/xpm_memory_spram_inst/xpm_memory_base_inst/gen_wr_a.gen_word_narrow.mem_reg (implemented as a Block RAM) might be sub-optimal as no optional output register could be merged into the ram block. Providing additional output register may help in improving timing.
INFO: [Synth 8-7052] The timing for the instance core_ii_8/soc_base_inst/ztachip_inst/core_i/GEN_STREAM[5].stream_i/lookup_i/xpm_memory_spram_inst/xpm_memory_base_inst/gen_wr_a.gen_word_narrow.mem_reg (implemented as a Block RAM) might be sub-optimal as no optional output register could be merged into the ram block. Providing additional output register may help in improving timing.
INFO: [Synth 8-7052] The timing for the instance core_ii_8/soc_base_inst/ztachip_inst/core_i/GEN_STREAM[5].stream_i/lookup_i/xpm_memory_spram_inst/xpm_memory_base_inst/gen_wr_a.gen_word_narrow.mem_reg (implemented as a Block RAM) might be sub-optimal as no optional output register could be merged into the ram block. Providing additional output register may help in improving timing.
INFO: [Synth 8-7052] The timing for the instance core_ii_8/soc_base_inst/ztachip_inst/core_i/GEN_STREAM[6].stream_i/lookup_i/xpm_memory_spram_inst/xpm_memory_base_inst/gen_wr_a.gen_word_narrow.mem_reg (implemented as a Block RAM) might be sub-optimal as no optional output register could be merged into the ram block. Providing additional output register may help in improving timing.
INFO: [Synth 8-7052] The timing for the instance core_ii_8/soc_base_inst/ztachip_inst/core_i/GEN_STREAM[6].stream_i/lookup_i/xpm_memory_spram_inst/xpm_memory_base_inst/gen_wr_a.gen_word_narrow.mem_reg (implemented as a Block RAM) might be sub-optimal as no optional output register could be merged into the ram block. Providing additional output register may help in improving timing.
INFO: [Synth 8-7052] The timing for the instance core_ii_8/soc_base_inst/ztachip_inst/core_i/GEN_STREAM[7].stream_i/lookup_i/xpm_memory_spram_inst/xpm_memory_base_inst/gen_wr_a.gen_word_narrow.mem_reg (implemented as a Block RAM) might be sub-optimal as no optional output register could be merged into the ram block. Providing additional output register may help in improving timing.
INFO: [Synth 8-7052] The timing for the instance core_ii_8/soc_base_inst/ztachip_inst/core_i/GEN_STREAM[7].stream_i/lookup_i/xpm_memory_spram_inst/xpm_memory_base_inst/gen_wr_a.gen_word_narrow.mem_reg (implemented as a Block RAM) might be sub-optimal as no optional output register could be merged into the ram block. Providing additional output register may help in improving timing.
INFO: [Synth 8-7052] The timing for the instance core_ii_8/soc_base_inst/ztachip_inst/core_i/GEN_STREAM_1[0].stream_i1/lookup_i/xpm_memory_spram_inst/xpm_memory_base_inst/gen_wr_a.gen_word_narrow.mem_reg (implemented as a Block RAM) might be sub-optimal as no optional output register could be merged into the ram block. Providing additional output register may help in improving timing.
INFO: [Synth 8-7052] The timing for the instance core_ii_8/soc_base_inst/ztachip_inst/core_i/GEN_STREAM_1[0].stream_i1/lookup_i/xpm_memory_spram_inst/xpm_memory_base_inst/gen_wr_a.gen_word_narrow.mem_reg (implemented as a Block RAM) might be sub-optimal as no optional output register could be merged into the ram block. Providing additional output register may help in improving timing.
INFO: [Synth 8-7052] The timing for the instance core_ii_8/soc_base_inst/ztachip_inst/core_i/GEN_STREAM_1[1].stream_i1/lookup_i/xpm_memory_spram_inst/xpm_memory_base_inst/gen_wr_a.gen_word_narrow.mem_reg (implemented as a Block RAM) might be sub-optimal as no optional output register could be merged into the ram block. Providing additional output register may help in improving timing.
INFO: [Synth 8-7052] The timing for the instance core_ii_8/soc_base_inst/ztachip_inst/core_i/GEN_STREAM_1[1].stream_i1/lookup_i/xpm_memory_spram_inst/xpm_memory_base_inst/gen_wr_a.gen_word_narrow.mem_reg (implemented as a Block RAM) might be sub-optimal as no optional output register could be merged into the ram block. Providing additional output register may help in improving timing.
INFO: [Synth 8-7052] The timing for the instance core_ii_8/soc_base_inst/ztachip_inst/core_i/GEN_STREAM_1[2].stream_i1/lookup_i/xpm_memory_spram_inst/xpm_memory_base_inst/gen_wr_a.gen_word_narrow.mem_reg (implemented as a Block RAM) might be sub-optimal as no optional output register could be merged into the ram block. Providing additional output register may help in improving timing.
INFO: [Synth 8-7052] The timing for the instance core_ii_8/soc_base_inst/ztachip_inst/core_i/GEN_STREAM_1[2].stream_i1/lookup_i/xpm_memory_spram_inst/xpm_memory_base_inst/gen_wr_a.gen_word_narrow.mem_reg (implemented as a Block RAM) might be sub-optimal as no optional output register could be merged into the ram block. Providing additional output register may help in improving timing.
INFO: [Synth 8-7052] The timing for the instance core_ii_8/soc_base_inst/ztachip_inst/core_i/GEN_STREAM_1[3].stream_i1/lookup_i/xpm_memory_spram_inst/xpm_memory_base_inst/gen_wr_a.gen_word_narrow.mem_reg (implemented as a Block RAM) might be sub-optimal as no optional output register could be merged into the ram block. Providing additional output register may help in improving timing.
INFO: [Synth 8-7052] The timing for the instance core_ii_8/soc_base_inst/ztachip_inst/core_i/GEN_STREAM_1[3].stream_i1/lookup_i/xpm_memory_spram_inst/xpm_memory_base_inst/gen_wr_a.gen_word_narrow.mem_reg (implemented as a Block RAM) might be sub-optimal as no optional output register could be merged into the ram block. Providing additional output register may help in improving timing.
INFO: [Synth 8-7052] The timing for the instance core_ii_8/soc_base_inst/ztachip_inst/core_i/GEN_STREAM_1[4].stream_i1/lookup_i/xpm_memory_spram_inst/xpm_memory_base_inst/gen_wr_a.gen_word_narrow.mem_reg (implemented as a Block RAM) might be sub-optimal as no optional output register could be merged into the ram block. Providing additional output register may help in improving timing.
INFO: [Synth 8-7052] The timing for the instance core_ii_8/soc_base_inst/ztachip_inst/core_i/GEN_STREAM_1[4].stream_i1/lookup_i/xpm_memory_spram_inst/xpm_memory_base_inst/gen_wr_a.gen_word_narrow.mem_reg (implemented as a Block RAM) might be sub-optimal as no optional output register could be merged into the ram block. Providing additional output register may help in improving timing.
INFO: [Common 17-14] Message 'Synth 8-7052' appears 100 times and further instances of the messages will be disabled. Use the Tcl command set_msg_config to change the current settings.
---------------------------------------------------------------------------------
Finished Technology Mapping : Time (s): cpu = 00:04:52 ; elapsed = 00:03:02 . Memory (MB): peak = 5162.012 ; gain = 3395.223 ; free physical = 167 ; free virtual = 4300
---------------------------------------------------------------------------------
---------------------------------------------------------------------------------
Start IO Insertion
---------------------------------------------------------------------------------
---------------------------------------------------------------------------------
Start Flattening Before IO Insertion
---------------------------------------------------------------------------------
---------------------------------------------------------------------------------
Finished Flattening Before IO Insertion
---------------------------------------------------------------------------------
---------------------------------------------------------------------------------
Start Final Netlist Cleanup
---------------------------------------------------------------------------------
---------------------------------------------------------------------------------
Finished Final Netlist Cleanup
---------------------------------------------------------------------------------
---------------------------------------------------------------------------------
Finished IO Insertion : Time (s): cpu = 00:05:04 ; elapsed = 00:03:15 . Memory (MB): peak = 5237.824 ; gain = 3471.035 ; free physical = 196 ; free virtual = 4255
---------------------------------------------------------------------------------
---------------------------------------------------------------------------------
Start Renaming Generated Instances
---------------------------------------------------------------------------------
---------------------------------------------------------------------------------
Finished Renaming Generated Instances : Time (s): cpu = 00:05:05 ; elapsed = 00:03:15 . Memory (MB): peak = 5237.824 ; gain = 3471.035 ; free physical = 196 ; free virtual = 4256
---------------------------------------------------------------------------------
---------------------------------------------------------------------------------
Start Rebuilding User Hierarchy
---------------------------------------------------------------------------------
---------------------------------------------------------------------------------
Finished Rebuilding User Hierarchy : Time (s): cpu = 00:05:16 ; elapsed = 00:03:26 . Memory (MB): peak = 5327.238 ; gain = 3560.449 ; free physical = 170 ; free virtual = 4141
---------------------------------------------------------------------------------
---------------------------------------------------------------------------------
Start Renaming Generated Ports
---------------------------------------------------------------------------------
---------------------------------------------------------------------------------
Finished Renaming Generated Ports : Time (s): cpu = 00:05:16 ; elapsed = 00:03:27 . Memory (MB): peak = 5327.238 ; gain = 3560.449 ; free physical = 168 ; free virtual = 4139
---------------------------------------------------------------------------------
---------------------------------------------------------------------------------
Start Handling Custom Attributes
---------------------------------------------------------------------------------
---------------------------------------------------------------------------------
Finished Handling Custom Attributes : Time (s): cpu = 00:05:18 ; elapsed = 00:03:29 . Memory (MB): peak = 5345.082 ; gain = 3578.293 ; free physical = 288 ; free virtual = 4155
---------------------------------------------------------------------------------
---------------------------------------------------------------------------------
Start Renaming Generated Nets
---------------------------------------------------------------------------------
---------------------------------------------------------------------------------
Finished Renaming Generated Nets : Time (s): cpu = 00:05:18 ; elapsed = 00:03:29 . Memory (MB): peak = 5345.082 ; gain = 3578.293 ; free physical = 288 ; free virtual = 4156
---------------------------------------------------------------------------------
---------------------------------------------------------------------------------
Start ROM, RAM, DSP, Shift Register and Retiming Reporting
---------------------------------------------------------------------------------

Static Shift Register Report:
+------------+---------------------------------------------------------------------------------------------------------------------+--------+-------+--------------+--------------------+-------------------+--------+---------+
|Module Name | RTL Name                                                                                                            | Length | Width | Reset Signal | Pull out first Reg | Pull out last Reg | SRL16E | SRLC32E | 
+------------+---------------------------------------------------------------------------------------------------------------------+--------+-------+--------------+--------------------+-------------------+--------+---------+
|main_zc702  | soc_base_inst/ztachip_inst/core_i/dp_wr_mcast_rrrrr_reg[5]                                                          | 5      | 6     | YES          | NO                 | YES               | 6      | 0       | 
|main_zc702  | soc_base_inst/ztachip_inst/GEN1.fpu_i/falu_vector_i/GEN_FPU[0].falu_core_i/falu_i/delay_i/fifo_r_reg[0]             | 12     | 122   | YES          | NO                 | YES               | 122    | 0       | 
|main_zc702  | soc_base_inst/ztachip_inst/GEN1.fpu_i/falu_vector_i/GEN_FPU[0].falu_core_i/falu_i/delay3_i/fifo_r_reg[0]            | 16     | 71    | YES          | NO                 | YES               | 71     | 0       | 
|main_zc702  | soc_base_inst/ztachip_inst/GEN1.fpu_i/falu_vector_i/GEN_FPU[0].falu_core_i/falu_i/output_delay2_i/fifo_r_reg[0]     | 4      | 40    | YES          | NO                 | YES               | 40     | 0       | 
|main_zc702  | soc_base_inst/ztachip_inst/GEN1.fpu_i/falu_vector_i/GEN_FPU[0].falu_core_i/falu_i/delay8_i/fifo_r_reg[0][31]        | 17     | 34    | YES          | NO                 | YES               | 34     | 0       | 
|main_zc702  | soc_base_inst/ztachip_inst/GEN1.fpu_i/falu_vector_i/GEN_FPU[0].falu_core_i/falu_i/B_delay_i/fifo_r_reg[0][31]       | 8      | 222   | YES          | NO                 | YES               | 222    | 0       | 
|main_zc702  | soc_base_inst/ztachip_inst/GEN1.fpu_i/falu_vector_i/GEN_FPU[0].falu_core_i/falu2_i/delay3_i/fifo_r_reg[0]           | 13     | 40    | YES          | NO                 | YES               | 40     | 0       | 
|main_zc702  | soc_base_inst/ztachip_inst/GEN1.fpu_i/falu_vector_i/GEN_FPU[0].falu_core_i/falu2_i/opcode_delay_i/fifo_r_reg[0][2]  | 9      | 6     | YES          | NO                 | YES               | 6      | 0       | 
|main_zc702  | soc_base_inst/ztachip_inst/GEN1.fpu_i/falu_vector_i/delay1_i/fifo_r_reg[0]                                          | 4      | 1     | YES          | NO                 | YES               | 1      | 0       | 
|main_zc702  | soc_base_inst/ztachip_inst/GEN1.fpu_i/falu_vector_i/delay7_i/fifo_r_reg[0][14]                                      | 4      | 15    | YES          | NO                 | YES               | 15     | 0       | 
|main_zc702  | soc_base_inst/ztachip_inst/GEN1.fpu_i/falu_vector_i/delay2_i/fifo_r_reg[0]                                          | 4      | 1     | YES          | NO                 | YES               | 1      | 0       | 
|main_zc702  | soc_base_inst/ztachip_inst/GEN1.fpu_i/falu_vector_i/delay3_i/fifo_r_reg[0]                                          | 4      | 1     | YES          | NO                 | YES               | 1      | 0       | 
|main_zc702  | soc_base_inst/ztachip_inst/GEN1.fpu_i/falu_vector_i/delay5_i/fifo_r_reg[0]                                          | 4      | 1     | YES          | NO                 | YES               | 1      | 0       | 
|main_zc702  | soc_base_inst/ztachip_inst/GEN1.fpu_i/falu_vector_i/delay6_i/fifo_r_reg[0][2]                                       | 4      | 3     | YES          | NO                 | YES               | 3      | 0       | 
|main_zc702  | soc_base_inst/ztachip_inst/GEN1.fpu_i/falu_vector_i/delay10_i/fifo_r_reg[0][3]                                      | 4      | 4     | YES          | NO                 | YES               | 4      | 0       | 
|main_zc702  | soc_base_inst/ztachip_inst/GEN1.fpu_i/falu_vector_i/delay4_i/fifo_r_reg[0][15]                                      | 4      | 16    | YES          | NO                 | YES               | 16     | 0       | 
|main_zc702  | soc_base_inst/ztachip_inst/GEN1.fpu_i/falu_vector_i/delay8_i/fifo_r_reg[0][2]                                       | 4      | 3     | YES          | NO                 | YES               | 3      | 0       | 
|main_zc702  | soc_base_inst/ztachip_inst/core_i/GEN_CELL[0].cell_i/GEN_REG[1].GEN1.pcore_i/instr_decoder2_i/mu_lane_rrrrrr_reg[7] | 6      | 48    | YES          | NO                 | YES               | 48     | 0       | 
|main_zc702  | soc_base_inst/ztachip_inst/core_i/GEN_CELL[0].cell_i/GEN_REG[1].GEN1.pcore_i/instr_decoder2_i/lane_rrr_reg[12]      | 4      | 50    | YES          | NO                 | YES               | 50     | 0       | 
|main_zc702  | soc_base_inst/ztachip_inst/core_i/GEN_CELL[0].cell_i/GEN_REG[1].GEN1.pcore_i/instr_dispatch2_i1/wr_en_delay_r_reg   | 7      | 97    | YES          | NO                 | YES               | 97     | 0       | 
|main_zc702  | soc_base_inst/ztachip_inst/core_i/GEN_CELL[0].cell_i/GEN_REG[1].GEN1.pcore_i/instr_decoder2_i/imu_const_rrr_reg[11] | 5      | 17    | YES          | NO                 | YES               | 17     | 0       | 
|main_zc702  | soc_base_inst/ztachip_inst/core_i/instr_i/instr_fetch_i/tid_rrrrrrrrrrr_reg[15]                                     | 4      | 16    | YES          | NO                 | YES               | 16     | 0       | 
|main_zc702  | soc_base_inst/ztachip_inst/core_i/instr_i/instr_fetch_i/ctrl_opcode_rrrrrrrr_reg[4]                                 | 7      | 5     | YES          | NO                 | YES               | 5      | 0       | 
|main_zc702  | soc_base_inst/ztachip_inst/core_i/instr_i/instr_fetch_i/got_control_rrrrrrrr_reg                                    | 7      | 1     | YES          | NO                 | YES               | 1      | 0       | 
|main_zc702  | soc_base_inst/ztachip_inst/core_i/instr_i/instr_fetch_i/instruction_addr_rr_reg[10]                                 | 4      | 10    | YES          | NO                 | YES               | 10     | 0       | 
|main_zc702  | soc_base_inst/ztachip_inst/core_i/instr_i/instr_fetch_i/ctrl_next_addr_rrrrr_reg[10]                                | 5      | 10    | YES          | NO                 | YES               | 10     | 0       | 
|main_zc702  | soc_base_inst/ztachip_inst/core_i/instr_i/instr_fetch_i/ctrl_goto_addr_rrrrrrrr_reg[10]                             | 7      | 10    | YES          | NO                 | YES               | 10     | 0       | 
|main_zc702  | soc_base_inst/ztachip_inst/core_i/dp_readdatavalid2_rrrrrr_reg                                                      | 6      | 1     | YES          | NO                 | YES               | 1      | 0       | 
|main_zc702  | soc_base_inst/ztachip_inst/core_i/dp_read_gen_valid2_rrrrrr_reg                                                     | 6      | 1     | YES          | NO                 | YES               | 1      | 0       | 
|main_zc702  | soc_base_inst/ztachip_inst/core_i/dp_read_stream2_rrrrr_reg                                                         | 4      | 1     | YES          | NO                 | YES               | 1      | 0       | 
|main_zc702  | soc_base_inst/ztachip_inst/core_i/dp_readdata2_rrrrr_reg[119]                                                       | 4      | 96    | YES          | NO                 | YES               | 96     | 0       | 
|main_zc702  | soc_base_inst/ztachip_inst/core_i/dp_read_data_flow2_rrrrr_reg[1]                                                   | 5      | 2     | YES          | NO                 | YES               | 2      | 0       | 
|main_zc702  | soc_base_inst/ztachip_inst/core_i/dp_readdata_vm_rrrrrr_reg                                                         | 6      | 1     | YES          | NO                 | YES               | 1      | 0       | 
|main_zc702  | soc_base_inst/ztachip_inst/core_i/dp_write_stream_rrrrr_reg                                                         | 5      | 1     | YES          | NO                 | YES               | 1      | 0       | 
|main_zc702  | soc_base_inst/ztachip_inst/core_i/dp_writedata_rrrrr_reg[127]                                                       | 4      | 64    | YES          | NO                 | YES               | 64     | 0       | 
|main_zc702  | soc_base_inst/ztachip_inst/sram_i/axi_ifc_i/delay_i1/fifo_r_reg[0]                                                  | 4      | 1     | YES          | NO                 | YES               | 1      | 0       | 
|main_zc702  | soc_base_inst/ztachip_inst/sram_i/axi_ifc_i/delay_i2/fifo_r_reg[0]                                                  | 4      | 1     | YES          | NO                 | YES               | 1      | 0       | 
|main_zc702  | soc_base_inst/ztachip_inst/sram_i/read_source_1_rrrr_reg[1]                                                         | 4      | 2     | YES          | NO                 | YES               | 2      | 0       | 
|main_zc702  | soc_base_inst/ztachip_inst/sram_i/read_source_0_rrrr_reg[1]                                                         | 4      | 2     | YES          | NO                 | YES               | 2      | 0       | 
|main_zc702  | soc_base_inst/ztachip_inst/sram_i/dp_read_vm_rrrr_reg                                                               | 4      | 1     | YES          | NO                 | YES               | 1      | 0       | 
+------------+---------------------------------------------------------------------------------------------------------------------+--------+-------+--------------+--------------------+-------------------+--------+---------+

---------------------------------------------------------------------------------
Finished ROM, RAM, DSP, Shift Register and Retiming Reporting
---------------------------------------------------------------------------------
---------------------------------------------------------------------------------
Start Writing Synthesis Report
---------------------------------------------------------------------------------

DSP Final Report (the ' indicates corresponding REG is set)
+------------+-------------+--------+--------+--------+--------+--------+------+------+------+------+-------+------+------+
|Module Name | DSP Mapping | A Size | B Size | C Size | D Size | P Size | AREG | BREG | CREG | DREG | ADREG | MREG | PREG | 
+------------+-------------+--------+--------+--------+--------+--------+------+------+------+------+-------+------+------+
|VexRiscv    | ((A*B)')'   | 30     | 18     | -      | -      | 32     | 0    | 0    | -    | -    | -     | 1    | 1    | 
|VexRiscv    | (A*B)'      | 16     | 18     | -      | -      | 34     | 0    | 0    | -    | -    | -     | 1    | 0    | 
|VexRiscv    | (A*B)'      | 30     | 16     | -      | -      | 34     | 0    | 0    | -    | -    | -     | 1    | 0    | 
|VexRiscv    | (A*B)'      | 16     | 16     | -      | -      | 32     | 0    | 0    | -    | -    | -     | 1    | 0    | 
|multiplier  | Dynamic     | -      | -      | -      | -      | 32     | -    | -    | -    | -    | -     | 1    | 1    | 
|multiplier  | Dynamic     | -      | -      | -      | -      | 32     | -    | -    | -    | -    | -     | 1    | 1    | 
|multiplier  | Dynamic     | -      | -      | -      | -      | 32     | -    | -    | -    | -    | -     | 1    | 1    | 
|multiplier  | Dynamic     | -      | -      | -      | -      | 32     | -    | -    | -    | -    | -     | 1    | 1    | 
|multiplier  | Dynamic     | -      | -      | -      | -      | 32     | -    | -    | -    | -    | -     | 1    | 1    | 
|multiplier  | Dynamic     | -      | -      | -      | -      | 32     | -    | -    | -    | -    | -     | 1    | 1    | 
|multiplier  | Dynamic     | -      | -      | -      | -      | 32     | -    | -    | -    | -    | -     | 1    | 1    | 
|multiplier  | Dynamic     | -      | -      | -      | -      | 32     | -    | -    | -    | -    | -     | 1    | 1    | 
|multiplier  | (A*B)'      | 30     | 18     | -      | -      | 13     | 0    | 0    | -    | -    | -     | 1    | 0    | 
|multiplier  | Dynamic     | -      | -      | -      | -      | 32     | -    | -    | -    | -    | -     | 1    | 1    | 
|multiplier  | Dynamic     | -      | -      | -      | -      | 32     | -    | -    | -    | -    | -     | 1    | 1    | 
|multiplier  | Dynamic     | -      | -      | -      | -      | 32     | -    | -    | -    | -    | -     | 1    | 1    | 
|multiplier  | Dynamic     | -      | -      | -      | -      | 32     | -    | -    | -    | -    | -     | 1    | 1    | 
|multiplier  | Dynamic     | -      | -      | -      | -      | 32     | -    | -    | -    | -    | -     | 1    | 1    | 
|multiplier  | Dynamic     | -      | -      | -      | -      | 32     | -    | -    | -    | -    | -     | 1    | 1    | 
|multiplier  | Dynamic     | -      | -      | -      | -      | 32     | -    | -    | -    | -    | -     | 1    | 1    | 
|multiplier  | Dynamic     | -      | -      | -      | -      | 32     | -    | -    | -    | -    | -     | 1    | 1    | 
|multiplier  | (A*B)'      | 30     | 18     | -      | -      | 13     | 0    | 0    | -    | -    | -     | 1    | 0    | 
|multiplier  | Dynamic     | -      | -      | -      | -      | 32     | -    | -    | -    | -    | -     | 1    | 1    | 
|multiplier  | Dynamic     | -      | -      | -      | -      | 32     | -    | -    | -    | -    | -     | 1    | 1    | 
|multiplier  | Dynamic     | -      | -      | -      | -      | 32     | -    | -    | -    | -    | -     | 1    | 1    | 
|multiplier  | Dynamic     | -      | -      | -      | -      | 32     | -    | -    | -    | -    | -     | 1    | 1    | 
|multiplier  | Dynamic     | -      | -      | -      | -      | 32     | -    | -    | -    | -    | -     | 1    | 1    | 
|multiplier  | Dynamic     | -      | -      | -      | -      | 32     | -    | -    | -    | -    | -     | 1    | 1    | 
|multiplier  | Dynamic     | -      | -      | -      | -      | 32     | -    | -    | -    | -    | -     | 1    | 1    | 
|multiplier  | Dynamic     | -      | -      | -      | -      | 32     | -    | -    | -    | -    | -     | 1    | 1    | 
|multiplier  | (A*B)'      | 30     | 18     | -      | -      | 13     | 0    | 0    | -    | -    | -     | 1    | 0    | 
|multiplier  | Dynamic     | -      | -      | -      | -      | 32     | -    | -    | -    | -    | -     | 1    | 1    | 
|multiplier  | Dynamic     | -      | -      | -      | -      | 32     | -    | -    | -    | -    | -     | 1    | 1    | 
|multiplier  | Dynamic     | -      | -      | -      | -      | 32     | -    | -    | -    | -    | -     | 1    | 1    | 
|multiplier  | Dynamic     | -      | -      | -      | -      | 32     | -    | -    | -    | -    | -     | 1    | 1    | 
|multiplier  | Dynamic     | -      | -      | -      | -      | 32     | -    | -    | -    | -    | -     | 1    | 1    | 
|multiplier  | Dynamic     | -      | -      | -      | -      | 32     | -    | -    | -    | -    | -     | 1    | 1    | 
|multiplier  | Dynamic     | -      | -      | -      | -      | 32     | -    | -    | -    | -    | -     | 1    | 1    | 
|multiplier  | Dynamic     | -      | -      | -      | -      | 32     | -    | -    | -    | -    | -     | 1    | 1    | 
|multiplier  | (A*B)'      | 30     | 18     | -      | -      | 13     | 0    | 0    | -    | -    | -     | 1    | 0    | 
|multiplier  | (A*B)'      | 30     | 5      | -      | -      | 24     | 0    | 0    | -    | -    | -     | 0    | 1    | 
|multiplier  | (A*B)'      | 30     | 5      | -      | -      | 24     | 0    | 0    | -    | -    | -     | 0    | 1    | 
|multiplier  | (A*B)'      | 30     | 5      | -      | -      | 24     | 0    | 0    | -    | -    | -     | 0    | 1    | 
|multiplier  | (A*B)'      | 30     | 5      | -      | -      | 24     | 0    | 0    | -    | -    | -     | 0    | 1    | 
|multiplier  | (A*B)'      | 30     | 5      | -      | -      | 24     | 0    | 0    | -    | -    | -     | 0    | 1    | 
|multiplier  | (A*B)'      | 30     | 5      | -      | -      | 24     | 0    | 0    | -    | -    | -     | 0    | 1    | 
|multiplier  | (A*B)'      | 30     | 5      | -      | -      | 24     | 0    | 0    | -    | -    | -     | 0    | 1    | 
|multiplier  | (A*B)'      | 30     | 5      | -      | -      | 24     | 0    | 0    | -    | -    | -     | 0    | 1    | 
|multiplier  | (A*B)'      | 30     | 5      | -      | -      | 24     | 0    | 0    | -    | -    | -     | 0    | 1    | 
|multiplier  | (A*B)'      | 30     | 5      | -      | -      | 24     | 0    | 0    | -    | -    | -     | 0    | 1    | 
|multiplier  | (A*B)'      | 30     | 5      | -      | -      | 24     | 0    | 0    | -    | -    | -     | 0    | 1    | 
|multiplier  | (A*B)'      | 30     | 5      | -      | -      | 24     | 0    | 0    | -    | -    | -     | 0    | 1    | 
|multiplier  | (A*B)'      | 30     | 5      | -      | -      | 24     | 0    | 0    | -    | -    | -     | 0    | 1    | 
|multiplier  | (A*B)'      | 30     | 5      | -      | -      | 24     | 0    | 0    | -    | -    | -     | 0    | 1    | 
|multiplier  | (A*B)'      | 30     | 5      | -      | -      | 24     | 0    | 0    | -    | -    | -     | 0    | 1    | 
|multiplier  | (A*B)'      | 30     | 5      | -      | -      | 24     | 0    | 0    | -    | -    | -     | 0    | 1    | 
+------------+-------------+--------+--------+--------+--------+--------+------+------+------+------+-------+------+------+


Report BlackBoxes: 
+------+--------------+----------+
|      |BlackBox name |Instances |
+------+--------------+----------+
|1     |clk_mmcm      |         1|
|2     |float_addsub  |         9|
|3     |float_mul     |         4|
+------+--------------+----------+

Report Cell Usage: 
+------+-------------+------+
|      |Cell         |Count |
+------+-------------+------+
|1     |clk_mmcm     |     1|
|2     |float_addsub |     9|
|11    |float_mul    |     4|
|15    |BIBUF        |   130|
|16    |BUFG         |     4|
|17    |CARRY4       |  2006|
|18    |DSP48E1      |    56|
|22    |LUT1         |  1356|
|23    |LUT2         |  6597|
|24    |LUT3         | 12223|
|25    |LUT4         |  8645|
|26    |LUT5         |  8382|
|27    |LUT6         | 15859|
|28    |MUXF7        |   744|
|29    |MUXF8        |   233|
|30    |PS7          |     1|
|31    |RAM32M       |    92|
|32    |RAM32X1D     |     7|
|33    |RAMB18E1     |    48|
|38    |RAMB36E1     |   107|
|42    |SRL16E       |  1024|
|43    |FDCE         | 42874|
|44    |FDPE         |   372|
|45    |FDRE         | 10357|
|46    |LD           |  2233|
|47    |OBUF         |     1|
+------+-------------+------+
---------------------------------------------------------------------------------
Finished Writing Synthesis Report : Time (s): cpu = 00:05:19 ; elapsed = 00:03:29 . Memory (MB): peak = 5345.082 ; gain = 3578.293 ; free physical = 288 ; free virtual = 4155
---------------------------------------------------------------------------------
Synthesis finished with 0 errors, 0 critical warnings and 801 warnings.
Synthesis Optimization Runtime : Time (s): cpu = 00:04:44 ; elapsed = 00:03:16 . Memory (MB): peak = 5348.996 ; gain = 3043.887 ; free physical = 5964 ; free virtual = 10535
Synthesis Optimization Complete : Time (s): cpu = 00:05:19 ; elapsed = 00:03:34 . Memory (MB): peak = 5348.996 ; gain = 3582.207 ; free physical = 5971 ; free virtual = 10535
INFO: [Project 1-571] Translating synthesized netlist
Netlist sorting complete. Time (s): cpu = 00:00:00.79 ; elapsed = 00:00:00.79 . Memory (MB): peak = 5348.996 ; gain = 0.000 ; free physical = 5973 ; free virtual = 10538
INFO: [Netlist 29-17] Analyzing 5526 Unisim elements for replacement
INFO: [Netlist 29-28] Unisim Transformation completed in 0 CPU seconds
INFO: [Project 1-570] Preparing netlist for logic optimization
INFO: [Opt 31-138] Pushed 0 inverter(s) to 0 load pin(s).
Netlist sorting complete. Time (s): cpu = 00:00:00.03 ; elapsed = 00:00:00.03 . Memory (MB): peak = 5448.668 ; gain = 0.000 ; free physical = 5931 ; free virtual = 10500
INFO: [Project 1-111] Unisim Transformation Summary:
  A total of 2332 instances were transformed.
  LD => LDCE: 2233 instances
  RAM32M => RAM32M (RAMD32(x6), RAMS32(x2)): 92 instances
  RAM32X1D => RAM32X1D (RAMD32(x2)): 7 instances

Synth Design complete | Checksum: 87c4bfa8
INFO: [Common 17-83] Releasing license: Synthesis
1355 Infos, 0 Warnings, 1 Critical Warnings and 0 Errors encountered.
synth_design completed successfully
synth_design: Time (s): cpu = 00:05:38 ; elapsed = 00:03:53 . Memory (MB): peak = 5448.703 ; gain = 3863.617 ; free physical = 5934 ; free virtual = 10503
INFO: [Common 17-2834] synth_design peak Physical Memory [PSS] (MB): overall = 9845.434; main = 4482.564; forked = 6272.270
INFO: [Common 17-2834] synth_design peak Virtual Memory [VSS] (MB): overall = 19635.637; main = 5448.672; forked = 14964.617
Write ShapeDB Complete: Time (s): cpu = 00:00:00.24 ; elapsed = 00:00:00.08 . Memory (MB): peak = 5472.680 ; gain = 0.000 ; free physical = 5924 ; free virtual = 10502
INFO: [Common 17-1381] The checkpoint '/home/eslam-elshokafy/Desktop/AIDAChip_Workshop_01/ztachip/HW/examples/ZC702/ztachip_zc702.runs/synth_1/main_zc702.dcp' has been generated.
write_checkpoint: Time (s): cpu = 00:00:08 ; elapsed = 00:00:07 . Memory (MB): peak = 5472.680 ; gain = 23.977 ; free physical = 5615 ; free virtual = 10505
INFO: [Vivado 12-24828] Executing command : report_utilization -file main_zc702_utilization_synth.rpt -pb main_zc702_utilization_synth.pb
INFO: [Common 17-206] Exiting Vivado at Sat Jun 20 19:05:26 2026...
[Sat Jun 20 19:05:27 2026] synth_1 finished
wait_on_runs: Time (s): cpu = 00:06:00 ; elapsed = 00:04:08 . Memory (MB): peak = 1655.719 ; gain = 0.000 ; free physical = 10091 ; free virtual = 14998
INFO: launching implementation + write_bitstream...
INFO: [Vivado 12-4149] The synthesis checkpoint for IP '/home/eslam-elshokafy/Desktop/AIDAChip_Workshop_01/ztachip/HW/examples/ZC702/ztachip_zc702.srcs/sources_1/ip/clk_mmcm/clk_mmcm.xci' is already up-to-date
[Sat Jun 20 19:05:30 2026] Launched impl_1...
Run output will be captured here: /home/eslam-elshokafy/Desktop/AIDAChip_Workshop_01/ztachip/HW/examples/ZC702/ztachip_zc702.runs/impl_1/runme.log
[Sat Jun 20 19:05:30 2026] Waiting for impl_1 to finish...

*** Running vivado
    with args -log main_zc702.vdi -applog -m64 -product Vivado -messageDb vivado.pb -mode batch -source main_zc702.tcl -notrace


****** Vivado v2025.2 (64-bit)
  **** SW Build 6299465 on Fri Nov 14 12:34:56 MST 2025
  **** IP Build 6300035 on Fri Nov 14 10:48:45 MST 2025
  **** SharedData Build 6298862 on Thu Nov 13 04:50:51 MST 2025
  **** Start of session at: Sat Jun 20 19:05:33 2026
    ** Copyright 1986-2022 Xilinx, Inc. All Rights Reserved.
    ** Copyright 2022-2025 Advanced Micro Devices, Inc. All Rights Reserved.

source main_zc702.tcl -notrace
CRITICAL WARNING: [Common 17-1355] You are suppressing all messages of type 'WARNING'. You may potentially disregard important DRC, CDC, and implementation messages that can negatively impact your design.  If this is not desired, please run 'reset_msg_config -suppress -severity {WARNING}' to undo this change.
Command: link_design -top main_zc702 -part xc7z020clg484-1
Design is defaulting to srcset: sources_1
Design is defaulting to constrset: constrs_1
INFO: [Device 21-403] Loading part xc7z020clg484-1
INFO: [Project 1-5699] Read binary netlist with skipMacroContent - 1
INFO: [Project 1-454] Reading design checkpoint '/home/eslam-elshokafy/Desktop/AIDAChip_Workshop_01/ztachip/HW/examples/ZC702/ztachip_zc702.gen/sources_1/ip/clk_mmcm/clk_mmcm.dcp' for cell 'clk_mmcm_inst'
INFO: [Project 1-454] Reading design checkpoint '/home/eslam-elshokafy/Desktop/AIDAChip_Workshop_01/ztachip/HW/examples/ZC702/ztachip_zc702.gen/sources_1/ip/float_addsub/float_addsub.dcp' for cell 'soc_base_inst/ztachip_inst/GEN1.fpu_i/falu_vector_i/GEN_FPU[0].falu_core_i/falu2_i/sum_1/float_addsub_inst'
INFO: [Project 1-454] Reading design checkpoint '/home/eslam-elshokafy/Desktop/AIDAChip_Workshop_01/ztachip/HW/examples/ZC702/ztachip_zc702.gen/sources_1/ip/float_mul/float_mul.dcp' for cell 'soc_base_inst/ztachip_inst/GEN1.fpu_i/falu_vector_i/GEN_FPU[0].falu_core_i/falu_i/stage_1/float_mul_inst'
Netlist sorting complete. Time (s): cpu = 00:00:00.56 ; elapsed = 00:00:00.57 . Memory (MB): peak = 1937.551 ; gain = 0.000 ; free physical = 9028 ; free virtual = 14068
INFO: [Netlist 29-17] Analyzing 3547 Unisim elements for replacement
INFO: [Netlist 29-28] Unisim Transformation completed in 0 CPU seconds
INFO: [Project 1-479] Netlist was created with Vivado 2025.2
INFO: [Project 1-570] Preparing netlist for logic optimization
Parsing XDC File [/home/eslam-elshokafy/Desktop/AIDAChip_Workshop_01/ztachip/HW/examples/ZC702/ztachip_zc702.gen/sources_1/ip/clk_mmcm/clk_mmcm_board.xdc] for cell 'clk_mmcm_inst/inst'
Finished Parsing XDC File [/home/eslam-elshokafy/Desktop/AIDAChip_Workshop_01/ztachip/HW/examples/ZC702/ztachip_zc702.gen/sources_1/ip/clk_mmcm/clk_mmcm_board.xdc] for cell 'clk_mmcm_inst/inst'
Parsing XDC File [/home/eslam-elshokafy/Desktop/AIDAChip_Workshop_01/ztachip/HW/examples/ZC702/ztachip_zc702.gen/sources_1/ip/clk_mmcm/clk_mmcm.xdc] for cell 'clk_mmcm_inst/inst'
Finished Parsing XDC File [/home/eslam-elshokafy/Desktop/AIDAChip_Workshop_01/ztachip/HW/examples/ZC702/ztachip_zc702.gen/sources_1/ip/clk_mmcm/clk_mmcm.xdc] for cell 'clk_mmcm_inst/inst'
Parsing XDC File [/home/eslam-elshokafy/Desktop/AIDAChip_Workshop_01/ztachip/HW/examples/ZC702/ztachip_zc702.gen/sources_1/bd/zynq_system/ip/zynq_system_processing_system7_0_0/zynq_system_processing_system7_0_0.xdc] for cell 'ps_inst/zynq_system_i/processing_system7_0/inst'
Finished Parsing XDC File [/home/eslam-elshokafy/Desktop/AIDAChip_Workshop_01/ztachip/HW/examples/ZC702/ztachip_zc702.gen/sources_1/bd/zynq_system/ip/zynq_system_processing_system7_0_0/zynq_system_processing_system7_0_0.xdc] for cell 'ps_inst/zynq_system_i/processing_system7_0/inst'
Parsing XDC File [/home/eslam-elshokafy/Desktop/AIDAChip_Workshop_01/ztachip/HW/examples/ZC702/main_zc702.xdc]
Finished Parsing XDC File [/home/eslam-elshokafy/Desktop/AIDAChip_Workshop_01/ztachip/HW/examples/ZC702/main_zc702.xdc]
INFO: [Project 1-538] Using original IP XDC constraints instead of the XDC constraints in dcp '/home/eslam-elshokafy/Desktop/AIDAChip_Workshop_01/ztachip/HW/examples/ZC702/ztachip_zc702.gen/sources_1/ip/clk_mmcm/clk_mmcm.dcp'
INFO: [Project 1-1714] 97 XPM XDC files have been applied to the design.
INFO: [Opt 31-138] Pushed 0 inverter(s) to 0 load pin(s).
INFO: [Project 1-1687] 5 scoped IP constraints or related sub-commands were skipped due to synthesis logic optimizations usually triggered by constant connectivity or unconnected output pins. To review the skipped constraints and messages, run the command 'set_param netlist.IPMsgFiltering false' before opening the design.
Netlist sorting complete. Time (s): cpu = 00:00:00.01 ; elapsed = 00:00:00.01 . Memory (MB): peak = 2781.484 ; gain = 0.000 ; free physical = 8334 ; free virtual = 13395
INFO: [Project 1-111] Unisim Transformation Summary:
  A total of 99 instances were transformed.
  RAM32M => RAM32M (RAMD32(x6), RAMS32(x2)): 92 instances
  RAM32X1D => RAM32X1D (RAMD32(x2)): 7 instances

14 Infos, 0 Warnings, 1 Critical Warnings and 0 Errors encountered.
link_design completed successfully
link_design: Time (s): cpu = 00:00:22 ; elapsed = 00:00:18 . Memory (MB): peak = 2781.520 ; gain = 1161.672 ; free physical = 8334 ; free virtual = 13394
Command: opt_design
Attempting to get a license for feature 'Implementation' and/or device 'xc7z020'
INFO: [Common 17-349] Got license for feature 'Implementation' and/or device 'xc7z020'
Running DRC as a precondition to command opt_design

Starting DRC Task
INFO: [DRC 23-27] Running DRC with 8 threads
INFO: [Project 1-461] DRC finished with 0 Errors
INFO: [Project 1-462] Please refer to the DRC report (report_drc) for more information.

Time (s): cpu = 00:00:01 ; elapsed = 00:00:00.38 . Memory (MB): peak = 2781.520 ; gain = 0.000 ; free physical = 8331 ; free virtual = 13394

Starting Cache Timing Information Task
INFO: [Timing 38-35] Done setting XDC timing constraints.
Ending Cache Timing Information Task | Checksum: 1b14df025

Time (s): cpu = 00:00:04 ; elapsed = 00:00:01 . Memory (MB): peak = 2781.520 ; gain = 0.000 ; free physical = 8185 ; free virtual = 13248

Starting Logic Optimization Task

Phase 1 Initialization

Phase 1.1 Core Generation And Design Setup
Phase 1.1 Core Generation And Design Setup | Checksum: 1b14df025

Time (s): cpu = 00:00:00.08 ; elapsed = 00:00:00.07 . Memory (MB): peak = 3120.297 ; gain = 0.000 ; free physical = 7727 ; free virtual = 12793

Phase 1.2 Setup Constraints And Sort Netlist
Phase 1.2 Setup Constraints And Sort Netlist | Checksum: 1b14df025

Time (s): cpu = 00:00:00.11 ; elapsed = 00:00:00.1 . Memory (MB): peak = 3120.297 ; gain = 0.000 ; free physical = 7727 ; free virtual = 12793
Phase 1 Initialization | Checksum: 1b14df025

Time (s): cpu = 00:00:00.11 ; elapsed = 00:00:00.11 . Memory (MB): peak = 3120.297 ; gain = 0.000 ; free physical = 7727 ; free virtual = 12793

Phase 2 Timer Update And Timing Data Collection

Phase 2.1 Detect if minReqCache needed
Phase 2.1 Detect if minReqCache needed | Checksum: 1b14df025

Time (s): cpu = 00:00:00.15 ; elapsed = 00:00:00.15 . Memory (MB): peak = 3139.266 ; gain = 18.969 ; free physical = 7704 ; free virtual = 12770

Phase 2.2 Timer Update
Phase 2.2 Timer Update | Checksum: 1b14df025

Time (s): cpu = 00:00:03 ; elapsed = 00:00:00.88 . Memory (MB): peak = 3139.266 ; gain = 18.969 ; free physical = 7708 ; free virtual = 12774

Phase 2.3 Timing Data Collection
Phase 2.3 Timing Data Collection | Checksum: 1b14df025

Time (s): cpu = 00:00:03 ; elapsed = 00:00:00.92 . Memory (MB): peak = 3139.266 ; gain = 18.969 ; free physical = 7700 ; free virtual = 12766
Phase 2 Timer Update And Timing Data Collection | Checksum: 1b14df025

Time (s): cpu = 00:00:03 ; elapsed = 00:00:00.92 . Memory (MB): peak = 3139.266 ; gain = 18.969 ; free physical = 7700 ; free virtual = 12766

Phase 3 Retarget
INFO: [Opt 31-1851] Number of loadless carry chains removed were: 0
INFO: [Opt 31-1834] Total Chains To Be Transformed Were: 0 AND Number of Transformed insts Created are: 0
INFO: [Opt 31-1566] Pulled 23 inverters resulting in an inversion of 552 pins
INFO: [Opt 31-138] Pushed 14 inverter(s) to 146 load pin(s).
INFO: [Opt 31-49] Retargeted 0 cell(s).
Phase 3 Retarget | Checksum: 1f8128620

Time (s): cpu = 00:00:05 ; elapsed = 00:00:02 . Memory (MB): peak = 3139.266 ; gain = 18.969 ; free physical = 7705 ; free virtual = 12771
Retarget | Checksum: 1f8128620
INFO: [Opt 31-389] Phase Retarget created 237 cells and removed 320 cells
INFO: [Opt 31-1021] In phase Retarget, 6 netlist objects are constrained preventing optimization. Please run opt_design with -debug_log to get more detail. 

Phase 4 Constant propagation
INFO: [Opt 31-138] Pushed 0 inverter(s) to 0 load pin(s).
Phase 4 Constant propagation | Checksum: 2191a9707

Time (s): cpu = 00:00:05 ; elapsed = 00:00:03 . Memory (MB): peak = 3139.266 ; gain = 18.969 ; free physical = 7705 ; free virtual = 12771
Constant propagation | Checksum: 2191a9707
INFO: [Opt 31-389] Phase Constant propagation created 124 cells and removed 154 cells

Phase 5 Sweep
INFO: [Constraints 18-11670] Building netlist checker database with flags, 0x8
Done building netlist checker database: Time (s): cpu = 00:00:00.02 ; elapsed = 00:00:00.02 . Memory (MB): peak = 3139.266 ; gain = 0.000 ; free physical = 7705 ; free virtual = 12771
INFO: [Constraints 18-11670] Building netlist checker database with flags, 0x8
Done building netlist checker database: Time (s): cpu = 00:00:00.02 ; elapsed = 00:00:00.01 . Memory (MB): peak = 3139.266 ; gain = 0.000 ; free physical = 7708 ; free virtual = 12774
Phase 5 Sweep | Checksum: 27e8ef0b8

Time (s): cpu = 00:00:06 ; elapsed = 00:00:04 . Memory (MB): peak = 3139.266 ; gain = 18.969 ; free physical = 7713 ; free virtual = 12779
Sweep | Checksum: 27e8ef0b8
INFO: [Opt 31-389] Phase Sweep created 0 cells and removed 172 cells

Phase 6 BUFG optimization
INFO: [Opt 31-129] Inserted BUFG to drive high-fanout reset|set|enable net. BUFG cell: ps_inst/PS7_i_0_BUFG_inst, Net: ps_inst/PS7_i_0
Phase 6 BUFG optimization | Checksum: 1e191116e

Time (s): cpu = 00:00:07 ; elapsed = 00:00:04 . Memory (MB): peak = 3171.281 ; gain = 50.984 ; free physical = 7712 ; free virtual = 12779
BUFG optimization | Checksum: 1e191116e
INFO: [Opt 31-662] Phase BUFG optimization created 1 cells of which 1 are BUFGs and removed 1 cells.

Phase 7 Shift Register Optimization
INFO: [Opt 31-1064] SRL Remap converted 0 SRLs to 0 registers and converted 0 registers of register chains to 0 SRLs
Phase 7 Shift Register Optimization | Checksum: 1e191116e

Time (s): cpu = 00:00:07 ; elapsed = 00:00:04 . Memory (MB): peak = 3171.281 ; gain = 50.984 ; free physical = 7712 ; free virtual = 12779
Shift Register Optimization | Checksum: 1e191116e
INFO: [Opt 31-389] Phase Shift Register Optimization created 0 cells and removed 0 cells

Phase 8 Post Processing Netlist
Phase 8 Post Processing Netlist | Checksum: 299982862

Time (s): cpu = 00:00:08 ; elapsed = 00:00:05 . Memory (MB): peak = 3171.281 ; gain = 50.984 ; free physical = 7712 ; free virtual = 12779
Post Processing Netlist | Checksum: 299982862
INFO: [Opt 31-389] Phase Post Processing Netlist created 0 cells and removed 0 cells

Phase 9 Finalization

Phase 9.1 Finalizing Design Cores and Updating Shapes
Phase 9.1 Finalizing Design Cores and Updating Shapes | Checksum: 1fceef62b

Time (s): cpu = 00:00:10 ; elapsed = 00:00:06 . Memory (MB): peak = 3171.281 ; gain = 50.984 ; free physical = 7720 ; free virtual = 12786

Phase 9.2 Verifying Netlist Connectivity

Starting Connectivity Check Task

Time (s): cpu = 00:00:00.1 ; elapsed = 00:00:00.11 . Memory (MB): peak = 3171.281 ; gain = 0.000 ; free physical = 7720 ; free virtual = 12786
Phase 9.2 Verifying Netlist Connectivity | Checksum: 1fceef62b

Time (s): cpu = 00:00:10 ; elapsed = 00:00:06 . Memory (MB): peak = 3171.281 ; gain = 50.984 ; free physical = 7720 ; free virtual = 12786
Phase 9 Finalization | Checksum: 1fceef62b

Time (s): cpu = 00:00:10 ; elapsed = 00:00:06 . Memory (MB): peak = 3171.281 ; gain = 50.984 ; free physical = 7720 ; free virtual = 12786
Opt_design Change Summary
=========================


-------------------------------------------------------------------------------------------------------------------------
|  Phase                        |  #Cells created  |  #Cells Removed  |  #Constrained objects preventing optimizations  |
-------------------------------------------------------------------------------------------------------------------------
|  Retarget                     |             237  |             320  |                                              6  |
|  Constant propagation         |             124  |             154  |                                              0  |
|  Sweep                        |               0  |             172  |                                              0  |
|  BUFG optimization            |               1  |               1  |                                              0  |
|  Shift Register Optimization  |               0  |               0  |                                              0  |
|  Post Processing Netlist      |               0  |               0  |                                              0  |
-------------------------------------------------------------------------------------------------------------------------


Ending Logic Optimization Task | Checksum: 1fceef62b

Time (s): cpu = 00:00:10 ; elapsed = 00:00:06 . Memory (MB): peak = 3171.281 ; gain = 50.984 ; free physical = 7720 ; free virtual = 12786

Starting Power Optimization Task
INFO: [Pwropt 34-132] Skipping clock gating for clocks with a period < 2.00 ns.
INFO: [Timing 38-35] Done setting XDC timing constraints.
Running Vector-less Activity Propagation...
INFO: [Pwropt 34-9] Applying IDT optimizations ...
INFO: [Pwropt 34-10] Applying ODC optimizations ...

Finished Running Vector-less Activity Propagation


Starting PowerOpt Patch Enables Task
INFO: [Pwropt 34-162] WRITE_MODE attribute of 0 BRAM(s) out of a total of 155 has been updated to save power. Run report_power_opt to get a complete listing of the BRAMs updated.
INFO: [Pwropt 34-201] Structural ODC has moved 6 WE to EN ports
Number of BRAM Ports augmented: 16 newly gated: 34 Total Ports: 310
Ending PowerOpt Patch Enables Task | Checksum: 1dc0f9464

Time (s): cpu = 00:00:00.56 ; elapsed = 00:00:00.5 . Memory (MB): peak = 3506.977 ; gain = 0.000 ; free physical = 7484 ; free virtual = 12556
Ending Power Optimization Task | Checksum: 1dc0f9464

Time (s): cpu = 00:00:26 ; elapsed = 00:00:11 . Memory (MB): peak = 3506.977 ; gain = 335.695 ; free physical = 7486 ; free virtual = 12558

Starting Final Cleanup Task

Starting Logic Optimization Task
INFO: [Timing 38-35] Done setting XDC timing constraints.
Ending Logic Optimization Task | Checksum: 233736a9b

Time (s): cpu = 00:00:09 ; elapsed = 00:00:04 . Memory (MB): peak = 3506.977 ; gain = 0.000 ; free physical = 7487 ; free virtual = 12559
Ending Final Cleanup Task | Checksum: 233736a9b

Time (s): cpu = 00:00:11 ; elapsed = 00:00:06 . Memory (MB): peak = 3506.977 ; gain = 0.000 ; free physical = 7487 ; free virtual = 12559
Netlist sorting complete. Time (s): cpu = 00:00:00.02 ; elapsed = 00:00:00.01 . Memory (MB): peak = 3506.977 ; gain = 0.000 ; free physical = 7487 ; free virtual = 12559
INFO: [Common 17-83] Releasing license: Implementation
44 Infos, 0 Warnings, 1 Critical Warnings and 0 Errors encountered.
opt_design completed successfully
opt_design: Time (s): cpu = 00:00:54 ; elapsed = 00:00:28 . Memory (MB): peak = 3506.977 ; gain = 725.457 ; free physical = 7487 ; free virtual = 12559
INFO: [Vivado 12-24828] Executing command : report_drc -file main_zc702_drc_opted.rpt -pb main_zc702_drc_opted.pb -rpx main_zc702_drc_opted.rpx
Command: report_drc -file main_zc702_drc_opted.rpt -pb main_zc702_drc_opted.pb -rpx main_zc702_drc_opted.rpx
INFO: [IP_Flow 19-1839] IP Catalog is up to date.
INFO: [DRC 23-27] Running DRC with 8 threads
INFO: [Vivado_Tcl 2-168] The results of DRC are in file /home/eslam-elshokafy/Desktop/AIDAChip_Workshop_01/ztachip/HW/examples/ZC702/ztachip_zc702.runs/impl_1/main_zc702_drc_opted.rpt.
report_drc completed successfully
INFO: [Timing 38-480] Writing timing data to binary archive.
Wrote PlaceDB: Time (s): cpu = 00:00:00 ; elapsed = 00:00:00 . Memory (MB): peak = 3506.977 ; gain = 0.000 ; free physical = 7495 ; free virtual = 12571
Wrote PulsedLatchDB: Time (s): cpu = 00:00:00 ; elapsed = 00:00:00 . Memory (MB): peak = 3506.977 ; gain = 0.000 ; free physical = 7495 ; free virtual = 12571
Writing XDEF routing.
Writing XDEF routing logical nets.
Write ShapeDB Complete: Time (s): cpu = 00:00:00.42 ; elapsed = 00:00:00.09 . Memory (MB): peak = 3506.977 ; gain = 0.000 ; free physical = 7493 ; free virtual = 12576
Writing XDEF routing special nets.
Wrote RouteStorage: Time (s): cpu = 00:00:00.63 ; elapsed = 00:00:00.14 . Memory (MB): peak = 3506.977 ; gain = 0.000 ; free physical = 7489 ; free virtual = 12576
Wrote PlaceStorage: Time (s): cpu = 00:00:00.02 ; elapsed = 00:00:00.01 . Memory (MB): peak = 3506.977 ; gain = 0.000 ; free physical = 7489 ; free virtual = 12576
Wrote Netlist Cache: Time (s): cpu = 00:00:00 ; elapsed = 00:00:00 . Memory (MB): peak = 3506.977 ; gain = 0.000 ; free physical = 7489 ; free virtual = 12576
Wrote Device Cache: Time (s): cpu = 00:00:00.02 ; elapsed = 00:00:00.01 . Memory (MB): peak = 3506.977 ; gain = 0.000 ; free physical = 7489 ; free virtual = 12577
Write Physdb Complete: Time (s): cpu = 00:00:00.69 ; elapsed = 00:00:00.16 . Memory (MB): peak = 3506.977 ; gain = 0.000 ; free physical = 7489 ; free virtual = 12577
