#-----------------------------------------------------------
# Vivado v2025.2 (64-bit)
# SW Build 6299465 on Fri Nov 14 12:34:56 MST 2025
# IP Build 6300035 on Fri Nov 14 10:48:45 MST 2025
# SharedData Build 6298862 on Thu Nov 13 04:50:51 MST 2025
# Start of session at: Sat Jun 20 19:11:08 2026
# Process ID         : 90205
# Current directory  : /home/eslam-elshokafy/Desktop/AIDAChip_Workshop_01/ztachip/HW/examples/ZC702
# Command line       : vivado
# Log file           : /home/eslam-elshokafy/Desktop/AIDAChip_Workshop_01/ztachip/HW/examples/ZC702/vivado.log
# Journal file       : /home/eslam-elshokafy/Desktop/AIDAChip_Workshop_01/ztachip/HW/examples/ZC702/vivado.jou
# Running On         : eslam-elshokafy-Dell-G15-5511
# Platform           : Ubuntu
# Operating System   : Ubuntu 24.04.4 LTS
# Processor Detail   : 11th Gen Intel(R) Core(TM) i5-11400H @ 2.70GHz
# CPU Frequency      : 800.000 MHz
# CPU Physical cores : 6
# CPU Logical cores  : 12
# Host memory        : 16485 MB
# Swap memory        : 4294 MB
# Total Virtual      : 20780 MB
# Available Virtual  : 18498 MB
#-----------------------------------------------------------
start_gui
WARNING: [Board 49-26] cannot add Board Part xilinx.com:emb-plus-vpr-4616:part0:1.0 available at /home/eslam-elshokafy/Xilinx/2025.2/data/xhub/boards/XilinxBoardStore/boards/Xilinx/emb-plus-vpr-4616/1.0/board.xml as part xcve2302-sfva784-2mp-e-s specified in board_part file is either invalid or not available
WARNING: [Board 49-26] cannot add Board Part xilinx.com:emb-plus-vpr-4616:part0:1.1 available at /home/eslam-elshokafy/Xilinx/2025.2/data/xhub/boards/XilinxBoardStore/boards/Xilinx/emb-plus-vpr-4616/1.1/board.xml as part xcve2302-sfva784-2mp-e-s specified in board_part file is either invalid or not available
WARNING: [Board 49-26] cannot add Board Part xilinx.com:k24c:part0:1.0 available at /home/eslam-elshokafy/Xilinx/2025.2/data/xhub/boards/XilinxBoardStore/boards/Xilinx/k24c/1.0/board.xml as part xck24-ubva530-2lv-c specified in board_part file is either invalid or not available
WARNING: [Board 49-26] cannot add Board Part xilinx.com:k24c:part0:1.1 available at /home/eslam-elshokafy/Xilinx/2025.2/data/xhub/boards/XilinxBoardStore/boards/Xilinx/k24c/1.1/board.xml as part xck24-ubva530-2lv-c specified in board_part file is either invalid or not available
WARNING: [Board 49-26] cannot add Board Part xilinx.com:k24i:part0:1.0 available at /home/eslam-elshokafy/Xilinx/2025.2/data/xhub/boards/XilinxBoardStore/boards/Xilinx/k24i/1.0/board.xml as part xck24-ubva530-2lvi-i specified in board_part file is either invalid or not available
WARNING: [Board 49-26] cannot add Board Part xilinx.com:k26c:part0:1.2 available at /home/eslam-elshokafy/Xilinx/2025.2/data/xhub/boards/XilinxBoardStore/boards/Xilinx/k26c/1.2/board.xml as part xck26-sfvc784-2lv-c specified in board_part file is either invalid or not available
WARNING: [Board 49-26] cannot add Board Part xilinx.com:k26c:part0:1.3 available at /home/eslam-elshokafy/Xilinx/2025.2/data/xhub/boards/XilinxBoardStore/boards/Xilinx/k26c/1.3/board.xml as part xck26-sfvc784-2lv-c specified in board_part file is either invalid or not available
WARNING: [Board 49-26] cannot add Board Part xilinx.com:k26c:part0:1.4 available at /home/eslam-elshokafy/Xilinx/2025.2/data/xhub/boards/XilinxBoardStore/boards/Xilinx/k26c/1.4/board.xml as part xck26-sfvc784-2lv-c specified in board_part file is either invalid or not available
WARNING: [Board 49-26] cannot add Board Part xilinx.com:k26i:part0:1.2 available at /home/eslam-elshokafy/Xilinx/2025.2/data/xhub/boards/XilinxBoardStore/boards/Xilinx/k26i/1.2/board.xml as part xck26-sfvc784-2lvi-i specified in board_part file is either invalid or not available
WARNING: [Board 49-26] cannot add Board Part xilinx.com:k26i:part0:1.3 available at /home/eslam-elshokafy/Xilinx/2025.2/data/xhub/boards/XilinxBoardStore/boards/Xilinx/k26i/1.3/board.xml as part xck26-sfvc784-2lvi-i specified in board_part file is either invalid or not available
WARNING: [Board 49-26] cannot add Board Part xilinx.com:k26i:part0:1.4 available at /home/eslam-elshokafy/Xilinx/2025.2/data/xhub/boards/XilinxBoardStore/boards/Xilinx/k26i/1.4/board.xml as part xck26-sfvc784-2lvi-i specified in board_part file is either invalid or not available
WARNING: [Board 49-26] cannot add Board Part xilinx.com:kc705:part0:1.6 available at /home/eslam-elshokafy/Xilinx/2025.2/data/xhub/boards/XilinxBoardStore/boards/Xilinx/kc705/1.6/board.xml as part xc7k325tffg900-2 specified in board_part file is either invalid or not available
WARNING: [Board 49-26] cannot add Board Part xilinx.com:kc705:part0:1.7 available at /home/eslam-elshokafy/Xilinx/2025.2/data/xhub/boards/XilinxBoardStore/boards/Xilinx/kc705/1.7/board.xml as part xc7k325tffg900-2 specified in board_part file is either invalid or not available
WARNING: [Board 49-26] cannot add Board Part xilinx.com:kcu105:part0:1.6 available at /home/eslam-elshokafy/Xilinx/2025.2/data/xhub/boards/XilinxBoardStore/boards/Xilinx/kcu105/1.6/board.xml as part xcku040-ffva1156-2-e specified in board_part file is either invalid or not available
WARNING: [Board 49-26] cannot add Board Part xilinx.com:kcu105:part0:1.7 available at /home/eslam-elshokafy/Xilinx/2025.2/data/xhub/boards/XilinxBoardStore/boards/Xilinx/kcu105/1.7/board.xml as part xcku040-ffva1156-2-e specified in board_part file is either invalid or not available
WARNING: [Board 49-26] cannot add Board Part xilinx.com:kcu116:part0:1.4 available at /home/eslam-elshokafy/Xilinx/2025.2/data/xhub/boards/XilinxBoardStore/boards/Xilinx/kcu116/1.4/board.xml as part xcku5p-ffvb676-2-e specified in board_part file is either invalid or not available
WARNING: [Board 49-26] cannot add Board Part xilinx.com:kcu116:part0:1.5 available at /home/eslam-elshokafy/Xilinx/2025.2/data/xhub/boards/XilinxBoardStore/boards/Xilinx/kcu116/1.5/board.xml as part xcku5p-ffvb676-2-e specified in board_part file is either invalid or not available
WARNING: [Board 49-26] cannot add Board Part xilinx.com:kcu1500:part0:1.2 available at /home/eslam-elshokafy/Xilinx/2025.2/data/xhub/boards/XilinxBoardStore/boards/Xilinx/kcu1500/1.2/board.xml as part xcku115-flvb2104-2-e specified in board_part file is either invalid or not available
WARNING: [Board 49-26] cannot add Board Part xilinx.com:kd240_som:part0:1.0 available at /home/eslam-elshokafy/Xilinx/2025.2/data/xhub/boards/XilinxBoardStore/boards/Xilinx/kd240_som/1.0/board.xml as part xck24-ubva530-2lv-c specified in board_part file is either invalid or not available
WARNING: [Board 49-26] cannot add Board Part xilinx.com:kd240_som:part0:1.1 available at /home/eslam-elshokafy/Xilinx/2025.2/data/xhub/boards/XilinxBoardStore/boards/Xilinx/kd240_som/1.1/board.xml as part xck24-ubva530-2lv-c specified in board_part file is either invalid or not available
WARNING: [Board 49-26] cannot add Board Part xilinx.com:kr260_som:part0:1.0 available at /home/eslam-elshokafy/Xilinx/2025.2/data/xhub/boards/XilinxBoardStore/boards/Xilinx/kr260_som/1.0/board.xml as part xck26-sfvc784-2lv-c specified in board_part file is either invalid or not available
WARNING: [Board 49-26] cannot add Board Part xilinx.com:kr260_som:part0:1.1 available at /home/eslam-elshokafy/Xilinx/2025.2/data/xhub/boards/XilinxBoardStore/boards/Xilinx/kr260_som/1.1/board.xml as part xck26-sfvc784-2lv-c specified in board_part file is either invalid or not available
WARNING: [Board 49-26] cannot add Board Part xilinx.com:kv260_som:part0:1.2 available at /home/eslam-elshokafy/Xilinx/2025.2/data/xhub/boards/XilinxBoardStore/boards/Xilinx/kv260_som/1.2/board.xml as part xck26-sfvc784-2lv-c specified in board_part file is either invalid or not available
WARNING: [Board 49-26] cannot add Board Part xilinx.com:kv260_som:part0:1.3 available at /home/eslam-elshokafy/Xilinx/2025.2/data/xhub/boards/XilinxBoardStore/boards/Xilinx/kv260_som/1.3/board.xml as part xck26-sfvc784-2lv-c specified in board_part file is either invalid or not available
WARNING: [Board 49-26] cannot add Board Part xilinx.com:kv260_som:part0:1.4 available at /home/eslam-elshokafy/Xilinx/2025.2/data/xhub/boards/XilinxBoardStore/boards/Xilinx/kv260_som/1.4/board.xml as part xck26-sfvc784-2lv-c specified in board_part file is either invalid or not available
WARNING: [Board 49-26] cannot add Board Part xilinx.com:scu35:part0:1.0 available at /home/eslam-elshokafy/Xilinx/2025.2/data/xhub/boards/XilinxBoardStore/boards/Xilinx/scu35/1.0/board.xml as part xcsu35p-sbvb625-2-e specified in board_part file is either invalid or not available
WARNING: [Board 49-26] cannot add Board Part xilinx.com:sp701:part0:1.0 available at /home/eslam-elshokafy/Xilinx/2025.2/data/xhub/boards/XilinxBoardStore/boards/Xilinx/sp701/1.0/board.xml as part xc7s100fgga676-2 specified in board_part file is either invalid or not available
WARNING: [Board 49-26] cannot add Board Part xilinx.com:sp701:part0:1.1 available at /home/eslam-elshokafy/Xilinx/2025.2/data/xhub/boards/XilinxBoardStore/boards/Xilinx/sp701/1.1/board.xml as part xc7s100fgga676-2 specified in board_part file is either invalid or not available
WARNING: [Board 49-26] cannot add Board Part xilinx.com:v80:part0:1.0 available at /home/eslam-elshokafy/Xilinx/2025.2/data/xhub/boards/XilinxBoardStore/boards/Xilinx/v80/1.0/board.xml as part xcv80-lsva4737-2mhp-e-s specified in board_part file is either invalid or not available
WARNING: [Board 49-26] cannot add Board Part xilinx.com:vc707:part0:1.4 available at /home/eslam-elshokafy/Xilinx/2025.2/data/xhub/boards/XilinxBoardStore/boards/Xilinx/vc707/1.4/board.xml as part xc7vx485tffg1761-2 specified in board_part file is either invalid or not available
WARNING: [Board 49-26] cannot add Board Part xilinx.com:vc707:part0:1.5 available at /home/eslam-elshokafy/Xilinx/2025.2/data/xhub/boards/XilinxBoardStore/boards/Xilinx/vc707/1.5/board.xml as part xc7vx485tffg1761-2 specified in board_part file is either invalid or not available
WARNING: [Board 49-26] cannot add Board Part xilinx.com:vc709:part0:1.8 available at /home/eslam-elshokafy/Xilinx/2025.2/data/xhub/boards/XilinxBoardStore/boards/Xilinx/vc709/1.8/board.xml as part xc7vx690tffg1761-2 specified in board_part file is either invalid or not available
WARNING: [Board 49-26] cannot add Board Part xilinx.com:vck190:part0:2.2 available at /home/eslam-elshokafy/Xilinx/2025.2/data/xhub/boards/XilinxBoardStore/boards/Xilinx/vck190/production/2.2/board.xml as part xcvc1902-vsva2197-2mp-e-s specified in board_part file is either invalid or not available
WARNING: [Board 49-26] cannot add Board Part xilinx.com:vck190:part0:3.0 available at /home/eslam-elshokafy/Xilinx/2025.2/data/xhub/boards/XilinxBoardStore/boards/Xilinx/vck190/production/3.0/board.xml as part xcvc1902-vsva2197-2mp-e-s specified in board_part file is either invalid or not available
WARNING: [Board 49-26] cannot add Board Part xilinx.com:vck190:part0:3.1 available at /home/eslam-elshokafy/Xilinx/2025.2/data/xhub/boards/XilinxBoardStore/boards/Xilinx/vck190/production/3.1/board.xml as part xcvc1902-vsva2197-2mp-e-s specified in board_part file is either invalid or not available
WARNING: [Board 49-26] cannot add Board Part xilinx.com:vck190:part0:3.2 available at /home/eslam-elshokafy/Xilinx/2025.2/data/xhub/boards/XilinxBoardStore/boards/Xilinx/vck190/production/3.2/board.xml as part xcvc1902-vsva2197-2mp-e-s specified in board_part file is either invalid or not available
WARNING: [Board 49-26] cannot add Board Part xilinx.com:vck190:part0:3.3 available at /home/eslam-elshokafy/Xilinx/2025.2/data/xhub/boards/XilinxBoardStore/boards/Xilinx/vck190/production/3.3/board.xml as part xcvc1902-vsva2197-2mp-e-s specified in board_part file is either invalid or not available
WARNING: [Board 49-26] cannot add Board Part xilinx.com:vck190:part0:3.4 available at /home/eslam-elshokafy/Xilinx/2025.2/data/xhub/boards/XilinxBoardStore/boards/Xilinx/vck190/production/3.4/board.xml as part xcvc1902-vsva2197-2mp-e-s specified in board_part file is either invalid or not available
WARNING: [Board 49-26] cannot add Board Part xilinx.com:vck190_newl:part0:1.0 available at /home/eslam-elshokafy/Xilinx/2025.2/data/xhub/boards/XilinxBoardStore/boards/Xilinx/vck190_newl/production/1.0/board.xml as part xcvc1902-vsva2197-2mp-e-s specified in board_part file is either invalid or not available
WARNING: [Board 49-26] cannot add Board Part xilinx.com:vck190_newl:part0:1.1 available at /home/eslam-elshokafy/Xilinx/2025.2/data/xhub/boards/XilinxBoardStore/boards/Xilinx/vck190_newl/production/1.1/board.xml as part xcvc1902-vsva2197-2mp-e-s specified in board_part file is either invalid or not available
WARNING: [Board 49-26] cannot add Board Part xilinx.com:vck190_newl:part0:1.2 available at /home/eslam-elshokafy/Xilinx/2025.2/data/xhub/boards/XilinxBoardStore/boards/Xilinx/vck190_newl/production/1.2/board.xml as part xcvc1902-vsva2197-2mp-e-s specified in board_part file is either invalid or not available
WARNING: [Board 49-26] cannot add Board Part xilinx.com:vck190_newl:part0:1.3 available at /home/eslam-elshokafy/Xilinx/2025.2/data/xhub/boards/XilinxBoardStore/boards/Xilinx/vck190_newl/production/1.3/board.xml as part xcvc1902-vsva2197-2mp-e-s specified in board_part file is either invalid or not available
WARNING: [Board 49-26] cannot add Board Part xilinx.com:vcu108:part0:1.6 available at /home/eslam-elshokafy/Xilinx/2025.2/data/xhub/boards/XilinxBoardStore/boards/Xilinx/vcu108/1.6/board.xml as part xcvu095-ffva2104-2-e specified in board_part file is either invalid or not available
WARNING: [Board 49-26] cannot add Board Part xilinx.com:vcu108:part0:1.7 available at /home/eslam-elshokafy/Xilinx/2025.2/data/xhub/boards/XilinxBoardStore/boards/Xilinx/vcu108/1.7/board.xml as part xcvu095-ffva2104-2-e specified in board_part file is either invalid or not available
WARNING: [Board 49-26] cannot add Board Part xilinx.com:vcu110:part0:1.4 available at /home/eslam-elshokafy/Xilinx/2025.2/data/xhub/boards/XilinxBoardStore/boards/Xilinx/vcu110/1.4/board.xml as part xcvu190-flgc2104-2-e specified in board_part file is either invalid or not available
WARNING: [Board 49-26] cannot add Board Part xilinx.com:vcu118:part0:2.0 available at /home/eslam-elshokafy/Xilinx/2025.2/data/xhub/boards/XilinxBoardStore/boards/Xilinx/vcu118/2.0/board.xml as part xcvu9p-flga2104-2l-e specified in board_part file is either invalid or not available
WARNING: [Board 49-26] cannot add Board Part xilinx.com:vcu118:part0:2.3 available at /home/eslam-elshokafy/Xilinx/2025.2/data/xhub/boards/XilinxBoardStore/boards/Xilinx/vcu118/2.3/board.xml as part xcvu9p-flga2104-2l-e specified in board_part file is either invalid or not available
WARNING: [Board 49-26] cannot add Board Part xilinx.com:vcu118:part0:2.4 available at /home/eslam-elshokafy/Xilinx/2025.2/data/xhub/boards/XilinxBoardStore/boards/Xilinx/vcu118/2.4/board.xml as part xcvu9p-flga2104-2l-e specified in board_part file is either invalid or not available
WARNING: [Board 49-26] cannot add Board Part xilinx.com:vcu128:part0:1.0 available at /home/eslam-elshokafy/Xilinx/2025.2/data/xhub/boards/XilinxBoardStore/boards/Xilinx/vcu128/production/1.0/board.xml as part xcvu37p-fsvh2892-2l-e specified in board_part file is either invalid or not available
WARNING: [Board 49-26] cannot add Board Part xilinx.com:vcu129:part0:1.0 available at /home/eslam-elshokafy/Xilinx/2025.2/data/xhub/boards/XilinxBoardStore/boards/Xilinx/vcu129/production/1.0/board.xml as part xcvu29p-fsga2577-2l-e specified in board_part file is either invalid or not available
WARNING: [Board 49-26] cannot add Board Part xilinx.com:vcu1525:part0:1.3 available at /home/eslam-elshokafy/Xilinx/2025.2/data/xhub/boards/XilinxBoardStore/boards/Xilinx/vcu1525/1.3/board.xml as part xcvu9p-fsgd2104-2l-e specified in board_part file is either invalid or not available
WARNING: [Board 49-26] cannot add Board Part xilinx.com:vek280:part0:1.0 available at /home/eslam-elshokafy/Xilinx/2025.2/data/xhub/boards/XilinxBoardStore/boards/Xilinx/vek280/production/1.0/board.xml as part xcve2802-vsvh1760-2mp-e-s specified in board_part file is either invalid or not available
WARNING: [Board 49-26] cannot add Board Part xilinx.com:vek280:part0:1.1 available at /home/eslam-elshokafy/Xilinx/2025.2/data/xhub/boards/XilinxBoardStore/boards/Xilinx/vek280/production/1.1/board.xml as part xcve2802-vsvh1760-2mp-e-s specified in board_part file is either invalid or not available
WARNING: [Board 49-26] cannot add Board Part xilinx.com:vek280:part0:1.2 available at /home/eslam-elshokafy/Xilinx/2025.2/data/xhub/boards/XilinxBoardStore/boards/Xilinx/vek280/production/1.2/board.xml as part xcve2802-vsvh1760-2mp-e-s specified in board_part file is either invalid or not available
WARNING: [Board 49-26] cannot add Board Part xilinx.com:vek385:part0:1.0 available at /home/eslam-elshokafy/Xilinx/2025.2/data/xhub/boards/XilinxBoardStore/boards/Xilinx/vek385/1.0/board.xml as part xc2ve3858-ssva2112-2mp-e-s specified in board_part file is either invalid or not available
WARNING: [Board 49-26] cannot add Board Part xilinx.com:vek385:part0:1.1 available at /home/eslam-elshokafy/Xilinx/2025.2/data/xhub/boards/XilinxBoardStore/boards/Xilinx/vek385/1.1/board.xml as part xc2ve3858-ssva2112-2mp-e-s specified in board_part file is either invalid or not available
WARNING: [Board 49-26] cannot add Board Part xilinx.com:vek385_1:part0:1.0 available at /home/eslam-elshokafy/Xilinx/2025.2/data/xhub/boards/XilinxBoardStore/boards/Xilinx/vek385_2/1.0/board.xml as part xc2ve3858-ssva2112-2mp-e-s specified in board_part file is either invalid or not available
WARNING: [Board 49-26] cannot add Board Part xilinx.com:vermeo_t1_mpsoc:part0:1.0 available at /home/eslam-elshokafy/Xilinx/2025.2/data/xhub/boards/XilinxBoardStore/boards/Xilinx/vermeo_t1_mpsoc/1.0/board.xml as part xczu19eg-ffvd1760-2l-e specified in board_part file is either invalid or not available
WARNING: [Board 49-26] cannot add Board Part xilinx.com:vermeo_t1_rfsoc:part0:1.0 available at /home/eslam-elshokafy/Xilinx/2025.2/data/xhub/boards/XilinxBoardStore/boards/Xilinx/vermeo_t1_rfsoc/1.0/board.xml as part xczu21dr-ffvd1156-2l-e specified in board_part file is either invalid or not available
WARNING: [Board 49-26] cannot add Board Part xilinx.com:vhk158:part0:1.0 available at /home/eslam-elshokafy/Xilinx/2025.2/data/xhub/boards/XilinxBoardStore/boards/Xilinx/vhk158/production/1.0/board.xml as part xcvh1582-vsva3697-2mp-e-s specified in board_part file is either invalid or not available
WARNING: [Board 49-26] cannot add Board Part xilinx.com:vhk158:part0:1.1 available at /home/eslam-elshokafy/Xilinx/2025.2/data/xhub/boards/XilinxBoardStore/boards/Xilinx/vhk158/production/1.1/board.xml as part xcvh1582-vsva3697-2mp-e-s specified in board_part file is either invalid or not available
WARNING: [Board 49-26] cannot add Board Part xilinx.com:vhk158:part0:1.2 available at /home/eslam-elshokafy/Xilinx/2025.2/data/xhub/boards/XilinxBoardStore/boards/Xilinx/vhk158/production/1.2/board.xml as part xcvh1582-vsva3697-2mp-e-s specified in board_part file is either invalid or not available
WARNING: [Board 49-26] cannot add Board Part xilinx.com:vmk180:part0:2.2 available at /home/eslam-elshokafy/Xilinx/2025.2/data/xhub/boards/XilinxBoardStore/boards/Xilinx/vmk180/production/2.2/board.xml as part xcvm1802-vsva2197-2mp-e-s specified in board_part file is either invalid or not available
WARNING: [Board 49-26] cannot add Board Part xilinx.com:vmk180:part0:3.0 available at /home/eslam-elshokafy/Xilinx/2025.2/data/xhub/boards/XilinxBoardStore/boards/Xilinx/vmk180/production/3.0/board.xml as part xcvm1802-vsva2197-2mp-e-s specified in board_part file is either invalid or not available
WARNING: [Board 49-26] cannot add Board Part xilinx.com:vmk180:part0:3.1 available at /home/eslam-elshokafy/Xilinx/2025.2/data/xhub/boards/XilinxBoardStore/boards/Xilinx/vmk180/production/3.1/board.xml as part xcvm1802-vsva2197-2mp-e-s specified in board_part file is either invalid or not available
WARNING: [Board 49-26] cannot add Board Part xilinx.com:vmk180:part0:3.2 available at /home/eslam-elshokafy/Xilinx/2025.2/data/xhub/boards/XilinxBoardStore/boards/Xilinx/vmk180/production/3.2/board.xml as part xcvm1802-vsva2197-2mp-e-s specified in board_part file is either invalid or not available
WARNING: [Board 49-26] cannot add Board Part xilinx.com:vmk180:part0:3.3 available at /home/eslam-elshokafy/Xilinx/2025.2/data/xhub/boards/XilinxBoardStore/boards/Xilinx/vmk180/production/3.3/board.xml as part xcvm1802-vsva2197-2mp-e-s specified in board_part file is either invalid or not available
WARNING: [Board 49-26] cannot add Board Part xilinx.com:vmk180_newl:part0:1.0 available at /home/eslam-elshokafy/Xilinx/2025.2/data/xhub/boards/XilinxBoardStore/boards/Xilinx/vmk180_newl/production/1.0/board.xml as part xcvm1802-vsva2197-2mp-e-s specified in board_part file is either invalid or not available
WARNING: [Board 49-26] cannot add Board Part xilinx.com:vmk180_newl:part0:1.1 available at /home/eslam-elshokafy/Xilinx/2025.2/data/xhub/boards/XilinxBoardStore/boards/Xilinx/vmk180_newl/production/1.1/board.xml as part xcvm1802-vsva2197-2mp-e-s specified in board_part file is either invalid or not available
WARNING: [Board 49-26] cannot add Board Part xilinx.com:vpk120:part0:1.0 available at /home/eslam-elshokafy/Xilinx/2025.2/data/xhub/boards/XilinxBoardStore/boards/Xilinx/vpk120/production/1.0/board.xml as part xcvp1202-vsva2785-2mp-e-s specified in board_part file is either invalid or not available
WARNING: [Board 49-26] cannot add Board Part xilinx.com:vpk120:part0:1.1 available at /home/eslam-elshokafy/Xilinx/2025.2/data/xhub/boards/XilinxBoardStore/boards/Xilinx/vpk120/production/1.1/board.xml as part xcvp1202-vsva2785-2mp-e-s specified in board_part file is either invalid or not available
WARNING: [Board 49-26] cannot add Board Part xilinx.com:vpk120:part0:1.2 available at /home/eslam-elshokafy/Xilinx/2025.2/data/xhub/boards/XilinxBoardStore/boards/Xilinx/vpk120/production/1.2/board.xml as part xcvp1202-vsva2785-2mp-e-s specified in board_part file is either invalid or not available
WARNING: [Board 49-26] cannot add Board Part xilinx.com:vpk180:part0:1.0 available at /home/eslam-elshokafy/Xilinx/2025.2/data/xhub/boards/XilinxBoardStore/boards/Xilinx/vpk180/production/1.0/board.xml as part xcvp1802-lsvc4072-2mp-e-s specified in board_part file is either invalid or not available
WARNING: [Board 49-26] cannot add Board Part xilinx.com:vpk180:part0:1.1 available at /home/eslam-elshokafy/Xilinx/2025.2/data/xhub/boards/XilinxBoardStore/boards/Xilinx/vpk180/production/1.1/board.xml as part xcvp1802-lsvc4072-2mp-e-s specified in board_part file is either invalid or not available
WARNING: [Board 49-26] cannot add Board Part xilinx.com:vpk180:part0:1.2 available at /home/eslam-elshokafy/Xilinx/2025.2/data/xhub/boards/XilinxBoardStore/boards/Xilinx/vpk180/production/1.2/board.xml as part xcvp1802-lsvc4072-2mp-e-s specified in board_part file is either invalid or not available
WARNING: [Board 49-26] cannot add Board Part xilinx.com:vrk160:part0:1.0 available at /home/eslam-elshokafy/Xilinx/2025.2/data/xhub/boards/XilinxBoardStore/boards/Xilinx/vrk160/1.0/board.xml as part xcvr1602-vsva2488-2mp-e-s-es1 specified in board_part file is either invalid or not available
WARNING: [Board 49-26] cannot add Board Part xilinx.com:vrk160:part0:1.1 available at /home/eslam-elshokafy/Xilinx/2025.2/data/xhub/boards/XilinxBoardStore/boards/Xilinx/vrk160/1.1/board.xml as part xcvr1602-vsva2488-2mp-e-s-es1 specified in board_part file is either invalid or not available
WARNING: [Board 49-26] cannot add Board Part xilinx.com:zc706:part0:1.4 available at /home/eslam-elshokafy/Xilinx/2025.2/data/xhub/boards/XilinxBoardStore/boards/Xilinx/zc706/1.4/board.xml as part xc7z045ffg900-2 specified in board_part file is either invalid or not available
WARNING: [Board 49-26] cannot add Board Part xilinx.com:zc706:part0:1.5 available at /home/eslam-elshokafy/Xilinx/2025.2/data/xhub/boards/XilinxBoardStore/boards/Xilinx/zc706/1.5/board.xml as part xc7z045ffg900-2 specified in board_part file is either invalid or not available
WARNING: [Board 49-26] cannot add Board Part xilinx.com:zcu102:part0:3.3 available at /home/eslam-elshokafy/Xilinx/2025.2/data/xhub/boards/XilinxBoardStore/boards/Xilinx/zcu102/3.3/board.xml as part xczu9eg-ffvb1156-2-e specified in board_part file is either invalid or not available
WARNING: [Board 49-26] cannot add Board Part xilinx.com:zcu102:part0:3.4 available at /home/eslam-elshokafy/Xilinx/2025.2/data/xhub/boards/XilinxBoardStore/boards/Xilinx/zcu102/3.4/board.xml as part xczu9eg-ffvb1156-2-e specified in board_part file is either invalid or not available
WARNING: [Board 49-26] cannot add Board Part xilinx.com:zcu104:part0:1.1 available at /home/eslam-elshokafy/Xilinx/2025.2/data/xhub/boards/XilinxBoardStore/boards/Xilinx/zcu104/1.1/board.xml as part xczu7ev-ffvc1156-2-e specified in board_part file is either invalid or not available
WARNING: [Board 49-26] cannot add Board Part xilinx.com:zcu106:part0:2.4 available at /home/eslam-elshokafy/Xilinx/2025.2/data/xhub/boards/XilinxBoardStore/boards/Xilinx/zcu106/2.4/board.xml as part xczu7ev-ffvc1156-2-e specified in board_part file is either invalid or not available
WARNING: [Board 49-26] cannot add Board Part xilinx.com:zcu106:part0:2.5 available at /home/eslam-elshokafy/Xilinx/2025.2/data/xhub/boards/XilinxBoardStore/boards/Xilinx/zcu106/2.5/board.xml as part xczu7ev-ffvc1156-2-e specified in board_part file is either invalid or not available
WARNING: [Board 49-26] cannot add Board Part xilinx.com:zcu106:part0:2.6 available at /home/eslam-elshokafy/Xilinx/2025.2/data/xhub/boards/XilinxBoardStore/boards/Xilinx/zcu106/2.6/board.xml as part xczu7ev-ffvc1156-2-e specified in board_part file is either invalid or not available
WARNING: [Board 49-26] cannot add Board Part xilinx.com:zcu111:part0:1.2 available at /home/eslam-elshokafy/Xilinx/2025.2/data/xhub/boards/XilinxBoardStore/boards/Xilinx/zcu111/1.2/board.xml as part xczu28dr-ffvg1517-2-e specified in board_part file is either invalid or not available
WARNING: [Board 49-26] cannot add Board Part xilinx.com:zcu111:part0:1.3 available at /home/eslam-elshokafy/Xilinx/2025.2/data/xhub/boards/XilinxBoardStore/boards/Xilinx/zcu111/1.3/board.xml as part xczu28dr-ffvg1517-2-e specified in board_part file is either invalid or not available
WARNING: [Board 49-26] cannot add Board Part xilinx.com:zcu111:part0:1.4 available at /home/eslam-elshokafy/Xilinx/2025.2/data/xhub/boards/XilinxBoardStore/boards/Xilinx/zcu111/1.4/board.xml as part xczu28dr-ffvg1517-2-e specified in board_part file is either invalid or not available
WARNING: [Board 49-26] cannot add Board Part xilinx.com:zcu1275:part0:1.0 available at /home/eslam-elshokafy/Xilinx/2025.2/data/xhub/boards/XilinxBoardStore/boards/Xilinx/zcu1275/1.0/board.xml as part xczu29dr-ffvf1760-2-e specified in board_part file is either invalid or not available
WARNING: [Board 49-26] cannot add Board Part xilinx.com:zcu1285:part0:1.0 available at /home/eslam-elshokafy/Xilinx/2025.2/data/xhub/boards/XilinxBoardStore/boards/Xilinx/zcu1285/1.0/board.xml as part xczu39dr-ffvf1760-2-i specified in board_part file is either invalid or not available
WARNING: [Board 49-26] cannot add Board Part xilinx.com:zcu208:part0:2.0 available at /home/eslam-elshokafy/Xilinx/2025.2/data/xhub/boards/XilinxBoardStore/boards/Xilinx/zcu208/production/2.0/board.xml as part xczu48dr-fsvg1517-2-e specified in board_part file is either invalid or not available
WARNING: [Board 49-26] cannot add Board Part xilinx.com:zcu208ld:part0:2.0 available at /home/eslam-elshokafy/Xilinx/2025.2/data/xhub/boards/XilinxBoardStore/boards/Xilinx/zcu208ld/production/2.0/board.xml as part xczu58dr-fsvg1517-2-i specified in board_part file is either invalid or not available
WARNING: [Board 49-26] cannot add Board Part xilinx.com:zcu216:part0:2.0 available at /home/eslam-elshokafy/Xilinx/2025.2/data/xhub/boards/XilinxBoardStore/boards/Xilinx/zcu216/production/2.0/board.xml as part xczu49dr-ffvf1760-2-e specified in board_part file is either invalid or not available
WARNING: [Board 49-26] cannot add Board Part xilinx.com:zcu216ld:part0:2.0 available at /home/eslam-elshokafy/Xilinx/2025.2/data/xhub/boards/XilinxBoardStore/boards/Xilinx/zcu216ld/production/2.0/board.xml as part xczu59dr-ffvf1760-2-i specified in board_part file is either invalid or not available
WARNING: [Board 49-26] cannot add Board Part xilinx.com:zcu670:part0:2.0 available at /home/eslam-elshokafy/Xilinx/2025.2/data/xhub/boards/XilinxBoardStore/boards/Xilinx/zcu670/2.0/board.xml as part xczu67dr-fsve1156-2-i specified in board_part file is either invalid or not available
WARNING: [Board 49-26] cannot add Board Part xilinx.com:zcu670ld:part0:1.0 available at /home/eslam-elshokafy/Xilinx/2025.2/data/xhub/boards/XilinxBoardStore/boards/Xilinx/zcu670ld/1.0/board.xml as part xczu57dr-fsve1156-2-i specified in board_part file is either invalid or not available
source /home/eslam-elshokafy/Desktop/AIDAChip_Workshop_01/ztachip/HW/examples/ZC702/run_pmu_bitstream.tcl
# set ZC702 /home/eslam-elshokafy/Desktop/AIDAChip_Workshop_01/ztachip/HW/examples/ZC702
# set RTL   /home/eslam-elshokafy/Desktop/AIDAChip_Workshop_01/ztachip/HW/src
# set JOBS  2
# puts "INFO: opening existing project (keeps MMCM + jitter)..."
INFO: opening existing project (keeps MMCM + jitter)...
# open_project $ZC702/ztachip_zc702.xpr
Scanning sources...
Finished scanning sources
INFO: [IP_Flow 19-234] Refreshing IP repositories
INFO: [IP_Flow 19-1704] No user IP repositories specified
INFO: [IP_Flow 19-2313] Loaded Vivado IP repository '/home/eslam-elshokafy/Xilinx/2025.2/data/ip'.
# set pmu $RTL/soc/peripherals/pmu.vhd
# if {[llength [get_files -quiet *pmu.vhd]] == 0} {
#    puts "INFO: adding pmu.vhd to the project..."
#    add_files -norecurse $pmu
# } else {
#    puts "INFO: pmu.vhd already in project."
# }
INFO: pmu.vhd already in project.
# update_compile_order -fileset sources_1
# puts "INFO: resetting + launching synthesis (-jobs $JOBS)..."
INFO: resetting + launching synthesis (-jobs 2)...
# reset_run synth_1
# launch_runs synth_1 -jobs $JOBS
INFO: [Vivado 12-4149] The synthesis checkpoint for IP '/home/eslam-elshokafy/Desktop/AIDAChip_Workshop_01/ztachip/HW/examples/ZC702/ztachip_zc702.srcs/sources_1/ip/clk_mmcm/clk_mmcm.xci' is already up-to-date
ERROR: [Common 17-69] Command failed:  Run 'synth_1' needs to be reset before launching. The run can be reset using the Tcl command 'reset_run synth_1'.
update_compile_order -fileset sources_1
reset_run synth_1
INFO: [Project 1-1161] Replacing file /home/eslam-elshokafy/Desktop/AIDAChip_Workshop_01/ztachip/HW/examples/ZC702/ztachip_zc702.srcs/utils_1/imports/synth_1/main_zc702.dcp with file /home/eslam-elshokafy/Desktop/AIDAChip_Workshop_01/ztachip/HW/examples/ZC702/ztachip_zc702.runs/synth_1/main_zc702.dcp
source /home/eslam-elshokafy/Desktop/AIDAChip_Workshop_01/ztachip/HW/examples/ZC702/run_pmu_build_gui.tcl
# set ZC702 /home/eslam-elshokafy/Desktop/AIDAChip_Workshop_01/ztachip/HW/examples/ZC702
# set JOBS  2
# puts "INFO: clearing any interrupted runs..."
INFO: clearing any interrupted runs...
# catch {reset_run impl_1}
# catch {reset_run synth_1}
# puts "INFO: synth_1 status = [get_property STATUS [get_runs synth_1]]"
INFO: synth_1 status = Not started
# puts "INFO: launching synthesis (-jobs $JOBS)..."
INFO: launching synthesis (-jobs 2)...
# launch_runs synth_1 -jobs $JOBS
INFO: [Vivado 12-4149] The synthesis checkpoint for IP '/home/eslam-elshokafy/Desktop/AIDAChip_Workshop_01/ztachip/HW/examples/ZC702/ztachip_zc702.srcs/sources_1/ip/clk_mmcm/clk_mmcm.xci' is already up-to-date
[Sat Jun 20 19:17:06 2026] Launched synth_1...
Run output will be captured here: /home/eslam-elshokafy/Desktop/AIDAChip_Workshop_01/ztachip/HW/examples/ZC702/ztachip_zc702.runs/synth_1/runme.log
# wait_on_run synth_1
[Sat Jun 20 19:17:06 2026] Waiting for synth_1 to finish...
[Sat Jun 20 19:17:11 2026] Waiting for synth_1 to finish...
[Sat Jun 20 19:17:16 2026] Waiting for synth_1 to finish...
[Sat Jun 20 19:17:21 2026] Waiting for synth_1 to finish...
[Sat Jun 20 19:17:31 2026] Waiting for synth_1 to finish...
[Sat Jun 20 19:17:41 2026] Waiting for synth_1 to finish...
[Sat Jun 20 19:17:51 2026] Waiting for synth_1 to finish...
[Sat Jun 20 19:18:01 2026] Waiting for synth_1 to finish...
[Sat Jun 20 19:18:21 2026] Waiting for synth_1 to finish...
[Sat Jun 20 19:18:41 2026] Waiting for synth_1 to finish...
[Sat Jun 20 19:19:01 2026] Waiting for synth_1 to finish...

*** Running vivado
    with args -log main_zc702.vds -m64 -product Vivado -mode batch -messageDb vivado.pb -notrace -source main_zc702.tcl


****** Vivado v2025.2 (64-bit)
  **** SW Build 6299465 on Fri Nov 14 12:34:56 MST 2025
  **** IP Build 6300035 on Fri Nov 14 10:48:45 MST 2025
  **** SharedData Build 6298862 on Thu Nov 13 04:50:51 MST 2025
  **** Start of session at: Sat Jun 20 19:17:09 2026
    ** Copyright 1986-2022 Xilinx, Inc. All Rights Reserved.
    ** Copyright 2022-2025 Advanced Micro Devices, Inc. All Rights Reserved.

source main_zc702.tcl -notrace
CRITICAL WARNING: [Common 17-1355] You are suppressing all messages of type 'WARNING'. You may potentially disregard important DRC, CDC, and implementation messages that can negatively impact your design.  If this is not desired, please run 'reset_msg_config -suppress -severity {WARNING}' to undo this change.
Command: read_checkpoint -auto_incremental -incremental /home/eslam-elshokafy/Desktop/AIDAChip_Workshop_01/ztachip/HW/examples/ZC702/ztachip_zc702.srcs/utils_1/imports/synth_1/main_zc702.dcp
INFO: [Vivado 12-5825] Read reference checkpoint from /home/eslam-elshokafy/Desktop/AIDAChip_Workshop_01/ztachip/HW/examples/ZC702/ztachip_zc702.srcs/utils_1/imports/synth_1/main_zc702.dcp for incremental synthesis
INFO: [Vivado 12-7989] Please ensure there are no constraint changes
Command: synth_design -top main_zc702 -part xc7z020clg484-1
Starting synth_design
Attempting to get a license for feature 'Synthesis' and/or device 'xc7z020'
INFO: [Common 17-349] Got license for feature 'Synthesis' and/or device 'xc7z020'
INFO: [Device 21-403] Loading part xc7z020clg484-1
INFO: [Synth 8-7079] Multithreading enabled for synth_design using a maximum of 7 processes.
INFO: [Synth 8-7078] Launching helper process for spawning children vivado processes
INFO: [Synth 8-7075] Helper process launched with PID 91489
---------------------------------------------------------------------------------
Starting RTL Elaboration : Time (s): cpu = 00:00:03 ; elapsed = 00:00:03 . Memory (MB): peak = 2249.859 ; gain = 479.875 ; free physical = 8671 ; free virtual = 15060
---------------------------------------------------------------------------------
INFO: [Synth 8-7154] Comparator node is optimized using Range information. [/home/eslam-elshokafy/Desktop/AIDAChip_Workshop_01/ztachip/HW/riscv/sim/riscv.vhd:4449]
INFO: [Synth 8-7154] Comparator node is optimized using Range information. [/home/eslam-elshokafy/Desktop/AIDAChip_Workshop_01/ztachip/HW/riscv/sim/riscv.vhd:4192]
INFO: [Synth 8-7154] Comparator node is optimized using Range information. [/home/eslam-elshokafy/Desktop/AIDAChip_Workshop_01/ztachip/HW/src/pcore/instr_fetch.vhd:824]
---------------------------------------------------------------------------------
Finished RTL Elaboration : Time (s): cpu = 00:00:12 ; elapsed = 00:00:28 . Memory (MB): peak = 2703.078 ; gain = 933.094 ; free physical = 3135 ; free virtual = 9537
---------------------------------------------------------------------------------
---------------------------------------------------------------------------------
Start Handling Custom Attributes
---------------------------------------------------------------------------------
---------------------------------------------------------------------------------
Finished Handling Custom Attributes : Time (s): cpu = 00:00:12 ; elapsed = 00:00:29 . Memory (MB): peak = 2703.078 ; gain = 933.094 ; free physical = 3134 ; free virtual = 9537
---------------------------------------------------------------------------------
---------------------------------------------------------------------------------
Finished RTL Optimization Phase 1 : Time (s): cpu = 00:00:12 ; elapsed = 00:00:29 . Memory (MB): peak = 2703.078 ; gain = 933.094 ; free physical = 3134 ; free virtual = 9537
---------------------------------------------------------------------------------
Netlist sorting complete. Time (s): cpu = 00:00:01 ; elapsed = 00:00:01 . Memory (MB): peak = 2703.078 ; gain = 0.000 ; free physical = 3144 ; free virtual = 9544
INFO: [Project 1-570] Preparing netlist for logic optimization

Processing XDC Constraints
Initializing timing engine
Parsing XDC File [/home/eslam-elshokafy/Desktop/AIDAChip_Workshop_01/ztachip/HW/examples/ZC702/ztachip_zc702.gen/sources_1/ip/clk_mmcm/clk_mmcm/clk_mmcm_in_context.xdc] for cell 'clk_mmcm_inst'
Finished Parsing XDC File [/home/eslam-elshokafy/Desktop/AIDAChip_Workshop_01/ztachip/HW/examples/ZC702/ztachip_zc702.gen/sources_1/ip/clk_mmcm/clk_mmcm/clk_mmcm_in_context.xdc] for cell 'clk_mmcm_inst'
Parsing XDC File [/home/eslam-elshokafy/Desktop/AIDAChip_Workshop_01/ztachip/HW/examples/ZC702/ztachip_zc702.gen/sources_1/ip/float_addsub/float_addsub/float_addsub_in_context.xdc] for cell 'soc_base_inst/ztachip_inst/GEN1.fpu_i/falu_vector_i/GEN_FPU[0].falu_core_i/falu_i/stage_3/float_addsub_inst'
Finished Parsing XDC File [/home/eslam-elshokafy/Desktop/AIDAChip_Workshop_01/ztachip/HW/examples/ZC702/ztachip_zc702.gen/sources_1/ip/float_addsub/float_addsub/float_addsub_in_context.xdc] for cell 'soc_base_inst/ztachip_inst/GEN1.fpu_i/falu_vector_i/GEN_FPU[0].falu_core_i/falu_i/stage_3/float_addsub_inst'
Parsing XDC File [/home/eslam-elshokafy/Desktop/AIDAChip_Workshop_01/ztachip/HW/examples/ZC702/ztachip_zc702.gen/sources_1/ip/float_addsub/float_addsub/float_addsub_in_context.xdc] for cell 'soc_base_inst/ztachip_inst/GEN1.fpu_i/falu_vector_i/GEN_FPU[0].falu_core_i/falu2_i/sum_1/float_addsub_inst'
Finished Parsing XDC File [/home/eslam-elshokafy/Desktop/AIDAChip_Workshop_01/ztachip/HW/examples/ZC702/ztachip_zc702.gen/sources_1/ip/float_addsub/float_addsub/float_addsub_in_context.xdc] for cell 'soc_base_inst/ztachip_inst/GEN1.fpu_i/falu_vector_i/GEN_FPU[0].falu_core_i/falu2_i/sum_1/float_addsub_inst'
Parsing XDC File [/home/eslam-elshokafy/Desktop/AIDAChip_Workshop_01/ztachip/HW/examples/ZC702/ztachip_zc702.gen/sources_1/ip/float_addsub/float_addsub/float_addsub_in_context.xdc] for cell 'soc_base_inst/ztachip_inst/GEN1.fpu_i/falu_vector_i/GEN_FPU[0].falu_core_i/falu2_i/sum_2/float_addsub_inst'
Finished Parsing XDC File [/home/eslam-elshokafy/Desktop/AIDAChip_Workshop_01/ztachip/HW/examples/ZC702/ztachip_zc702.gen/sources_1/ip/float_addsub/float_addsub/float_addsub_in_context.xdc] for cell 'soc_base_inst/ztachip_inst/GEN1.fpu_i/falu_vector_i/GEN_FPU[0].falu_core_i/falu2_i/sum_2/float_addsub_inst'
Parsing XDC File [/home/eslam-elshokafy/Desktop/AIDAChip_Workshop_01/ztachip/HW/examples/ZC702/ztachip_zc702.gen/sources_1/ip/float_addsub/float_addsub/float_addsub_in_context.xdc] for cell 'soc_base_inst/ztachip_inst/GEN1.fpu_i/falu_vector_i/GEN_FPU[0].falu_core_i/falu2_i/sum_3/float_addsub_inst'
Finished Parsing XDC File [/home/eslam-elshokafy/Desktop/AIDAChip_Workshop_01/ztachip/HW/examples/ZC702/ztachip_zc702.gen/sources_1/ip/float_addsub/float_addsub/float_addsub_in_context.xdc] for cell 'soc_base_inst/ztachip_inst/GEN1.fpu_i/falu_vector_i/GEN_FPU[0].falu_core_i/falu2_i/sum_3/float_addsub_inst'
Parsing XDC File [/home/eslam-elshokafy/Desktop/AIDAChip_Workshop_01/ztachip/HW/examples/ZC702/ztachip_zc702.gen/sources_1/ip/float_addsub/float_addsub/float_addsub_in_context.xdc] for cell 'soc_base_inst/ztachip_inst/GEN1.fpu_i/falu_vector_i/GEN_FPU[1].falu_core_i/falu_i/stage_3/float_addsub_inst'
Finished Parsing XDC File [/home/eslam-elshokafy/Desktop/AIDAChip_Workshop_01/ztachip/HW/examples/ZC702/ztachip_zc702.gen/sources_1/ip/float_addsub/float_addsub/float_addsub_in_context.xdc] for cell 'soc_base_inst/ztachip_inst/GEN1.fpu_i/falu_vector_i/GEN_FPU[1].falu_core_i/falu_i/stage_3/float_addsub_inst'
Parsing XDC File [/home/eslam-elshokafy/Desktop/AIDAChip_Workshop_01/ztachip/HW/examples/ZC702/ztachip_zc702.gen/sources_1/ip/float_addsub/float_addsub/float_addsub_in_context.xdc] for cell 'soc_base_inst/ztachip_inst/GEN1.fpu_i/falu_vector_i/GEN_FPU[1].falu_core_i/falu2_i/sum_1/float_addsub_inst'
Finished Parsing XDC File [/home/eslam-elshokafy/Desktop/AIDAChip_Workshop_01/ztachip/HW/examples/ZC702/ztachip_zc702.gen/sources_1/ip/float_addsub/float_addsub/float_addsub_in_context.xdc] for cell 'soc_base_inst/ztachip_inst/GEN1.fpu_i/falu_vector_i/GEN_FPU[1].falu_core_i/falu2_i/sum_1/float_addsub_inst'
Parsing XDC File [/home/eslam-elshokafy/Desktop/AIDAChip_Workshop_01/ztachip/HW/examples/ZC702/ztachip_zc702.gen/sources_1/ip/float_addsub/float_addsub/float_addsub_in_context.xdc] for cell 'soc_base_inst/ztachip_inst/GEN1.fpu_i/falu_vector_i/GEN_FPU[1].falu_core_i/falu2_i/sum_2/float_addsub_inst'
Finished Parsing XDC File [/home/eslam-elshokafy/Desktop/AIDAChip_Workshop_01/ztachip/HW/examples/ZC702/ztachip_zc702.gen/sources_1/ip/float_addsub/float_addsub/float_addsub_in_context.xdc] for cell 'soc_base_inst/ztachip_inst/GEN1.fpu_i/falu_vector_i/GEN_FPU[1].falu_core_i/falu2_i/sum_2/float_addsub_inst'
Parsing XDC File [/home/eslam-elshokafy/Desktop/AIDAChip_Workshop_01/ztachip/HW/examples/ZC702/ztachip_zc702.gen/sources_1/ip/float_addsub/float_addsub/float_addsub_in_context.xdc] for cell 'soc_base_inst/ztachip_inst/GEN1.fpu_i/falu_vector_i/GEN_FPU[1].falu_core_i/falu2_i/sum_3/float_addsub_inst'
Finished Parsing XDC File [/home/eslam-elshokafy/Desktop/AIDAChip_Workshop_01/ztachip/HW/examples/ZC702/ztachip_zc702.gen/sources_1/ip/float_addsub/float_addsub/float_addsub_in_context.xdc] for cell 'soc_base_inst/ztachip_inst/GEN1.fpu_i/falu_vector_i/GEN_FPU[1].falu_core_i/falu2_i/sum_3/float_addsub_inst'
Parsing XDC File [/home/eslam-elshokafy/Desktop/AIDAChip_Workshop_01/ztachip/HW/examples/ZC702/ztachip_zc702.gen/sources_1/ip/float_addsub/float_addsub/float_addsub_in_context.xdc] for cell 'soc_base_inst/ztachip_inst/GEN1.fpu_i/falu_vector_i/stage_3/float_addsub_inst'
Finished Parsing XDC File [/home/eslam-elshokafy/Desktop/AIDAChip_Workshop_01/ztachip/HW/examples/ZC702/ztachip_zc702.gen/sources_1/ip/float_addsub/float_addsub/float_addsub_in_context.xdc] for cell 'soc_base_inst/ztachip_inst/GEN1.fpu_i/falu_vector_i/stage_3/float_addsub_inst'
Parsing XDC File [/home/eslam-elshokafy/Desktop/AIDAChip_Workshop_01/ztachip/HW/examples/ZC702/ztachip_zc702.gen/sources_1/ip/float_mul/float_mul/float_mul_in_context.xdc] for cell 'soc_base_inst/ztachip_inst/GEN1.fpu_i/falu_vector_i/GEN_FPU[0].falu_core_i/falu_i/stage_1/float_mul_inst'
Finished Parsing XDC File [/home/eslam-elshokafy/Desktop/AIDAChip_Workshop_01/ztachip/HW/examples/ZC702/ztachip_zc702.gen/sources_1/ip/float_mul/float_mul/float_mul_in_context.xdc] for cell 'soc_base_inst/ztachip_inst/GEN1.fpu_i/falu_vector_i/GEN_FPU[0].falu_core_i/falu_i/stage_1/float_mul_inst'
Parsing XDC File [/home/eslam-elshokafy/Desktop/AIDAChip_Workshop_01/ztachip/HW/examples/ZC702/ztachip_zc702.gen/sources_1/ip/float_mul/float_mul/float_mul_in_context.xdc] for cell 'soc_base_inst/ztachip_inst/GEN1.fpu_i/falu_vector_i/GEN_FPU[0].falu_core_i/falu_i/stage_2/float_mul_inst'
Finished Parsing XDC File [/home/eslam-elshokafy/Desktop/AIDAChip_Workshop_01/ztachip/HW/examples/ZC702/ztachip_zc702.gen/sources_1/ip/float_mul/float_mul/float_mul_in_context.xdc] for cell 'soc_base_inst/ztachip_inst/GEN1.fpu_i/falu_vector_i/GEN_FPU[0].falu_core_i/falu_i/stage_2/float_mul_inst'
Parsing XDC File [/home/eslam-elshokafy/Desktop/AIDAChip_Workshop_01/ztachip/HW/examples/ZC702/ztachip_zc702.gen/sources_1/ip/float_mul/float_mul/float_mul_in_context.xdc] for cell 'soc_base_inst/ztachip_inst/GEN1.fpu_i/falu_vector_i/GEN_FPU[1].falu_core_i/falu_i/stage_1/float_mul_inst'
Finished Parsing XDC File [/home/eslam-elshokafy/Desktop/AIDAChip_Workshop_01/ztachip/HW/examples/ZC702/ztachip_zc702.gen/sources_1/ip/float_mul/float_mul/float_mul_in_context.xdc] for cell 'soc_base_inst/ztachip_inst/GEN1.fpu_i/falu_vector_i/GEN_FPU[1].falu_core_i/falu_i/stage_1/float_mul_inst'
Parsing XDC File [/home/eslam-elshokafy/Desktop/AIDAChip_Workshop_01/ztachip/HW/examples/ZC702/ztachip_zc702.gen/sources_1/ip/float_mul/float_mul/float_mul_in_context.xdc] for cell 'soc_base_inst/ztachip_inst/GEN1.fpu_i/falu_vector_i/GEN_FPU[1].falu_core_i/falu_i/stage_2/float_mul_inst'
Finished Parsing XDC File [/home/eslam-elshokafy/Desktop/AIDAChip_Workshop_01/ztachip/HW/examples/ZC702/ztachip_zc702.gen/sources_1/ip/float_mul/float_mul/float_mul_in_context.xdc] for cell 'soc_base_inst/ztachip_inst/GEN1.fpu_i/falu_vector_i/GEN_FPU[1].falu_core_i/falu_i/stage_2/float_mul_inst'
Parsing XDC File [/home/eslam-elshokafy/Desktop/AIDAChip_Workshop_01/ztachip/HW/examples/ZC702/ztachip_zc702.gen/sources_1/bd/zynq_system/ip/zynq_system_processing_system7_0_0/zynq_system_processing_system7_0_0.xdc] for cell 'ps_inst/zynq_system_i/processing_system7_0/inst'
Finished Parsing XDC File [/home/eslam-elshokafy/Desktop/AIDAChip_Workshop_01/ztachip/HW/examples/ZC702/ztachip_zc702.gen/sources_1/bd/zynq_system/ip/zynq_system_processing_system7_0_0/zynq_system_processing_system7_0_0.xdc] for cell 'ps_inst/zynq_system_i/processing_system7_0/inst'
INFO: [Project 1-236] Implementation specific constraints were found while reading constraint file [/home/eslam-elshokafy/Desktop/AIDAChip_Workshop_01/ztachip/HW/examples/ZC702/ztachip_zc702.gen/sources_1/bd/zynq_system/ip/zynq_system_processing_system7_0_0/zynq_system_processing_system7_0_0.xdc]. These constraints will be ignored for synthesis but will be used in implementation. Impacted constraints are listed in the file [.Xil/main_zc702_propImpl.xdc].
Resolution: To avoid this warning, move constraints listed in [.Xil/main_zc702_propImpl.xdc] to another XDC file and exclude this new file from synthesis with the used_in_synthesis property (File Properties dialog in GUI) and re-run elaboration/synthesis.
Parsing XDC File [/home/eslam-elshokafy/Desktop/AIDAChip_Workshop_01/ztachip/HW/examples/ZC702/main_zc702.xdc]
Finished Parsing XDC File [/home/eslam-elshokafy/Desktop/AIDAChip_Workshop_01/ztachip/HW/examples/ZC702/main_zc702.xdc]
INFO: [Project 1-236] Implementation specific constraints were found while reading constraint file [/home/eslam-elshokafy/Desktop/AIDAChip_Workshop_01/ztachip/HW/examples/ZC702/main_zc702.xdc]. These constraints will be ignored for synthesis but will be used in implementation. Impacted constraints are listed in the file [.Xil/main_zc702_propImpl.xdc].
Resolution: To avoid this warning, move constraints listed in [.Xil/main_zc702_propImpl.xdc] to another XDC file and exclude this new file from synthesis with the used_in_synthesis property (File Properties dialog in GUI) and re-run elaboration/synthesis.
Parsing XDC File [/home/eslam-elshokafy/Desktop/AIDAChip_Workshop_01/ztachip/HW/examples/ZC702/ztachip_zc702.runs/synth_1/dont_touch.xdc]
Finished Parsing XDC File [/home/eslam-elshokafy/Desktop/AIDAChip_Workshop_01/ztachip/HW/examples/ZC702/ztachip_zc702.runs/synth_1/dont_touch.xdc]
INFO: [Project 1-236] Implementation specific constraints were found while reading constraint file [/home/eslam-elshokafy/Desktop/AIDAChip_Workshop_01/ztachip/HW/examples/ZC702/ztachip_zc702.runs/synth_1/dont_touch.xdc]. These constraints will be ignored for synthesis but will be used in implementation. Impacted constraints are listed in the file [.Xil/main_zc702_propImpl.xdc].
Resolution: To avoid this warning, move constraints listed in [.Xil/main_zc702_propImpl.xdc] to another XDC file and exclude this new file from synthesis with the used_in_synthesis property (File Properties dialog in GUI) and re-run elaboration/synthesis.
INFO: [Vivado 12-3272] Current instance is the top level cell 'soc_base_inst/axi_merge_inst/read_i/GEN1_CCD.slave_cmd_fifo/GEN2.afifo_i/sync_i1/xpm_cdc_array_single_inst' of design 'preSynthElab_1' [/home/eslam-elshokafy/Xilinx/2025.2/data/ip/xpm/xpm_cdc/tcl/xpm_cdc_array_single.tcl:5]
INFO: [Vivado 12-3272] Current instance is the top level cell 'soc_base_inst/axi_merge_inst/read_i/GEN1_CCD.slave_cmd_fifo/GEN2.afifo_i/sync_i2/xpm_cdc_array_single_inst' of design 'preSynthElab_1' [/home/eslam-elshokafy/Xilinx/2025.2/data/ip/xpm/xpm_cdc/tcl/xpm_cdc_array_single.tcl:5]
INFO: [Vivado 12-3272] Current instance is the top level cell 'soc_base_inst/axi_merge_inst/read_i/GEN2_CCD.slave_resp_fifo/GEN2.afifo_i/sync_i1/xpm_cdc_array_single_inst' of design 'preSynthElab_1' [/home/eslam-elshokafy/Xilinx/2025.2/data/ip/xpm/xpm_cdc/tcl/xpm_cdc_array_single.tcl:5]
INFO: [Vivado 12-3272] Current instance is the top level cell 'soc_base_inst/axi_merge_inst/read_i/GEN2_CCD.slave_resp_fifo/GEN2.afifo_i/sync_i2/xpm_cdc_array_single_inst' of design 'preSynthElab_1' [/home/eslam-elshokafy/Xilinx/2025.2/data/ip/xpm/xpm_cdc/tcl/xpm_cdc_array_single.tcl:5]
INFO: [Vivado 12-3272] Current instance is the top level cell 'soc_base_inst/axi_merge_inst/write_i/GEN1_CCD.slave_cmd_fifo/GEN2.afifo_i/sync_i1/xpm_cdc_array_single_inst' of design 'preSynthElab_1' [/home/eslam-elshokafy/Xilinx/2025.2/data/ip/xpm/xpm_cdc/tcl/xpm_cdc_array_single.tcl:5]
INFO: [Vivado 12-3272] Current instance is the top level cell 'soc_base_inst/axi_merge_inst/write_i/GEN1_CCD.slave_cmd_fifo/GEN2.afifo_i/sync_i2/xpm_cdc_array_single_inst' of design 'preSynthElab_1' [/home/eslam-elshokafy/Xilinx/2025.2/data/ip/xpm/xpm_cdc/tcl/xpm_cdc_array_single.tcl:5]
INFO: [Vivado 12-3272] Current instance is the top level cell 'soc_base_inst/axi_merge_inst/write_i/GEN2_CCD.slave_data_fifo/GEN2.afifo_i/sync_i1/xpm_cdc_array_single_inst' of design 'preSynthElab_1' [/home/eslam-elshokafy/Xilinx/2025.2/data/ip/xpm/xpm_cdc/tcl/xpm_cdc_array_single.tcl:5]
INFO: [Vivado 12-3272] Current instance is the top level cell 'soc_base_inst/axi_merge_inst/write_i/GEN2_CCD.slave_data_fifo/GEN2.afifo_i/sync_i2/xpm_cdc_array_single_inst' of design 'preSynthElab_1' [/home/eslam-elshokafy/Xilinx/2025.2/data/ip/xpm/xpm_cdc/tcl/xpm_cdc_array_single.tcl:5]
INFO: [Vivado 12-3272] Current instance is the top level cell 'soc_base_inst/axi_merge_inst/write_i/GEN3_CCD.slave_resp_fifo/GEN2.afifo_i/sync_i1/xpm_cdc_array_single_inst' of design 'preSynthElab_1' [/home/eslam-elshokafy/Xilinx/2025.2/data/ip/xpm/xpm_cdc/tcl/xpm_cdc_array_single.tcl:5]
INFO: [Vivado 12-3272] Current instance is the top level cell 'soc_base_inst/axi_merge_inst/write_i/GEN3_CCD.slave_resp_fifo/GEN2.afifo_i/sync_i2/xpm_cdc_array_single_inst' of design 'preSynthElab_1' [/home/eslam-elshokafy/Xilinx/2025.2/data/ip/xpm/xpm_cdc/tcl/xpm_cdc_array_single.tcl:5]
INFO: [Project 1-236] Implementation specific constraints were found while reading constraint file [/home/eslam-elshokafy/Xilinx/2025.2/data/ip/xpm/xpm_cdc/tcl/xpm_cdc_array_single.tcl]. These constraints will be ignored for synthesis but will be used in implementation. Impacted constraints are listed in the file [.Xil/main_zc702_propImpl.xdc].
Resolution: To avoid this warning, move constraints listed in [.Xil/main_zc702_propImpl.xdc] to another XDC file and exclude this new file from synthesis with the used_in_synthesis property (File Properties dialog in GUI) and re-run elaboration/synthesis.
INFO: [Project 1-236] Implementation specific constraints were found while reading constraint file [/home/eslam-elshokafy/Xilinx/2025.2/data/ip/xpm/xpm_memory/tcl/xpm_memory_xdc.tcl]. These constraints will be ignored for synthesis but will be used in implementation. Impacted constraints are listed in the file [.Xil/main_zc702_propImpl.xdc].
Resolution: To avoid this warning, move constraints listed in [.Xil/main_zc702_propImpl.xdc] to another XDC file and exclude this new file from synthesis with the used_in_synthesis property (File Properties dialog in GUI) and re-run elaboration/synthesis.
INFO: [Project 1-236] Implementation specific constraints were found while reading constraint file [/home/eslam-elshokafy/Xilinx/2025.2/data/ip/xpm/xpm_memory/tcl/xpm_memory_xdc.tcl]. These constraints will be ignored for synthesis but will be used in implementation. Impacted constraints are listed in the file [.Xil/main_zc702_propImpl.xdc].
Resolution: To avoid this warning, move constraints listed in [.Xil/main_zc702_propImpl.xdc] to another XDC file and exclude this new file from synthesis with the used_in_synthesis property (File Properties dialog in GUI) and re-run elaboration/synthesis.
INFO: [Project 1-1714] 109 XPM XDC files have been applied to the design.
Completed Processing XDC Constraints

Netlist sorting complete. Time (s): cpu = 00:00:00.02 ; elapsed = 00:00:00.03 . Memory (MB): peak = 3225.281 ; gain = 1.000 ; free physical = 2747 ; free virtual = 9147
INFO: [Project 1-111] Unisim Transformation Summary:
No Unisim elements were transformed.

Constraint Validation Runtime : Time (s): cpu = 00:00:00.3 ; elapsed = 00:00:00.3 . Memory (MB): peak = 3226.316 ; gain = 0.000 ; free physical = 2747 ; free virtual = 9147
---------------------------------------------------------------------------------
Finished Constraint Validation : Time (s): cpu = 00:00:46 ; elapsed = 00:00:49 . Memory (MB): peak = 3243.125 ; gain = 1473.141 ; free physical = 2760 ; free virtual = 9160
---------------------------------------------------------------------------------
---------------------------------------------------------------------------------
Start Loading Part and Timing Information
---------------------------------------------------------------------------------
Loading part: xc7z020clg484-1
---------------------------------------------------------------------------------
Finished Loading Part and Timing Information : Time (s): cpu = 00:00:46 ; elapsed = 00:00:49 . Memory (MB): peak = 3251.129 ; gain = 1481.145 ; free physical = 2760 ; free virtual = 9160
---------------------------------------------------------------------------------
---------------------------------------------------------------------------------
Start Applying 'set_property' XDC Constraints
---------------------------------------------------------------------------------
---------------------------------------------------------------------------------
Finished applying 'set_property' XDC Constraints : Time (s): cpu = 00:00:46 ; elapsed = 00:00:49 . Memory (MB): peak = 3251.129 ; gain = 1481.145 ; free physical = 2760 ; free virtual = 9160
---------------------------------------------------------------------------------
---------------------------------------------------------------------------------
Start Preparing Guide Design
---------------------------------------------------------------------------------
---------------------------------------------------------------------------------
Finished Doing Graph Differ : Time (s): cpu = 00:00:49 ; elapsed = 00:00:53 . Memory (MB): peak = 3251.129 ; gain = 1481.145 ; free physical = 2762 ; free virtual = 9172
---------------------------------------------------------------------------------
pcore__parameterized1dp__GCB1main_zc702__GC0soc_base__GCB1soc_base__GCB0dp_core__GC0dp__GCB0fpu__GB1dp_gen_core__GC0dp_genpcore__parameterized3cell__GB0ztachip__GC0core__GC0fpu__GB0pcore__parameterized5---------------------------------------------------------------------------------
Finished Preparing Guide Design : Time (s): cpu = 00:00:51 ; elapsed = 00:00:54 . Memory (MB): peak = 3251.129 ; gain = 1481.145 ; free physical = 2762 ; free virtual = 9172
---------------------------------------------------------------------------------
---------------------------------------------------------------------------------
Finished RTL Optimization Phase 2 : Time (s): cpu = 00:00:52 ; elapsed = 00:00:55 . Memory (MB): peak = 3251.129 ; gain = 1481.145 ; free physical = 2765 ; free virtual = 9175
---------------------------------------------------------------------------------
---------------------------------------------------------------------------------
Start Mimic Skeleton from Reference
---------------------------------------------------------------------------------
---------------------------------------------------------------------------------
Finished Mimic Skeleton from Reference : Time (s): cpu = 00:00:53 ; elapsed = 00:00:57 . Memory (MB): peak = 3251.129 ; gain = 1481.145 ; free physical = 2768 ; free virtual = 9178
---------------------------------------------------------------------------------


Incremental Synthesis Report Summary:

1. Incremental synthesis run: yes

   Stitch points used : changed


2. Change Summary

Report Incremental Modules: 
+-+----------------+------------+----------+----------+
| |Changed Modules |Replication |Instances |Changed % |
+-+----------------+------------+----------+----------+
+-+----------------+------------+----------+----------+


   Full Design Size (number of cells) : 336910
   Resynthesis Design Size (number of cells) : 0
   Resynth % : 0.0000,  Reuse % : 100.0000

3. Reference Checkpoint Information

+---------------------------------------------------------------------------------------------------------------------------------------------------------+
| DCP Location:  | /home/eslam-elshokafy/Desktop/AIDAChip_Workshop_01/ztachip/HW/examples/ZC702/ztachip_zc702.srcs/utils_1/imports/synth_1/main_zc702.dcp |
+---------------------------------------------------------------------------------------------------------------------------------------------------------+


+--------------------------------+------------------------------+
|         DCP Information        |             Value            |
+--------------------------------+------------------------------+
| Vivado Version                 |                    v2025.2 |
| DCP State                      |                              |
+--------------------------------+------------------------------+



Report RTL Partitions: 
+------+------------------------------+------------+----------+
|      |RTL Partition                 |Replication |Instances |
+------+------------------------------+------------+----------+
|1     |fpu__GB0_#REUSE#              |           1|         0|
|2     |fpu__GB1_#REUSE#              |           1|         0|
|3     |dp_gen_#REUSE#                |           2|         0|
|4     |dp_gen_core__GC0_#REUSE#      |           1|         0|
|5     |dp__GCB0_#REUSE#              |           1|         0|
|6     |dp__GCB1_#REUSE#              |           1|         0|
|7     |dp_core__GC0_#REUSE#          |           1|         0|
|8     |pcore__parameterized1_#REUSE# |           1|         0|
|9     |pcore__parameterized3_#REUSE# |           1|         0|
|10    |pcore__parameterized5_#REUSE# |           1|         0|
|11    |cell__GB0_#REUSE#             |           1|         0|
|12    |core__GC0_#REUSE#             |           1|         0|
|13    |ztachip__GC0_#REUSE#          |           1|         0|
|14    |soc_base__GCB0_#REUSE#        |           1|         0|
|15    |soc_base__GCB1_#REUSE#        |           1|         0|
|16    |main_zc702__GC0_#REUSE#       |           1|         0|
+------+------------------------------+------------+----------+
---------------------------------------------------------------------------------
Start RTL Component Statistics 
---------------------------------------------------------------------------------
Detailed RTL Component Info : 
---------------------------------------------------------------------------------
Finished RTL Component Statistics 
---------------------------------------------------------------------------------
---------------------------------------------------------------------------------
Start Part Resource Summary
---------------------------------------------------------------------------------
Part Resources:
DSPs: 220 (col length:60)
BRAMs: 280 (col length: RAMB18 60 RAMB36 30)
---------------------------------------------------------------------------------
Finished Part Resource Summary
---------------------------------------------------------------------------------
---------------------------------------------------------------------------------
Start Cross Boundary and Area Optimization
---------------------------------------------------------------------------------
---------------------------------------------------------------------------------
Finished Cross Boundary and Area Optimization : Time (s): cpu = 00:00:57 ; elapsed = 00:01:00 . Memory (MB): peak = 3251.129 ; gain = 1481.145 ; free physical = 2669 ; free virtual = 9180
---------------------------------------------------------------------------------
---------------------------------------------------------------------------------
Start Stitch Unchanged AreaOpt Partitions
---------------------------------------------------------------------------------
---------------------------------------------------------------------------------
Finished Stitch Unchanged AreaOpt Partitions : Time (s): cpu = 00:01:22 ; elapsed = 00:01:05 . Memory (MB): peak = 3255.047 ; gain = 1485.062 ; free physical = 4295 ; free virtual = 10809
---------------------------------------------------------------------------------
---------------------------------------------------------------------------------
Start Applying XDC Timing Constraints
---------------------------------------------------------------------------------
---------------------------------------------------------------------------------
Finished Applying XDC Timing Constraints : Time (s): cpu = 00:01:28 ; elapsed = 00:01:11 . Memory (MB): peak = 3255.047 ; gain = 1485.062 ; free physical = 3326 ; free virtual = 9913
---------------------------------------------------------------------------------
---------------------------------------------------------------------------------
Start Timing Optimization
---------------------------------------------------------------------------------
---------------------------------------------------------------------------------
Finished Timing Optimization : Time (s): cpu = 00:01:29 ; elapsed = 00:01:11 . Memory (MB): peak = 3255.047 ; gain = 1485.062 ; free physical = 3329 ; free virtual = 9917
---------------------------------------------------------------------------------
---------------------------------------------------------------------------------
Start Technology Mapping
---------------------------------------------------------------------------------
---------------------------------------------------------------------------------
Finished Technology Mapping : Time (s): cpu = 00:01:29 ; elapsed = 00:01:12 . Memory (MB): peak = 3255.047 ; gain = 1485.062 ; free physical = 3329 ; free virtual = 9917
---------------------------------------------------------------------------------
---------------------------------------------------------------------------------
Start Stitch Unchanged Partitions
---------------------------------------------------------------------------------
---------------------------------------------------------------------------------
Finished Stitch Unchanged Partitions : Time (s): cpu = 00:01:30 ; elapsed = 00:01:13 . Memory (MB): peak = 3255.047 ; gain = 1485.062 ; free physical = 3332 ; free virtual = 9920
---------------------------------------------------------------------------------
---------------------------------------------------------------------------------
Start IO Insertion
---------------------------------------------------------------------------------
---------------------------------------------------------------------------------
Start Flattening Before IO Insertion
---------------------------------------------------------------------------------
---------------------------------------------------------------------------------
Finished Flattening Before IO Insertion
---------------------------------------------------------------------------------
---------------------------------------------------------------------------------
Start Final Netlist Cleanup
---------------------------------------------------------------------------------
INFO: [Synth 8-7052] The timing for the instance soc_base_inst/ztachip_inst/GEN1.fpu_i/cmd_fifo_i0/ram_i/xpm_memory_sdpram_inst/xpm_memory_base_inst/gen_wr_a.gen_word_narrow.mem_reg_0 (implemented as a Block RAM) might be sub-optimal as no optional output register could be merged into the ram block. Providing additional output register may help in improving timing.
INFO: [Synth 8-7052] The timing for the instance soc_base_inst/ztachip_inst/GEN1.fpu_i/cmd_fifo_i0/ram_i/xpm_memory_sdpram_inst/xpm_memory_base_inst/gen_wr_a.gen_word_narrow.mem_reg_1 (implemented as a Block RAM) might be sub-optimal as no optional output register could be merged into the ram block. Providing additional output register may help in improving timing.
INFO: [Synth 8-7052] The timing for the instance soc_base_inst/ztachip_inst/GEN1.fpu_i/cmd_fifo_i0/ram_i/xpm_memory_sdpram_inst/xpm_memory_base_inst/gen_wr_a.gen_word_narrow.mem_reg_2 (implemented as a Block RAM) might be sub-optimal as no optional output register could be merged into the ram block. Providing additional output register may help in improving timing.
INFO: [Synth 8-7052] The timing for the instance soc_base_inst/ztachip_inst/GEN1.fpu_i/cmd_fifo_i0/ram_i/xpm_memory_sdpram_inst/xpm_memory_base_inst/gen_wr_a.gen_word_narrow.mem_reg_3 (implemented as a Block RAM) might be sub-optimal as no optional output register could be merged into the ram block. Providing additional output register may help in improving timing.
INFO: [Synth 8-7052] The timing for the instance soc_base_inst/ztachip_inst/GEN1.fpu_i/cmd_fifo_i0/ram_i/xpm_memory_sdpram_inst/xpm_memory_base_inst/gen_wr_a.gen_word_narrow.mem_reg_4 (implemented as a Block RAM) might be sub-optimal as no optional output register could be merged into the ram block. Providing additional output register may help in improving timing.
INFO: [Synth 8-7052] The timing for the instance soc_base_inst/ztachip_inst/GEN1.fpu_i/cmd_fifo_i1/ram_i/xpm_memory_sdpram_inst/xpm_memory_base_inst/gen_wr_a.gen_word_narrow.mem_reg_0 (implemented as a Block RAM) might be sub-optimal as no optional output register could be merged into the ram block. Providing additional output register may help in improving timing.
INFO: [Synth 8-7052] The timing for the instance soc_base_inst/ztachip_inst/GEN1.fpu_i/cmd_fifo_i1/ram_i/xpm_memory_sdpram_inst/xpm_memory_base_inst/gen_wr_a.gen_word_narrow.mem_reg_1 (implemented as a Block RAM) might be sub-optimal as no optional output register could be merged into the ram block. Providing additional output register may help in improving timing.
INFO: [Synth 8-7052] The timing for the instance soc_base_inst/ztachip_inst/GEN1.fpu_i/cmd_fifo_i1/ram_i/xpm_memory_sdpram_inst/xpm_memory_base_inst/gen_wr_a.gen_word_narrow.mem_reg_2 (implemented as a Block RAM) might be sub-optimal as no optional output register could be merged into the ram block. Providing additional output register may help in improving timing.
INFO: [Synth 8-7052] The timing for the instance soc_base_inst/ztachip_inst/GEN1.fpu_i/cmd_fifo_i1/ram_i/xpm_memory_sdpram_inst/xpm_memory_base_inst/gen_wr_a.gen_word_narrow.mem_reg_3 (implemented as a Block RAM) might be sub-optimal as no optional output register could be merged into the ram block. Providing additional output register may help in improving timing.
INFO: [Synth 8-7052] The timing for the instance soc_base_inst/ztachip_inst/GEN1.fpu_i/cmd_fifo_i1/ram_i/xpm_memory_sdpram_inst/xpm_memory_base_inst/gen_wr_a.gen_word_narrow.mem_reg_4 (implemented as a Block RAM) might be sub-optimal as no optional output register could be merged into the ram block. Providing additional output register may help in improving timing.
INFO: [Synth 8-7052] The timing for the instance soc_base_inst/ztachip_inst/GEN1.fpu_i/B_fifo_i/ram_i/xpm_memory_sdpram_inst/xpm_memory_base_inst/gen_wr_a.gen_word_narrow.mem_reg_0 (implemented as a Block RAM) might be sub-optimal as no optional output register could be merged into the ram block. Providing additional output register may help in improving timing.
INFO: [Synth 8-7052] The timing for the instance soc_base_inst/ztachip_inst/GEN1.fpu_i/B_fifo_i/ram_i/xpm_memory_sdpram_inst/xpm_memory_base_inst/gen_wr_a.gen_word_narrow.mem_reg_1 (implemented as a Block RAM) might be sub-optimal as no optional output register could be merged into the ram block. Providing additional output register may help in improving timing.
INFO: [Synth 8-7052] The timing for the instance soc_base_inst/ztachip_inst/GEN1.fpu_i/X_fifo_i/ram_i/xpm_memory_sdpram_inst/xpm_memory_base_inst/gen_wr_a.gen_word_narrow.mem_reg_0 (implemented as a Block RAM) might be sub-optimal as no optional output register could be merged into the ram block. Providing additional output register may help in improving timing.
INFO: [Synth 8-7052] The timing for the instance soc_base_inst/ztachip_inst/GEN1.fpu_i/X_fifo_i/ram_i/xpm_memory_sdpram_inst/xpm_memory_base_inst/gen_wr_a.gen_word_narrow.mem_reg_1 (implemented as a Block RAM) might be sub-optimal as no optional output register could be merged into the ram block. Providing additional output register may help in improving timing.
INFO: [Synth 8-7052] The timing for the instance soc_base_inst/ztachip_inst/GEN1.fpu_i/Y_fifo_i/ram_i/xpm_memory_sdpram_inst/xpm_memory_base_inst/gen_wr_a.gen_word_narrow.mem_reg_0 (implemented as a Block RAM) might be sub-optimal as no optional output register could be merged into the ram block. Providing additional output register may help in improving timing.
INFO: [Synth 8-7052] The timing for the instance soc_base_inst/ztachip_inst/GEN1.fpu_i/Y_fifo_i/ram_i/xpm_memory_sdpram_inst/xpm_memory_base_inst/gen_wr_a.gen_word_narrow.mem_reg_1 (implemented as a Block RAM) might be sub-optimal as no optional output register could be merged into the ram block. Providing additional output register may help in improving timing.
INFO: [Synth 8-7052] The timing for the instance soc_base_inst/ztachip_inst/dp_1_i/dp0_i/dp_fetch_1_i/fifo_i/GEN1.fifo_i/fifo_i/ram_i/xpm_memory_sdpram_inst/xpm_memory_base_inst/gen_wr_a.gen_word_narrow.mem_reg_0 (implemented as a Block RAM) might be sub-optimal as no optional output register could be merged into the ram block. Providing additional output register may help in improving timing.
INFO: [Synth 8-7052] The timing for the instance soc_base_inst/ztachip_inst/dp_1_i/dp0_i/dp_fetch_1_i/fifo_i/GEN1.fifo_i/fifo_i/ram_i/xpm_memory_sdpram_inst/xpm_memory_base_inst/gen_wr_a.gen_word_narrow.mem_reg_1 (implemented as a Block RAM) might be sub-optimal as no optional output register could be merged into the ram block. Providing additional output register may help in improving timing.
INFO: [Synth 8-7052] The timing for the instance soc_base_inst/ztachip_inst/dp_1_i/dp0_i/dp_fetch_1_i/fifo_i/GEN1.fifo_i/fifo_i/ram_i/xpm_memory_sdpram_inst/xpm_memory_base_inst/gen_wr_a.gen_word_narrow.mem_reg_2 (implemented as a Block RAM) might be sub-optimal as no optional output register could be merged into the ram block. Providing additional output register may help in improving timing.
INFO: [Synth 8-7052] The timing for the instance soc_base_inst/ztachip_inst/dp_1_i/dp0_i/dp_fetch_1_i/fifo_i/GEN1.fifo_i/fifo_i/ram_i/xpm_memory_sdpram_inst/xpm_memory_base_inst/gen_wr_a.gen_word_narrow.mem_reg_3 (implemented as a Block RAM) might be sub-optimal as no optional output register could be merged into the ram block. Providing additional output register may help in improving timing.
INFO: [Synth 8-7052] The timing for the instance soc_base_inst/ztachip_inst/dp_1_i/dp0_i/dp_fetch_1_i/fifo_i/GEN1.fifo_i/fifo_i/ram_i/xpm_memory_sdpram_inst/xpm_memory_base_inst/gen_wr_a.gen_word_narrow.mem_reg_4 (implemented as a Block RAM) might be sub-optimal as no optional output register could be merged into the ram block. Providing additional output register may help in improving timing.
INFO: [Synth 8-7052] The timing for the instance soc_base_inst/ztachip_inst/dp_1_i/dp0_i/dp_fetch_1_i/fifo_i/GEN1.fifo_i/fifo_i/ram_i/xpm_memory_sdpram_inst/xpm_memory_base_inst/gen_wr_a.gen_word_narrow.mem_reg_5 (implemented as a Block RAM) might be sub-optimal as no optional output register could be merged into the ram block. Providing additional output register may help in improving timing.
INFO: [Synth 8-7052] The timing for the instance soc_base_inst/ztachip_inst/dp_1_i/dp0_i/dp_fetch_1_i/GEN1.ram_i/ram_i/xpm_memory_sdpram_inst/xpm_memory_base_inst/gen_wr_a.gen_word_narrow.mem_reg_0 (implemented as a Block RAM) might be sub-optimal as no optional output register could be merged into the ram block. Providing additional output register may help in improving timing.
INFO: [Synth 8-7052] The timing for the instance soc_base_inst/ztachip_inst/dp_1_i/dp0_i/dp_fetch_1_i/GEN1.ram_i/ram_i/xpm_memory_sdpram_inst/xpm_memory_base_inst/gen_wr_a.gen_word_narrow.mem_reg_1 (implemented as a Block RAM) might be sub-optimal as no optional output register could be merged into the ram block. Providing additional output register may help in improving timing.
INFO: [Synth 8-7052] The timing for the instance soc_base_inst/ztachip_inst/dp_1_i/dp0_i/dp_fetch_1_i/GEN1.ram_i/ram_i/xpm_memory_sdpram_inst/xpm_memory_base_inst/gen_wr_a.gen_word_narrow.mem_reg_2 (implemented as a Block RAM) might be sub-optimal as no optional output register could be merged into the ram block. Providing additional output register may help in improving timing.
INFO: [Synth 8-7052] The timing for the instance soc_base_inst/ztachip_inst/dp_1_i/dp0_i/dp_fetch_1_i/GEN1.ram_i/ram_i/xpm_memory_sdpram_inst/xpm_memory_base_inst/gen_wr_a.gen_word_narrow.mem_reg_3 (implemented as a Block RAM) might be sub-optimal as no optional output register could be merged into the ram block. Providing additional output register may help in improving timing.
INFO: [Synth 8-7052] The timing for the instance soc_base_inst/ztachip_inst/dp_1_i/dp0_i/dp_fetch_1_i/GEN1.ram_i/ram_i/xpm_memory_sdpram_inst/xpm_memory_base_inst/gen_wr_a.gen_word_narrow.mem_reg_4 (implemented as a Block RAM) might be sub-optimal as no optional output register could be merged into the ram block. Providing additional output register may help in improving timing.
INFO: [Synth 8-7052] The timing for the instance soc_base_inst/ztachip_inst/dp_1_i/dp0_i/dp_fetch_1_i/GEN1.ram_i/ram_i/xpm_memory_sdpram_inst/xpm_memory_base_inst/gen_wr_a.gen_word_narrow.mem_reg_5 (implemented as a Block RAM) might be sub-optimal as no optional output register could be merged into the ram block. Providing additional output register may help in improving timing.
INFO: [Synth 8-7052] The timing for the instance soc_base_inst/ztachip_inst/dp_1_i/dp0_i/dp_fetch_1_i/indication_i/ram_i/xpm_memory_sdpram_inst/xpm_memory_base_inst/gen_wr_a.gen_word_narrow.mem_reg (implemented as a Block RAM) might be sub-optimal as no optional output register could be merged into the ram block. Providing additional output register may help in improving timing.
INFO: [Synth 8-7052] The timing for the instance soc_base_inst/ztachip_inst/dp_1_i/dp0_i/dp_sink1_i/dp_sink_fifo_i/ram_i/xpm_memory_sdpram_inst/xpm_memory_base_inst/gen_wr_a.gen_word_narrow.mem_reg_0 (implemented as a Block RAM) might be sub-optimal as no optional output register could be merged into the ram block. Providing additional output register may help in improving timing.
INFO: [Synth 8-7052] The timing for the instance soc_base_inst/ztachip_inst/dp_1_i/dp0_i/dp_sink1_i/dp_sink_fifo_i/ram_i/xpm_memory_sdpram_inst/xpm_memory_base_inst/gen_wr_a.gen_word_narrow.mem_reg_1 (implemented as a Block RAM) might be sub-optimal as no optional output register could be merged into the ram block. Providing additional output register may help in improving timing.
INFO: [Synth 8-7052] The timing for the instance soc_base_inst/ztachip_inst/dp_1_i/dp0_i/dp_sink1_i/dp_sink_fifo_i2/ram_i/xpm_memory_sdpram_inst/xpm_memory_base_inst/gen_wr_a.gen_word_narrow.mem_reg (implemented as a Block RAM) might be sub-optimal as no optional output register could be merged into the ram block. Providing additional output register may help in improving timing.
INFO: [Synth 8-7052] The timing for the instance soc_base_inst/ztachip_inst/dp_1_i/dp0_i/dp_sink2_i/dp_sink_fifo_i/ram_i/xpm_memory_sdpram_inst/xpm_memory_base_inst/gen_wr_a.gen_word_narrow.mem_reg_0 (implemented as a Block RAM) might be sub-optimal as no optional output register could be merged into the ram block. Providing additional output register may help in improving timing.
INFO: [Synth 8-7052] The timing for the instance soc_base_inst/ztachip_inst/dp_1_i/dp0_i/dp_sink2_i/dp_sink_fifo_i/ram_i/xpm_memory_sdpram_inst/xpm_memory_base_inst/gen_wr_a.gen_word_narrow.mem_reg_1 (implemented as a Block RAM) might be sub-optimal as no optional output register could be merged into the ram block. Providing additional output register may help in improving timing.
INFO: [Synth 8-7052] The timing for the instance soc_base_inst/ztachip_inst/dp_1_i/dp0_i/dp_sink2_i/dp_sink_fifo_i2/ram_i/xpm_memory_sdpram_inst/xpm_memory_base_inst/gen_wr_a.gen_word_narrow.mem_reg (implemented as a Block RAM) might be sub-optimal as no optional output register could be merged into the ram block. Providing additional output register may help in improving timing.
INFO: [Synth 8-7052] The timing for the instance soc_base_inst/ztachip_inst/dp_1_i/dp0_i/dp_sink3_i/dp_sink_fifo_i/ram_i/xpm_memory_sdpram_inst/xpm_memory_base_inst/gen_wr_a.gen_word_narrow.mem_reg_0 (implemented as a Block RAM) might be sub-optimal as no optional output register could be merged into the ram block. Providing additional output register may help in improving timing.
INFO: [Synth 8-7052] The timing for the instance soc_base_inst/ztachip_inst/dp_1_i/dp0_i/dp_sink3_i/dp_sink_fifo_i/ram_i/xpm_memory_sdpram_inst/xpm_memory_base_inst/gen_wr_a.gen_word_narrow.mem_reg_1 (implemented as a Block RAM) might be sub-optimal as no optional output register could be merged into the ram block. Providing additional output register may help in improving timing.
INFO: [Synth 8-7052] The timing for the instance soc_base_inst/ztachip_inst/dp_1_i/dp0_i/dp_sink3_i/dp_sink_fifo_i2/ram_i/xpm_memory_sdpram_inst/xpm_memory_base_inst/gen_wr_a.gen_word_narrow.mem_reg (implemented as a Block RAM) might be sub-optimal as no optional output register could be merged into the ram block. Providing additional output register may help in improving timing.
INFO: [Synth 8-7052] The timing for the instance soc_base_inst/ztachip_inst/core_i/GEN_CELL[0].cell_i/GEN_REG[1].GEN1.pcore_i/xregister_file_i/GEN2.altsyncram_i/ram_i/xpm_memory_sdpram_inst/xpm_memory_base_inst/gen_wr_a.gen_byte_narrow.for_mem_cols[1].mem_reg_0 (implemented as a Block RAM) might be sub-optimal as no optional output register could be merged into the ram block. Providing additional output register may help in improving timing.
INFO: [Synth 8-7052] The timing for the instance soc_base_inst/ztachip_inst/core_i/GEN_CELL[0].cell_i/GEN_REG[1].GEN1.pcore_i/xregister_file_i/GEN2.altsyncram_i/ram_i/xpm_memory_sdpram_inst/xpm_memory_base_inst/gen_wr_a.gen_byte_narrow.for_mem_cols[1].mem_reg_1 (implemented as a Block RAM) might be sub-optimal as no optional output register could be merged into the ram block. Providing additional output register may help in improving timing.
INFO: [Synth 8-7052] The timing for the instance soc_base_inst/ztachip_inst/core_i/GEN_CELL[0].cell_i/GEN_REG[1].GEN1.pcore_i/xregister_file_i/GEN2.altsyncram_i/ram_i/xpm_memory_sdpram_inst/xpm_memory_base_inst/gen_wr_a.gen_byte_narrow.for_mem_cols[1].mem_reg_2 (implemented as a Block RAM) might be sub-optimal as no optional output register could be merged into the ram block. Providing additional output register may help in improving timing.
INFO: [Synth 8-7052] The timing for the instance soc_base_inst/ztachip_inst/core_i/GEN_CELL[0].cell_i/GEN_REG[1].GEN1.pcore_i/iregister_i/iregister_ram_i/altsyncram_i/ram_i/xpm_memory_sdpram_inst/xpm_memory_base_inst/gen_wr_a.gen_byte_narrow.for_mem_cols[1].mem_reg_0 (implemented as a Block RAM) might be sub-optimal as no optional output register could be merged into the ram block. Providing additional output register may help in improving timing.
INFO: [Synth 8-7052] The timing for the instance soc_base_inst/ztachip_inst/core_i/GEN_CELL[0].cell_i/GEN_REG[1].GEN1.pcore_i/iregister_i/iregister_ram_i/altsyncram_i/ram_i/xpm_memory_sdpram_inst/xpm_memory_base_inst/gen_wr_a.gen_byte_narrow.for_mem_cols[1].mem_reg_1 (implemented as a Block RAM) might be sub-optimal as no optional output register could be merged into the ram block. Providing additional output register may help in improving timing.
INFO: [Synth 8-7052] The timing for the instance soc_base_inst/ztachip_inst/core_i/GEN_CELL[0].cell_i/GEN_REG[1].GEN1.pcore_i/register_bank_i/register_file_i/ram3_i/ram2_i/xpm_memory_sdpram_inst/xpm_memory_base_inst/gen_wr_a.gen_byte_narrow.for_mem_cols[1].mem_reg_0 (implemented as a Block RAM) might be sub-optimal as no optional output register could be merged into the ram block. Providing additional output register may help in improving timing.
INFO: [Synth 8-7052] The timing for the instance soc_base_inst/ztachip_inst/core_i/GEN_CELL[0].cell_i/GEN_REG[1].GEN1.pcore_i/register_bank_i/register_file_i/ram3_i/ram2_i/xpm_memory_sdpram_inst/xpm_memory_base_inst/gen_wr_a.gen_byte_narrow.for_mem_cols[1].mem_reg_1 (implemented as a Block RAM) might be sub-optimal as no optional output register could be merged into the ram block. Providing additional output register may help in improving timing.
INFO: [Synth 8-7052] The timing for the instance soc_base_inst/ztachip_inst/core_i/GEN_CELL[0].cell_i/GEN_REG[1].GEN1.pcore_i/register_bank_i/register_file_i2/ram3_i/ram2_i/xpm_memory_sdpram_inst/xpm_memory_base_inst/gen_wr_a.gen_byte_narrow.for_mem_cols[1].mem_reg_0 (implemented as a Block RAM) might be sub-optimal as no optional output register could be merged into the ram block. Providing additional output register may help in improving timing.
INFO: [Synth 8-7052] The timing for the instance soc_base_inst/ztachip_inst/core_i/GEN_CELL[0].cell_i/GEN_REG[1].GEN1.pcore_i/register_bank_i/register_file_i2/ram3_i/ram2_i/xpm_memory_sdpram_inst/xpm_memory_base_inst/gen_wr_a.gen_byte_narrow.for_mem_cols[1].mem_reg_1 (implemented as a Block RAM) might be sub-optimal as no optional output register could be merged into the ram block. Providing additional output register may help in improving timing.
INFO: [Synth 8-7052] The timing for the instance soc_base_inst/ztachip_inst/core_i/GEN_CELL[0].cell_i/GEN_REG[2].GEN1.pcore_i/xregister_file_i/GEN2.altsyncram_i/ram_i/xpm_memory_sdpram_inst/xpm_memory_base_inst/gen_wr_a.gen_byte_narrow.for_mem_cols[1].mem_reg_0 (implemented as a Block RAM) might be sub-optimal as no optional output register could be merged into the ram block. Providing additional output register may help in improving timing.
INFO: [Synth 8-7052] The timing for the instance soc_base_inst/ztachip_inst/core_i/GEN_CELL[0].cell_i/GEN_REG[2].GEN1.pcore_i/xregister_file_i/GEN2.altsyncram_i/ram_i/xpm_memory_sdpram_inst/xpm_memory_base_inst/gen_wr_a.gen_byte_narrow.for_mem_cols[1].mem_reg_1 (implemented as a Block RAM) might be sub-optimal as no optional output register could be merged into the ram block. Providing additional output register may help in improving timing.
INFO: [Synth 8-7052] The timing for the instance soc_base_inst/ztachip_inst/core_i/GEN_CELL[0].cell_i/GEN_REG[2].GEN1.pcore_i/xregister_file_i/GEN2.altsyncram_i/ram_i/xpm_memory_sdpram_inst/xpm_memory_base_inst/gen_wr_a.gen_byte_narrow.for_mem_cols[1].mem_reg_2 (implemented as a Block RAM) might be sub-optimal as no optional output register could be merged into the ram block. Providing additional output register may help in improving timing.
INFO: [Synth 8-7052] The timing for the instance soc_base_inst/ztachip_inst/core_i/GEN_CELL[0].cell_i/GEN_REG[2].GEN1.pcore_i/iregister_i/iregister_ram_i/altsyncram_i/ram_i/xpm_memory_sdpram_inst/xpm_memory_base_inst/gen_wr_a.gen_byte_narrow.for_mem_cols[1].mem_reg_0 (implemented as a Block RAM) might be sub-optimal as no optional output register could be merged into the ram block. Providing additional output register may help in improving timing.
INFO: [Synth 8-7052] The timing for the instance soc_base_inst/ztachip_inst/core_i/GEN_CELL[0].cell_i/GEN_REG[2].GEN1.pcore_i/iregister_i/iregister_ram_i/altsyncram_i/ram_i/xpm_memory_sdpram_inst/xpm_memory_base_inst/gen_wr_a.gen_byte_narrow.for_mem_cols[1].mem_reg_1 (implemented as a Block RAM) might be sub-optimal as no optional output register could be merged into the ram block. Providing additional output register may help in improving timing.
INFO: [Synth 8-7052] The timing for the instance soc_base_inst/ztachip_inst/core_i/GEN_CELL[0].cell_i/GEN_REG[2].GEN1.pcore_i/register_bank_i/register_file_i/ram3_i/ram2_i/xpm_memory_sdpram_inst/xpm_memory_base_inst/gen_wr_a.gen_byte_narrow.for_mem_cols[1].mem_reg_0 (implemented as a Block RAM) might be sub-optimal as no optional output register could be merged into the ram block. Providing additional output register may help in improving timing.
INFO: [Synth 8-7052] The timing for the instance soc_base_inst/ztachip_inst/core_i/GEN_CELL[0].cell_i/GEN_REG[2].GEN1.pcore_i/register_bank_i/register_file_i/ram3_i/ram2_i/xpm_memory_sdpram_inst/xpm_memory_base_inst/gen_wr_a.gen_byte_narrow.for_mem_cols[1].mem_reg_1 (implemented as a Block RAM) might be sub-optimal as no optional output register could be merged into the ram block. Providing additional output register may help in improving timing.
INFO: [Synth 8-7052] The timing for the instance soc_base_inst/ztachip_inst/core_i/GEN_CELL[0].cell_i/GEN_REG[2].GEN1.pcore_i/register_bank_i/register_file_i2/ram3_i/ram2_i/xpm_memory_sdpram_inst/xpm_memory_base_inst/gen_wr_a.gen_byte_narrow.for_mem_cols[1].mem_reg_0 (implemented as a Block RAM) might be sub-optimal as no optional output register could be merged into the ram block. Providing additional output register may help in improving timing.
INFO: [Synth 8-7052] The timing for the instance soc_base_inst/ztachip_inst/core_i/GEN_CELL[0].cell_i/GEN_REG[2].GEN1.pcore_i/register_bank_i/register_file_i2/ram3_i/ram2_i/xpm_memory_sdpram_inst/xpm_memory_base_inst/gen_wr_a.gen_byte_narrow.for_mem_cols[1].mem_reg_1 (implemented as a Block RAM) might be sub-optimal as no optional output register could be merged into the ram block. Providing additional output register may help in improving timing.
INFO: [Synth 8-7052] The timing for the instance soc_base_inst/ztachip_inst/core_i/GEN_CELL[0].cell_i/GEN_REG[3].GEN1.pcore_i/xregister_file_i/GEN2.altsyncram_i/ram_i/xpm_memory_sdpram_inst/xpm_memory_base_inst/gen_wr_a.gen_byte_narrow.for_mem_cols[1].mem_reg_0 (implemented as a Block RAM) might be sub-optimal as no optional output register could be merged into the ram block. Providing additional output register may help in improving timing.
INFO: [Synth 8-7052] The timing for the instance soc_base_inst/ztachip_inst/core_i/GEN_CELL[0].cell_i/GEN_REG[3].GEN1.pcore_i/xregister_file_i/GEN2.altsyncram_i/ram_i/xpm_memory_sdpram_inst/xpm_memory_base_inst/gen_wr_a.gen_byte_narrow.for_mem_cols[1].mem_reg_1 (implemented as a Block RAM) might be sub-optimal as no optional output register could be merged into the ram block. Providing additional output register may help in improving timing.
INFO: [Synth 8-7052] The timing for the instance soc_base_inst/ztachip_inst/core_i/GEN_CELL[0].cell_i/GEN_REG[3].GEN1.pcore_i/xregister_file_i/GEN2.altsyncram_i/ram_i/xpm_memory_sdpram_inst/xpm_memory_base_inst/gen_wr_a.gen_byte_narrow.for_mem_cols[1].mem_reg_2 (implemented as a Block RAM) might be sub-optimal as no optional output register could be merged into the ram block. Providing additional output register may help in improving timing.
INFO: [Synth 8-7052] The timing for the instance soc_base_inst/ztachip_inst/core_i/GEN_CELL[0].cell_i/GEN_REG[3].GEN1.pcore_i/iregister_i/iregister_ram_i/altsyncram_i/ram_i/xpm_memory_sdpram_inst/xpm_memory_base_inst/gen_wr_a.gen_byte_narrow.for_mem_cols[1].mem_reg_0 (implemented as a Block RAM) might be sub-optimal as no optional output register could be merged into the ram block. Providing additional output register may help in improving timing.
INFO: [Synth 8-7052] The timing for the instance soc_base_inst/ztachip_inst/core_i/GEN_CELL[0].cell_i/GEN_REG[3].GEN1.pcore_i/iregister_i/iregister_ram_i/altsyncram_i/ram_i/xpm_memory_sdpram_inst/xpm_memory_base_inst/gen_wr_a.gen_byte_narrow.for_mem_cols[1].mem_reg_1 (implemented as a Block RAM) might be sub-optimal as no optional output register could be merged into the ram block. Providing additional output register may help in improving timing.
INFO: [Synth 8-7052] The timing for the instance soc_base_inst/ztachip_inst/core_i/GEN_CELL[0].cell_i/GEN_REG[3].GEN1.pcore_i/register_bank_i/register_file_i/ram3_i/ram2_i/xpm_memory_sdpram_inst/xpm_memory_base_inst/gen_wr_a.gen_byte_narrow.for_mem_cols[1].mem_reg_0 (implemented as a Block RAM) might be sub-optimal as no optional output register could be merged into the ram block. Providing additional output register may help in improving timing.
INFO: [Synth 8-7052] The timing for the instance soc_base_inst/ztachip_inst/core_i/GEN_CELL[0].cell_i/GEN_REG[3].GEN1.pcore_i/register_bank_i/register_file_i/ram3_i/ram2_i/xpm_memory_sdpram_inst/xpm_memory_base_inst/gen_wr_a.gen_byte_narrow.for_mem_cols[1].mem_reg_1 (implemented as a Block RAM) might be sub-optimal as no optional output register could be merged into the ram block. Providing additional output register may help in improving timing.
INFO: [Synth 8-7052] The timing for the instance soc_base_inst/ztachip_inst/core_i/GEN_CELL[0].cell_i/GEN_REG[3].GEN1.pcore_i/register_bank_i/register_file_i2/ram3_i/ram2_i/xpm_memory_sdpram_inst/xpm_memory_base_inst/gen_wr_a.gen_byte_narrow.for_mem_cols[1].mem_reg_0 (implemented as a Block RAM) might be sub-optimal as no optional output register could be merged into the ram block. Providing additional output register may help in improving timing.
INFO: [Synth 8-7052] The timing for the instance soc_base_inst/ztachip_inst/core_i/GEN_CELL[0].cell_i/GEN_REG[3].GEN1.pcore_i/register_bank_i/register_file_i2/ram3_i/ram2_i/xpm_memory_sdpram_inst/xpm_memory_base_inst/gen_wr_a.gen_byte_narrow.for_mem_cols[1].mem_reg_1 (implemented as a Block RAM) might be sub-optimal as no optional output register could be merged into the ram block. Providing additional output register may help in improving timing.
INFO: [Synth 8-7052] The timing for the instance soc_base_inst/ztachip_inst/core_i/GEN_CELL[0].cell_i/GEN_REG[0].GEN1.pcore_i/xregister_file_i/GEN2.altsyncram_i/ram_i/xpm_memory_sdpram_inst/xpm_memory_base_inst/gen_wr_a.gen_byte_narrow.for_mem_cols[1].mem_reg_0 (implemented as a Block RAM) might be sub-optimal as no optional output register could be merged into the ram block. Providing additional output register may help in improving timing.
INFO: [Synth 8-7052] The timing for the instance soc_base_inst/ztachip_inst/core_i/GEN_CELL[0].cell_i/GEN_REG[0].GEN1.pcore_i/xregister_file_i/GEN2.altsyncram_i/ram_i/xpm_memory_sdpram_inst/xpm_memory_base_inst/gen_wr_a.gen_byte_narrow.for_mem_cols[1].mem_reg_1 (implemented as a Block RAM) might be sub-optimal as no optional output register could be merged into the ram block. Providing additional output register may help in improving timing.
INFO: [Synth 8-7052] The timing for the instance soc_base_inst/ztachip_inst/core_i/GEN_CELL[0].cell_i/GEN_REG[0].GEN1.pcore_i/xregister_file_i/GEN2.altsyncram_i/ram_i/xpm_memory_sdpram_inst/xpm_memory_base_inst/gen_wr_a.gen_byte_narrow.for_mem_cols[1].mem_reg_2 (implemented as a Block RAM) might be sub-optimal as no optional output register could be merged into the ram block. Providing additional output register may help in improving timing.
INFO: [Synth 8-7052] The timing for the instance soc_base_inst/ztachip_inst/core_i/GEN_CELL[0].cell_i/GEN_REG[0].GEN1.pcore_i/iregister_i/iregister_ram_i/altsyncram_i/ram_i/xpm_memory_sdpram_inst/xpm_memory_base_inst/gen_wr_a.gen_byte_narrow.for_mem_cols[1].mem_reg_0 (implemented as a Block RAM) might be sub-optimal as no optional output register could be merged into the ram block. Providing additional output register may help in improving timing.
INFO: [Synth 8-7052] The timing for the instance soc_base_inst/ztachip_inst/core_i/GEN_CELL[0].cell_i/GEN_REG[0].GEN1.pcore_i/iregister_i/iregister_ram_i/altsyncram_i/ram_i/xpm_memory_sdpram_inst/xpm_memory_base_inst/gen_wr_a.gen_byte_narrow.for_mem_cols[1].mem_reg_1 (implemented as a Block RAM) might be sub-optimal as no optional output register could be merged into the ram block. Providing additional output register may help in improving timing.
INFO: [Synth 8-7052] The timing for the instance soc_base_inst/ztachip_inst/core_i/GEN_CELL[0].cell_i/GEN_REG[0].GEN1.pcore_i/register_bank_i/register_file_i/ram3_i/ram2_i/xpm_memory_sdpram_inst/xpm_memory_base_inst/gen_wr_a.gen_byte_narrow.for_mem_cols[1].mem_reg_0 (implemented as a Block RAM) might be sub-optimal as no optional output register could be merged into the ram block. Providing additional output register may help in improving timing.
INFO: [Synth 8-7052] The timing for the instance soc_base_inst/ztachip_inst/core_i/GEN_CELL[0].cell_i/GEN_REG[0].GEN1.pcore_i/register_bank_i/register_file_i/ram3_i/ram2_i/xpm_memory_sdpram_inst/xpm_memory_base_inst/gen_wr_a.gen_byte_narrow.for_mem_cols[1].mem_reg_1 (implemented as a Block RAM) might be sub-optimal as no optional output register could be merged into the ram block. Providing additional output register may help in improving timing.
INFO: [Synth 8-7052] The timing for the instance soc_base_inst/ztachip_inst/core_i/GEN_CELL[0].cell_i/GEN_REG[0].GEN1.pcore_i/register_bank_i/register_file_i2/ram3_i/ram2_i/xpm_memory_sdpram_inst/xpm_memory_base_inst/gen_wr_a.gen_byte_narrow.for_mem_cols[1].mem_reg_0 (implemented as a Block RAM) might be sub-optimal as no optional output register could be merged into the ram block. Providing additional output register may help in improving timing.
INFO: [Synth 8-7052] The timing for the instance soc_base_inst/ztachip_inst/core_i/GEN_CELL[0].cell_i/GEN_REG[0].GEN1.pcore_i/register_bank_i/register_file_i2/ram3_i/ram2_i/xpm_memory_sdpram_inst/xpm_memory_base_inst/gen_wr_a.gen_byte_narrow.for_mem_cols[1].mem_reg_1 (implemented as a Block RAM) might be sub-optimal as no optional output register could be merged into the ram block. Providing additional output register may help in improving timing.
INFO: [Synth 8-7052] The timing for the instance soc_base_inst/ztachip_inst/core_i/GEN_STREAM[0].stream_i/lookup_i/xpm_memory_spram_inst/xpm_memory_base_inst/gen_wr_a.gen_word_narrow.mem_reg (implemented as a Block RAM) might be sub-optimal as no optional output register could be merged into the ram block. Providing additional output register may help in improving timing.
INFO: [Synth 8-7052] The timing for the instance soc_base_inst/ztachip_inst/core_i/GEN_STREAM[0].stream_i/lookup_i/xpm_memory_spram_inst/xpm_memory_base_inst/gen_wr_a.gen_word_narrow.mem_reg (implemented as a Block RAM) might be sub-optimal as no optional output register could be merged into the ram block. Providing additional output register may help in improving timing.
INFO: [Synth 8-7052] The timing for the instance soc_base_inst/ztachip_inst/core_i/GEN_STREAM[1].stream_i/lookup_i/xpm_memory_spram_inst/xpm_memory_base_inst/gen_wr_a.gen_word_narrow.mem_reg (implemented as a Block RAM) might be sub-optimal as no optional output register could be merged into the ram block. Providing additional output register may help in improving timing.
INFO: [Synth 8-7052] The timing for the instance soc_base_inst/ztachip_inst/core_i/GEN_STREAM[1].stream_i/lookup_i/xpm_memory_spram_inst/xpm_memory_base_inst/gen_wr_a.gen_word_narrow.mem_reg (implemented as a Block RAM) might be sub-optimal as no optional output register could be merged into the ram block. Providing additional output register may help in improving timing.
INFO: [Synth 8-7052] The timing for the instance soc_base_inst/ztachip_inst/core_i/GEN_STREAM[2].stream_i/lookup_i/xpm_memory_spram_inst/xpm_memory_base_inst/gen_wr_a.gen_word_narrow.mem_reg (implemented as a Block RAM) might be sub-optimal as no optional output register could be merged into the ram block. Providing additional output register may help in improving timing.
INFO: [Synth 8-7052] The timing for the instance soc_base_inst/ztachip_inst/core_i/GEN_STREAM[2].stream_i/lookup_i/xpm_memory_spram_inst/xpm_memory_base_inst/gen_wr_a.gen_word_narrow.mem_reg (implemented as a Block RAM) might be sub-optimal as no optional output register could be merged into the ram block. Providing additional output register may help in improving timing.
INFO: [Synth 8-7052] The timing for the instance soc_base_inst/ztachip_inst/core_i/GEN_STREAM[3].stream_i/lookup_i/xpm_memory_spram_inst/xpm_memory_base_inst/gen_wr_a.gen_word_narrow.mem_reg (implemented as a Block RAM) might be sub-optimal as no optional output register could be merged into the ram block. Providing additional output register may help in improving timing.
INFO: [Synth 8-7052] The timing for the instance soc_base_inst/ztachip_inst/core_i/GEN_STREAM[3].stream_i/lookup_i/xpm_memory_spram_inst/xpm_memory_base_inst/gen_wr_a.gen_word_narrow.mem_reg (implemented as a Block RAM) might be sub-optimal as no optional output register could be merged into the ram block. Providing additional output register may help in improving timing.
INFO: [Synth 8-7052] The timing for the instance soc_base_inst/ztachip_inst/core_i/GEN_STREAM[4].stream_i/lookup_i/xpm_memory_spram_inst/xpm_memory_base_inst/gen_wr_a.gen_word_narrow.mem_reg (implemented as a Block RAM) might be sub-optimal as no optional output register could be merged into the ram block. Providing additional output register may help in improving timing.
INFO: [Synth 8-7052] The timing for the instance soc_base_inst/ztachip_inst/core_i/GEN_STREAM[4].stream_i/lookup_i/xpm_memory_spram_inst/xpm_memory_base_inst/gen_wr_a.gen_word_narrow.mem_reg (implemented as a Block RAM) might be sub-optimal as no optional output register could be merged into the ram block. Providing additional output register may help in improving timing.
INFO: [Synth 8-7052] The timing for the instance soc_base_inst/ztachip_inst/core_i/GEN_STREAM[5].stream_i/lookup_i/xpm_memory_spram_inst/xpm_memory_base_inst/gen_wr_a.gen_word_narrow.mem_reg (implemented as a Block RAM) might be sub-optimal as no optional output register could be merged into the ram block. Providing additional output register may help in improving timing.
INFO: [Synth 8-7052] The timing for the instance soc_base_inst/ztachip_inst/core_i/GEN_STREAM[5].stream_i/lookup_i/xpm_memory_spram_inst/xpm_memory_base_inst/gen_wr_a.gen_word_narrow.mem_reg (implemented as a Block RAM) might be sub-optimal as no optional output register could be merged into the ram block. Providing additional output register may help in improving timing.
INFO: [Synth 8-7052] The timing for the instance soc_base_inst/ztachip_inst/core_i/GEN_STREAM[6].stream_i/lookup_i/xpm_memory_spram_inst/xpm_memory_base_inst/gen_wr_a.gen_word_narrow.mem_reg (implemented as a Block RAM) might be sub-optimal as no optional output register could be merged into the ram block. Providing additional output register may help in improving timing.
INFO: [Synth 8-7052] The timing for the instance soc_base_inst/ztachip_inst/core_i/GEN_STREAM[6].stream_i/lookup_i/xpm_memory_spram_inst/xpm_memory_base_inst/gen_wr_a.gen_word_narrow.mem_reg (implemented as a Block RAM) might be sub-optimal as no optional output register could be merged into the ram block. Providing additional output register may help in improving timing.
INFO: [Synth 8-7052] The timing for the instance soc_base_inst/ztachip_inst/core_i/GEN_STREAM[7].stream_i/lookup_i/xpm_memory_spram_inst/xpm_memory_base_inst/gen_wr_a.gen_word_narrow.mem_reg (implemented as a Block RAM) might be sub-optimal as no optional output register could be merged into the ram block. Providing additional output register may help in improving timing.
INFO: [Synth 8-7052] The timing for the instance soc_base_inst/ztachip_inst/core_i/GEN_STREAM[7].stream_i/lookup_i/xpm_memory_spram_inst/xpm_memory_base_inst/gen_wr_a.gen_word_narrow.mem_reg (implemented as a Block RAM) might be sub-optimal as no optional output register could be merged into the ram block. Providing additional output register may help in improving timing.
INFO: [Synth 8-7052] The timing for the instance soc_base_inst/ztachip_inst/core_i/GEN_STREAM_1[0].stream_i1/lookup_i/xpm_memory_spram_inst/xpm_memory_base_inst/gen_wr_a.gen_word_narrow.mem_reg (implemented as a Block RAM) might be sub-optimal as no optional output register could be merged into the ram block. Providing additional output register may help in improving timing.
INFO: [Synth 8-7052] The timing for the instance soc_base_inst/ztachip_inst/core_i/GEN_STREAM_1[0].stream_i1/lookup_i/xpm_memory_spram_inst/xpm_memory_base_inst/gen_wr_a.gen_word_narrow.mem_reg (implemented as a Block RAM) might be sub-optimal as no optional output register could be merged into the ram block. Providing additional output register may help in improving timing.
INFO: [Synth 8-7052] The timing for the instance soc_base_inst/ztachip_inst/core_i/GEN_STREAM_1[1].stream_i1/lookup_i/xpm_memory_spram_inst/xpm_memory_base_inst/gen_wr_a.gen_word_narrow.mem_reg (implemented as a Block RAM) might be sub-optimal as no optional output register could be merged into the ram block. Providing additional output register may help in improving timing.
INFO: [Synth 8-7052] The timing for the instance soc_base_inst/ztachip_inst/core_i/GEN_STREAM_1[1].stream_i1/lookup_i/xpm_memory_spram_inst/xpm_memory_base_inst/gen_wr_a.gen_word_narrow.mem_reg (implemented as a Block RAM) might be sub-optimal as no optional output register could be merged into the ram block. Providing additional output register may help in improving timing.
INFO: [Synth 8-7052] The timing for the instance soc_base_inst/ztachip_inst/core_i/GEN_STREAM_1[2].stream_i1/lookup_i/xpm_memory_spram_inst/xpm_memory_base_inst/gen_wr_a.gen_word_narrow.mem_reg (implemented as a Block RAM) might be sub-optimal as no optional output register could be merged into the ram block. Providing additional output register may help in improving timing.
INFO: [Synth 8-7052] The timing for the instance soc_base_inst/ztachip_inst/core_i/GEN_STREAM_1[2].stream_i1/lookup_i/xpm_memory_spram_inst/xpm_memory_base_inst/gen_wr_a.gen_word_narrow.mem_reg (implemented as a Block RAM) might be sub-optimal as no optional output register could be merged into the ram block. Providing additional output register may help in improving timing.
INFO: [Synth 8-7052] The timing for the instance soc_base_inst/ztachip_inst/core_i/GEN_STREAM_1[3].stream_i1/lookup_i/xpm_memory_spram_inst/xpm_memory_base_inst/gen_wr_a.gen_word_narrow.mem_reg (implemented as a Block RAM) might be sub-optimal as no optional output register could be merged into the ram block. Providing additional output register may help in improving timing.
INFO: [Synth 8-7052] The timing for the instance soc_base_inst/ztachip_inst/core_i/GEN_STREAM_1[3].stream_i1/lookup_i/xpm_memory_spram_inst/xpm_memory_base_inst/gen_wr_a.gen_word_narrow.mem_reg (implemented as a Block RAM) might be sub-optimal as no optional output register could be merged into the ram block. Providing additional output register may help in improving timing.
INFO: [Synth 8-7052] The timing for the instance soc_base_inst/ztachip_inst/core_i/GEN_STREAM_1[4].stream_i1/lookup_i/xpm_memory_spram_inst/xpm_memory_base_inst/gen_wr_a.gen_word_narrow.mem_reg (implemented as a Block RAM) might be sub-optimal as no optional output register could be merged into the ram block. Providing additional output register may help in improving timing.
INFO: [Synth 8-7052] The timing for the instance soc_base_inst/ztachip_inst/core_i/GEN_STREAM_1[4].stream_i1/lookup_i/xpm_memory_spram_inst/xpm_memory_base_inst/gen_wr_a.gen_word_narrow.mem_reg (implemented as a Block RAM) might be sub-optimal as no optional output register could be merged into the ram block. Providing additional output register may help in improving timing.
INFO: [Common 17-14] Message 'Synth 8-7052' appears 100 times and further instances of the messages will be disabled. Use the Tcl command set_msg_config to change the current settings.
---------------------------------------------------------------------------------
Finished Final Netlist Cleanup
---------------------------------------------------------------------------------
---------------------------------------------------------------------------------
Finished IO Insertion : Time (s): cpu = 00:01:41 ; elapsed = 00:01:24 . Memory (MB): peak = 3321.832 ; gain = 1551.848 ; free physical = 3205 ; free virtual = 9871
---------------------------------------------------------------------------------
---------------------------------------------------------------------------------
Start Renaming Generated Instances
---------------------------------------------------------------------------------
---------------------------------------------------------------------------------
Finished Renaming Generated Instances : Time (s): cpu = 00:01:41 ; elapsed = 00:01:24 . Memory (MB): peak = 3321.832 ; gain = 1551.848 ; free physical = 3205 ; free virtual = 9871
---------------------------------------------------------------------------------
---------------------------------------------------------------------------------
Start Rebuilding User Hierarchy
---------------------------------------------------------------------------------
---------------------------------------------------------------------------------
Finished Rebuilding User Hierarchy : Time (s): cpu = 00:01:48 ; elapsed = 00:01:31 . Memory (MB): peak = 3430.535 ; gain = 1660.551 ; free physical = 3112 ; free virtual = 9778
---------------------------------------------------------------------------------
---------------------------------------------------------------------------------
Start Renaming Generated Ports
---------------------------------------------------------------------------------
---------------------------------------------------------------------------------
Finished Renaming Generated Ports : Time (s): cpu = 00:01:48 ; elapsed = 00:01:31 . Memory (MB): peak = 3430.535 ; gain = 1660.551 ; free physical = 3112 ; free virtual = 9778
---------------------------------------------------------------------------------
---------------------------------------------------------------------------------
Start Handling Custom Attributes
---------------------------------------------------------------------------------
---------------------------------------------------------------------------------
Finished Handling Custom Attributes : Time (s): cpu = 00:01:50 ; elapsed = 00:01:33 . Memory (MB): peak = 3453.348 ; gain = 1683.363 ; free physical = 3121 ; free virtual = 9787
---------------------------------------------------------------------------------
---------------------------------------------------------------------------------
Start Renaming Generated Nets
---------------------------------------------------------------------------------
---------------------------------------------------------------------------------
Finished Renaming Generated Nets : Time (s): cpu = 00:01:50 ; elapsed = 00:01:33 . Memory (MB): peak = 3453.348 ; gain = 1683.363 ; free physical = 3124 ; free virtual = 9790
---------------------------------------------------------------------------------
---------------------------------------------------------------------------------
Start ROM, RAM, DSP, Shift Register and Retiming Reporting
---------------------------------------------------------------------------------

Static Shift Register Report:
+------------+---------------------------------------------------------------------------------------------------------------------+--------+-------+--------------+--------------------+-------------------+--------+---------+
|Module Name | RTL Name                                                                                                            | Length | Width | Reset Signal | Pull out first Reg | Pull out last Reg | SRL16E | SRLC32E | 
+------------+---------------------------------------------------------------------------------------------------------------------+--------+-------+--------------+--------------------+-------------------+--------+---------+
|main_zc702  | soc_base_inst/ztachip_inst/core_i/dp_wr_mcast_rrrrr_reg[5]                                                          | 5      | 6     | YES          | NO                 | YES               | 6      | 0       | 
|main_zc702  | soc_base_inst/ztachip_inst/GEN1.fpu_i/falu_vector_i/GEN_FPU[0].falu_core_i/falu_i/delay_i/fifo_r_reg[0]             | 12     | 122   | YES          | NO                 | YES               | 122    | 0       | 
|main_zc702  | soc_base_inst/ztachip_inst/GEN1.fpu_i/falu_vector_i/GEN_FPU[0].falu_core_i/falu_i/delay3_i/fifo_r_reg[0]            | 16     | 71    | YES          | NO                 | YES               | 71     | 0       | 
|main_zc702  | soc_base_inst/ztachip_inst/GEN1.fpu_i/falu_vector_i/GEN_FPU[0].falu_core_i/falu_i/output_delay2_i/fifo_r_reg[0]     | 4      | 40    | YES          | NO                 | YES               | 40     | 0       | 
|main_zc702  | soc_base_inst/ztachip_inst/GEN1.fpu_i/falu_vector_i/GEN_FPU[0].falu_core_i/falu_i/delay8_i/fifo_r_reg[0][31]        | 17     | 34    | YES          | NO                 | YES               | 34     | 0       | 
|main_zc702  | soc_base_inst/ztachip_inst/GEN1.fpu_i/falu_vector_i/GEN_FPU[0].falu_core_i/falu_i/B_delay_i/fifo_r_reg[0][31]       | 8      | 222   | YES          | NO                 | YES               | 222    | 0       | 
|main_zc702  | soc_base_inst/ztachip_inst/GEN1.fpu_i/falu_vector_i/GEN_FPU[0].falu_core_i/falu2_i/delay3_i/fifo_r_reg[0]           | 13     | 40    | YES          | NO                 | YES               | 40     | 0       | 
|main_zc702  | soc_base_inst/ztachip_inst/GEN1.fpu_i/falu_vector_i/GEN_FPU[0].falu_core_i/falu2_i/opcode_delay_i/fifo_r_reg[0][2]  | 9      | 6     | YES          | NO                 | YES               | 6      | 0       | 
|main_zc702  | soc_base_inst/ztachip_inst/GEN1.fpu_i/falu_vector_i/delay1_i/fifo_r_reg[0]                                          | 4      | 1     | YES          | NO                 | YES               | 1      | 0       | 
|main_zc702  | soc_base_inst/ztachip_inst/GEN1.fpu_i/falu_vector_i/delay7_i/fifo_r_reg[0][14]                                      | 4      | 15    | YES          | NO                 | YES               | 15     | 0       | 
|main_zc702  | soc_base_inst/ztachip_inst/GEN1.fpu_i/falu_vector_i/delay2_i/fifo_r_reg[0]                                          | 4      | 1     | YES          | NO                 | YES               | 1      | 0       | 
|main_zc702  | soc_base_inst/ztachip_inst/GEN1.fpu_i/falu_vector_i/delay3_i/fifo_r_reg[0]                                          | 4      | 1     | YES          | NO                 | YES               | 1      | 0       | 
|main_zc702  | soc_base_inst/ztachip_inst/GEN1.fpu_i/falu_vector_i/delay5_i/fifo_r_reg[0]                                          | 4      | 1     | YES          | NO                 | YES               | 1      | 0       | 
|main_zc702  | soc_base_inst/ztachip_inst/GEN1.fpu_i/falu_vector_i/delay6_i/fifo_r_reg[0][2]                                       | 4      | 3     | YES          | NO                 | YES               | 3      | 0       | 
|main_zc702  | soc_base_inst/ztachip_inst/GEN1.fpu_i/falu_vector_i/delay10_i/fifo_r_reg[0][3]                                      | 4      | 4     | YES          | NO                 | YES               | 4      | 0       | 
|main_zc702  | soc_base_inst/ztachip_inst/GEN1.fpu_i/falu_vector_i/delay4_i/fifo_r_reg[0][15]                                      | 4      | 16    | YES          | NO                 | YES               | 16     | 0       | 
|main_zc702  | soc_base_inst/ztachip_inst/GEN1.fpu_i/falu_vector_i/delay8_i/fifo_r_reg[0][2]                                       | 4      | 3     | YES          | NO                 | YES               | 3      | 0       | 
|main_zc702  | soc_base_inst/ztachip_inst/core_i/GEN_CELL[0].cell_i/GEN_REG[1].GEN1.pcore_i/instr_decoder2_i/mu_lane_rrrrrr_reg[7] | 6      | 48    | YES          | NO                 | YES               | 48     | 0       | 
|main_zc702  | soc_base_inst/ztachip_inst/core_i/GEN_CELL[0].cell_i/GEN_REG[1].GEN1.pcore_i/instr_decoder2_i/lane_rrr_reg[12]      | 4      | 50    | YES          | NO                 | YES               | 50     | 0       | 
|main_zc702  | soc_base_inst/ztachip_inst/core_i/GEN_CELL[0].cell_i/GEN_REG[1].GEN1.pcore_i/instr_dispatch2_i1/wr_en_delay_r_reg   | 7      | 97    | YES          | NO                 | YES               | 97     | 0       | 
|main_zc702  | soc_base_inst/ztachip_inst/core_i/GEN_CELL[0].cell_i/GEN_REG[1].GEN1.pcore_i/instr_decoder2_i/imu_const_rrr_reg[11] | 5      | 17    | YES          | NO                 | YES               | 17     | 0       | 
|main_zc702  | soc_base_inst/ztachip_inst/core_i/instr_i/instr_fetch_i/tid_rrrrrrrrrrr_reg[15]                                     | 4      | 16    | YES          | NO                 | YES               | 16     | 0       | 
|main_zc702  | soc_base_inst/ztachip_inst/core_i/instr_i/instr_fetch_i/ctrl_opcode_rrrrrrrr_reg[4]                                 | 7      | 5     | YES          | NO                 | YES               | 5      | 0       | 
|main_zc702  | soc_base_inst/ztachip_inst/core_i/instr_i/instr_fetch_i/got_control_rrrrrrrr_reg                                    | 7      | 1     | YES          | NO                 | YES               | 1      | 0       | 
|main_zc702  | soc_base_inst/ztachip_inst/core_i/instr_i/instr_fetch_i/instruction_addr_rr_reg[10]                                 | 4      | 10    | YES          | NO                 | YES               | 10     | 0       | 
|main_zc702  | soc_base_inst/ztachip_inst/core_i/instr_i/instr_fetch_i/ctrl_next_addr_rrrrr_reg[10]                                | 5      | 10    | YES          | NO                 | YES               | 10     | 0       | 
|main_zc702  | soc_base_inst/ztachip_inst/core_i/instr_i/instr_fetch_i/ctrl_goto_addr_rrrrrrrr_reg[10]                             | 7      | 10    | YES          | NO                 | YES               | 10     | 0       | 
|main_zc702  | soc_base_inst/ztachip_inst/core_i/dp_readdatavalid2_rrrrrr_reg                                                      | 6      | 1     | YES          | NO                 | YES               | 1      | 0       | 
|main_zc702  | soc_base_inst/ztachip_inst/core_i/dp_read_gen_valid2_rrrrrr_reg                                                     | 6      | 1     | YES          | NO                 | YES               | 1      | 0       | 
|main_zc702  | soc_base_inst/ztachip_inst/core_i/dp_read_stream2_rrrrr_reg                                                         | 4      | 1     | YES          | NO                 | YES               | 1      | 0       | 
|main_zc702  | soc_base_inst/ztachip_inst/core_i/dp_readdata2_rrrrr_reg[119]                                                       | 4      | 96    | YES          | NO                 | YES               | 96     | 0       | 
|main_zc702  | soc_base_inst/ztachip_inst/core_i/dp_read_data_flow2_rrrrr_reg[1]                                                   | 5      | 2     | YES          | NO                 | YES               | 2      | 0       | 
|main_zc702  | soc_base_inst/ztachip_inst/core_i/dp_readdata_vm_rrrrrr_reg                                                         | 6      | 1     | YES          | NO                 | YES               | 1      | 0       | 
|main_zc702  | soc_base_inst/ztachip_inst/core_i/dp_write_stream_rrrrr_reg                                                         | 5      | 1     | YES          | NO                 | YES               | 1      | 0       | 
|main_zc702  | soc_base_inst/ztachip_inst/core_i/dp_writedata_rrrrr_reg[127]                                                       | 4      | 64    | YES          | NO                 | YES               | 64     | 0       | 
|main_zc702  | soc_base_inst/ztachip_inst/sram_i/axi_ifc_i/delay_i1/fifo_r_reg[0]                                                  | 4      | 1     | YES          | NO                 | YES               | 1      | 0       | 
|main_zc702  | soc_base_inst/ztachip_inst/sram_i/axi_ifc_i/delay_i2/fifo_r_reg[0]                                                  | 4      | 1     | YES          | NO                 | YES               | 1      | 0       | 
|main_zc702  | soc_base_inst/ztachip_inst/sram_i/read_source_1_rrrr_reg[1]                                                         | 4      | 2     | YES          | NO                 | YES               | 2      | 0       | 
|main_zc702  | soc_base_inst/ztachip_inst/sram_i/read_source_0_rrrr_reg[1]                                                         | 4      | 2     | YES          | NO                 | YES               | 2      | 0       | 
|main_zc702  | soc_base_inst/ztachip_inst/sram_i/dp_read_vm_rrrr_reg                                                               | 4      | 1     | YES          | NO                 | YES               | 1      | 0       | 
+------------+---------------------------------------------------------------------------------------------------------------------+--------+-------+--------------+--------------------+-------------------+--------+---------+

---------------------------------------------------------------------------------
Finished ROM, RAM, DSP, Shift Register and Retiming Reporting
---------------------------------------------------------------------------------
---------------------------------------------------------------------------------
Start Writing Synthesis Report
---------------------------------------------------------------------------------

DSP Final Report (the ' indicates corresponding REG is set)
+------------+-------------+--------+--------+--------+--------+--------+------+------+------+------+-------+------+------+
|Module Name | DSP Mapping | A Size | B Size | C Size | D Size | P Size | AREG | BREG | CREG | DREG | ADREG | MREG | PREG | 
+------------+-------------+--------+--------+--------+--------+--------+------+------+------+------+-------+------+------+
|VexRiscv    | ((A*B)')'   | 30     | 18     | -      | -      | 32     | 0    | 0    | -    | -    | -     | 1    | 1    | 
|VexRiscv    | (A*B)'      | 16     | 18     | -      | -      | 34     | 0    | 0    | -    | -    | -     | 1    | 0    | 
|VexRiscv    | (A*B)'      | 30     | 16     | -      | -      | 34     | 0    | 0    | -    | -    | -     | 1    | 0    | 
|VexRiscv    | (A*B)'      | 16     | 16     | -      | -      | 32     | 0    | 0    | -    | -    | -     | 1    | 0    | 
|multiplier  | Dynamic     | -      | -      | -      | -      | 32     | -    | -    | -    | -    | -     | 1    | 1    | 
|multiplier  | Dynamic     | -      | -      | -      | -      | 32     | -    | -    | -    | -    | -     | 1    | 1    | 
|multiplier  | Dynamic     | -      | -      | -      | -      | 32     | -    | -    | -    | -    | -     | 1    | 1    | 
|multiplier  | Dynamic     | -      | -      | -      | -      | 32     | -    | -    | -    | -    | -     | 1    | 1    | 
|multiplier  | Dynamic     | -      | -      | -      | -      | 32     | -    | -    | -    | -    | -     | 1    | 1    | 
|multiplier  | Dynamic     | -      | -      | -      | -      | 32     | -    | -    | -    | -    | -     | 1    | 1    | 
|multiplier  | Dynamic     | -      | -      | -      | -      | 32     | -    | -    | -    | -    | -     | 1    | 1    | 
|multiplier  | Dynamic     | -      | -      | -      | -      | 32     | -    | -    | -    | -    | -     | 1    | 1    | 
|multiplier  | (A*B)'      | 30     | 18     | -      | -      | 13     | 0    | 0    | -    | -    | -     | 1    | 0    | 
|multiplier  | Dynamic     | -      | -      | -      | -      | 32     | -    | -    | -    | -    | -     | 1    | 1    | 
|multiplier  | Dynamic     | -      | -      | -      | -      | 32     | -    | -    | -    | -    | -     | 1    | 1    | 
|multiplier  | Dynamic     | -      | -      | -      | -      | 32     | -    | -    | -    | -    | -     | 1    | 1    | 
|multiplier  | Dynamic     | -      | -      | -      | -      | 32     | -    | -    | -    | -    | -     | 1    | 1    | 
|multiplier  | Dynamic     | -      | -      | -      | -      | 32     | -    | -    | -    | -    | -     | 1    | 1    | 
|multiplier  | Dynamic     | -      | -      | -      | -      | 32     | -    | -    | -    | -    | -     | 1    | 1    | 
|multiplier  | Dynamic     | -      | -      | -      | -      | 32     | -    | -    | -    | -    | -     | 1    | 1    | 
|multiplier  | Dynamic     | -      | -      | -      | -      | 32     | -    | -    | -    | -    | -     | 1    | 1    | 
|multiplier  | (A*B)'      | 30     | 18     | -      | -      | 13     | 0    | 0    | -    | -    | -     | 1    | 0    | 
|multiplier  | Dynamic     | -      | -      | -      | -      | 32     | -    | -    | -    | -    | -     | 1    | 1    | 
|multiplier  | Dynamic     | -      | -      | -      | -      | 32     | -    | -    | -    | -    | -     | 1    | 1    | 
|multiplier  | Dynamic     | -      | -      | -      | -      | 32     | -    | -    | -    | -    | -     | 1    | 1    | 
|multiplier  | Dynamic     | -      | -      | -      | -      | 32     | -    | -    | -    | -    | -     | 1    | 1    | 
|multiplier  | Dynamic     | -      | -      | -      | -      | 32     | -    | -    | -    | -    | -     | 1    | 1    | 
|multiplier  | Dynamic     | -      | -      | -      | -      | 32     | -    | -    | -    | -    | -     | 1    | 1    | 
|multiplier  | Dynamic     | -      | -      | -      | -      | 32     | -    | -    | -    | -    | -     | 1    | 1    | 
|multiplier  | Dynamic     | -      | -      | -      | -      | 32     | -    | -    | -    | -    | -     | 1    | 1    | 
|multiplier  | (A*B)'      | 30     | 18     | -      | -      | 13     | 0    | 0    | -    | -    | -     | 1    | 0    | 
|multiplier  | Dynamic     | -      | -      | -      | -      | 32     | -    | -    | -    | -    | -     | 1    | 1    | 
|multiplier  | Dynamic     | -      | -      | -      | -      | 32     | -    | -    | -    | -    | -     | 1    | 1    | 
|multiplier  | Dynamic     | -      | -      | -      | -      | 32     | -    | -    | -    | -    | -     | 1    | 1    | 
|multiplier  | Dynamic     | -      | -      | -      | -      | 32     | -    | -    | -    | -    | -     | 1    | 1    | 
|multiplier  | Dynamic     | -      | -      | -      | -      | 32     | -    | -    | -    | -    | -     | 1    | 1    | 
|multiplier  | Dynamic     | -      | -      | -      | -      | 32     | -    | -    | -    | -    | -     | 1    | 1    | 
|multiplier  | Dynamic     | -      | -      | -      | -      | 32     | -    | -    | -    | -    | -     | 1    | 1    | 
|multiplier  | Dynamic     | -      | -      | -      | -      | 32     | -    | -    | -    | -    | -     | 1    | 1    | 
|multiplier  | (A*B)'      | 30     | 18     | -      | -      | 13     | 0    | 0    | -    | -    | -     | 1    | 0    | 
|multiplier  | (A*B)'      | 30     | 5      | -      | -      | 24     | 0    | 0    | -    | -    | -     | 0    | 1    | 
|multiplier  | (A*B)'      | 30     | 5      | -      | -      | 24     | 0    | 0    | -    | -    | -     | 0    | 1    | 
|multiplier  | (A*B)'      | 30     | 5      | -      | -      | 24     | 0    | 0    | -    | -    | -     | 0    | 1    | 
|multiplier  | (A*B)'      | 30     | 5      | -      | -      | 24     | 0    | 0    | -    | -    | -     | 0    | 1    | 
|multiplier  | (A*B)'      | 30     | 5      | -      | -      | 24     | 0    | 0    | -    | -    | -     | 0    | 1    | 
|multiplier  | (A*B)'      | 30     | 5      | -      | -      | 24     | 0    | 0    | -    | -    | -     | 0    | 1    | 
|multiplier  | (A*B)'      | 30     | 5      | -      | -      | 24     | 0    | 0    | -    | -    | -     | 0    | 1    | 
|multiplier  | (A*B)'      | 30     | 5      | -      | -      | 24     | 0    | 0    | -    | -    | -     | 0    | 1    | 
|multiplier  | (A*B)'      | 30     | 5      | -      | -      | 24     | 0    | 0    | -    | -    | -     | 0    | 1    | 
|multiplier  | (A*B)'      | 30     | 5      | -      | -      | 24     | 0    | 0    | -    | -    | -     | 0    | 1    | 
|multiplier  | (A*B)'      | 30     | 5      | -      | -      | 24     | 0    | 0    | -    | -    | -     | 0    | 1    | 
|multiplier  | (A*B)'      | 30     | 5      | -      | -      | 24     | 0    | 0    | -    | -    | -     | 0    | 1    | 
|multiplier  | (A*B)'      | 30     | 5      | -      | -      | 24     | 0    | 0    | -    | -    | -     | 0    | 1    | 
|multiplier  | (A*B)'      | 30     | 5      | -      | -      | 24     | 0    | 0    | -    | -    | -     | 0    | 1    | 
|multiplier  | (A*B)'      | 30     | 5      | -      | -      | 24     | 0    | 0    | -    | -    | -     | 0    | 1    | 
|multiplier  | (A*B)'      | 30     | 5      | -      | -      | 24     | 0    | 0    | -    | -    | -     | 0    | 1    | 
+------------+-------------+--------+--------+--------+--------+--------+------+------+------+------+-------+------+------+


Report BlackBoxes: 
+------+--------------+----------+
|      |BlackBox name |Instances |
+------+--------------+----------+
|1     |clk_mmcm      |         1|
|2     |float_addsub  |         9|
|3     |float_mul     |         4|
+------+--------------+----------+

Report Cell Usage: 
+------+-------------+------+
|      |Cell         |Count |
+------+-------------+------+
|1     |clk_mmcm     |     1|
|2     |float_addsub |     9|
|11    |float_mul    |     4|
|15    |BIBUF        |   130|
|16    |BUFG         |     4|
|17    |CARRY4       |  2006|
|18    |DSP48E1      |    56|
|19    |LUT1         |  1356|
|20    |LUT2         |  6597|
|21    |LUT3         | 12223|
|22    |LUT4         |  8645|
|23    |LUT5         |  8382|
|24    |LUT6         | 15859|
|25    |MUXF7        |   744|
|26    |MUXF8        |   233|
|27    |PS7          |     1|
|28    |RAM32M       |    92|
|29    |RAM32X1D     |     7|
|30    |RAMB18E1     |    48|
|31    |RAMB36E1     |   107|
|32    |SRL16E       |  1024|
|33    |FDCE         | 42874|
|34    |FDPE         |   372|
|35    |FDRE         | 10357|
|36    |LD           |  2233|
|37    |OBUF         |     1|
+------+-------------+------+
---------------------------------------------------------------------------------
Finished Writing Synthesis Report : Time (s): cpu = 00:01:50 ; elapsed = 00:01:33 . Memory (MB): peak = 3453.348 ; gain = 1683.363 ; free physical = 3118 ; free virtual = 9784
---------------------------------------------------------------------------------
Synthesis finished with 0 errors, 0 critical warnings and 2 warnings.
Synthesis Optimization Runtime : Time (s): cpu = 00:01:22 ; elapsed = 00:01:19 . Memory (MB): peak = 3457.262 ; gain = 1147.230 ; free physical = 7668 ; free virtual = 14334
Synthesis Optimization Complete : Time (s): cpu = 00:01:50 ; elapsed = 00:01:34 . Memory (MB): peak = 3457.262 ; gain = 1687.277 ; free physical = 7668 ; free virtual = 14334
INFO: [Project 1-571] Translating synthesized netlist
Netlist sorting complete. Time (s): cpu = 00:00:00.77 ; elapsed = 00:00:00.77 . Memory (MB): peak = 3457.262 ; gain = 0.000 ; free physical = 7717 ; free virtual = 14383
INFO: [Netlist 29-17] Analyzing 5526 Unisim elements for replacement
INFO: [Netlist 29-28] Unisim Transformation completed in 0 CPU seconds
INFO: [Project 1-570] Preparing netlist for logic optimization
INFO: [Opt 31-138] Pushed 0 inverter(s) to 0 load pin(s).
Netlist sorting complete. Time (s): cpu = 00:00:00.03 ; elapsed = 00:00:00.02 . Memory (MB): peak = 3570.902 ; gain = 0.000 ; free physical = 7675 ; free virtual = 14341
INFO: [Project 1-111] Unisim Transformation Summary:
  A total of 2332 instances were transformed.
  LD => LDCE: 2233 instances
  RAM32M => RAM32M (RAMD32(x6), RAMS32(x2)): 92 instances
  RAM32X1D => RAM32X1D (RAMD32(x2)): 7 instances

Synth Design complete | Checksum: 87c4bfa8
INFO: [Common 17-83] Releasing license: Synthesis
939 Infos, 0 Warnings, 1 Critical Warnings and 0 Errors encountered.
synth_design completed successfully
synth_design: Time (s): cpu = 00:02:09 ; elapsed = 00:01:52 . Memory (MB): peak = 3570.938 ; gain = 1950.781 ; free physical = 7675 ; free virtual = 14341
INFO: [Common 17-2834] synth_design peak Physical Memory [PSS] (MB): overall = 7968.040; main = 2624.339; forked = 5870.217
INFO: [Common 17-2834] synth_design peak Virtual Memory [VSS] (MB): overall = 17394.730; main = 3570.906; forked = 14143.598
Write ShapeDB Complete: Time (s): cpu = 00:00:00.25 ; elapsed = 00:00:00.08 . Memory (MB): peak = 3594.914 ; gain = 0.000 ; free physical = 7663 ; free virtual = 14339
INFO: [Common 17-1381] The checkpoint '/home/eslam-elshokafy/Desktop/AIDAChip_Workshop_01/ztachip/HW/examples/ZC702/ztachip_zc702.runs/synth_1/main_zc702.dcp' has been generated.
write_checkpoint: Time (s): cpu = 00:00:08 ; elapsed = 00:00:07 . Memory (MB): peak = 3594.914 ; gain = 23.977 ; free physical = 7621 ; free virtual = 14345
INFO: [Vivado 12-24828] Executing command : report_utilization -file main_zc702_utilization_synth.rpt -pb main_zc702_utilization_synth.pb
INFO: [Common 17-206] Exiting Vivado at Sat Jun 20 19:19:12 2026...
[Sat Jun 20 19:19:12 2026] synth_1 finished
wait_on_runs: Time (s): cpu = 00:02:37 ; elapsed = 00:02:06 . Memory (MB): peak = 10205.918 ; gain = 0.000 ; free physical = 10544 ; free virtual = 16734
# if {[get_property PROGRESS [get_runs synth_1]] != "100%"} {
#    puts "ERROR: synthesis did not finish (status [get_property STATUS [get_runs synth_1]])."
#    return
# }
# puts "INFO: launching implementation + write_bitstream..."
INFO: launching implementation + write_bitstream...
# launch_runs impl_1 -to_step write_bitstream -jobs $JOBS
INFO: [Vivado 12-4149] The synthesis checkpoint for IP '/home/eslam-elshokafy/Desktop/AIDAChip_Workshop_01/ztachip/HW/examples/ZC702/ztachip_zc702.srcs/sources_1/ip/clk_mmcm/clk_mmcm.xci' is already up-to-date
[Sat Jun 20 19:19:13 2026] Launched impl_1...
Run output will be captured here: /home/eslam-elshokafy/Desktop/AIDAChip_Workshop_01/ztachip/HW/examples/ZC702/ztachip_zc702.runs/impl_1/runme.log
# wait_on_run impl_1
[Sat Jun 20 19:19:13 2026] Waiting for impl_1 to finish...
[Sat Jun 20 19:19:18 2026] Waiting for impl_1 to finish...
[Sat Jun 20 19:19:23 2026] Waiting for impl_1 to finish...
[Sat Jun 20 19:19:28 2026] Waiting for impl_1 to finish...
[Sat Jun 20 19:19:38 2026] Waiting for impl_1 to finish...
[Sat Jun 20 19:19:48 2026] Waiting for impl_1 to finish...
[Sat Jun 20 19:19:58 2026] Waiting for impl_1 to finish...
[Sat Jun 20 19:20:08 2026] Waiting for impl_1 to finish...
[Sat Jun 20 19:20:28 2026] Waiting for impl_1 to finish...
[Sat Jun 20 19:20:48 2026] Waiting for impl_1 to finish...
[Sat Jun 20 19:21:08 2026] Waiting for impl_1 to finish...
[Sat Jun 20 19:21:28 2026] Waiting for impl_1 to finish...
[Sat Jun 20 19:22:08 2026] Waiting for impl_1 to finish...
[Sat Jun 20 19:22:48 2026] Waiting for impl_1 to finish...
[Sat Jun 20 19:23:28 2026] Waiting for impl_1 to finish...
[Sat Jun 20 19:24:08 2026] Waiting for impl_1 to finish...
[Sat Jun 20 19:25:28 2026] Waiting for impl_1 to finish...
[Sat Jun 20 19:26:48 2026] Waiting for impl_1 to finish...
[Sat Jun 20 19:28:08 2026] Waiting for impl_1 to finish...
[Sat Jun 20 19:29:28 2026] Waiting for impl_1 to finish...

*** Running vivado
    with args -log main_zc702.vdi -applog -m64 -product Vivado -messageDb vivado.pb -mode batch -source main_zc702.tcl -notrace


****** Vivado v2025.2 (64-bit)
  **** SW Build 6299465 on Fri Nov 14 12:34:56 MST 2025
  **** IP Build 6300035 on Fri Nov 14 10:48:45 MST 2025
  **** SharedData Build 6298862 on Thu Nov 13 04:50:51 MST 2025
  **** Start of session at: Sat Jun 20 19:05:33 2026
    ** Copyright 1986-2022 Xilinx, Inc. All Rights Reserved.
    ** Copyright 2022-2025 Advanced Micro Devices, Inc. All Rights Reserved.

source main_zc702.tcl -notrace
CRITICAL WARNING: [Common 17-1355] You are suppressing all messages of type 'WARNING'. You may potentially disregard important DRC, CDC, and implementation messages that can negatively impact your design.  If this is not desired, please run 'reset_msg_config -suppress -severity {WARNING}' to undo this change.
Command: link_design -top main_zc702 -part xc7z020clg484-1
Design is defaulting to srcset: sources_1
Design is defaulting to constrset: constrs_1
INFO: [Device 21-403] Loading part xc7z020clg484-1
INFO: [Project 1-5699] Read binary netlist with skipMacroContent - 1
INFO: [Project 1-454] Reading design checkpoint '/home/eslam-elshokafy/Desktop/AIDAChip_Workshop_01/ztachip/HW/examples/ZC702/ztachip_zc702.gen/sources_1/ip/clk_mmcm/clk_mmcm.dcp' for cell 'clk_mmcm_inst'
INFO: [Project 1-454] Reading design checkpoint '/home/eslam-elshokafy/Desktop/AIDAChip_Workshop_01/ztachip/HW/examples/ZC702/ztachip_zc702.gen/sources_1/ip/float_addsub/float_addsub.dcp' for cell 'soc_base_inst/ztachip_inst/GEN1.fpu_i/falu_vector_i/GEN_FPU[0].falu_core_i/falu2_i/sum_1/float_addsub_inst'
INFO: [Project 1-454] Reading design checkpoint '/home/eslam-elshokafy/Desktop/AIDAChip_Workshop_01/ztachip/HW/examples/ZC702/ztachip_zc702.gen/sources_1/ip/float_mul/float_mul.dcp' for cell 'soc_base_inst/ztachip_inst/GEN1.fpu_i/falu_vector_i/GEN_FPU[0].falu_core_i/falu_i/stage_1/float_mul_inst'
Netlist sorting complete. Time (s): cpu = 00:00:00.56 ; elapsed = 00:00:00.57 . Memory (MB): peak = 1937.551 ; gain = 0.000 ; free physical = 9028 ; free virtual = 14068
INFO: [Netlist 29-17] Analyzing 3547 Unisim elements for replacement
INFO: [Netlist 29-28] Unisim Transformation completed in 0 CPU seconds
INFO: [Project 1-479] Netlist was created with Vivado 2025.2
INFO: [Project 1-570] Preparing netlist for logic optimization
Parsing XDC File [/home/eslam-elshokafy/Desktop/AIDAChip_Workshop_01/ztachip/HW/examples/ZC702/ztachip_zc702.gen/sources_1/ip/clk_mmcm/clk_mmcm_board.xdc] for cell 'clk_mmcm_inst/inst'
Finished Parsing XDC File [/home/eslam-elshokafy/Desktop/AIDAChip_Workshop_01/ztachip/HW/examples/ZC702/ztachip_zc702.gen/sources_1/ip/clk_mmcm/clk_mmcm_board.xdc] for cell 'clk_mmcm_inst/inst'
Parsing XDC File [/home/eslam-elshokafy/Desktop/AIDAChip_Workshop_01/ztachip/HW/examples/ZC702/ztachip_zc702.gen/sources_1/ip/clk_mmcm/clk_mmcm.xdc] for cell 'clk_mmcm_inst/inst'
Finished Parsing XDC File [/home/eslam-elshokafy/Desktop/AIDAChip_Workshop_01/ztachip/HW/examples/ZC702/ztachip_zc702.gen/sources_1/ip/clk_mmcm/clk_mmcm.xdc] for cell 'clk_mmcm_inst/inst'
Parsing XDC File [/home/eslam-elshokafy/Desktop/AIDAChip_Workshop_01/ztachip/HW/examples/ZC702/ztachip_zc702.gen/sources_1/bd/zynq_system/ip/zynq_system_processing_system7_0_0/zynq_system_processing_system7_0_0.xdc] for cell 'ps_inst/zynq_system_i/processing_system7_0/inst'
Finished Parsing XDC File [/home/eslam-elshokafy/Desktop/AIDAChip_Workshop_01/ztachip/HW/examples/ZC702/ztachip_zc702.gen/sources_1/bd/zynq_system/ip/zynq_system_processing_system7_0_0/zynq_system_processing_system7_0_0.xdc] for cell 'ps_inst/zynq_system_i/processing_system7_0/inst'
Parsing XDC File [/home/eslam-elshokafy/Desktop/AIDAChip_Workshop_01/ztachip/HW/examples/ZC702/main_zc702.xdc]
Finished Parsing XDC File [/home/eslam-elshokafy/Desktop/AIDAChip_Workshop_01/ztachip/HW/examples/ZC702/main_zc702.xdc]
INFO: [Project 1-538] Using original IP XDC constraints instead of the XDC constraints in dcp '/home/eslam-elshokafy/Desktop/AIDAChip_Workshop_01/ztachip/HW/examples/ZC702/ztachip_zc702.gen/sources_1/ip/clk_mmcm/clk_mmcm.dcp'
INFO: [Project 1-1714] 97 XPM XDC files have been applied to the design.
INFO: [Opt 31-138] Pushed 0 inverter(s) to 0 load pin(s).
INFO: [Project 1-1687] 5 scoped IP constraints or related sub-commands were skipped due to synthesis logic optimizations usually triggered by constant connectivity or unconnected output pins. To review the skipped constraints and messages, run the command 'set_param netlist.IPMsgFiltering false' before opening the design.
Netlist sorting complete. Time (s): cpu = 00:00:00.01 ; elapsed = 00:00:00.01 . Memory (MB): peak = 2781.484 ; gain = 0.000 ; free physical = 8334 ; free virtual = 13395
INFO: [Project 1-111] Unisim Transformation Summary:
  A total of 99 instances were transformed.
  RAM32M => RAM32M (RAMD32(x6), RAMS32(x2)): 92 instances
  RAM32X1D => RAM32X1D (RAMD32(x2)): 7 instances

14 Infos, 0 Warnings, 1 Critical Warnings and 0 Errors encountered.
link_design completed successfully
link_design: Time (s): cpu = 00:00:22 ; elapsed = 00:00:18 . Memory (MB): peak = 2781.520 ; gain = 1161.672 ; free physical = 8334 ; free virtual = 13394
Command: opt_design
Attempting to get a license for feature 'Implementation' and/or device 'xc7z020'
INFO: [Common 17-349] Got license for feature 'Implementation' and/or device 'xc7z020'
Running DRC as a precondition to command opt_design

Starting DRC Task
INFO: [DRC 23-27] Running DRC with 8 threads
INFO: [Project 1-461] DRC finished with 0 Errors
INFO: [Project 1-462] Please refer to the DRC report (report_drc) for more information.

Time (s): cpu = 00:00:01 ; elapsed = 00:00:00.38 . Memory (MB): peak = 2781.520 ; gain = 0.000 ; free physical = 8331 ; free virtual = 13394

Starting Cache Timing Information Task
INFO: [Timing 38-35] Done setting XDC timing constraints.
Ending Cache Timing Information Task | Checksum: 1b14df025

Time (s): cpu = 00:00:04 ; elapsed = 00:00:01 . Memory (MB): peak = 2781.520 ; gain = 0.000 ; free physical = 8185 ; free virtual = 13248

Starting Logic Optimization Task

Phase 1 Initialization

Phase 1.1 Core Generation And Design Setup
Phase 1.1 Core Generation And Design Setup | Checksum: 1b14df025

Time (s): cpu = 00:00:00.08 ; elapsed = 00:00:00.07 . Memory (MB): peak = 3120.297 ; gain = 0.000 ; free physical = 7727 ; free virtual = 12793

Phase 1.2 Setup Constraints And Sort Netlist
Phase 1.2 Setup Constraints And Sort Netlist | Checksum: 1b14df025

Time (s): cpu = 00:00:00.11 ; elapsed = 00:00:00.1 . Memory (MB): peak = 3120.297 ; gain = 0.000 ; free physical = 7727 ; free virtual = 12793
Phase 1 Initialization | Checksum: 1b14df025

Time (s): cpu = 00:00:00.11 ; elapsed = 00:00:00.11 . Memory (MB): peak = 3120.297 ; gain = 0.000 ; free physical = 7727 ; free virtual = 12793

Phase 2 Timer Update And Timing Data Collection

Phase 2.1 Detect if minReqCache needed
Phase 2.1 Detect if minReqCache needed | Checksum: 1b14df025

Time (s): cpu = 00:00:00.15 ; elapsed = 00:00:00.15 . Memory (MB): peak = 3139.266 ; gain = 18.969 ; free physical = 7704 ; free virtual = 12770

Phase 2.2 Timer Update
Phase 2.2 Timer Update | Checksum: 1b14df025

Time (s): cpu = 00:00:03 ; elapsed = 00:00:00.88 . Memory (MB): peak = 3139.266 ; gain = 18.969 ; free physical = 7708 ; free virtual = 12774

Phase 2.3 Timing Data Collection
Phase 2.3 Timing Data Collection | Checksum: 1b14df025

Time (s): cpu = 00:00:03 ; elapsed = 00:00:00.92 . Memory (MB): peak = 3139.266 ; gain = 18.969 ; free physical = 7700 ; free virtual = 12766
Phase 2 Timer Update And Timing Data Collection | Checksum: 1b14df025

Time (s): cpu = 00:00:03 ; elapsed = 00:00:00.92 . Memory (MB): peak = 3139.266 ; gain = 18.969 ; free physical = 7700 ; free virtual = 12766

Phase 3 Retarget
INFO: [Opt 31-1851] Number of loadless carry chains removed were: 0
INFO: [Opt 31-1834] Total Chains To Be Transformed Were: 0 AND Number of Transformed insts Created are: 0
INFO: [Opt 31-1566] Pulled 23 inverters resulting in an inversion of 552 pins
INFO: [Opt 31-138] Pushed 14 inverter(s) to 146 load pin(s).
INFO: [Opt 31-49] Retargeted 0 cell(s).
Phase 3 Retarget | Checksum: 1f8128620

Time (s): cpu = 00:00:05 ; elapsed = 00:00:02 . Memory (MB): peak = 3139.266 ; gain = 18.969 ; free physical = 7705 ; free virtual = 12771
Retarget | Checksum: 1f8128620
INFO: [Opt 31-389] Phase Retarget created 237 cells and removed 320 cells
INFO: [Opt 31-1021] In phase Retarget, 6 netlist objects are constrained preventing optimization. Please run opt_design with -debug_log to get more detail. 

Phase 4 Constant propagation
INFO: [Opt 31-138] Pushed 0 inverter(s) to 0 load pin(s).
Phase 4 Constant propagation | Checksum: 2191a9707

Time (s): cpu = 00:00:05 ; elapsed = 00:00:03 . Memory (MB): peak = 3139.266 ; gain = 18.969 ; free physical = 7705 ; free virtual = 12771
Constant propagation | Checksum: 2191a9707
INFO: [Opt 31-389] Phase Constant propagation created 124 cells and removed 154 cells

Phase 5 Sweep
INFO: [Constraints 18-11670] Building netlist checker database with flags, 0x8
Done building netlist checker database: Time (s): cpu = 00:00:00.02 ; elapsed = 00:00:00.02 . Memory (MB): peak = 3139.266 ; gain = 0.000 ; free physical = 7705 ; free virtual = 12771
INFO: [Constraints 18-11670] Building netlist checker database with flags, 0x8
Done building netlist checker database: Time (s): cpu = 00:00:00.02 ; elapsed = 00:00:00.01 . Memory (MB): peak = 3139.266 ; gain = 0.000 ; free physical = 7708 ; free virtual = 12774
Phase 5 Sweep | Checksum: 27e8ef0b8

Time (s): cpu = 00:00:06 ; elapsed = 00:00:04 . Memory (MB): peak = 3139.266 ; gain = 18.969 ; free physical = 7713 ; free virtual = 12779
Sweep | Checksum: 27e8ef0b8
INFO: [Opt 31-389] Phase Sweep created 0 cells and removed 172 cells

Phase 6 BUFG optimization
INFO: [Opt 31-129] Inserted BUFG to drive high-fanout reset|set|enable net. BUFG cell: ps_inst/PS7_i_0_BUFG_inst, Net: ps_inst/PS7_i_0
Phase 6 BUFG optimization | Checksum: 1e191116e

Time (s): cpu = 00:00:07 ; elapsed = 00:00:04 . Memory (MB): peak = 3171.281 ; gain = 50.984 ; free physical = 7712 ; free virtual = 12779
BUFG optimization | Checksum: 1e191116e
INFO: [Opt 31-662] Phase BUFG optimization created 1 cells of which 1 are BUFGs and removed 1 cells.

Phase 7 Shift Register Optimization
INFO: [Opt 31-1064] SRL Remap converted 0 SRLs to 0 registers and converted 0 registers of register chains to 0 SRLs
Phase 7 Shift Register Optimization | Checksum: 1e191116e

Time (s): cpu = 00:00:07 ; elapsed = 00:00:04 . Memory (MB): peak = 3171.281 ; gain = 50.984 ; free physical = 7712 ; free virtual = 12779
Shift Register Optimization | Checksum: 1e191116e
INFO: [Opt 31-389] Phase Shift Register Optimization created 0 cells and removed 0 cells

Phase 8 Post Processing Netlist
Phase 8 Post Processing Netlist | Checksum: 299982862

Time (s): cpu = 00:00:08 ; elapsed = 00:00:05 . Memory (MB): peak = 3171.281 ; gain = 50.984 ; free physical = 7712 ; free virtual = 12779
Post Processing Netlist | Checksum: 299982862
INFO: [Opt 31-389] Phase Post Processing Netlist created 0 cells and removed 0 cells

Phase 9 Finalization

Phase 9.1 Finalizing Design Cores and Updating Shapes
Phase 9.1 Finalizing Design Cores and Updating Shapes | Checksum: 1fceef62b

Time (s): cpu = 00:00:10 ; elapsed = 00:00:06 . Memory (MB): peak = 3171.281 ; gain = 50.984 ; free physical = 7720 ; free virtual = 12786

Phase 9.2 Verifying Netlist Connectivity

Starting Connectivity Check Task

Time (s): cpu = 00:00:00.1 ; elapsed = 00:00:00.11 . Memory (MB): peak = 3171.281 ; gain = 0.000 ; free physical = 7720 ; free virtual = 12786
Phase 9.2 Verifying Netlist Connectivity | Checksum: 1fceef62b

Time (s): cpu = 00:00:10 ; elapsed = 00:00:06 . Memory (MB): peak = 3171.281 ; gain = 50.984 ; free physical = 7720 ; free virtual = 12786
Phase 9 Finalization | Checksum: 1fceef62b

Time (s): cpu = 00:00:10 ; elapsed = 00:00:06 . Memory (MB): peak = 3171.281 ; gain = 50.984 ; free physical = 7720 ; free virtual = 12786
Opt_design Change Summary
=========================


-------------------------------------------------------------------------------------------------------------------------
|  Phase                        |  #Cells created  |  #Cells Removed  |  #Constrained objects preventing optimizations  |
-------------------------------------------------------------------------------------------------------------------------
|  Retarget                     |             237  |             320  |                                              6  |
|  Constant propagation         |             124  |             154  |                                              0  |
|  Sweep                        |               0  |             172  |                                              0  |
|  BUFG optimization            |               1  |               1  |                                              0  |
|  Shift Register Optimization  |               0  |               0  |                                              0  |
|  Post Processing Netlist      |               0  |               0  |                                              0  |
-------------------------------------------------------------------------------------------------------------------------


Ending Logic Optimization Task | Checksum: 1fceef62b

Time (s): cpu = 00:00:10 ; elapsed = 00:00:06 . Memory (MB): peak = 3171.281 ; gain = 50.984 ; free physical = 7720 ; free virtual = 12786

Starting Power Optimization Task
INFO: [Pwropt 34-132] Skipping clock gating for clocks with a period < 2.00 ns.
INFO: [Timing 38-35] Done setting XDC timing constraints.
Running Vector-less Activity Propagation...
INFO: [Pwropt 34-9] Applying IDT optimizations ...
INFO: [Pwropt 34-10] Applying ODC optimizations ...

Finished Running Vector-less Activity Propagation


Starting PowerOpt Patch Enables Task
INFO: [Pwropt 34-162] WRITE_MODE attribute of 0 BRAM(s) out of a total of 155 has been updated to save power. Run report_power_opt to get a complete listing of the BRAMs updated.
INFO: [Pwropt 34-201] Structural ODC has moved 6 WE to EN ports
Number of BRAM Ports augmented: 16 newly gated: 34 Total Ports: 310
Ending PowerOpt Patch Enables Task | Checksum: 1dc0f9464

Time (s): cpu = 00:00:00.56 ; elapsed = 00:00:00.5 . Memory (MB): peak = 3506.977 ; gain = 0.000 ; free physical = 7484 ; free virtual = 12556
Ending Power Optimization Task | Checksum: 1dc0f9464

Time (s): cpu = 00:00:26 ; elapsed = 00:00:11 . Memory (MB): peak = 3506.977 ; gain = 335.695 ; free physical = 7486 ; free virtual = 12558

Starting Final Cleanup Task

Starting Logic Optimization Task
INFO: [Timing 38-35] Done setting XDC timing constraints.
Ending Logic Optimization Task | Checksum: 233736a9b

Time (s): cpu = 00:00:09 ; elapsed = 00:00:04 . Memory (MB): peak = 3506.977 ; gain = 0.000 ; free physical = 7487 ; free virtual = 12559
Ending Final Cleanup Task | Checksum: 233736a9b

Time (s): cpu = 00:00:11 ; elapsed = 00:00:06 . Memory (MB): peak = 3506.977 ; gain = 0.000 ; free physical = 7487 ; free virtual = 12559
Netlist sorting complete. Time (s): cpu = 00:00:00.02 ; elapsed = 00:00:00.01 . Memory (MB): peak = 3506.977 ; gain = 0.000 ; free physical = 7487 ; free virtual = 12559
INFO: [Common 17-83] Releasing license: Implementation
44 Infos, 0 Warnings, 1 Critical Warnings and 0 Errors encountered.
opt_design completed successfully
opt_design: Time (s): cpu = 00:00:54 ; elapsed = 00:00:28 . Memory (MB): peak = 3506.977 ; gain = 725.457 ; free physical = 7487 ; free virtual = 12559
INFO: [Vivado 12-24828] Executing command : report_drc -file main_zc702_drc_opted.rpt -pb main_zc702_drc_opted.pb -rpx main_zc702_drc_opted.rpx
Command: report_drc -file main_zc702_drc_opted.rpt -pb main_zc702_drc_opted.pb -rpx main_zc702_drc_opted.rpx
INFO: [IP_Flow 19-1839] IP Catalog is up to date.
INFO: [DRC 23-27] Running DRC with 8 threads
INFO: [Vivado_Tcl 2-168] The results of DRC are in file /home/eslam-elshokafy/Desktop/AIDAChip_Workshop_01/ztachip/HW/examples/ZC702/ztachip_zc702.runs/impl_1/main_zc702_drc_opted.rpt.
report_drc completed successfully
INFO: [Timing 38-480] Writing timing data to binary archive.
Wrote PlaceDB: Time (s): cpu = 00:00:00 ; elapsed = 00:00:00 . Memory (MB): peak = 3506.977 ; gain = 0.000 ; free physical = 7495 ; free virtual = 12571
Wrote PulsedLatchDB: Time (s): cpu = 00:00:00 ; elapsed = 00:00:00 . Memory (MB): peak = 3506.977 ; gain = 0.000 ; free physical = 7495 ; free virtual = 12571
Writing XDEF routing.
Writing XDEF routing logical nets.
Write ShapeDB Complete: Time (s): cpu = 00:00:00.42 ; elapsed = 00:00:00.09 . Memory (MB): peak = 3506.977 ; gain = 0.000 ; free physical = 7493 ; free virtual = 12576
Writing XDEF routing special nets.
Wrote RouteStorage: Time (s): cpu = 00:00:00.63 ; elapsed = 00:00:00.14 . Memory (MB): peak = 3506.977 ; gain = 0.000 ; free physical = 7489 ; free virtual = 12576
Wrote PlaceStorage: Time (s): cpu = 00:00:00.02 ; elapsed = 00:00:00.01 . Memory (MB): peak = 3506.977 ; gain = 0.000 ; free physical = 7489 ; free virtual = 12576
Wrote Netlist Cache: Time (s): cpu = 00:00:00 ; elapsed = 00:00:00 . Memory (MB): peak = 3506.977 ; gain = 0.000 ; free physical = 7489 ; free virtual = 12576
Wrote Device Cache: Time (s): cpu = 00:00:00.02 ; elapsed = 00:00:00.01 . Memory (MB): peak = 3506.977 ; gain = 0.000 ; free physical = 7489 ; free virtual = 12577
Write Physdb Complete: Time (s): cpu = 00:00:00.69 ; elapsed = 00:00:00.16 . Memory (MB): peak = 3506.977 ; gain = 0.000 ; free physical = 7489 ; free virtual = 12577
INFO: [Common 17-1381] The checkpoint '/home/eslam-elshokafy/Desktop/AIDAChip_Workshop_01/ztachip/HW/examples/ZC702/ztachip_zc702.runs/impl_1/main_zc702_opt.dcp' has been generated.
Command: place_design
Attempting to get a license for feature 'Implementation' and/or device 'xc7z020'
INFO: [Common 17-349] Got license for feature 'Implementation' and/or device 'xc7z020'
INFO: [Common 17-83] Releasing license: Implementation
INFO: [DRC 23-27] Running DRC with 8 threads
INFO: [Vivado_Tcl 4-198] DRC finished with 0 Errors
INFO: [Vivado_Tcl 4-199] Please refer to the DRC report (report_drc) for more information.
INFO: [Timing 38-35] Done setting XDC timing constraints.
Running DRC as a precondition to command place_design
INFO: [DRC 23-27] Running DRC with 8 threads
INFO: [Vivado_Tcl 4-198] DRC finished with 0 Errors, 42 Warnings, 9 Advisories
INFO: [Vivado_Tcl 4-199] Please refer to the DRC report (report_drc) for more information.
INFO: [Place 30-611] Multithreading enabled for place_design using a maximum of 8 CPUs

Starting Placer Task

Phase 1 Placer Initialization

Phase 1.1 Placer Initialization Netlist Sorting
Netlist sorting complete. Time (s): cpu = 00:00:00.02 ; elapsed = 00:00:00.02 . Memory (MB): peak = 3555.000 ; gain = 0.000 ; free physical = 7555 ; free virtual = 13046
Phase 1.1 Placer Initialization Netlist Sorting | Checksum: 1541d4e2d

Time (s): cpu = 00:00:00.04 ; elapsed = 00:00:00.04 . Memory (MB): peak = 3555.000 ; gain = 0.000 ; free physical = 7554 ; free virtual = 13046
Netlist sorting complete. Time (s): cpu = 00:00:00.01 ; elapsed = 00:00:00.01 . Memory (MB): peak = 3555.000 ; gain = 0.000 ; free physical = 7554 ; free virtual = 13046

Phase 1.2 IO Placement/ Clock Placement/ Build Placer Device
Phase 1.2 IO Placement/ Clock Placement/ Build Placer Device | Checksum: 9231a3cf

Time (s): cpu = 00:00:06 ; elapsed = 00:00:03 . Memory (MB): peak = 3555.000 ; gain = 0.000 ; free physical = 7566 ; free virtual = 13062

Phase 1.3 Build Placer Netlist Model
Phase 1.3 Build Placer Netlist Model | Checksum: 94ab7cfe

Time (s): cpu = 00:00:30 ; elapsed = 00:00:13 . Memory (MB): peak = 3555.000 ; gain = 0.000 ; free physical = 7522 ; free virtual = 13020

Phase 1.4 Constrain Clocks/Macros
Phase 1.4 Constrain Clocks/Macros | Checksum: 94ab7cfe

Time (s): cpu = 00:00:30 ; elapsed = 00:00:13 . Memory (MB): peak = 3555.000 ; gain = 0.000 ; free physical = 7522 ; free virtual = 13021
Phase 1 Placer Initialization | Checksum: 94ab7cfe

Time (s): cpu = 00:00:31 ; elapsed = 00:00:13 . Memory (MB): peak = 3555.000 ; gain = 0.000 ; free physical = 7522 ; free virtual = 13021

Phase 2 Global Placement

Phase 2.1 Floorplanning
Phase 2.1 Floorplanning | Checksum: 12e0644c9

Time (s): cpu = 00:00:46 ; elapsed = 00:00:17 . Memory (MB): peak = 3555.000 ; gain = 0.000 ; free physical = 7507 ; free virtual = 13011

Phase 2.2 Update Timing before SLR Path Opt
Phase 2.2 Update Timing before SLR Path Opt | Checksum: 14f3925ce

Time (s): cpu = 00:01:00 ; elapsed = 00:00:20 . Memory (MB): peak = 3555.000 ; gain = 0.000 ; free physical = 7501 ; free virtual = 13004

Phase 2.3 Post-Processing in Floorplanning
Phase 2.3 Post-Processing in Floorplanning | Checksum: 14f3925ce

Time (s): cpu = 00:01:00 ; elapsed = 00:00:20 . Memory (MB): peak = 3555.000 ; gain = 0.000 ; free physical = 7501 ; free virtual = 13004

Phase 2.4 Global Place Phase1
Phase 2.4 Global Place Phase1 | Checksum: 13e2938df

Time (s): cpu = 00:02:18 ; elapsed = 00:00:46 . Memory (MB): peak = 3613.973 ; gain = 58.973 ; free physical = 7379 ; free virtual = 12886

Phase 2.5 Global Place Phase2

Phase 2.5.1 UpdateTiming Before Physical Synthesis
Phase 2.5.1 UpdateTiming Before Physical Synthesis | Checksum: 1654973b3

Time (s): cpu = 00:02:31 ; elapsed = 00:00:49 . Memory (MB): peak = 3613.973 ; gain = 58.973 ; free physical = 7378 ; free virtual = 12885

Phase 2.5.2 Physical Synthesis In Placer
INFO: [Physopt 32-1035] Found 3 LUTNM shape to break, 2625 LUT instances to create LUTNM shape
INFO: [Physopt 32-1044] Break lutnm for timing: one critical 3, two critical 0, total 3, new lutff created 0
INFO: [Physopt 32-1138] End 1 Pass. Optimized 1167 nets or LUTs. Breaked 3 LUTs, combined 1164 existing LUTs and moved 0 existing LUT
INFO: [Physopt 32-65] No nets found for high-fanout optimization.
INFO: [Physopt 32-232] Optimized 0 net. Created 0 new instance.
INFO: [Physopt 32-775] End 1 Pass. Optimized 0 net or cell. Created 0 new cell, deleted 0 existing cell and moved 0 existing cell
INFO: [Physopt 32-456] No candidate cells for DSP register optimization found in the design.
INFO: [Physopt 32-775] End 2 Pass. Optimized 0 net or cell. Created 0 new cell, deleted 0 existing cell and moved 0 existing cell
INFO: [Physopt 32-1123] No candidate cells found for Shift Register to Pipeline optimization
INFO: [Physopt 32-775] End 2 Pass. Optimized 0 net or cell. Created 0 new cell, deleted 0 existing cell and moved 0 existing cell
INFO: [Physopt 32-1401] No candidate cells found for Shift Register optimization.
INFO: [Physopt 32-677] No candidate cells for Shift Register optimization found in the design
INFO: [Physopt 32-775] End 1 Pass. Optimized 0 net or cell. Created 0 new cell, deleted 0 existing cell and moved 0 existing cell
INFO: [Physopt 32-526] No candidate cells for BRAM register optimization found in the design
INFO: [Physopt 32-775] End 1 Pass. Optimized 0 net or cell. Created 0 new cell, deleted 0 existing cell and moved 0 existing cell
INFO: [Physopt 32-846] No candidate cells for URAM register optimization found in the design
INFO: [Physopt 32-775] End 1 Pass. Optimized 0 net or cell. Created 0 new cell, deleted 0 existing cell and moved 0 existing cell
INFO: [Physopt 32-846] No candidate cells for URAM register optimization found in the design
INFO: [Physopt 32-775] End 1 Pass. Optimized 0 net or cell. Created 0 new cell, deleted 0 existing cell and moved 0 existing cell
INFO: [Physopt 32-949] No candidate nets found for dynamic/static region interface net replication
INFO: [Physopt 32-775] End 1 Pass. Optimized 0 net or cell. Created 0 new cell, deleted 0 existing cell and moved 0 existing cell
Netlist sorting complete. Time (s): cpu = 00:00:00.02 ; elapsed = 00:00:00.01 . Memory (MB): peak = 3613.973 ; gain = 0.000 ; free physical = 7376 ; free virtual = 12886

Summary of Physical Synthesis Optimizations
============================================


-----------------------------------------------------------------------------------------------------------------------------------------------------------
|  Optimization                                     |  Added Cells  |  Removed Cells  |  Optimized Cells/Nets  |  Dont Touch  |  Iterations  |  Elapsed   |
-----------------------------------------------------------------------------------------------------------------------------------------------------------
|  LUT Combining                                    |            3  |           1164  |                  1167  |           0  |           1  |  00:00:01  |
|  Retime                                           |            0  |              0  |                     0  |           0  |           1  |  00:00:00  |
|  Very High Fanout                                 |            0  |              0  |                     0  |           0  |           1  |  00:00:00  |
|  DSP Register                                     |            0  |              0  |                     0  |           0  |           1  |  00:00:00  |
|  Shift Register to Pipeline                       |            0  |              0  |                     0  |           0  |           1  |  00:00:00  |
|  Shift Register                                   |            0  |              0  |                     0  |           0  |           1  |  00:00:00  |
|  BRAM Register                                    |            0  |              0  |                     0  |           0  |           1  |  00:00:00  |
|  URAM Register                                    |            0  |              0  |                     0  |           0  |           1  |  00:00:00  |
|  Dynamic/Static Region Interface Net Replication  |            0  |              0  |                     0  |           0  |           1  |  00:00:00  |
|  Total                                            |            3  |           1164  |                  1167  |           0  |           9  |  00:00:02  |
-----------------------------------------------------------------------------------------------------------------------------------------------------------



*** Running vivado
    with args -log main_zc702.vdi -applog -m64 -product Vivado -messageDb vivado.pb -mode batch -source main_zc702.tcl -notrace


****** Vivado v2025.2 (64-bit)
  **** SW Build 6299465 on Fri Nov 14 12:34:56 MST 2025
  **** IP Build 6300035 on Fri Nov 14 10:48:45 MST 2025
  **** SharedData Build 6298862 on Thu Nov 13 04:50:51 MST 2025
  **** Start of session at: Sat Jun 20 19:19:15 2026
    ** Copyright 1986-2022 Xilinx, Inc. All Rights Reserved.
    ** Copyright 2022-2025 Advanced Micro Devices, Inc. All Rights Reserved.

source main_zc702.tcl -notrace
CRITICAL WARNING: [Common 17-1355] You are suppressing all messages of type 'WARNING'. You may potentially disregard important DRC, CDC, and implementation messages that can negatively impact your design.  If this is not desired, please run 'reset_msg_config -suppress -severity {WARNING}' to undo this change.
Command: link_design -top main_zc702 -part xc7z020clg484-1
Design is defaulting to srcset: sources_1
Design is defaulting to constrset: constrs_1
INFO: [Device 21-403] Loading part xc7z020clg484-1
INFO: [Project 1-5699] Read binary netlist with skipMacroContent - 1
INFO: [Project 1-454] Reading design checkpoint '/home/eslam-elshokafy/Desktop/AIDAChip_Workshop_01/ztachip/HW/examples/ZC702/ztachip_zc702.gen/sources_1/ip/clk_mmcm/clk_mmcm.dcp' for cell 'clk_mmcm_inst'
INFO: [Project 1-454] Reading design checkpoint '/home/eslam-elshokafy/Desktop/AIDAChip_Workshop_01/ztachip/HW/examples/ZC702/ztachip_zc702.gen/sources_1/ip/float_addsub/float_addsub.dcp' for cell 'soc_base_inst/ztachip_inst/GEN1.fpu_i/falu_vector_i/GEN_FPU[0].falu_core_i/falu2_i/sum_1/float_addsub_inst'
INFO: [Project 1-454] Reading design checkpoint '/home/eslam-elshokafy/Desktop/AIDAChip_Workshop_01/ztachip/HW/examples/ZC702/ztachip_zc702.gen/sources_1/ip/float_mul/float_mul.dcp' for cell 'soc_base_inst/ztachip_inst/GEN1.fpu_i/falu_vector_i/GEN_FPU[0].falu_core_i/falu_i/stage_1/float_mul_inst'
Netlist sorting complete. Time (s): cpu = 00:00:00.58 ; elapsed = 00:00:00.58 . Memory (MB): peak = 1937.809 ; gain = 0.000 ; free physical = 9640 ; free virtual = 15827
INFO: [Netlist 29-17] Analyzing 3547 Unisim elements for replacement
INFO: [Netlist 29-28] Unisim Transformation completed in 0 CPU seconds
INFO: [Project 1-479] Netlist was created with Vivado 2025.2
INFO: [Project 1-570] Preparing netlist for logic optimization
Parsing XDC File [/home/eslam-elshokafy/Desktop/AIDAChip_Workshop_01/ztachip/HW/examples/ZC702/ztachip_zc702.gen/sources_1/ip/clk_mmcm/clk_mmcm_board.xdc] for cell 'clk_mmcm_inst/inst'
Finished Parsing XDC File [/home/eslam-elshokafy/Desktop/AIDAChip_Workshop_01/ztachip/HW/examples/ZC702/ztachip_zc702.gen/sources_1/ip/clk_mmcm/clk_mmcm_board.xdc] for cell 'clk_mmcm_inst/inst'
Parsing XDC File [/home/eslam-elshokafy/Desktop/AIDAChip_Workshop_01/ztachip/HW/examples/ZC702/ztachip_zc702.gen/sources_1/ip/clk_mmcm/clk_mmcm.xdc] for cell 'clk_mmcm_inst/inst'
Finished Parsing XDC File [/home/eslam-elshokafy/Desktop/AIDAChip_Workshop_01/ztachip/HW/examples/ZC702/ztachip_zc702.gen/sources_1/ip/clk_mmcm/clk_mmcm.xdc] for cell 'clk_mmcm_inst/inst'
Parsing XDC File [/home/eslam-elshokafy/Desktop/AIDAChip_Workshop_01/ztachip/HW/examples/ZC702/ztachip_zc702.gen/sources_1/bd/zynq_system/ip/zynq_system_processing_system7_0_0/zynq_system_processing_system7_0_0.xdc] for cell 'ps_inst/zynq_system_i/processing_system7_0/inst'
Finished Parsing XDC File [/home/eslam-elshokafy/Desktop/AIDAChip_Workshop_01/ztachip/HW/examples/ZC702/ztachip_zc702.gen/sources_1/bd/zynq_system/ip/zynq_system_processing_system7_0_0/zynq_system_processing_system7_0_0.xdc] for cell 'ps_inst/zynq_system_i/processing_system7_0/inst'
Parsing XDC File [/home/eslam-elshokafy/Desktop/AIDAChip_Workshop_01/ztachip/HW/examples/ZC702/main_zc702.xdc]
Finished Parsing XDC File [/home/eslam-elshokafy/Desktop/AIDAChip_Workshop_01/ztachip/HW/examples/ZC702/main_zc702.xdc]
INFO: [Project 1-538] Using original IP XDC constraints instead of the XDC constraints in dcp '/home/eslam-elshokafy/Desktop/AIDAChip_Workshop_01/ztachip/HW/examples/ZC702/ztachip_zc702.gen/sources_1/ip/clk_mmcm/clk_mmcm.dcp'
INFO: [Project 1-1714] 97 XPM XDC files have been applied to the design.
INFO: [Opt 31-138] Pushed 0 inverter(s) to 0 load pin(s).
INFO: [Project 1-1687] 5 scoped IP constraints or related sub-commands were skipped due to synthesis logic optimizations usually triggered by constant connectivity or unconnected output pins. To review the skipped constraints and messages, run the command 'set_param netlist.IPMsgFiltering false' before opening the design.
Netlist sorting complete. Time (s): cpu = 00:00:00.01 ; elapsed = 00:00:00.01 . Memory (MB): peak = 2780.711 ; gain = 0.000 ; free physical = 8923 ; free virtual = 15110
INFO: [Project 1-111] Unisim Transformation Summary:
  A total of 99 instances were transformed.
  RAM32M => RAM32M (RAMD32(x6), RAMS32(x2)): 92 instances
  RAM32X1D => RAM32X1D (RAMD32(x2)): 7 instances

14 Infos, 0 Warnings, 1 Critical Warnings and 0 Errors encountered.
link_design completed successfully
link_design: Time (s): cpu = 00:00:22 ; elapsed = 00:00:18 . Memory (MB): peak = 2780.746 ; gain = 1160.586 ; free physical = 8923 ; free virtual = 15110
Command: opt_design
Attempting to get a license for feature 'Implementation' and/or device 'xc7z020'
INFO: [Common 17-349] Got license for feature 'Implementation' and/or device 'xc7z020'
Running DRC as a precondition to command opt_design

Starting DRC Task
INFO: [DRC 23-27] Running DRC with 8 threads
INFO: [Project 1-461] DRC finished with 0 Errors
INFO: [Project 1-462] Please refer to the DRC report (report_drc) for more information.

Time (s): cpu = 00:00:01 ; elapsed = 00:00:00.38 . Memory (MB): peak = 2780.746 ; gain = 0.000 ; free physical = 8921 ; free virtual = 15108

Starting Cache Timing Information Task
INFO: [Timing 38-35] Done setting XDC timing constraints.
Ending Cache Timing Information Task | Checksum: 1bb84ded9

Time (s): cpu = 00:00:04 ; elapsed = 00:00:01 . Memory (MB): peak = 2780.746 ; gain = 0.000 ; free physical = 8888 ; free virtual = 15076

Starting Logic Optimization Task

Phase 1 Initialization

Phase 1.1 Core Generation And Design Setup
Phase 1.1 Core Generation And Design Setup | Checksum: 1bb84ded9

Time (s): cpu = 00:00:00.07 ; elapsed = 00:00:00.07 . Memory (MB): peak = 3119.523 ; gain = 0.000 ; free physical = 8562 ; free virtual = 14749

Phase 1.2 Setup Constraints And Sort Netlist
Phase 1.2 Setup Constraints And Sort Netlist | Checksum: 1bb84ded9

Time (s): cpu = 00:00:00.1 ; elapsed = 00:00:00.1 . Memory (MB): peak = 3119.523 ; gain = 0.000 ; free physical = 8562 ; free virtual = 14749
Phase 1 Initialization | Checksum: 1bb84ded9

Time (s): cpu = 00:00:00.11 ; elapsed = 00:00:00.11 . Memory (MB): peak = 3119.523 ; gain = 0.000 ; free physical = 8562 ; free virtual = 14749

Phase 2 Timer Update And Timing Data Collection

Phase 2.1 Detect if minReqCache needed
Phase 2.1 Detect if minReqCache needed | Checksum: 1bb84ded9

Time (s): cpu = 00:00:00.15 ; elapsed = 00:00:00.15 . Memory (MB): peak = 3138.492 ; gain = 18.969 ; free physical = 8539 ; free virtual = 14725

Phase 2.2 Timer Update
Phase 2.2 Timer Update | Checksum: 1bb84ded9

Time (s): cpu = 00:00:03 ; elapsed = 00:00:00.88 . Memory (MB): peak = 3138.492 ; gain = 18.969 ; free physical = 8539 ; free virtual = 14726

Phase 2.3 Timing Data Collection
Phase 2.3 Timing Data Collection | Checksum: 1bb84ded9

Time (s): cpu = 00:00:03 ; elapsed = 00:00:00.92 . Memory (MB): peak = 3138.492 ; gain = 18.969 ; free physical = 8539 ; free virtual = 14726
Phase 2 Timer Update And Timing Data Collection | Checksum: 1bb84ded9

Time (s): cpu = 00:00:03 ; elapsed = 00:00:00.93 . Memory (MB): peak = 3138.492 ; gain = 18.969 ; free physical = 8539 ; free virtual = 14726

Phase 3 Retarget
INFO: [Opt 31-1851] Number of loadless carry chains removed were: 0
INFO: [Opt 31-1834] Total Chains To Be Transformed Were: 0 AND Number of Transformed insts Created are: 0
INFO: [Opt 31-1566] Pulled 23 inverters resulting in an inversion of 552 pins
INFO: [Opt 31-138] Pushed 14 inverter(s) to 146 load pin(s).
INFO: [Opt 31-49] Retargeted 0 cell(s).
Phase 3 Retarget | Checksum: 15b72658c

Time (s): cpu = 00:00:05 ; elapsed = 00:00:02 . Memory (MB): peak = 3138.492 ; gain = 18.969 ; free physical = 8540 ; free virtual = 14727
Retarget | Checksum: 15b72658c
INFO: [Opt 31-389] Phase Retarget created 237 cells and removed 320 cells
INFO: [Opt 31-1021] In phase Retarget, 6 netlist objects are constrained preventing optimization. Please run opt_design with -debug_log to get more detail. 

Phase 4 Constant propagation
INFO: [Opt 31-138] Pushed 0 inverter(s) to 0 load pin(s).
Phase 4 Constant propagation | Checksum: 17c7a7673

Time (s): cpu = 00:00:05 ; elapsed = 00:00:03 . Memory (MB): peak = 3138.492 ; gain = 18.969 ; free physical = 8540 ; free virtual = 14727
Constant propagation | Checksum: 17c7a7673
INFO: [Opt 31-389] Phase Constant propagation created 124 cells and removed 154 cells

Phase 5 Sweep
INFO: [Constraints 18-11670] Building netlist checker database with flags, 0x8
Done building netlist checker database: Time (s): cpu = 00:00:00.02 ; elapsed = 00:00:00.02 . Memory (MB): peak = 3138.492 ; gain = 0.000 ; free physical = 8541 ; free virtual = 14729
INFO: [Constraints 18-11670] Building netlist checker database with flags, 0x8
Done building netlist checker database: Time (s): cpu = 00:00:00.01 ; elapsed = 00:00:00.02 . Memory (MB): peak = 3138.492 ; gain = 0.000 ; free physical = 8542 ; free virtual = 14730
Phase 5 Sweep | Checksum: 1e1eed024

Time (s): cpu = 00:00:06 ; elapsed = 00:00:04 . Memory (MB): peak = 3138.492 ; gain = 18.969 ; free physical = 8542 ; free virtual = 14730
Sweep | Checksum: 1e1eed024
INFO: [Opt 31-389] Phase Sweep created 0 cells and removed 172 cells

Phase 6 BUFG optimization
INFO: [Opt 31-129] Inserted BUFG to drive high-fanout reset|set|enable net. BUFG cell: ps_inst/PS7_i_0_BUFG_inst, Net: ps_inst/PS7_i_0
Phase 6 BUFG optimization | Checksum: 144f0f0da

Time (s): cpu = 00:00:07 ; elapsed = 00:00:04 . Memory (MB): peak = 3170.508 ; gain = 50.984 ; free physical = 8543 ; free virtual = 14731
BUFG optimization | Checksum: 144f0f0da
INFO: [Opt 31-662] Phase BUFG optimization created 1 cells of which 1 are BUFGs and removed 1 cells.

Phase 7 Shift Register Optimization
INFO: [Opt 31-1064] SRL Remap converted 0 SRLs to 0 registers and converted 0 registers of register chains to 0 SRLs
Phase 7 Shift Register Optimization | Checksum: 144f0f0da

Time (s): cpu = 00:00:07 ; elapsed = 00:00:04 . Memory (MB): peak = 3170.508 ; gain = 50.984 ; free physical = 8543 ; free virtual = 14731
Shift Register Optimization | Checksum: 144f0f0da
INFO: [Opt 31-389] Phase Shift Register Optimization created 0 cells and removed 0 cells

Phase 8 Post Processing Netlist
Phase 8 Post Processing Netlist | Checksum: 1fcf807ce

Time (s): cpu = 00:00:08 ; elapsed = 00:00:05 . Memory (MB): peak = 3170.508 ; gain = 50.984 ; free physical = 8543 ; free virtual = 14731
Post Processing Netlist | Checksum: 1fcf807ce
INFO: [Opt 31-389] Phase Post Processing Netlist created 0 cells and removed 0 cells

Phase 9 Finalization

Phase 9.1 Finalizing Design Cores and Updating Shapes
Phase 9.1 Finalizing Design Cores and Updating Shapes | Checksum: 1c999fb7a

Time (s): cpu = 00:00:10 ; elapsed = 00:00:06 . Memory (MB): peak = 3170.508 ; gain = 50.984 ; free physical = 8546 ; free virtual = 14733

Phase 9.2 Verifying Netlist Connectivity

Starting Connectivity Check Task

Time (s): cpu = 00:00:00.11 ; elapsed = 00:00:00.11 . Memory (MB): peak = 3170.508 ; gain = 0.000 ; free physical = 8546 ; free virtual = 14733
Phase 9.2 Verifying Netlist Connectivity | Checksum: 1c999fb7a

Time (s): cpu = 00:00:10 ; elapsed = 00:00:06 . Memory (MB): peak = 3170.508 ; gain = 50.984 ; free physical = 8546 ; free virtual = 14733
Phase 9 Finalization | Checksum: 1c999fb7a

Time (s): cpu = 00:00:10 ; elapsed = 00:00:06 . Memory (MB): peak = 3170.508 ; gain = 50.984 ; free physical = 8546 ; free virtual = 14733
Opt_design Change Summary
=========================


-------------------------------------------------------------------------------------------------------------------------
|  Phase                        |  #Cells created  |  #Cells Removed  |  #Constrained objects preventing optimizations  |
-------------------------------------------------------------------------------------------------------------------------
|  Retarget                     |             237  |             320  |                                              6  |
|  Constant propagation         |             124  |             154  |                                              0  |
|  Sweep                        |               0  |             172  |                                              0  |
|  BUFG optimization            |               1  |               1  |                                              0  |
|  Shift Register Optimization  |               0  |               0  |                                              0  |
|  Post Processing Netlist      |               0  |               0  |                                              0  |
-------------------------------------------------------------------------------------------------------------------------


Ending Logic Optimization Task | Checksum: 1c999fb7a

Time (s): cpu = 00:00:10 ; elapsed = 00:00:06 . Memory (MB): peak = 3170.508 ; gain = 50.984 ; free physical = 8546 ; free virtual = 14733

Starting Power Optimization Task
INFO: [Pwropt 34-132] Skipping clock gating for clocks with a period < 2.00 ns.
INFO: [Timing 38-35] Done setting XDC timing constraints.
Running Vector-less Activity Propagation...
INFO: [Pwropt 34-9] Applying IDT optimizations ...
INFO: [Pwropt 34-10] Applying ODC optimizations ...

Finished Running Vector-less Activity Propagation


Starting PowerOpt Patch Enables Task
INFO: [Pwropt 34-162] WRITE_MODE attribute of 0 BRAM(s) out of a total of 155 has been updated to save power. Run report_power_opt to get a complete listing of the BRAMs updated.
INFO: [Pwropt 34-201] Structural ODC has moved 6 WE to EN ports
Number of BRAM Ports augmented: 16 newly gated: 34 Total Ports: 310
Ending PowerOpt Patch Enables Task | Checksum: 1d627191b

Time (s): cpu = 00:00:00.57 ; elapsed = 00:00:00.49 . Memory (MB): peak = 3508.453 ; gain = 0.000 ; free physical = 8325 ; free virtual = 14512
Ending Power Optimization Task | Checksum: 1d627191b

Time (s): cpu = 00:00:26 ; elapsed = 00:00:11 . Memory (MB): peak = 3508.453 ; gain = 337.945 ; free physical = 8325 ; free virtual = 14512

Starting Final Cleanup Task

Starting Logic Optimization Task
INFO: [Timing 38-35] Done setting XDC timing constraints.
Ending Logic Optimization Task | Checksum: 22d8aef52

Time (s): cpu = 00:00:09 ; elapsed = 00:00:04 . Memory (MB): peak = 3508.453 ; gain = 0.000 ; free physical = 8324 ; free virtual = 14511
Ending Final Cleanup Task | Checksum: 22d8aef52

Time (s): cpu = 00:00:11 ; elapsed = 00:00:06 . Memory (MB): peak = 3508.453 ; gain = 0.000 ; free physical = 8324 ; free virtual = 14511
Netlist sorting complete. Time (s): cpu = 00:00:00.01 ; elapsed = 00:00:00.01 . Memory (MB): peak = 3508.453 ; gain = 0.000 ; free physical = 8324 ; free virtual = 14511
INFO: [Common 17-83] Releasing license: Implementation
44 Infos, 0 Warnings, 1 Critical Warnings and 0 Errors encountered.
opt_design completed successfully
opt_design: Time (s): cpu = 00:00:54 ; elapsed = 00:00:27 . Memory (MB): peak = 3508.453 ; gain = 727.707 ; free physical = 8324 ; free virtual = 14511
INFO: [Vivado 12-24828] Executing command : report_drc -file main_zc702_drc_opted.rpt -pb main_zc702_drc_opted.pb -rpx main_zc702_drc_opted.rpx
Command: report_drc -file main_zc702_drc_opted.rpt -pb main_zc702_drc_opted.pb -rpx main_zc702_drc_opted.rpx
INFO: [IP_Flow 19-1839] IP Catalog is up to date.
INFO: [DRC 23-27] Running DRC with 8 threads
INFO: [Vivado_Tcl 2-168] The results of DRC are in file /home/eslam-elshokafy/Desktop/AIDAChip_Workshop_01/ztachip/HW/examples/ZC702/ztachip_zc702.runs/impl_1/main_zc702_drc_opted.rpt.
report_drc completed successfully
INFO: [Timing 38-480] Writing timing data to binary archive.
Wrote PlaceDB: Time (s): cpu = 00:00:00 ; elapsed = 00:00:00.01 . Memory (MB): peak = 3508.453 ; gain = 0.000 ; free physical = 8322 ; free virtual = 14511
Wrote PulsedLatchDB: Time (s): cpu = 00:00:00 ; elapsed = 00:00:00 . Memory (MB): peak = 3508.453 ; gain = 0.000 ; free physical = 8322 ; free virtual = 14511
Writing XDEF routing.
Writing XDEF routing logical nets.
Write ShapeDB Complete: Time (s): cpu = 00:00:00.44 ; elapsed = 00:00:00.1 . Memory (MB): peak = 3508.453 ; gain = 0.000 ; free physical = 8314 ; free virtual = 14509
Writing XDEF routing special nets.
Wrote RouteStorage: Time (s): cpu = 00:00:00.66 ; elapsed = 00:00:00.14 . Memory (MB): peak = 3508.453 ; gain = 0.000 ; free physical = 8309 ; free virtual = 14509
Wrote PlaceStorage: Time (s): cpu = 00:00:00.02 ; elapsed = 00:00:00.01 . Memory (MB): peak = 3508.453 ; gain = 0.000 ; free physical = 8309 ; free virtual = 14509
Wrote Netlist Cache: Time (s): cpu = 00:00:00 ; elapsed = 00:00:00 . Memory (MB): peak = 3508.453 ; gain = 0.000 ; free physical = 8309 ; free virtual = 14509
Wrote Device Cache: Time (s): cpu = 00:00:00.02 ; elapsed = 00:00:00.01 . Memory (MB): peak = 3508.453 ; gain = 0.000 ; free physical = 8308 ; free virtual = 14509
Write Physdb Complete: Time (s): cpu = 00:00:00.71 ; elapsed = 00:00:00.17 . Memory (MB): peak = 3508.453 ; gain = 0.000 ; free physical = 8308 ; free virtual = 14509
INFO: [Common 17-1381] The checkpoint '/home/eslam-elshokafy/Desktop/AIDAChip_Workshop_01/ztachip/HW/examples/ZC702/ztachip_zc702.runs/impl_1/main_zc702_opt.dcp' has been generated.
Command: place_design
Attempting to get a license for feature 'Implementation' and/or device 'xc7z020'
INFO: [Common 17-349] Got license for feature 'Implementation' and/or device 'xc7z020'
INFO: [Common 17-83] Releasing license: Implementation
INFO: [DRC 23-27] Running DRC with 8 threads
INFO: [Vivado_Tcl 4-198] DRC finished with 0 Errors
INFO: [Vivado_Tcl 4-199] Please refer to the DRC report (report_drc) for more information.
INFO: [Timing 38-35] Done setting XDC timing constraints.
Running DRC as a precondition to command place_design
INFO: [DRC 23-27] Running DRC with 8 threads
INFO: [Vivado_Tcl 4-198] DRC finished with 0 Errors, 42 Warnings, 9 Advisories
INFO: [Vivado_Tcl 4-199] Please refer to the DRC report (report_drc) for more information.
INFO: [Place 30-611] Multithreading enabled for place_design using a maximum of 8 CPUs

Starting Placer Task

Phase 1 Placer Initialization

Phase 1.1 Placer Initialization Netlist Sorting
Netlist sorting complete. Time (s): cpu = 00:00:00.01 ; elapsed = 00:00:00.02 . Memory (MB): peak = 3556.477 ; gain = 0.000 ; free physical = 8311 ; free virtual = 14493
Phase 1.1 Placer Initialization Netlist Sorting | Checksum: 14e34d2e4

Time (s): cpu = 00:00:00.04 ; elapsed = 00:00:00.03 . Memory (MB): peak = 3556.477 ; gain = 0.000 ; free physical = 8311 ; free virtual = 14493
Netlist sorting complete. Time (s): cpu = 00:00:00.02 ; elapsed = 00:00:00.02 . Memory (MB): peak = 3556.477 ; gain = 0.000 ; free physical = 8311 ; free virtual = 14493

Phase 1.2 IO Placement/ Clock Placement/ Build Placer Device
Phase 1.2 IO Placement/ Clock Placement/ Build Placer Device | Checksum: d654be2e

Time (s): cpu = 00:00:06 ; elapsed = 00:00:03 . Memory (MB): peak = 3556.477 ; gain = 0.000 ; free physical = 8318 ; free virtual = 14500

Phase 1.3 Build Placer Netlist Model
Phase 1.3 Build Placer Netlist Model | Checksum: e02dc4b9

Time (s): cpu = 00:00:29 ; elapsed = 00:00:12 . Memory (MB): peak = 3556.477 ; gain = 0.000 ; free physical = 8272 ; free virtual = 14454

Phase 1.4 Constrain Clocks/Macros
Phase 1.4 Constrain Clocks/Macros | Checksum: e02dc4b9

Time (s): cpu = 00:00:30 ; elapsed = 00:00:13 . Memory (MB): peak = 3556.477 ; gain = 0.000 ; free physical = 8272 ; free virtual = 14454
Phase 1 Placer Initialization | Checksum: e02dc4b9

Time (s): cpu = 00:00:30 ; elapsed = 00:00:13 . Memory (MB): peak = 3556.477 ; gain = 0.000 ; free physical = 8272 ; free virtual = 14454

Phase 2 Global Placement

Phase 2.1 Floorplanning
Phase 2.1 Floorplanning | Checksum: 14fe066c4

Time (s): cpu = 00:00:45 ; elapsed = 00:00:16 . Memory (MB): peak = 3556.477 ; gain = 0.000 ; free physical = 8287 ; free virtual = 14472

Phase 2.2 Update Timing before SLR Path Opt
Phase 2.2 Update Timing before SLR Path Opt | Checksum: 12b1d34e3

Time (s): cpu = 00:00:59 ; elapsed = 00:00:19 . Memory (MB): peak = 3556.477 ; gain = 0.000 ; free physical = 8289 ; free virtual = 14471

Phase 2.3 Post-Processing in Floorplanning
Phase 2.3 Post-Processing in Floorplanning | Checksum: 12b1d34e3

Time (s): cpu = 00:00:59 ; elapsed = 00:00:19 . Memory (MB): peak = 3556.477 ; gain = 0.000 ; free physical = 8289 ; free virtual = 14471

Phase 2.4 Global Place Phase1
Phase 2.4 Global Place Phase1 | Checksum: d3eadca0

Time (s): cpu = 00:02:18 ; elapsed = 00:00:46 . Memory (MB): peak = 3556.477 ; gain = 0.000 ; free physical = 8245 ; free virtual = 14427

Phase 2.5 Global Place Phase2

Phase 2.5.1 UpdateTiming Before Physical Synthesis
Phase 2.5.1 UpdateTiming Before Physical Synthesis | Checksum: 1585d91ee

Time (s): cpu = 00:02:31 ; elapsed = 00:00:48 . Memory (MB): peak = 3743.449 ; gain = 186.973 ; free physical = 8037 ; free virtual = 14219

Phase 2.5.2 Physical Synthesis In Placer
INFO: [Physopt 32-1035] Found 3 LUTNM shape to break, 2623 LUT instances to create LUTNM shape
INFO: [Physopt 32-1044] Break lutnm for timing: one critical 3, two critical 0, total 3, new lutff created 0
INFO: [Physopt 32-1138] End 1 Pass. Optimized 1147 nets or LUTs. Breaked 3 LUTs, combined 1144 existing LUTs and moved 0 existing LUT
INFO: [Physopt 32-65] No nets found for high-fanout optimization.
INFO: [Physopt 32-232] Optimized 0 net. Created 0 new instance.
INFO: [Physopt 32-775] End 1 Pass. Optimized 0 net or cell. Created 0 new cell, deleted 0 existing cell and moved 0 existing cell
INFO: [Physopt 32-46] Identified 1 candidate net for critical-cell optimization.
INFO: [Physopt 32-232] Optimized 0 net. Created 0 new instance.
INFO: [Physopt 32-775] End 1 Pass. Optimized 0 net or cell. Created 0 new cell, deleted 0 existing cell and moved 0 existing cell
INFO: [Physopt 32-456] No candidate cells for DSP register optimization found in the design.
INFO: [Physopt 32-775] End 2 Pass. Optimized 0 net or cell. Created 0 new cell, deleted 0 existing cell and moved 0 existing cell
INFO: [Physopt 32-1123] No candidate cells found for Shift Register to Pipeline optimization
INFO: [Physopt 32-775] End 2 Pass. Optimized 0 net or cell. Created 0 new cell, deleted 0 existing cell and moved 0 existing cell
INFO: [Physopt 32-1401] No candidate cells found for Shift Register optimization.
INFO: [Physopt 32-677] No candidate cells for Shift Register optimization found in the design
INFO: [Physopt 32-775] End 1 Pass. Optimized 0 net or cell. Created 0 new cell, deleted 0 existing cell and moved 0 existing cell
INFO: [Physopt 32-526] No candidate cells for BRAM register optimization found in the design
INFO: [Physopt 32-775] End 1 Pass. Optimized 0 net or cell. Created 0 new cell, deleted 0 existing cell and moved 0 existing cell
INFO: [Physopt 32-846] No candidate cells for URAM register optimization found in the design
INFO: [Physopt 32-775] End 1 Pass. Optimized 0 net or cell. Created 0 new cell, deleted 0 existing cell and moved 0 existing cell
INFO: [Physopt 32-846] No candidate cells for URAM register optimization found in the design
INFO: [Physopt 32-775] End 1 Pass. Optimized 0 net or cell. Created 0 new cell, deleted 0 existing cell and moved 0 existing cell
INFO: [Physopt 32-949] No candidate nets found for dynamic/static region interface net replication
INFO: [Physopt 32-775] End 1 Pass. Optimized 0 net or cell. Created 0 new cell, deleted 0 existing cell and moved 0 existing cell
Netlist sorting complete. Time (s): cpu = 00:00:00.01 ; elapsed = 00:00:00.01 . Memory (MB): peak = 3743.449 ; gain = 0.000 ; free physical = 8021 ; free virtual = 14203

Summary of Physical Synthesis Optimizations
============================================


-----------------------------------------------------------------------------------------------------------------------------------------------------------
|  Optimization                                     |  Added Cells  |  Removed Cells  |  Optimized Cells/Nets  |  Dont Touch  |  Iterations  |  Elapsed   |
-----------------------------------------------------------------------------------------------------------------------------------------------------------
|  LUT Combining                                    |            3  |           1144  |                  1147  |           0  |           1  |  00:00:01  |
|  Retime                                           |            0  |              0  |                     0  |           0  |           1  |  00:00:00  |
|  Very High Fanout                                 |            0  |              0  |                     0  |           0  |           1  |  00:00:00  |
|  Critical Cell                                    |            0  |              0  |                     0  |           0  |           1  |  00:00:00  |
|  DSP Register                                     |            0  |              0  |                     0  |           0  |           1  |  00:00:00  |
|  Shift Register to Pipeline                       |            0  |              0  |                     0  |           0  |           1  |  00:00:00  |
|  Shift Register                                   |            0  |              0  |                     0  |           0  |           1  |  00:00:00  |
|  BRAM Register                                    |            0  |              0  |                     0  |           0  |           1  |  00:00:00  |
|  URAM Register                                    |            0  |              0  |                     0  |           0  |           1  |  00:00:00  |
|  Dynamic/Static Region Interface Net Replication  |            0  |              0  |                     0  |           0  |           1  |  00:00:00  |
|  Total                                            |            3  |           1144  |                  1147  |           0  |          10  |  00:00:01  |
-----------------------------------------------------------------------------------------------------------------------------------------------------------


Phase 2.5.2 Physical Synthesis In Placer | Checksum: 868dde39

Time (s): cpu = 00:02:44 ; elapsed = 00:00:53 . Memory (MB): peak = 3762.480 ; gain = 206.004 ; free physical = 8022 ; free virtual = 14204
Phase 2.5 Global Place Phase2 | Checksum: 15dea6d3b

Time (s): cpu = 00:02:55 ; elapsed = 00:00:58 . Memory (MB): peak = 3762.480 ; gain = 206.004 ; free physical = 8027 ; free virtual = 14210
Phase 2 Global Placement | Checksum: 15dea6d3b

Time (s): cpu = 00:02:56 ; elapsed = 00:00:58 . Memory (MB): peak = 3762.480 ; gain = 206.004 ; free physical = 8027 ; free virtual = 14210

Phase 3 Detail Placement

Phase 3.1 Commit Multi Column Macros
Phase 3.1 Commit Multi Column Macros | Checksum: 20495e0af

Time (s): cpu = 00:03:07 ; elapsed = 00:01:00 . Memory (MB): peak = 3762.480 ; gain = 206.004 ; free physical = 8025 ; free virtual = 14208

Phase 3.2 Commit Most Macros & LUTRAMs
Phase 3.2 Commit Most Macros & LUTRAMs | Checksum: 1af911fc0

Time (s): cpu = 00:03:25 ; elapsed = 00:01:05 . Memory (MB): peak = 3762.480 ; gain = 206.004 ; free physical = 8026 ; free virtual = 14209

Phase 3.3 Area Swap Optimization
Phase 3.3 Area Swap Optimization | Checksum: 201d4b5f7

Time (s): cpu = 00:03:26 ; elapsed = 00:01:05 . Memory (MB): peak = 3762.480 ; gain = 206.004 ; free physical = 8027 ; free virtual = 14210

Phase 3.4 Pipeline Register Optimization
Phase 3.4 Pipeline Register Optimization | Checksum: 16be78578

Time (s): cpu = 00:03:26 ; elapsed = 00:01:06 . Memory (MB): peak = 3762.480 ; gain = 206.004 ; free physical = 8027 ; free virtual = 14210

Phase 3.5 Fast Optimization
Phase 3.5 Fast Optimization | Checksum: 183a3005d

Time (s): cpu = 00:03:51 ; elapsed = 00:01:10 . Memory (MB): peak = 3772.480 ; gain = 216.004 ; free physical = 8017 ; free virtual = 14200

Phase 3.6 Small Shape Detail Placement
Phase 3.6 Small Shape Detail Placement | Checksum: 15d395ba1

Time (s): cpu = 00:04:18 ; elapsed = 00:01:36 . Memory (MB): peak = 3772.480 ; gain = 216.004 ; free physical = 8014 ; free virtual = 14198

Phase 3.7 Re-assign LUT pins
Phase 3.7 Re-assign LUT pins | Checksum: 1d1598369

Time (s): cpu = 00:04:22 ; elapsed = 00:01:40 . Memory (MB): peak = 3772.480 ; gain = 216.004 ; free physical = 8014 ; free virtual = 14198

Phase 3.8 Pipeline Register Optimization
Phase 3.8 Pipeline Register Optimization | Checksum: 11fb84445

Time (s): cpu = 00:04:24 ; elapsed = 00:01:41 . Memory (MB): peak = 3772.480 ; gain = 216.004 ; free physical = 8014 ; free virtual = 14198

Phase 3.9 Fast Optimization
Phase 3.9 Fast Optimization | Checksum: 1b5289058

Time (s): cpu = 00:05:04 ; elapsed = 00:01:48 . Memory (MB): peak = 3954.480 ; gain = 398.004 ; free physical = 7815 ; free virtual = 13999
Phase 3 Detail Placement | Checksum: 1b5289058

Time (s): cpu = 00:05:04 ; elapsed = 00:01:48 . Memory (MB): peak = 3954.480 ; gain = 398.004 ; free physical = 7816 ; free virtual = 14000

Phase 4 Post Placement Optimization and Clean-Up

Phase 4.1 Post Commit Optimization
INFO: [Timing 38-35] Done setting XDC timing constraints.

Phase 4.1.1 Post Placement Optimization
Post Placement Optimization Initialization | Checksum: 20213a308

Phase 4.1.1.1 BUFG Insertion

Starting Physical Synthesis Task

Phase 1 Physical Synthesis Initialization
INFO: [Physopt 32-721] Multithreading enabled for phys_opt_design using a maximum of 8 CPUs
INFO: [Physopt 32-619] Estimated Timing Summary | WNS=-1.439 | TNS=-45.231 |
Phase 1 Physical Synthesis Initialization | Checksum: 219db8379

Time (s): cpu = 00:00:03 ; elapsed = 00:00:00.81 . Memory (MB): peak = 3954.480 ; gain = 0.000 ; free physical = 7822 ; free virtual = 14006
INFO: [Place 46-33] Processed net ps_inst/PS7_i_1[0], BUFG insertion was skipped due to placement/routing conflicts.
INFO: [Place 46-33] Processed net soc_base_inst/ztachip_inst/dp_1_i/dp0_i/dp_fetch_1_i/fifo_i/GEN1.fifo_i/writeready_out, BUFG insertion was skipped due to placement/routing conflicts.
INFO: [Place 46-33] Processed net soc_base_inst/ztachip_inst/dp_1_i/dp0_i/dp_fetch_1_i/fifo_i/GEN1.fifo_i/fifo_i/E[0], BUFG insertion was skipped due to placement/routing conflicts.
INFO: [Place 46-33] Processed net soc_base_inst/ztachip_inst/dp_1_i/dp0_i/dp_fetch_1_i/fifo_i/readdata1_r[1631]_i_1_n_0, BUFG insertion was skipped due to placement/routing conflicts.
INFO: [Place 46-33] Processed net soc_base_inst/ztachip_inst/dp_1_i/dp0_i/dp_fetch_1_i/fifo_i/readdata2_r[1631]_i_1_n_0, BUFG insertion was skipped due to placement/routing conflicts.
INFO: [Place 46-33] Processed net soc_base_inst/ztachip_inst/dp_1_i/dp0_i/dp_gen_core_i/dp_gen_primary_i/i___379_n_0, BUFG insertion was skipped due to placement/routing conflicts.
INFO: [Place 46-33] Processed net soc_base_inst/ztachip_inst/dp_1_i/dp0_i/dp_gen_core_i/dp_gen_secondary_i/instruction_valid_rr_reg[1], BUFG insertion was skipped due to placement/routing conflicts.
INFO: [Place 46-56] BUFG insertion identified 7 candidate nets. Inserted BUFG: 0, Replicated BUFG Driver: 0, Skipped due to Placement/Routing Conflicts: 7, Skipped due to Timing Degradation: 0, Skipped due to netlist editing failed: 0.
Ending Physical Synthesis Task | Checksum: 2564dd187

Time (s): cpu = 00:00:05 ; elapsed = 00:00:02 . Memory (MB): peak = 3954.480 ; gain = 0.000 ; free physical = 7821 ; free virtual = 14006
Phase 4.1.1.1 BUFG Insertion | Checksum: 20213a308

Time (s): cpu = 00:05:42 ; elapsed = 00:01:59 . Memory (MB): peak = 3954.480 ; gain = 398.004 ; free physical = 7821 ; free virtual = 14006

Phase 4.1.1.2 Post Placement Timing Optimization
INFO: [Place 30-746] Post Placement Timing Summary WNS=-0.484. For the most accurate timing information please run report_timing.
Phase 4.1.1.2 Post Placement Timing Optimization | Checksum: 27e172d2d

Time (s): cpu = 00:06:46 ; elapsed = 00:02:28 . Memory (MB): peak = 3954.480 ; gain = 398.004 ; free physical = 7825 ; free virtual = 14010

Time (s): cpu = 00:06:46 ; elapsed = 00:02:28 . Memory (MB): peak = 3954.480 ; gain = 398.004 ; free physical = 7825 ; free virtual = 14010
Phase 4.1 Post Commit Optimization | Checksum: 27e172d2d

Time (s): cpu = 00:06:46 ; elapsed = 00:02:28 . Memory (MB): peak = 3954.480 ; gain = 398.004 ; free physical = 7825 ; free virtual = 14010

Phase 4.2 Post Placement Cleanup
Phase 4.2 Post Placement Cleanup | Checksum: 27e172d2d

Time (s): cpu = 00:06:47 ; elapsed = 00:02:28 . Memory (MB): peak = 3954.480 ; gain = 398.004 ; free physical = 7825 ; free virtual = 14010

Phase 4.3 Placer Reporting

Phase 4.3.1 Print Estimated Congestion
INFO: [Place 30-612] Post-Placement Estimated Congestion 
 ____________________________________________________
|           | Global Congestion | Short Congestion  |
| Direction | Region Size       | Region Size       |
|___________|___________________|___________________|
|      North|                4x4|                8x8|
|___________|___________________|___________________|
|      South|                2x2|                4x4|
|___________|___________________|___________________|
|       East|                8x8|                8x8|
|___________|___________________|___________________|
|       West|                4x4|                8x8|
|___________|___________________|___________________|

Phase 4.3.1 Print Estimated Congestion | Checksum: 27e172d2d

Time (s): cpu = 00:06:47 ; elapsed = 00:02:29 . Memory (MB): peak = 3954.480 ; gain = 398.004 ; free physical = 7825 ; free virtual = 14010
Phase 4.3 Placer Reporting | Checksum: 27e172d2d

Time (s): cpu = 00:06:48 ; elapsed = 00:02:29 . Memory (MB): peak = 3954.480 ; gain = 398.004 ; free physical = 7825 ; free virtual = 14010

Phase 4.4 Final Placement Cleanup
Netlist sorting complete. Time (s): cpu = 00:00:00.04 ; elapsed = 00:00:00.04 . Memory (MB): peak = 3954.480 ; gain = 0.000 ; free physical = 7825 ; free virtual = 14010

Time (s): cpu = 00:06:48 ; elapsed = 00:02:29 . Memory (MB): peak = 3954.480 ; gain = 398.004 ; free physical = 7825 ; free virtual = 14010
Phase 4 Post Placement Optimization and Clean-Up | Checksum: 24813dab8

Time (s): cpu = 00:06:48 ; elapsed = 00:02:29 . Memory (MB): peak = 3954.480 ; gain = 398.004 ; free physical = 7825 ; free virtual = 14010
Ending Placer Task | Checksum: 186390cdd

Time (s): cpu = 00:06:48 ; elapsed = 00:02:29 . Memory (MB): peak = 3954.480 ; gain = 398.004 ; free physical = 7824 ; free virtual = 14010
97 Infos, 0 Warnings, 1 Critical Warnings and 0 Errors encountered.
place_design completed successfully
place_design: Time (s): cpu = 00:06:57 ; elapsed = 00:02:34 . Memory (MB): peak = 3954.480 ; gain = 446.027 ; free physical = 7824 ; free virtual = 14010
INFO: [Vivado 12-24838] Running report commands "report_control_sets, report_io, report_utilization" in parallel.
Running report generation with 3 threads.
INFO: [Vivado 12-24828] Executing command : report_io -file main_zc702_io_placed.rpt
report_io: Time (s): cpu = 00:00:00.31 ; elapsed = 00:00:00.15 . Memory (MB): peak = 3954.480 ; gain = 0.000 ; free physical = 7821 ; free virtual = 14006
INFO: [Vivado 12-24828] Executing command : report_control_sets -verbose -file main_zc702_control_sets_placed.rpt
report_control_sets: Time (s): cpu = 00:00:00.43 ; elapsed = 00:00:00.26 . Memory (MB): peak = 3954.480 ; gain = 0.000 ; free physical = 7820 ; free virtual = 14006
INFO: [Vivado 12-24828] Executing command : report_utilization -file main_zc702_utilization_placed.rpt -pb main_zc702_utilization_placed.pb
INFO: [Timing 38-480] Writing timing data to binary archive.
Wrote PlaceDB: Time (s): cpu = 00:00:00 ; elapsed = 00:00:00 . Memory (MB): peak = 3954.480 ; gain = 0.000 ; free physical = 7818 ; free virtual = 14004
Wrote PulsedLatchDB: Time (s): cpu = 00:00:00 ; elapsed = 00:00:00 . Memory (MB): peak = 3954.480 ; gain = 0.000 ; free physical = 7818 ; free virtual = 14004
Writing XDEF routing.
Writing XDEF routing logical nets.
Writing XDEF routing special nets.
Wrote RouteStorage: Time (s): cpu = 00:00:00.72 ; elapsed = 00:00:00.15 . Memory (MB): peak = 3954.480 ; gain = 0.000 ; free physical = 7810 ; free virtual = 14004
Write ShapeDB Complete: Time (s): cpu = 00:00:00.87 ; elapsed = 00:00:00.18 . Memory (MB): peak = 3954.480 ; gain = 0.000 ; free physical = 7789 ; free virtual = 13993
Wrote PlaceStorage: Time (s): cpu = 00:00:06 ; elapsed = 00:00:02 . Memory (MB): peak = 3954.480 ; gain = 0.000 ; free physical = 7710 ; free virtual = 13980
Wrote Netlist Cache: Time (s): cpu = 00:00:00.15 ; elapsed = 00:00:00.08 . Memory (MB): peak = 3954.480 ; gain = 0.000 ; free physical = 7702 ; free virtual = 13980
Wrote Device Cache: Time (s): cpu = 00:00:00.02 ; elapsed = 00:00:00.01 . Memory (MB): peak = 3954.480 ; gain = 0.000 ; free physical = 7702 ; free virtual = 13981
Write Physdb Complete: Time (s): cpu = 00:00:07 ; elapsed = 00:00:02 . Memory (MB): peak = 3954.480 ; gain = 0.000 ; free physical = 7702 ; free virtual = 13981
INFO: [Common 17-1381] The checkpoint '/home/eslam-elshokafy/Desktop/AIDAChip_Workshop_01/ztachip/HW/examples/ZC702/ztachip_zc702.runs/impl_1/main_zc702_placed.dcp' has been generated.
write_checkpoint: Time (s): cpu = 00:00:10 ; elapsed = 00:00:05 . Memory (MB): peak = 3954.480 ; gain = 0.000 ; free physical = 7767 ; free virtual = 13982
Command: phys_opt_design
Attempting to get a license for feature 'Implementation' and/or device 'xc7z020'
INFO: [Common 17-349] Got license for feature 'Implementation' and/or device 'xc7z020'

Starting Initial Update Timing Task

Time (s): cpu = 00:00:28 ; elapsed = 00:00:06 . Memory (MB): peak = 3954.480 ; gain = 0.000 ; free physical = 7776 ; free virtual = 13991
INFO: [Vivado_Tcl 4-1435] PhysOpt_Tcl_Interface Runtime Before Starting Physical Synthesis Task | CPU: 28.28s |  WALL: 6.17s
Netlist sorting complete. Time (s): cpu = 00:00:00.01 ; elapsed = 00:00:00.02 . Memory (MB): peak = 3954.480 ; gain = 0.000 ; free physical = 7777 ; free virtual = 13992

Starting Physical Synthesis Task

Phase 1 Physical Synthesis Initialization
INFO: [Physopt 32-721] Multithreading enabled for phys_opt_design using a maximum of 8 CPUs
INFO: [Physopt 32-619] Estimated Timing Summary | WNS=-0.484 | TNS=-1.384 |
Phase 1 Physical Synthesis Initialization | Checksum: 2259eafc8

Time (s): cpu = 00:00:08 ; elapsed = 00:00:05 . Memory (MB): peak = 3954.480 ; gain = 0.000 ; free physical = 7784 ; free virtual = 13999
INFO: [Physopt 32-619] Estimated Timing Summary | WNS=-0.484 | TNS=-1.384 |

Phase 2 DSP Register Optimization
INFO: [Physopt 32-456] No candidate cells for DSP register optimization found in the design.
INFO: [Physopt 32-775] End 2 Pass. Optimized 0 net or cell. Created 0 new cell, deleted 0 existing cell and moved 0 existing cell
Phase 2 DSP Register Optimization | Checksum: 2259eafc8

Time (s): cpu = 00:00:09 ; elapsed = 00:00:05 . Memory (MB): peak = 3954.480 ; gain = 0.000 ; free physical = 7785 ; free virtual = 13999

Phase 3 Critical Path Optimization
INFO: [Physopt 32-619] Estimated Timing Summary | WNS=-0.484 | TNS=-1.384 |
INFO: [Physopt 32-702] Processed net soc_base_inst/axi_split_dbus_i/GEN2.axi_split_write_i/write_fifo_i/GEN2.slave_data_fifo/ram_i/xpm_memory_sdpram_inst/xpm_memory_base_inst/doutb[32]. Optimizations did not improve timing on the net.
INFO: [Physopt 32-702] Processed net clk_mmcm_inst/inst/clk_out1_clk_mmcm. Optimizations did not improve timing on the net.
INFO: [Physopt 32-663] Processed net soc_base_inst/axi_split_dbus_i/GEN2.axi_split_write_i/write_fifo_i/GEN2.slave_data_fifo/ram_i/raddr_r_reg[1].  Re-placed instance soc_base_inst/axi_split_dbus_i/GEN2.axi_split_write_i/write_fifo_i/GEN2.slave_data_fifo/ram_i/raddr_r[4]_i_2__1
INFO: [Physopt 32-735] Processed net soc_base_inst/axi_split_dbus_i/GEN2.axi_split_write_i/write_fifo_i/GEN2.slave_data_fifo/ram_i/raddr_r_reg[1]. Optimization improves timing on the net.
INFO: [Physopt 32-619] Estimated Timing Summary | WNS=-0.171 | TNS=-0.692 |
INFO: [Physopt 32-702] Processed net soc_base_inst/axi_split_dbus_i/GEN2.axi_split_write_i/write_fifo_i/GEN2.slave_data_fifo/full_r_reg_0. Optimizations did not improve timing on the net.
INFO: [Physopt 32-663] Processed net soc_base_inst/axi_split_dbus_i/GEN2.axi_split_write_i/write_fifo_i/GEN2.slave_data_fifo/full_r_i_3__5_n_0.  Re-placed instance soc_base_inst/axi_split_dbus_i/GEN2.axi_split_write_i/write_fifo_i/GEN2.slave_data_fifo/full_r_i_3__5
INFO: [Physopt 32-735] Processed net soc_base_inst/axi_split_dbus_i/GEN2.axi_split_write_i/write_fifo_i/GEN2.slave_data_fifo/full_r_i_3__5_n_0. Optimization improves timing on the net.
INFO: [Physopt 32-619] Estimated Timing Summary | WNS=-0.165 | TNS=-0.686 |
INFO: [Physopt 32-663] Processed net soc_base_inst/axi_split_dbus_i/GEN2.axi_split_write_i/write_fifo_i/GEN2.slave_data_fifo/full_r_i_5__4_n_0.  Re-placed instance soc_base_inst/axi_split_dbus_i/GEN2.axi_split_write_i/write_fifo_i/GEN2.slave_data_fifo/full_r_i_5__4
INFO: [Physopt 32-735] Processed net soc_base_inst/axi_split_dbus_i/GEN2.axi_split_write_i/write_fifo_i/GEN2.slave_data_fifo/full_r_i_5__4_n_0. Optimization improves timing on the net.
INFO: [Physopt 32-619] Estimated Timing Summary | WNS=-0.162 | TNS=-0.551 |
INFO: [Physopt 32-710] Processed net soc_base_inst/axi_split_dbus_i/GEN2.axi_split_write_i/write_fifo_i/GEN2.slave_data_fifo/ram_i/D[2]. Critical path length was reduced through logic transformation on cell soc_base_inst/axi_split_dbus_i/GEN2.axi_split_write_i/write_fifo_i/GEN2.slave_data_fifo/ram_i/raddr_r[3]_i_1__1_comp.
INFO: [Physopt 32-735] Processed net soc_base_inst/axi_split_dbus_i/GEN2.axi_split_write_i/write_fifo_i/GEN2.slave_data_fifo/ram_i/raddr_r_reg[1]. Optimization improves timing on the net.
INFO: [Physopt 32-619] Estimated Timing Summary | WNS=-0.152 | TNS=-0.390 |
INFO: [Physopt 32-663] Processed net soc_base_inst/axi_split_dbus_i/GEN2.axi_split_write_i/write_fifo_i/GEN2.slave_data_fifo/ram_i/raddr_r_reg[1].  Re-placed instance soc_base_inst/axi_split_dbus_i/GEN2.axi_split_write_i/write_fifo_i/GEN2.slave_data_fifo/ram_i/raddr_r[4]_i_2__1
INFO: [Physopt 32-735] Processed net soc_base_inst/axi_split_dbus_i/GEN2.axi_split_write_i/write_fifo_i/GEN2.slave_data_fifo/ram_i/raddr_r_reg[1]. Optimization improves timing on the net.
INFO: [Physopt 32-619] Estimated Timing Summary | WNS=-0.136 | TNS=-0.366 |
INFO: [Physopt 32-702] Processed net soc_base_inst/ztachip_inst/dp_1_i/dp0_i/dp_fetch_1_i/task_iregister_auto_r_reg[27]_0[15]. Optimizations did not improve timing on the net.
INFO: [Physopt 32-81] Processed net soc_base_inst/ztachip_inst/dp_1_i/dp0_i/dp_fetch_1_i/fifo_i/task_vm_r_i_2_n_0. Replicated 1 times.
INFO: [Physopt 32-735] Processed net soc_base_inst/ztachip_inst/dp_1_i/dp0_i/dp_fetch_1_i/fifo_i/task_vm_r_i_2_n_0. Optimization improves timing on the net.
INFO: [Physopt 32-619] Estimated Timing Summary | WNS=-0.128 | TNS=-0.268 |
INFO: [Physopt 32-710] Processed net soc_base_inst/axi_split_dbus_i/GEN2.axi_split_write_i/write_fifo_i/GEN2.slave_data_fifo/ram_i/D[3]. Critical path length was reduced through logic transformation on cell soc_base_inst/axi_split_dbus_i/GEN2.axi_split_write_i/write_fifo_i/GEN2.slave_data_fifo/ram_i/raddr_r[4]_i_1__2_comp.
INFO: [Physopt 32-735] Processed net soc_base_inst/axi_split_dbus_i/GEN2.axi_split_write_i/write_fifo_i/GEN2.slave_data_fifo/ram_i/raddr_r_reg[1]. Optimization improves timing on the net.
INFO: [Physopt 32-619] Estimated Timing Summary | WNS=-0.043 | TNS=-0.142 |
INFO: [Physopt 32-608] Optimized 1 net.  Swapped 9 pins.
INFO: [Physopt 32-735] Processed net soc_base_inst/ztachip_inst/dp_1_i/dp0_i/dp_fetch_1_i/fifo_i/task_vm_r_i_2_n_0_repN. Optimization improves timing on the net.
INFO: [Physopt 32-619] Estimated Timing Summary | WNS=-0.035 | TNS=-0.099 |
INFO: [Physopt 32-608] Optimized 1 net.  Swapped 12 pins.
INFO: [Physopt 32-735] Processed net soc_base_inst/axi_split_dbus_i/GEN2.axi_split_write_i/write_fifo_i/GEN2.slave_data_fifo/full_r_i_5__4_n_0. Optimization improves timing on the net.
INFO: [Physopt 32-619] Estimated Timing Summary | WNS=-0.030 | TNS=-0.064 |
INFO: [Physopt 32-702] Processed net soc_base_inst/TCM_i/TCM_read2_i/resp_fifo/ram_i/xpm_memory_sdpram_inst/xpm_memory_base_inst/gen_wr_a.gen_word_narrow.mem_reg_0_15_30_32/DOA1. Optimizations did not improve timing on the net.
INFO: [Physopt 32-702] Processed net clk_mmcm_inst/inst/clk_out2_clk_mmcm. Optimizations did not improve timing on the net.
INFO: [Physopt 32-702] Processed net soc_base_inst/TCM_i/ram_i/ram2_i/xpm_memory_sdpram_inst/xpm_memory_base_inst/doutb[31]. Optimizations did not improve timing on the net.
INFO: [Physopt 32-702] Processed net soc_base_inst/TCM_i/TCM_read2_i/resp_fifo/ram_i/xpm_memory_sdpram_inst/xpm_memory_base_inst/gen_wr_a.gen_word_narrow.mem_reg_0_15_30_32/DOA1. Optimizations did not improve timing on the net.
INFO: [Physopt 32-702] Processed net clk_mmcm_inst/inst/clk_out2_clk_mmcm. Optimizations did not improve timing on the net.
INFO: [Physopt 32-702] Processed net soc_base_inst/TCM_i/ram_i/ram2_i/xpm_memory_sdpram_inst/xpm_memory_base_inst/doutb[31]. Optimizations did not improve timing on the net.
INFO: [Physopt 32-619] Estimated Timing Summary | WNS=-0.030 | TNS=-0.064 |
Netlist sorting complete. Time (s): cpu = 00:00:00.03 ; elapsed = 00:00:00.03 . Memory (MB): peak = 3954.480 ; gain = 0.000 ; free physical = 7787 ; free virtual = 14002
Phase 3 Critical Path Optimization | Checksum: 2259eafc8

Time (s): cpu = 00:00:15 ; elapsed = 00:00:07 . Memory (MB): peak = 3954.480 ; gain = 0.000 ; free physical = 7787 ; free virtual = 14002

Phase 4 Critical Path Optimization
INFO: [Physopt 32-619] Estimated Timing Summary | WNS=-0.030 | TNS=-0.064 |
INFO: [Physopt 32-702] Processed net soc_base_inst/TCM_i/TCM_read2_i/resp_fifo/ram_i/xpm_memory_sdpram_inst/xpm_memory_base_inst/gen_wr_a.gen_word_narrow.mem_reg_0_15_30_32/DOA1. Optimizations did not improve timing on the net.
INFO: [Physopt 32-702] Processed net clk_mmcm_inst/inst/clk_out2_clk_mmcm. Optimizations did not improve timing on the net.
INFO: [Physopt 32-702] Processed net soc_base_inst/TCM_i/ram_i/ram2_i/xpm_memory_sdpram_inst/xpm_memory_base_inst/doutb[31]. Optimizations did not improve timing on the net.
INFO: [Physopt 32-702] Processed net soc_base_inst/TCM_i/TCM_read2_i/resp_fifo/ram_i/xpm_memory_sdpram_inst/xpm_memory_base_inst/gen_wr_a.gen_word_narrow.mem_reg_0_15_30_32/DOA1. Optimizations did not improve timing on the net.
INFO: [Physopt 32-702] Processed net clk_mmcm_inst/inst/clk_out2_clk_mmcm. Optimizations did not improve timing on the net.
INFO: [Physopt 32-702] Processed net soc_base_inst/TCM_i/ram_i/ram2_i/xpm_memory_sdpram_inst/xpm_memory_base_inst/doutb[31]. Optimizations did not improve timing on the net.
INFO: [Physopt 32-619] Estimated Timing Summary | WNS=-0.030 | TNS=-0.064 |
Netlist sorting complete. Time (s): cpu = 00:00:00.01 ; elapsed = 00:00:00.01 . Memory (MB): peak = 3954.480 ; gain = 0.000 ; free physical = 7787 ; free virtual = 14002
Phase 4 Critical Path Optimization | Checksum: 2259eafc8

Time (s): cpu = 00:00:15 ; elapsed = 00:00:07 . Memory (MB): peak = 3954.480 ; gain = 0.000 ; free physical = 7787 ; free virtual = 14002
Netlist sorting complete. Time (s): cpu = 00:00:00.02 ; elapsed = 00:00:00.02 . Memory (MB): peak = 3954.480 ; gain = 0.000 ; free physical = 7787 ; free virtual = 14002
INFO: [Physopt 32-603] Post Physical Optimization Timing Summary | WNS=-0.030 | TNS=-0.064 |

Summary of Physical Synthesis Optimizations
============================================


-------------------------------------------------------------------------------------------------------------------------------------------------------------
|  Optimization   |  WNS Gain (ns)  |  TNS Gain (ns)  |  Added Cells  |  Removed Cells  |  Optimized Cells/Nets  |  Dont Touch  |  Iterations  |  Elapsed   |
-------------------------------------------------------------------------------------------------------------------------------------------------------------
|  DSP Register   |          0.000  |          0.000  |            0  |              0  |                     0  |           0  |           1  |  00:00:00  |
|  Critical Path  |          0.454  |          1.320  |            1  |              0  |                     9  |           0  |           2  |  00:00:02  |
|  Total          |          0.454  |          1.320  |            1  |              0  |                     9  |           0  |           3  |  00:00:02  |
-------------------------------------------------------------------------------------------------------------------------------------------------------------


Netlist sorting complete. Time (s): cpu = 00:00:00.01 ; elapsed = 00:00:00.01 . Memory (MB): peak = 3954.480 ; gain = 0.000 ; free physical = 7787 ; free virtual = 14002
Ending Physical Synthesis Task | Checksum: 1612851f1

Time (s): cpu = 00:00:15 ; elapsed = 00:00:07 . Memory (MB): peak = 3954.480 ; gain = 0.000 ; free physical = 7787 ; free virtual = 14002
INFO: [Common 17-83] Releasing license: Implementation
159 Infos, 0 Warnings, 1 Critical Warnings and 0 Errors encountered.
phys_opt_design completed successfully
phys_opt_design: Time (s): cpu = 00:00:43 ; elapsed = 00:00:14 . Memory (MB): peak = 3954.480 ; gain = 0.000 ; free physical = 7787 ; free virtual = 14002
INFO: [Timing 38-480] Writing timing data to binary archive.
Wrote PlaceDB: Time (s): cpu = 00:00:00 ; elapsed = 00:00:00 . Memory (MB): peak = 3954.480 ; gain = 0.000 ; free physical = 7786 ; free virtual = 14002
Wrote PulsedLatchDB: Time (s): cpu = 00:00:00 ; elapsed = 00:00:00 . Memory (MB): peak = 3954.480 ; gain = 0.000 ; free physical = 7786 ; free virtual = 14002
Writing XDEF routing.
Writing XDEF routing logical nets.
Write ShapeDB Complete: Time (s): cpu = 00:00:00.64 ; elapsed = 00:00:00.14 . Memory (MB): peak = 3954.480 ; gain = 0.000 ; free physical = 7767 ; free virtual = 13996
Writing XDEF routing special nets.
Wrote RouteStorage: Time (s): cpu = 00:00:00.71 ; elapsed = 00:00:00.15 . Memory (MB): peak = 3954.480 ; gain = 0.000 ; free physical = 7767 ; free virtual = 13996
Wrote PlaceStorage: Time (s): cpu = 00:00:06 ; elapsed = 00:00:02 . Memory (MB): peak = 3954.480 ; gain = 0.000 ; free physical = 7671 ; free virtual = 13968
Wrote Netlist Cache: Time (s): cpu = 00:00:00.15 ; elapsed = 00:00:00.08 . Memory (MB): peak = 3954.480 ; gain = 0.000 ; free physical = 7663 ; free virtual = 13969
Wrote Device Cache: Time (s): cpu = 00:00:00.02 ; elapsed = 00:00:00 . Memory (MB): peak = 3954.480 ; gain = 0.000 ; free physical = 7663 ; free virtual = 13970
Write Physdb Complete: Time (s): cpu = 00:00:07 ; elapsed = 00:00:02 . Memory (MB): peak = 3954.480 ; gain = 0.000 ; free physical = 7662 ; free virtual = 13970
INFO: [Common 17-1381] The checkpoint '/home/eslam-elshokafy/Desktop/AIDAChip_Workshop_01/ztachip/HW/examples/ZC702/ztachip_zc702.runs/impl_1/main_zc702_physopt.dcp' has been generated.
Command: route_design
Attempting to get a license for feature 'Implementation' and/or device 'xc7z020'
INFO: [Common 17-349] Got license for feature 'Implementation' and/or device 'xc7z020'
INFO: [DRC 23-27] Running DRC with 8 threads
INFO: [Vivado_Tcl 4-198] DRC finished with 0 Errors
INFO: [Vivado_Tcl 4-199] Please refer to the DRC report (report_drc) for more information.


Starting Routing Task
INFO: [Route 35-254] Multithreading enabled for route_design using a maximum of 8 CPUs

Phase 1 Build RT Design
Checksum: PlaceDB: d0d79611 ConstDB: 0 ShapeSum: 75347f46 RouteDB: 15f972f0
Post Restoration Checksum: NetGraph: 8ff37d9e | NumContArr: 36dd6329 | Constraints: c2a8fa9d | Timing: c2a8fa9d
Phase 1 Build RT Design | Checksum: 24c22d601

Time (s): cpu = 00:00:54 ; elapsed = 00:00:20 . Memory (MB): peak = 3954.480 ; gain = 0.000 ; free physical = 7758 ; free virtual = 14005

Phase 2 Router Initialization

Phase 2.1 Fix Topology Constraints
Phase 2.1 Fix Topology Constraints | Checksum: 24c22d601

Time (s): cpu = 00:00:55 ; elapsed = 00:00:20 . Memory (MB): peak = 3954.480 ; gain = 0.000 ; free physical = 7757 ; free virtual = 14005

Phase 2.2 Pre Route Cleanup
Phase 2.2 Pre Route Cleanup | Checksum: 24c22d601

Time (s): cpu = 00:00:55 ; elapsed = 00:00:20 . Memory (MB): peak = 3954.480 ; gain = 0.000 ; free physical = 7757 ; free virtual = 14005

Phase 2.3 Update Timing
Phase 2.3 Update Timing | Checksum: 1dd8e1e5d

Time (s): cpu = 00:01:43 ; elapsed = 00:00:32 . Memory (MB): peak = 3954.480 ; gain = 0.000 ; free physical = 7760 ; free virtual = 14008
INFO: [Route 35-416] Intermediate Timing Summary | WNS=-0.088 | TNS=-0.298 | WHS=-0.536 | THS=-1550.871|


Phase 2.4 Soft Constraint Pins - Fast Budgeting
Phase 2.4 Soft Constraint Pins - Fast Budgeting | Checksum: 1f6a041d7

Time (s): cpu = 00:01:59 ; elapsed = 00:00:36 . Memory (MB): peak = 3954.480 ; gain = 0.000 ; free physical = 7760 ; free virtual = 14009

Router Utilization Summary
  Global Vertical Routing Utilization    = 0 %
  Global Horizontal Routing Utilization  = 0 %
  Routable Net Status*
  *Does not include unroutable nets such as driverless and loadless.
  Run report_route_status for detailed report.
  Number of Failed Nets               = 96832
    (Failed Nets is the sum of unrouted and partially routed nets)
  Number of Unrouted Nets             = 96831
  Number of Partially Routed Nets     = 1
  Number of Node Overlaps             = 17

Phase 2 Router Initialization | Checksum: 22c6b6332

Time (s): cpu = 00:02:00 ; elapsed = 00:00:36 . Memory (MB): peak = 3954.480 ; gain = 0.000 ; free physical = 7760 ; free virtual = 14009

Phase 3 Global Routing
Phase 3 Global Routing | Checksum: 22c6b6332

Time (s): cpu = 00:02:00 ; elapsed = 00:00:36 . Memory (MB): peak = 3954.480 ; gain = 0.000 ; free physical = 7760 ; free virtual = 14009

Phase 4 Initial Routing

Phase 4.1 Initial Net Routing Pass
Phase 4.1 Initial Net Routing Pass | Checksum: 304d0c4ce

Time (s): cpu = 00:05:10 ; elapsed = 00:01:17 . Memory (MB): peak = 3956.465 ; gain = 1.984 ; free physical = 7719 ; free virtual = 13968
Phase 4 Initial Routing | Checksum: 304d0c4ce

Time (s): cpu = 00:05:11 ; elapsed = 00:01:17 . Memory (MB): peak = 3956.465 ; gain = 1.984 ; free physical = 7719 ; free virtual = 13968
INFO: [Route 35-580] Design has 10 pins with tight setup and hold constraints.

The top 5 pins with tight setup and hold constraints:

+====================+===================+======================================================================================================================================================================================================================================+
| Launch Setup Clock | Launch Hold Clock | Pin                                                                                                                                                                                                                                  |
+====================+===================+======================================================================================================================================================================================================================================+
| clk_out1_clk_mmcm  | clk_out1_clk_mmcm | soc_base_inst/TCM_i/ram_i/ram2_i/xpm_memory_sdpram_inst/xpm_memory_base_inst/gen_wr_a.gen_byte_narrow.for_mem_cols[1].mem_reg_0/ENARDEN                                                                                              |
| clk_out1_clk_mmcm  | clk_out1_clk_mmcm | soc_base_inst/ztachip_inst/core_i/GEN_CELL[0].cell_i/GEN_REG[3].GEN1.pcore_i/xregister_file_i/GEN2.altsyncram_i/ram_i/xpm_memory_sdpram_inst/xpm_memory_base_inst/gen_wr_a.gen_byte_narrow.for_mem_cols[1].mem_reg_2/ADDRBWRADDR[12] |
| clk_out1_clk_mmcm  | clk_out1_clk_mmcm | soc_base_inst/ztachip_inst/core_i/GEN_CELL[0].cell_i/GEN_REG[3].GEN1.pcore_i/xregister_file_i/GEN2.altsyncram_i/ram_i/xpm_memory_sdpram_inst/xpm_memory_base_inst/gen_wr_a.gen_byte_narrow.for_mem_cols[1].mem_reg_1/ADDRARDADDR[14] |
| clk_out1_clk_mmcm  | clk_out1_clk_mmcm | soc_base_inst/ztachip_inst/core_i/GEN_CELL[0].cell_i/GEN_REG[3].GEN1.pcore_i/xregister_file_i/GEN2.altsyncram_i/ram_i/xpm_memory_sdpram_inst/xpm_memory_base_inst/gen_wr_a.gen_byte_narrow.for_mem_cols[1].mem_reg_0/ADDRARDADDR[14] |
| clk_out1_clk_mmcm  | clk_out1_clk_mmcm | soc_base_inst/ztachip_inst/core_i/GEN_CELL[0].cell_i/GEN_REG[3].GEN1.pcore_i/iregister_i/iregister_ram_i/altsyncram_i/ram_i/xpm_memory_sdpram_inst/xpm_memory_base_inst/gen_wr_a.gen_byte_narrow.for_mem_cols[1].mem_reg_0/WEBWE[7]  |
+--------------------+-------------------+--------------------------------------------------------------------------------------------------------------------------------------------------------------------------------------------------------------------------------------+

File with complete list of pins: tight_setup_hold_pins.txt


Phase 5 Rip-up And Reroute

Phase 5.1 Global Iteration 0
 Number of Nodes with overlaps = 14498
 Number of Nodes with overlaps = 1846
 Number of Nodes with overlaps = 538
 Number of Nodes with overlaps = 205
 Number of Nodes with overlaps = 77
 Number of Nodes with overlaps = 30
 Number of Nodes with overlaps = 6
 Number of Nodes with overlaps = 0
INFO: [Route 35-416] Intermediate Timing Summary | WNS=-0.145 | TNS=-0.403 | WHS=N/A    | THS=N/A    |

Phase 5.1 Global Iteration 0 | Checksum: 2b630d7b9

Time (s): cpu = 00:11:37 ; elapsed = 00:03:43 . Memory (MB): peak = 4130.465 ; gain = 175.984 ; free physical = 5543 ; free virtual = 12705

Phase 5.2 Global Iteration 1
 Number of Nodes with overlaps = 1524
 Number of Nodes with overlaps = 240
 Number of Nodes with overlaps = 50
 Number of Nodes with overlaps = 16
 Number of Nodes with overlaps = 4
 Number of Nodes with overlaps = 1
 Number of Nodes with overlaps = 1
 Number of Nodes with overlaps = 0
INFO: [Route 35-416] Intermediate Timing Summary | WNS=-0.061 | TNS=-0.065 | WHS=N/A    | THS=N/A    |

Phase 5.2 Global Iteration 1 | Checksum: 226c07b86

Time (s): cpu = 00:12:57 ; elapsed = 00:04:18 . Memory (MB): peak = 4130.465 ; gain = 175.984 ; free physical = 5513 ; free virtual = 12680

Phase 5.3 Global Iteration 2
 Number of Nodes with overlaps = 528
 Number of Nodes with overlaps = 83
 Number of Nodes with overlaps = 46
 Number of Nodes with overlaps = 26
 Number of Nodes with overlaps = 14
 Number of Nodes with overlaps = 5
 Number of Nodes with overlaps = 2
 Number of Nodes with overlaps = 4
 Number of Nodes with overlaps = 1
 Number of Nodes with overlaps = 0
INFO: [Route 35-416] Intermediate Timing Summary | WNS=-0.061 | TNS=-0.065 | WHS=N/A    | THS=N/A    |

Phase 5.3 Global Iteration 2 | Checksum: 224c68fc5

Time (s): cpu = 00:13:38 ; elapsed = 00:04:44 . Memory (MB): peak = 4130.465 ; gain = 175.984 ; free physical = 7009 ; free virtual = 13805
Phase 5 Rip-up And Reroute | Checksum: 224c68fc5

Time (s): cpu = 00:13:38 ; elapsed = 00:04:44 . Memory (MB): peak = 4130.465 ; gain = 175.984 ; free physical = 7009 ; free virtual = 13805

Phase 6 Delay and Skew Optimization

Phase 6.1 Delay CleanUp

Phase 6.1.1 Update Timing
Phase 6.1.1 Update Timing | Checksum: 1f76c8601

Time (s): cpu = 00:13:43 ; elapsed = 00:04:45 . Memory (MB): peak = 4130.465 ; gain = 175.984 ; free physical = 7009 ; free virtual = 13805
INFO: [Route 35-416] Intermediate Timing Summary | WNS=-0.061 | TNS=-0.065 | WHS=N/A    | THS=N/A    |

 Number of Nodes with overlaps = 0
Phase 6.1 Delay CleanUp | Checksum: 1f9c1bf09

Time (s): cpu = 00:13:45 ; elapsed = 00:04:46 . Memory (MB): peak = 4130.465 ; gain = 175.984 ; free physical = 7009 ; free virtual = 13805

Phase 6.2 Clock Skew Optimization
Phase 6.2 Clock Skew Optimization | Checksum: 1f9c1bf09

Time (s): cpu = 00:13:45 ; elapsed = 00:04:46 . Memory (MB): peak = 4130.465 ; gain = 175.984 ; free physical = 7010 ; free virtual = 13805
Phase 6 Delay and Skew Optimization | Checksum: 1f9c1bf09

Time (s): cpu = 00:13:45 ; elapsed = 00:04:46 . Memory (MB): peak = 4130.465 ; gain = 175.984 ; free physical = 7010 ; free virtual = 13805

Phase 7 Post Hold Fix

Phase 7.1 Hold Fix Iter
INFO: [Route 35-416] Intermediate Timing Summary | WNS=-0.061 | TNS=-0.065 | WHS=-0.029 | THS=-0.145 |


Phase 7.1.1 Lut RouteThru Assignment for hold
Phase 7.1.1 Lut RouteThru Assignment for hold | Checksum: 1f78b9937

Time (s): cpu = 00:14:08 ; elapsed = 00:04:55 . Memory (MB): peak = 4186.465 ; gain = 231.984 ; free physical = 6947 ; free virtual = 13743
Phase 7.1 Hold Fix Iter | Checksum: 1f78b9937

Time (s): cpu = 00:14:08 ; elapsed = 00:04:55 . Memory (MB): peak = 4186.465 ; gain = 231.984 ; free physical = 6947 ; free virtual = 13743

Phase 7.2 Additional Hold Fix
INFO: [Route 35-416] Intermediate Timing Summary | WNS=-0.085 | TNS=-0.151 | WHS=0.027  | THS=0.000  |

Phase 7.2 Additional Hold Fix | Checksum: 1f2dba940

Time (s): cpu = 00:14:15 ; elapsed = 00:04:56 . Memory (MB): peak = 4186.465 ; gain = 231.984 ; free physical = 6947 ; free virtual = 13743

Phase 7.3 Non Free Resource Hold Fix Iter
Phase 7.3 Non Free Resource Hold Fix Iter | Checksum: 166bd4769

Time (s): cpu = 00:14:18 ; elapsed = 00:04:57 . Memory (MB): peak = 4186.465 ; gain = 231.984 ; free physical = 6947 ; free virtual = 13743
Phase 7 Post Hold Fix | Checksum: 166bd4769

Time (s): cpu = 00:14:18 ; elapsed = 00:04:57 . Memory (MB): peak = 4186.465 ; gain = 231.984 ; free physical = 6947 ; free virtual = 13743

Phase 8 Route finalize

Router Utilization Summary
  Global Vertical Routing Utilization    = 33.3577 %
  Global Horizontal Routing Utilization  = 42.6526 %
  Routable Net Status*
  *Does not include unroutable nets such as driverless and loadless.
  Run report_route_status for detailed report.
  Number of Failed Nets               = 0
    (Failed Nets is the sum of unrouted and partially routed nets)
  Number of Unrouted Nets             = 0
  Number of Partially Routed Nets     = 0
  Number of Node Overlaps             = 0


--GLOBAL Congestion:
Utilization threshold used for congestion level computation: 0.85
Congestion Report
North Dir 2x2 Area, Max Cong = 85.3604%, Congestion bounded by tiles (Lower Left Tile -> Upper Right Tile):
   INT_L_X18Y54 -> INT_R_X19Y55
South Dir 2x2 Area, Max Cong = 93.018%, Congestion bounded by tiles (Lower Left Tile -> Upper Right Tile):
   INT_L_X18Y48 -> INT_R_X19Y49
   INT_L_X18Y46 -> INT_R_X19Y47
   INT_L_X18Y44 -> INT_R_X19Y45
   INT_L_X18Y42 -> INT_R_X19Y43
East Dir 4x4 Area, Max Cong = 89.7978%, Congestion bounded by tiles (Lower Left Tile -> Upper Right Tile):
   INT_L_X12Y46 -> INT_R_X15Y49
   INT_L_X16Y46 -> INT_R_X19Y49
   INT_L_X12Y42 -> INT_R_X15Y45
   INT_L_X16Y42 -> INT_R_X19Y45
West Dir 4x4 Area, Max Cong = 90.625%, Congestion bounded by tiles (Lower Left Tile -> Upper Right Tile):
   INT_L_X20Y46 -> INT_R_X23Y49

------------------------------
Reporting congestion hotspots
------------------------------
Direction: North
----------------
Congested clusters found at Level 0
Effective congestion level: 1 Aspect Ratio: 0.666667 Sparse Ratio: 1
Direction: South
----------------
Congested clusters found at Level 0
Effective congestion level: 2 Aspect Ratio: 0.3 Sparse Ratio: 1.125
Direction: East
----------------
Congested clusters found at Level 2
Effective congestion level: 3 Aspect Ratio: 1 Sparse Ratio: 1
Direction: West
----------------
Congested clusters found at Level 2
Effective congestion level: 3 Aspect Ratio: 0.5 Sparse Ratio: 0.5

Phase 8 Route finalize | Checksum: 166bd4769

Time (s): cpu = 00:14:19 ; elapsed = 00:04:57 . Memory (MB): peak = 4186.465 ; gain = 231.984 ; free physical = 6947 ; free virtual = 13743

Phase 9 Verifying routed nets

 Verification completed successfully
Phase 9 Verifying routed nets | Checksum: 166bd4769

Time (s): cpu = 00:14:19 ; elapsed = 00:04:57 . Memory (MB): peak = 4186.465 ; gain = 231.984 ; free physical = 6947 ; free virtual = 13742

Phase 10 Depositing Routes
Phase 10 Depositing Routes | Checksum: 16600d2d4

Time (s): cpu = 00:14:27 ; elapsed = 00:05:02 . Memory (MB): peak = 4186.465 ; gain = 231.984 ; free physical = 6947 ; free virtual = 13742

Phase 11 Post Process Routing
Phase 11 Post Process Routing | Checksum: 16600d2d4

Time (s): cpu = 00:14:28 ; elapsed = 00:05:02 . Memory (MB): peak = 4186.465 ; gain = 231.984 ; free physical = 6947 ; free virtual = 13742

Phase 12 Post Router Timing
INFO: [Route 35-57] Estimated Timing Summary | WNS=-0.085 | TNS=-0.151 | WHS=0.027  | THS=0.000  |

Phase 12 Post Router Timing | Checksum: 16600d2d4

Time (s): cpu = 00:14:28 ; elapsed = 00:05:03 . Memory (MB): peak = 4186.465 ; gain = 231.984 ; free physical = 6947 ; free virtual = 13742
Total Elapsed time in route_design: 302.56 secs

Phase 13 Post-Route Event Processing
Phase 13 Post-Route Event Processing | Checksum: 14bed275a

Time (s): cpu = 00:14:28 ; elapsed = 00:05:03 . Memory (MB): peak = 4186.465 ; gain = 231.984 ; free physical = 6947 ; free virtual = 13742
INFO: [Route 35-16] Router Completed Successfully
Ending Routing Task | Checksum: 14bed275a

Time (s): cpu = 00:14:29 ; elapsed = 00:05:03 . Memory (MB): peak = 4186.465 ; gain = 231.984 ; free physical = 6947 ; free virtual = 13742

Routing Is Done.
INFO: [Common 17-83] Releasing license: Implementation
177 Infos, 0 Warnings, 1 Critical Warnings and 0 Errors encountered.
route_design completed successfully
route_design: Time (s): cpu = 00:14:31 ; elapsed = 00:05:04 . Memory (MB): peak = 4186.465 ; gain = 231.984 ; free physical = 6947 ; free virtual = 13742
INFO: [Vivado 12-24828] Executing command : report_drc -file main_zc702_drc_routed.rpt -pb main_zc702_drc_routed.pb -rpx main_zc702_drc_routed.rpx
Command: report_drc -file main_zc702_drc_routed.rpt -pb main_zc702_drc_routed.pb -rpx main_zc702_drc_routed.rpx
INFO: [IP_Flow 19-1839] IP Catalog is up to date.
INFO: [DRC 23-27] Running DRC with 8 threads
INFO: [Vivado_Tcl 2-168] The results of DRC are in file /home/eslam-elshokafy/Desktop/AIDAChip_Workshop_01/ztachip/HW/examples/ZC702/ztachip_zc702.runs/impl_1/main_zc702_drc_routed.rpt.
report_drc completed successfully
INFO: [Vivado 12-24828] Executing command : report_methodology -file main_zc702_methodology_drc_routed.rpt -pb main_zc702_methodology_drc_routed.pb -rpx main_zc702_methodology_drc_routed.rpx
Command: report_methodology -file main_zc702_methodology_drc_routed.rpt -pb main_zc702_methodology_drc_routed.pb -rpx main_zc702_methodology_drc_routed.rpx
INFO: [Timing 38-35] Done setting XDC timing constraints.
INFO: [DRC 23-133] Running Methodology with 8 threads
INFO: [Vivado_Tcl 2-1520] The results of Report Methodology are in file /home/eslam-elshokafy/Desktop/AIDAChip_Workshop_01/ztachip/HW/examples/ZC702/ztachip_zc702.runs/impl_1/main_zc702_methodology_drc_routed.rpt.
report_methodology completed successfully
report_methodology: Time (s): cpu = 00:01:02 ; elapsed = 00:00:11 . Memory (MB): peak = 4186.465 ; gain = 0.000 ; free physical = 6942 ; free virtual = 13746
INFO: [Vivado 12-24828] Executing command : report_timing_summary -max_paths 10 -routable_nets -report_unconstrained -file main_zc702_timing_summary_routed.rpt -pb main_zc702_timing_summary_routed.pb -rpx main_zc702_timing_summary_routed.rpx
INFO: [Timing 38-35] Done setting XDC timing constraints.
INFO: [Timing 38-91] UpdateTimingParams: Speed grade: -1, Delay Type: min_max.
INFO: [Timing 38-191] Multithreading enabled for timing update using a maximum of 8 CPUs
report_timing_summary: Time (s): cpu = 00:00:16 ; elapsed = 00:00:06 . Memory (MB): peak = 4186.465 ; gain = 0.000 ; free physical = 6941 ; free virtual = 13746
INFO: [Vivado 12-24838] Running report commands "report_bus_skew, report_incremental_reuse, report_route_status" in parallel.
Running report generation with 3 threads.
INFO: [Vivado 12-24828] Executing command : report_incremental_reuse -file main_zc702_incremental_reuse_routed.rpt
INFO: [Vivado_Tcl 4-1062] Incremental flow is disabled. No incremental reuse Info to report.
INFO: [Vivado 12-24828] Executing command : report_bus_skew -warn_on_violation -file main_zc702_bus_skew_routed.rpt -pb main_zc702_bus_skew_routed.pb -rpx main_zc702_bus_skew_routed.rpx
INFO: [Timing 38-91] UpdateTimingParams: Speed grade: -1, Delay Type: min_max.
INFO: [Timing 38-191] Multithreading enabled for timing update using a maximum of 8 CPUs
INFO: [Vivado 12-24828] Executing command : report_route_status -file main_zc702_route_status.rpt -pb main_zc702_route_status.pb
INFO: [Vivado 12-24828] Executing command : report_power -file main_zc702_power_routed.rpt -pb main_zc702_power_summary_routed.pb -rpx main_zc702_power_routed.rpx
Command: report_power -file main_zc702_power_routed.rpt -pb main_zc702_power_summary_routed.pb -rpx main_zc702_power_routed.rpx
Running Vector-less Activity Propagation...

Finished Running Vector-less Activity Propagation
197 Infos, 0 Warnings, 1 Critical Warnings and 0 Errors encountered.
report_power completed successfully
report_power: Time (s): cpu = 00:00:23 ; elapsed = 00:00:09 . Memory (MB): peak = 4226.484 ; gain = 40.020 ; free physical = 6916 ; free virtual = 13733
INFO: [Vivado 12-24828] Executing command : report_clock_utilization -file main_zc702_clock_utilization_routed.rpt
generate_parallel_reports: Time (s): cpu = 00:02:03 ; elapsed = 00:00:34 . Memory (MB): peak = 4226.484 ; gain = 40.020 ; free physical = 6911 ; free virtual = 13728
INFO: [Timing 38-480] Writing timing data to binary archive.
Wrote PlaceDB: Time (s): cpu = 00:00:00 ; elapsed = 00:00:00 . Memory (MB): peak = 4226.484 ; gain = 0.000 ; free physical = 6910 ; free virtual = 13728
Wrote PulsedLatchDB: Time (s): cpu = 00:00:00 ; elapsed = 00:00:00 . Memory (MB): peak = 4226.484 ; gain = 0.000 ; free physical = 6910 ; free virtual = 13728
Writing XDEF routing.
Writing XDEF routing logical nets.
Write ShapeDB Complete: Time (s): cpu = 00:00:00.59 ; elapsed = 00:00:00.13 . Memory (MB): peak = 4226.484 ; gain = 0.000 ; free physical = 6900 ; free virtual = 13732
Writing XDEF routing special nets.
Wrote RouteStorage: Time (s): cpu = 00:00:03 ; elapsed = 00:00:00.63 . Memory (MB): peak = 4226.484 ; gain = 0.000 ; free physical = 6874 ; free virtual = 13738
Wrote PlaceStorage: Time (s): cpu = 00:00:05 ; elapsed = 00:00:02 . Memory (MB): peak = 4226.484 ; gain = 0.000 ; free physical = 6803 ; free virtual = 13720
Wrote Netlist Cache: Time (s): cpu = 00:00:00.15 ; elapsed = 00:00:00.09 . Memory (MB): peak = 4226.484 ; gain = 0.000 ; free physical = 6795 ; free virtual = 13720
Wrote Device Cache: Time (s): cpu = 00:00:00.02 ; elapsed = 00:00:00 . Memory (MB): peak = 4226.484 ; gain = 0.000 ; free physical = 6795 ; free virtual = 13721
Write Physdb Complete: Time (s): cpu = 00:00:09 ; elapsed = 00:00:03 . Memory (MB): peak = 4226.484 ; gain = 0.000 ; free physical = 6795 ; free virtual = 13721
INFO: [Common 17-1381] The checkpoint '/home/eslam-elshokafy/Desktop/AIDAChip_Workshop_01/ztachip/HW/examples/ZC702/ztachip_zc702.runs/impl_1/main_zc702_routed.dcp' has been generated.
write_checkpoint: Time (s): cpu = 00:00:11 ; elapsed = 00:00:05 . Memory (MB): peak = 4226.484 ; gain = 0.000 ; free physical = 6873 ; free virtual = 13727
Command: phys_opt_design -directive Explore
Attempting to get a license for feature 'Implementation' and/or device 'xc7z020'
INFO: [Common 17-349] Got license for feature 'Implementation' and/or device 'xc7z020'
INFO: [Vivado_Tcl 4-241] Physical synthesis in post route mode 
INFO: [Vivado_Tcl 4-137] Directive used for phys_opt_design is: Explore
INFO: [Vivado_Tcl 4-1435] PhysOpt_Tcl_Interface Runtime Before Starting Physical Synthesis Task | CPU: 2.15s |  WALL: 2.17s
INFO: [DRC 23-27] Running DRC with 8 threads
INFO: [Vivado_Tcl 4-198] DRC finished with 0 Errors
INFO: [Vivado_Tcl 4-199] Please refer to the DRC report (report_drc) for more information.
Netlist sorting complete. Time (s): cpu = 00:00:00.01 ; elapsed = 00:00:00.02 . Memory (MB): peak = 4226.484 ; gain = 0.000 ; free physical = 6873 ; free virtual = 13727

Starting Physical Synthesis Task

Phase 1 Physical Synthesis Initialization
INFO: [Physopt 32-721] Multithreading enabled for phys_opt_design using a maximum of 8 CPUs
INFO: [Physopt 32-668] Current Timing Summary | WNS=-0.085 | TNS=-0.149 | WHS=-0.020 | THS=-0.030 |
Phase 1 Physical Synthesis Initialization | Checksum: 10b265869

Time (s): cpu = 00:00:36 ; elapsed = 00:00:07 . Memory (MB): peak = 4226.484 ; gain = 0.000 ; free physical = 6885 ; free virtual = 13738

Phase 2 Critical Path Optimization
INFO: [Physopt 32-668] Current Timing Summary | WNS=-0.085 | TNS=-0.149 | WHS=-0.020 | THS=-0.030 |
INFO: [Physopt 32-953] Path group WNS did not improve. Path group: clk_out2_clk_mmcm. Processed net: soc_base_inst/ztachip_inst/core_i/GEN_CELL[0].cell_i/GEN_REG[3].GEN1.pcore_i/xregister_file_i/GEN2.altsyncram_i/ram_i/xpm_memory_sdpram_inst/xpm_memory_base_inst/doutb[128].
INFO: [Physopt 32-953] Path group WNS did not improve. Path group: clk_out2_clk_mmcm. Processed net: clk_mmcm_inst/inst/clk_out1_clk_mmcm.
INFO: [Physopt 32-953] Path group WNS did not improve. Path group: clk_out2_clk_mmcm. Processed net: soc_base_inst/ztachip_inst/core_i/GEN_CELL[0].cell_i/GEN_REG[3].GEN1.pcore_i/xregister_file_i/GEN2.altsyncram_i/ram_i/raddress[8].
INFO: [Physopt 32-663] Processed net soc_base_inst/ztachip_inst/core_i/GEN_CELL[0].cell_i/GEN_REG[3].GEN1.pcore_i/instr_decoder2_i/D[7].  Re-placed instance soc_base_inst/ztachip_inst/core_i/GEN_CELL[0].cell_i/GEN_REG[3].GEN1.pcore_i/instr_decoder2_i/result_raddr_r_reg[7]
INFO: [Physopt 32-735] Processed net soc_base_inst/ztachip_inst/core_i/GEN_CELL[0].cell_i/GEN_REG[3].GEN1.pcore_i/instr_decoder2_i/D[7]. Optimization improves timing on the net.
INFO: [Physopt 32-668] Current Timing Summary | WNS=-0.061 | TNS=-0.065 | WHS=-0.020 | THS=-0.030 |
INFO: [Physopt 32-953] Path group WNS did not improve. Path group: clk_out1_clk_mmcm. Processed net: soc_base_inst/TCM_i/TCM_read2_i/resp_fifo/ram_i/xpm_memory_sdpram_inst/xpm_memory_base_inst/gen_wr_a.gen_word_narrow.mem_reg_0_15_24_29/DOC1.
INFO: [Physopt 32-953] Path group WNS did not improve. Path group: clk_out1_clk_mmcm. Processed net: clk_mmcm_inst/inst/clk_out2_clk_mmcm.
INFO: [Physopt 32-953] Path group WNS did not improve. Path group: clk_out1_clk_mmcm. Processed net: soc_base_inst/TCM_i/ram_i/ram2_i/xpm_memory_sdpram_inst/xpm_memory_base_inst/doutb[29].
INFO: [Physopt 32-953] Path group WNS did not improve. Path group: clk_out1_clk_mmcm. Processed net: soc_base_inst/TCM_i/TCM_read2_i/resp_fifo/ram_i/xpm_memory_sdpram_inst/xpm_memory_base_inst/gen_wr_a.gen_word_narrow.mem_reg_0_15_24_29/DOC1.
INFO: [Physopt 32-953] Path group WNS did not improve. Path group: clk_out1_clk_mmcm. Processed net: clk_mmcm_inst/inst/clk_out2_clk_mmcm.
INFO: [Physopt 32-953] Path group WNS did not improve. Path group: clk_out1_clk_mmcm. Processed net: soc_base_inst/TCM_i/ram_i/ram2_i/xpm_memory_sdpram_inst/xpm_memory_base_inst/doutb[29].
INFO: [Physopt 32-668] Current Timing Summary | WNS=-0.061 | TNS=-0.065 | WHS=-0.020 | THS=-0.030 |
Netlist sorting complete. Time (s): cpu = 00:00:00.02 ; elapsed = 00:00:00.01 . Memory (MB): peak = 4226.484 ; gain = 0.000 ; free physical = 6884 ; free virtual = 13739
Phase 2 Critical Path Optimization | Checksum: 10b265869

Time (s): cpu = 00:01:17 ; elapsed = 00:00:31 . Memory (MB): peak = 4226.484 ; gain = 0.000 ; free physical = 6884 ; free virtual = 13739
Netlist sorting complete. Time (s): cpu = 00:00:00.01 ; elapsed = 00:00:00.01 . Memory (MB): peak = 4226.484 ; gain = 0.000 ; free physical = 6884 ; free virtual = 13739
INFO: [Physopt 32-669] Post Physical Optimization Timing Summary | WNS=-0.061 | TNS=-0.065 | WHS=-0.020 | THS=-0.030 |

Summary of Physical Synthesis Optimizations
============================================


-------------------------------------------------------------------------------------------------------------------------------------------------------------
|  Optimization   |  WNS Gain (ns)  |  TNS Gain (ns)  |  Added Cells  |  Removed Cells  |  Optimized Cells/Nets  |  Dont Touch  |  Iterations  |  Elapsed   |
-------------------------------------------------------------------------------------------------------------------------------------------------------------
|  Critical Path  |          0.024  |          0.085  |            0  |              0  |                     1  |           0  |           1  |  00:00:24  |
-------------------------------------------------------------------------------------------------------------------------------------------------------------


Netlist sorting complete. Time (s): cpu = 00:00:00.01 ; elapsed = 00:00:00.02 . Memory (MB): peak = 4226.484 ; gain = 0.000 ; free physical = 6884 ; free virtual = 13739
Ending Physical Synthesis Task | Checksum: 1650bdd18

Time (s): cpu = 00:01:18 ; elapsed = 00:00:31 . Memory (MB): peak = 4226.484 ; gain = 0.000 ; free physical = 6884 ; free virtual = 13739
INFO: [Common 17-83] Releasing license: Implementation
225 Infos, 0 Warnings, 1 Critical Warnings and 0 Errors encountered.
phys_opt_design completed successfully
phys_opt_design: Time (s): cpu = 00:01:21 ; elapsed = 00:00:34 . Memory (MB): peak = 4226.484 ; gain = 0.000 ; free physical = 6884 ; free virtual = 13739
INFO: [Vivado 12-24828] Executing command : report_timing_summary -max_paths 10 -report_unconstrained -warn_on_violation -file main_zc702_timing_summary_postroute_physopted.rpt -pb main_zc702_timing_summary_postroute_physopted.pb -rpx main_zc702_timing_summary_postroute_physopted.rpx
INFO: [Timing 38-91] UpdateTimingParams: Speed grade: -1, Delay Type: min_max.
INFO: [Timing 38-191] Multithreading enabled for timing update using a maximum of 8 CPUs
CRITICAL WARNING: [Timing 38-282] The design failed to meet the timing requirements. Please see the timing summary report for details on the timing violations.
report_timing_summary: Time (s): cpu = 00:00:46 ; elapsed = 00:00:08 . Memory (MB): peak = 4226.484 ; gain = 0.000 ; free physical = 6872 ; free virtual = 13728
INFO: [Vivado 12-24828] Executing command : report_bus_skew -warn_on_violation -file main_zc702_bus_skew_postroute_physopted.rpt -pb main_zc702_bus_skew_postroute_physopted.pb -rpx main_zc702_bus_skew_postroute_physopted.rpx
INFO: [Timing 38-91] UpdateTimingParams: Speed grade: -1, Delay Type: min_max.
INFO: [Timing 38-191] Multithreading enabled for timing update using a maximum of 8 CPUs
generate_parallel_reports: Time (s): cpu = 00:00:46 ; elapsed = 00:00:08 . Memory (MB): peak = 4226.484 ; gain = 0.000 ; free physical = 6864 ; free virtual = 13720
INFO: [Timing 38-480] Writing timing data to binary archive.
Wrote PlaceDB: Time (s): cpu = 00:00:00 ; elapsed = 00:00:00 . Memory (MB): peak = 4226.484 ; gain = 0.000 ; free physical = 6873 ; free virtual = 13730
Wrote PulsedLatchDB: Time (s): cpu = 00:00:00 ; elapsed = 00:00:00 . Memory (MB): peak = 4226.484 ; gain = 0.000 ; free physical = 6873 ; free virtual = 13730
Writing XDEF routing.
Writing XDEF routing logical nets.
Write ShapeDB Complete: Time (s): cpu = 00:00:00.57 ; elapsed = 00:00:00.12 . Memory (MB): peak = 4226.484 ; gain = 0.000 ; free physical = 6854 ; free virtual = 13723
Writing XDEF routing special nets.
Wrote RouteStorage: Time (s): cpu = 00:00:03 ; elapsed = 00:00:00.66 . Memory (MB): peak = 4226.484 ; gain = 0.000 ; free physical = 6828 ; free virtual = 13730
Wrote PlaceStorage: Time (s): cpu = 00:00:05 ; elapsed = 00:00:02 . Memory (MB): peak = 4226.484 ; gain = 0.000 ; free physical = 6757 ; free virtual = 13713
Wrote Netlist Cache: Time (s): cpu = 00:00:00.15 ; elapsed = 00:00:00.09 . Memory (MB): peak = 4226.484 ; gain = 0.000 ; free physical = 6749 ; free virtual = 13713
Wrote Device Cache: Time (s): cpu = 00:00:00.01 ; elapsed = 00:00:00.01 . Memory (MB): peak = 4226.484 ; gain = 0.000 ; free physical = 6749 ; free virtual = 13713
Write Physdb Complete: Time (s): cpu = 00:00:09 ; elapsed = 00:00:03 . Memory (MB): peak = 4226.484 ; gain = 0.000 ; free physical = 6749 ; free virtual = 13713
INFO: [Common 17-1381] The checkpoint '/home/eslam-elshokafy/Desktop/AIDAChip_Workshop_01/ztachip/HW/examples/ZC702/ztachip_zc702.runs/impl_1/main_zc702_postroute_physopt.dcp' has been generated.
write_checkpoint: Time (s): cpu = 00:00:11 ; elapsed = 00:00:05 . Memory (MB): peak = 4226.484 ; gain = 0.000 ; free physical = 6827 ; free virtual = 13719
INFO: [Memdata 28-167] Found XPM memory block soc_base_inst/ztachip_inst/sram_i/axi_ifc_i/resp_fifo/ram_i/xpm_memory_sdpram_inst/xpm_memory_base_inst with a P_MEMORY_PRIMITIVE property set to auto. A value of block is required. You will not be able to use the updatemem program to update the bitstream with new data for the soc_base_inst/ztachip_inst/sram_i/axi_ifc_i/resp_fifo/ram_i/xpm_memory_sdpram_inst/xpm_memory_base_inst block.
INFO: [Memdata 28-167] Found XPM memory block soc_base_inst/ztachip_inst/ddr_rx_i/ddr_rx_fifo_i/ram_i/xpm_memory_sdpram_inst/xpm_memory_base_inst with a P_MEMORY_PRIMITIVE property set to auto. A value of block is required. You will not be able to use the updatemem program to update the bitstream with new data for the soc_base_inst/ztachip_inst/ddr_rx_i/ddr_rx_fifo_i/ram_i/xpm_memory_sdpram_inst/xpm_memory_base_inst block.
INFO: [Memdata 28-167] Found XPM memory block soc_base_inst/ztachip_inst/GEN1.fpu_i/read_pending_i/ram_i/xpm_memory_sdpram_inst/xpm_memory_base_inst with a P_MEMORY_PRIMITIVE property set to auto. A value of block is required. You will not be able to use the updatemem program to update the bitstream with new data for the soc_base_inst/ztachip_inst/GEN1.fpu_i/read_pending_i/ram_i/xpm_memory_sdpram_inst/xpm_memory_base_inst block.
INFO: [Memdata 28-167] Found XPM memory block soc_base_inst/axi_stream_write_inst/write_fifo/GEN2.afifo_i/ram_i/xpm_memory_sdpram_inst/xpm_memory_base_inst with a P_MEMORY_PRIMITIVE property set to distributed. A value of block is required. You will not be able to use the updatemem program to update the bitstream with new data for the soc_base_inst/axi_stream_write_inst/write_fifo/GEN2.afifo_i/ram_i/xpm_memory_sdpram_inst/xpm_memory_base_inst block.
INFO: [Memdata 28-167] Found XPM memory block soc_base_inst/axi_merge_inst/write_i/GEN2_CCD.slave_data_fifo/GEN2.afifo_i/ram_i/xpm_memory_sdpram_inst/xpm_memory_base_inst with a P_MEMORY_PRIMITIVE property set to distributed. A value of block is required. You will not be able to use the updatemem program to update the bitstream with new data for the soc_base_inst/axi_merge_inst/write_i/GEN2_CCD.slave_data_fifo/GEN2.afifo_i/ram_i/xpm_memory_sdpram_inst/xpm_memory_base_inst block.
INFO: [Memdata 28-167] Found XPM memory block soc_base_inst/axi_merge_inst/write_i/GEN1_CCD.slave_cmd_fifo/GEN2.afifo_i/ram_i/xpm_memory_sdpram_inst/xpm_memory_base_inst with a P_MEMORY_PRIMITIVE property set to distributed. A value of block is required. You will not be able to use the updatemem program to update the bitstream with new data for the soc_base_inst/axi_merge_inst/write_i/GEN1_CCD.slave_cmd_fifo/GEN2.afifo_i/ram_i/xpm_memory_sdpram_inst/xpm_memory_base_inst block.
INFO: [Memdata 28-167] Found XPM memory block soc_base_inst/axi_merge_inst/read_i/GEN2_CCD.slave_resp_fifo/GEN2.afifo_i/ram_i/xpm_memory_sdpram_inst/xpm_memory_base_inst with a P_MEMORY_PRIMITIVE property set to distributed. A value of block is required. You will not be able to use the updatemem program to update the bitstream with new data for the soc_base_inst/axi_merge_inst/read_i/GEN2_CCD.slave_resp_fifo/GEN2.afifo_i/ram_i/xpm_memory_sdpram_inst/xpm_memory_base_inst block.
INFO: [Memdata 28-167] Found XPM memory block soc_base_inst/axi_merge_inst/read_i/GEN1_CCD.slave_cmd_fifo/GEN2.afifo_i/ram_i/xpm_memory_sdpram_inst/xpm_memory_base_inst with a P_MEMORY_PRIMITIVE property set to distributed. A value of block is required. You will not be able to use the updatemem program to update the bitstream with new data for the soc_base_inst/axi_merge_inst/read_i/GEN1_CCD.slave_cmd_fifo/GEN2.afifo_i/ram_i/xpm_memory_sdpram_inst/xpm_memory_base_inst block.
INFO: [Memdata 28-167] Found XPM memory block soc_base_inst/axi_apb_bridge_inst/wdata_i/ram_i/xpm_memory_sdpram_inst/xpm_memory_base_inst with a P_MEMORY_PRIMITIVE property set to auto. A value of block is required. You will not be able to use the updatemem program to update the bitstream with new data for the soc_base_inst/axi_apb_bridge_inst/wdata_i/ram_i/xpm_memory_sdpram_inst/xpm_memory_base_inst block.
INFO: [Memdata 28-167] Found XPM memory block soc_base_inst/axi_apb_bridge_inst/wcmd_i/ram_i/xpm_memory_sdpram_inst/xpm_memory_base_inst with a P_MEMORY_PRIMITIVE property set to auto. A value of block is required. You will not be able to use the updatemem program to update the bitstream with new data for the soc_base_inst/axi_apb_bridge_inst/wcmd_i/ram_i/xpm_memory_sdpram_inst/xpm_memory_base_inst block.
INFO: [Memdata 28-167] Found XPM memory block soc_base_inst/axi_apb_bridge_inst/rresp_i/ram_i/xpm_memory_sdpram_inst/xpm_memory_base_inst with a P_MEMORY_PRIMITIVE property set to auto. A value of block is required. You will not be able to use the updatemem program to update the bitstream with new data for the soc_base_inst/axi_apb_bridge_inst/rresp_i/ram_i/xpm_memory_sdpram_inst/xpm_memory_base_inst block.
INFO: [Memdata 28-167] Found XPM memory block soc_base_inst/axi_apb_bridge_inst/rcmd_i/ram_i/xpm_memory_sdpram_inst/xpm_memory_base_inst with a P_MEMORY_PRIMITIVE property set to auto. A value of block is required. You will not be able to use the updatemem program to update the bitstream with new data for the soc_base_inst/axi_apb_bridge_inst/rcmd_i/ram_i/xpm_memory_sdpram_inst/xpm_memory_base_inst block.
INFO: [Memdata 28-167] Found XPM memory block soc_base_inst/TCM_i/TCM_read2_i/resp_fifo/ram_i/xpm_memory_sdpram_inst/xpm_memory_base_inst with a P_MEMORY_PRIMITIVE property set to auto. A value of block is required. You will not be able to use the updatemem program to update the bitstream with new data for the soc_base_inst/TCM_i/TCM_read2_i/resp_fifo/ram_i/xpm_memory_sdpram_inst/xpm_memory_base_inst block.
INFO: [Memdata 28-167] Found XPM memory block soc_base_inst/TCM_i/TCM_read1_i/resp_fifo/ram_i/xpm_memory_sdpram_inst/xpm_memory_base_inst with a P_MEMORY_PRIMITIVE property set to auto. A value of block is required. You will not be able to use the updatemem program to update the bitstream with new data for the soc_base_inst/TCM_i/TCM_read1_i/resp_fifo/ram_i/xpm_memory_sdpram_inst/xpm_memory_base_inst block.
Command: write_bitstream -force main_zc702.bit
Attempting to get a license for feature 'Implementation' and/or device 'xc7z020'
INFO: [Common 17-349] Got license for feature 'Implementation' and/or device 'xc7z020'
Running DRC as a precondition to command write_bitstream
INFO: [IP_Flow 19-1839] IP Catalog is up to date.
INFO: [DRC 23-27] Running DRC with 8 threads
INFO: [Vivado 12-3199] DRC finished with 0 Errors
INFO: [Vivado 12-3200] Please refer to the DRC report (report_drc) for more information.
Integrating Hard IP ELF/MEM with the PDI.
INFO: [Designutils 20-2272] Running write_bitstream with 8 threads.
Loading data files...
Loading site data...
Loading route data...
Processing options...
Creating bitmap...
Creating bitstream...
Bitstream compression saved 12009504 bits.
Writing bitstream ./main_zc702.bit...
INFO: [Vivado 12-1842] Bitgen Completed Successfully.
INFO: [Common 17-83] Releasing license: Implementation
255 Infos, 0 Warnings, 2 Critical Warnings and 0 Errors encountered.
write_bitstream completed successfully
write_bitstream: Time (s): cpu = 00:01:11 ; elapsed = 00:00:36 . Memory (MB): peak = 4226.484 ; gain = 0.000 ; free physical = 6834 ; free virtual = 13735
INFO: [Common 17-206] Exiting Vivado at Sat Jun 20 19:30:12 2026...
[Sat Jun 20 19:30:13 2026] impl_1 finished
wait_on_runs: Time (s): cpu = 00:30:21 ; elapsed = 00:11:00 . Memory (MB): peak = 10205.918 ; gain = 0.000 ; free physical = 9820 ; free virtual = 16721
# if {[get_property PROGRESS [get_runs impl_1]] != "100%"} {
#    puts "ERROR: implementation/bitstream did not finish."
#    return
# }
# open_run impl_1
INFO: [Device 21-403] Loading part xc7z020clg484-1
Netlist sorting complete. Time (s): cpu = 00:00:00.79 ; elapsed = 00:00:00.61 . Memory (MB): peak = 10398.793 ; gain = 0.000 ; free physical = 9376 ; free virtual = 16409
INFO: [Netlist 29-17] Analyzing 3547 Unisim elements for replacement
INFO: [Netlist 29-28] Unisim Transformation completed in 0 CPU seconds
INFO: [Project 1-479] Netlist was created with Vivado 2025.2
INFO: [Project 1-570] Preparing netlist for logic optimization
Read ShapeDB Complete: Time (s): cpu = 00:00:00.14 ; elapsed = 00:00:00.1 . Memory (MB): peak = 10538.309 ; gain = 14.109 ; free physical = 9306 ; free virtual = 16259
INFO: [Timing 38-478] Restoring timing data from binary archive.
INFO: [Timing 38-479] Binary timing data restore complete.
INFO: [Project 1-856] Restoring constraints from binary archive.
INFO: [Project 1-853] Binary constraint restore complete.
INFO: [Designutils 20-5722] Start Reading Physical Databases.
Reading placement.
Read Netlist Cache: Time (s): cpu = 00:00:00.06 ; elapsed = 00:00:00.06 . Memory (MB): peak = 11221.348 ; gain = 0.000 ; free physical = 8731 ; free virtual = 15634
Reading placer database...
Read Device Cache: Time (s): cpu = 00:00:00.02 ; elapsed = 00:00:00.01 . Memory (MB): peak = 11221.348 ; gain = 0.000 ; free physical = 8731 ; free virtual = 15634
Read PlaceDB: Time (s): cpu = 00:00:00 ; elapsed = 00:00:00 . Memory (MB): peak = 11221.348 ; gain = 0.000 ; free physical = 8731 ; free virtual = 15634
Read placeStorage: Time (s): cpu = 00:00:01 ; elapsed = 00:00:01 . Memory (MB): peak = 11265.668 ; gain = 44.320 ; free physical = 8701 ; free virtual = 15600
Read PulsedLatchDB: Time (s): cpu = 00:00:00 ; elapsed = 00:00:00 . Memory (MB): peak = 11265.668 ; gain = 0.000 ; free physical = 8701 ; free virtual = 15600
Reading routing.
Read RouteStorage: Time (s): cpu = 00:00:02 ; elapsed = 00:00:00.49 . Memory (MB): peak = 11323.762 ; gain = 58.094 ; free physical = 8645 ; free virtual = 15544
Read Physdb Files: Time (s): cpu = 00:00:03 ; elapsed = 00:00:02 . Memory (MB): peak = 11323.762 ; gain = 102.414 ; free physical = 8645 ; free virtual = 15544
Restored from archive | CPU: 3.150000 secs | Memory: 76.842163 MB |
Finished XDEF File Restore: Time (s): cpu = 00:00:03 ; elapsed = 00:00:02 . Memory (MB): peak = 11323.762 ; gain = 102.414 ; free physical = 8645 ; free virtual = 15544
Netlist sorting complete. Time (s): cpu = 00:00:00.01 ; elapsed = 00:00:00.01 . Memory (MB): peak = 11372.566 ; gain = 0.000 ; free physical = 8582 ; free virtual = 15481
INFO: [Project 1-111] Unisim Transformation Summary:
  A total of 99 instances were transformed.
  RAM32M => RAM32M (RAMD32(x6), RAMS32(x2)): 92 instances
  RAM32X1D => RAM32X1D (RAMD32(x2)): 7 instances

open_run: Time (s): cpu = 00:00:47 ; elapsed = 00:00:20 . Memory (MB): peak = 11946.105 ; gain = 1740.188 ; free physical = 8061 ; free virtual = 14977
# set wns [get_property STATS.WNS [get_runs impl_1]]
# set whs [get_property STATS.WHS [get_runs impl_1]]
# puts "============================================================"
============================================================
# puts " TIMING   WNS = $wns ns    WHS = $whs ns"
 TIMING   WNS = -0.060960 ns    WHS = -0.019728 ns
# if {$wns >= 0 && $whs >= 0} {
#    puts " >>> TIMING CLOSED - bitstream is GOOD with the PMU <<<"
# } else {
#    puts " *** TIMING VIOLATION - tell Claude the WNS/WHS numbers ***"
# }
 *** TIMING VIOLATION - tell Claude the WNS/WHS numbers ***
# puts " bitstream: $ZC702/ztachip_zc702.runs/impl_1/main_zc702.bit"
 bitstream: /home/eslam-elshokafy/Desktop/AIDAChip_Workshop_01/ztachip/HW/examples/ZC702/ztachip_zc702.runs/impl_1/main_zc702.bit
# puts "============================================================"
============================================================
source /home/eslam-elshokafy/Desktop/AIDAChip_Workshop_01/ztachip/HW/examples/ZC702/run_pmu_build_gui.tcl
# set ZC702 /home/eslam-elshokafy/Desktop/AIDAChip_Workshop_01/ztachip/HW/examples/ZC702
# set JOBS  2
# puts "INFO: clearing any interrupted runs..."
INFO: clearing any interrupted runs...
# catch {reset_run impl_1}
# catch {reset_run synth_1}
INFO: [Project 1-1161] Replacing file /home/eslam-elshokafy/Desktop/AIDAChip_Workshop_01/ztachip/HW/examples/ZC702/ztachip_zc702.srcs/utils_1/imports/synth_1/main_zc702.dcp with file /home/eslam-elshokafy/Desktop/AIDAChip_Workshop_01/ztachip/HW/examples/ZC702/ztachip_zc702.runs/synth_1/main_zc702.dcp
# catch {set_property strategy Performance_ExplorePostRoutePhysOpt [get_runs impl_1]}
# puts "INFO: impl strategy = [get_property strategy [get_runs impl_1]]"
INFO: impl strategy = Performance_ExplorePostRoutePhysOpt
# puts "INFO: synth_1 status = [get_property STATUS [get_runs synth_1]]"
INFO: synth_1 status = Not started
# puts "INFO: launching synthesis (-jobs $JOBS)..."
INFO: launching synthesis (-jobs 2)...
# launch_runs synth_1 -jobs $JOBS
INFO: [Vivado 12-4149] The synthesis checkpoint for IP '/home/eslam-elshokafy/Desktop/AIDAChip_Workshop_01/ztachip/HW/examples/ZC702/ztachip_zc702.srcs/sources_1/ip/clk_mmcm/clk_mmcm.xci' is already up-to-date
[Sat Jun 20 19:56:02 2026] Launched synth_1...
Run output will be captured here: /home/eslam-elshokafy/Desktop/AIDAChip_Workshop_01/ztachip/HW/examples/ZC702/ztachip_zc702.runs/synth_1/runme.log
# wait_on_run synth_1
[Sat Jun 20 19:56:02 2026] Waiting for synth_1 to finish...
[Sat Jun 20 19:56:07 2026] Waiting for synth_1 to finish...
[Sat Jun 20 19:56:12 2026] Waiting for synth_1 to finish...
[Sat Jun 20 19:56:17 2026] Waiting for synth_1 to finish...
INFO: [Common 17-41] Interrupt caught. Command should exit soon.
[Sat Jun 20 19:56:22 2026] Interrupt received

*** Running vivado
    with args -log main_zc702.vds -m64 -product Vivado -mode batch -messageDb vivado.pb -notrace -source main_zc702.tcl


****** Vivado v2025.2 (64-bit)
  **** SW Build 6299465 on Fri Nov 14 12:34:56 MST 2025
  **** IP Build 6300035 on Fri Nov 14 10:48:45 MST 2025
  **** SharedData Build 6298862 on Thu Nov 13 04:50:51 MST 2025
  **** Start of session at: Sat Jun 20 19:56:04 2026
    ** Copyright 1986-2022 Xilinx, Inc. All Rights Reserved.
    ** Copyright 2022-2025 Advanced Micro Devices, Inc. All Rights Reserved.

source main_zc702.tcl -notrace
CRITICAL WARNING: [Common 17-1355] You are suppressing all messages of type 'WARNING'. You may potentially disregard important DRC, CDC, and implementation messages that can negatively impact your design.  If this is not desired, please run 'reset_msg_config -suppress -severity {WARNING}' to undo this change.
Command: read_checkpoint -auto_incremental -incremental /home/eslam-elshokafy/Desktop/AIDAChip_Workshop_01/ztachip/HW/examples/ZC702/ztachip_zc702.srcs/utils_1/imports/synth_1/main_zc702.dcp
INFO: [Vivado 12-5825] Read reference checkpoint from /home/eslam-elshokafy/Desktop/AIDAChip_Workshop_01/ztachip/HW/examples/ZC702/ztachip_zc702.srcs/utils_1/imports/synth_1/main_zc702.dcp for incremental synthesis
INFO: [Vivado 12-7989] Please ensure there are no constraint changes
Command: synth_design -top main_zc702 -part xc7z020clg484-1
Starting synth_design
Attempting to get a license for feature 'Synthesis' and/or device 'xc7z020'
INFO: [Common 17-349] Got license for feature 'Synthesis' and/or device 'xc7z020'
INFO: [Device 21-403] Loading part xc7z020clg484-1
INFO: [Synth 8-7079] Multithreading enabled for synth_design using a maximum of 7 processes.
INFO: [Synth 8-7078] Launching helper process for spawning children vivado processes
INFO: [Synth 8-7075] Helper process launched with PID 156156
---------------------------------------------------------------------------------
Starting RTL Elaboration : Time (s): cpu = 00:00:03 ; elapsed = 00:00:03 . Memory (MB): peak = 2249.871 ; gain = 482.875 ; free physical = 6303 ; free virtual = 13267
---------------------------------------------------------------------------------
wait_on_runs: Time (s): cpu = 00:00:02 ; elapsed = 00:00:20 . Memory (MB): peak = 12031.539 ; gain = 0.000 ; free physical = 5528 ; free virtual = 12493
INFO: [Common 17-344] 'wait_on_runs' was cancelled
INFO: [Common 17-344] 'source' was cancelled
reset_run synth_1
close_design
source /home/eslam-elshokafy/Desktop/AIDAChip_Workshop_01/ztachip/HW/examples/ZC702/run_pmu_build_gui.tcl
# set ZC702 /home/eslam-elshokafy/Desktop/AIDAChip_Workshop_01/ztachip/HW/examples/ZC702
# set JOBS  2
# puts "INFO: clearing any interrupted runs..."
INFO: clearing any interrupted runs...
# catch {reset_run impl_1}
# catch {reset_run synth_1}
# catch {set_property strategy Performance_ExplorePostRoutePhysOpt [get_runs impl_1]}
# puts "INFO: impl strategy = [get_property strategy [get_runs impl_1]]"
INFO: impl strategy = Performance_ExplorePostRoutePhysOpt
# puts "INFO: synth_1 status = [get_property STATUS [get_runs synth_1]]"
INFO: synth_1 status = Not started
# puts "INFO: launching synthesis (-jobs $JOBS)..."
INFO: launching synthesis (-jobs 2)...
# launch_runs synth_1 -jobs $JOBS
INFO: [Vivado 12-4149] The synthesis checkpoint for IP '/home/eslam-elshokafy/Desktop/AIDAChip_Workshop_01/ztachip/HW/examples/ZC702/ztachip_zc702.srcs/sources_1/ip/clk_mmcm/clk_mmcm.xci' is already up-to-date
[Sat Jun 20 19:56:48 2026] Launched synth_1...
Run output will be captured here: /home/eslam-elshokafy/Desktop/AIDAChip_Workshop_01/ztachip/HW/examples/ZC702/ztachip_zc702.runs/synth_1/runme.log
# wait_on_run synth_1
[Sat Jun 20 19:56:48 2026] Waiting for synth_1 to finish...
[Sat Jun 20 19:56:53 2026] Waiting for synth_1 to finish...
[Sat Jun 20 19:56:58 2026] Waiting for synth_1 to finish...
[Sat Jun 20 19:57:03 2026] Waiting for synth_1 to finish...
[Sat Jun 20 19:57:13 2026] Waiting for synth_1 to finish...
[Sat Jun 20 19:57:23 2026] Waiting for synth_1 to finish...
[Sat Jun 20 19:57:33 2026] Waiting for synth_1 to finish...
[Sat Jun 20 19:57:43 2026] Waiting for synth_1 to finish...
[Sat Jun 20 19:58:03 2026] Waiting for synth_1 to finish...
[Sat Jun 20 19:58:23 2026] Waiting for synth_1 to finish...
[Sat Jun 20 19:58:43 2026] Waiting for synth_1 to finish...

*** Running vivado
    with args -log main_zc702.vds -m64 -product Vivado -mode batch -messageDb vivado.pb -notrace -source main_zc702.tcl


****** Vivado v2025.2 (64-bit)
  **** SW Build 6299465 on Fri Nov 14 12:34:56 MST 2025
  **** IP Build 6300035 on Fri Nov 14 10:48:45 MST 2025
  **** SharedData Build 6298862 on Thu Nov 13 04:50:51 MST 2025
  **** Start of session at: Sat Jun 20 19:56:50 2026
    ** Copyright 1986-2022 Xilinx, Inc. All Rights Reserved.
    ** Copyright 2022-2025 Advanced Micro Devices, Inc. All Rights Reserved.

source main_zc702.tcl -notrace
CRITICAL WARNING: [Common 17-1355] You are suppressing all messages of type 'WARNING'. You may potentially disregard important DRC, CDC, and implementation messages that can negatively impact your design.  If this is not desired, please run 'reset_msg_config -suppress -severity {WARNING}' to undo this change.
Command: read_checkpoint -auto_incremental -incremental /home/eslam-elshokafy/Desktop/AIDAChip_Workshop_01/ztachip/HW/examples/ZC702/ztachip_zc702.srcs/utils_1/imports/synth_1/main_zc702.dcp
INFO: [Vivado 12-5825] Read reference checkpoint from /home/eslam-elshokafy/Desktop/AIDAChip_Workshop_01/ztachip/HW/examples/ZC702/ztachip_zc702.srcs/utils_1/imports/synth_1/main_zc702.dcp for incremental synthesis
INFO: [Vivado 12-7989] Please ensure there are no constraint changes
Command: synth_design -top main_zc702 -part xc7z020clg484-1
Starting synth_design
Attempting to get a license for feature 'Synthesis' and/or device 'xc7z020'
INFO: [Common 17-349] Got license for feature 'Synthesis' and/or device 'xc7z020'
INFO: [Device 21-403] Loading part xc7z020clg484-1
INFO: [Synth 8-7079] Multithreading enabled for synth_design using a maximum of 7 processes.
INFO: [Synth 8-7078] Launching helper process for spawning children vivado processes
INFO: [Synth 8-7075] Helper process launched with PID 157445
---------------------------------------------------------------------------------
Starting RTL Elaboration : Time (s): cpu = 00:00:03 ; elapsed = 00:00:03 . Memory (MB): peak = 2249.867 ; gain = 481.875 ; free physical = 6327 ; free virtual = 13293
---------------------------------------------------------------------------------
INFO: [Synth 8-7154] Comparator node is optimized using Range information. [/home/eslam-elshokafy/Desktop/AIDAChip_Workshop_01/ztachip/HW/riscv/sim/riscv.vhd:4449]
INFO: [Synth 8-7154] Comparator node is optimized using Range information. [/home/eslam-elshokafy/Desktop/AIDAChip_Workshop_01/ztachip/HW/riscv/sim/riscv.vhd:4192]
INFO: [Synth 8-7154] Comparator node is optimized using Range information. [/home/eslam-elshokafy/Desktop/AIDAChip_Workshop_01/ztachip/HW/src/pcore/instr_fetch.vhd:824]
---------------------------------------------------------------------------------
Finished RTL Elaboration : Time (s): cpu = 00:00:12 ; elapsed = 00:00:28 . Memory (MB): peak = 2703.086 ; gain = 935.094 ; free physical = 703 ; free virtual = 7679
---------------------------------------------------------------------------------
---------------------------------------------------------------------------------
Start Handling Custom Attributes
---------------------------------------------------------------------------------
---------------------------------------------------------------------------------
Finished Handling Custom Attributes : Time (s): cpu = 00:00:12 ; elapsed = 00:00:29 . Memory (MB): peak = 2703.086 ; gain = 935.094 ; free physical = 702 ; free virtual = 7679
---------------------------------------------------------------------------------
---------------------------------------------------------------------------------
Finished RTL Optimization Phase 1 : Time (s): cpu = 00:00:12 ; elapsed = 00:00:29 . Memory (MB): peak = 2703.086 ; gain = 935.094 ; free physical = 702 ; free virtual = 7679
---------------------------------------------------------------------------------
Netlist sorting complete. Time (s): cpu = 00:00:01 ; elapsed = 00:00:01 . Memory (MB): peak = 2703.086 ; gain = 0.000 ; free physical = 712 ; free virtual = 7687
INFO: [Project 1-570] Preparing netlist for logic optimization

Processing XDC Constraints
Initializing timing engine
Parsing XDC File [/home/eslam-elshokafy/Desktop/AIDAChip_Workshop_01/ztachip/HW/examples/ZC702/ztachip_zc702.gen/sources_1/ip/clk_mmcm/clk_mmcm/clk_mmcm_in_context.xdc] for cell 'clk_mmcm_inst'
Finished Parsing XDC File [/home/eslam-elshokafy/Desktop/AIDAChip_Workshop_01/ztachip/HW/examples/ZC702/ztachip_zc702.gen/sources_1/ip/clk_mmcm/clk_mmcm/clk_mmcm_in_context.xdc] for cell 'clk_mmcm_inst'
Parsing XDC File [/home/eslam-elshokafy/Desktop/AIDAChip_Workshop_01/ztachip/HW/examples/ZC702/ztachip_zc702.gen/sources_1/ip/float_addsub/float_addsub/float_addsub_in_context.xdc] for cell 'soc_base_inst/ztachip_inst/GEN1.fpu_i/falu_vector_i/GEN_FPU[0].falu_core_i/falu_i/stage_3/float_addsub_inst'
Finished Parsing XDC File [/home/eslam-elshokafy/Desktop/AIDAChip_Workshop_01/ztachip/HW/examples/ZC702/ztachip_zc702.gen/sources_1/ip/float_addsub/float_addsub/float_addsub_in_context.xdc] for cell 'soc_base_inst/ztachip_inst/GEN1.fpu_i/falu_vector_i/GEN_FPU[0].falu_core_i/falu_i/stage_3/float_addsub_inst'
Parsing XDC File [/home/eslam-elshokafy/Desktop/AIDAChip_Workshop_01/ztachip/HW/examples/ZC702/ztachip_zc702.gen/sources_1/ip/float_addsub/float_addsub/float_addsub_in_context.xdc] for cell 'soc_base_inst/ztachip_inst/GEN1.fpu_i/falu_vector_i/GEN_FPU[0].falu_core_i/falu2_i/sum_1/float_addsub_inst'
Finished Parsing XDC File [/home/eslam-elshokafy/Desktop/AIDAChip_Workshop_01/ztachip/HW/examples/ZC702/ztachip_zc702.gen/sources_1/ip/float_addsub/float_addsub/float_addsub_in_context.xdc] for cell 'soc_base_inst/ztachip_inst/GEN1.fpu_i/falu_vector_i/GEN_FPU[0].falu_core_i/falu2_i/sum_1/float_addsub_inst'
Parsing XDC File [/home/eslam-elshokafy/Desktop/AIDAChip_Workshop_01/ztachip/HW/examples/ZC702/ztachip_zc702.gen/sources_1/ip/float_addsub/float_addsub/float_addsub_in_context.xdc] for cell 'soc_base_inst/ztachip_inst/GEN1.fpu_i/falu_vector_i/GEN_FPU[0].falu_core_i/falu2_i/sum_2/float_addsub_inst'
Finished Parsing XDC File [/home/eslam-elshokafy/Desktop/AIDAChip_Workshop_01/ztachip/HW/examples/ZC702/ztachip_zc702.gen/sources_1/ip/float_addsub/float_addsub/float_addsub_in_context.xdc] for cell 'soc_base_inst/ztachip_inst/GEN1.fpu_i/falu_vector_i/GEN_FPU[0].falu_core_i/falu2_i/sum_2/float_addsub_inst'
Parsing XDC File [/home/eslam-elshokafy/Desktop/AIDAChip_Workshop_01/ztachip/HW/examples/ZC702/ztachip_zc702.gen/sources_1/ip/float_addsub/float_addsub/float_addsub_in_context.xdc] for cell 'soc_base_inst/ztachip_inst/GEN1.fpu_i/falu_vector_i/GEN_FPU[0].falu_core_i/falu2_i/sum_3/float_addsub_inst'
Finished Parsing XDC File [/home/eslam-elshokafy/Desktop/AIDAChip_Workshop_01/ztachip/HW/examples/ZC702/ztachip_zc702.gen/sources_1/ip/float_addsub/float_addsub/float_addsub_in_context.xdc] for cell 'soc_base_inst/ztachip_inst/GEN1.fpu_i/falu_vector_i/GEN_FPU[0].falu_core_i/falu2_i/sum_3/float_addsub_inst'
Parsing XDC File [/home/eslam-elshokafy/Desktop/AIDAChip_Workshop_01/ztachip/HW/examples/ZC702/ztachip_zc702.gen/sources_1/ip/float_addsub/float_addsub/float_addsub_in_context.xdc] for cell 'soc_base_inst/ztachip_inst/GEN1.fpu_i/falu_vector_i/GEN_FPU[1].falu_core_i/falu_i/stage_3/float_addsub_inst'
Finished Parsing XDC File [/home/eslam-elshokafy/Desktop/AIDAChip_Workshop_01/ztachip/HW/examples/ZC702/ztachip_zc702.gen/sources_1/ip/float_addsub/float_addsub/float_addsub_in_context.xdc] for cell 'soc_base_inst/ztachip_inst/GEN1.fpu_i/falu_vector_i/GEN_FPU[1].falu_core_i/falu_i/stage_3/float_addsub_inst'
Parsing XDC File [/home/eslam-elshokafy/Desktop/AIDAChip_Workshop_01/ztachip/HW/examples/ZC702/ztachip_zc702.gen/sources_1/ip/float_addsub/float_addsub/float_addsub_in_context.xdc] for cell 'soc_base_inst/ztachip_inst/GEN1.fpu_i/falu_vector_i/GEN_FPU[1].falu_core_i/falu2_i/sum_1/float_addsub_inst'
Finished Parsing XDC File [/home/eslam-elshokafy/Desktop/AIDAChip_Workshop_01/ztachip/HW/examples/ZC702/ztachip_zc702.gen/sources_1/ip/float_addsub/float_addsub/float_addsub_in_context.xdc] for cell 'soc_base_inst/ztachip_inst/GEN1.fpu_i/falu_vector_i/GEN_FPU[1].falu_core_i/falu2_i/sum_1/float_addsub_inst'
Parsing XDC File [/home/eslam-elshokafy/Desktop/AIDAChip_Workshop_01/ztachip/HW/examples/ZC702/ztachip_zc702.gen/sources_1/ip/float_addsub/float_addsub/float_addsub_in_context.xdc] for cell 'soc_base_inst/ztachip_inst/GEN1.fpu_i/falu_vector_i/GEN_FPU[1].falu_core_i/falu2_i/sum_2/float_addsub_inst'
Finished Parsing XDC File [/home/eslam-elshokafy/Desktop/AIDAChip_Workshop_01/ztachip/HW/examples/ZC702/ztachip_zc702.gen/sources_1/ip/float_addsub/float_addsub/float_addsub_in_context.xdc] for cell 'soc_base_inst/ztachip_inst/GEN1.fpu_i/falu_vector_i/GEN_FPU[1].falu_core_i/falu2_i/sum_2/float_addsub_inst'
Parsing XDC File [/home/eslam-elshokafy/Desktop/AIDAChip_Workshop_01/ztachip/HW/examples/ZC702/ztachip_zc702.gen/sources_1/ip/float_addsub/float_addsub/float_addsub_in_context.xdc] for cell 'soc_base_inst/ztachip_inst/GEN1.fpu_i/falu_vector_i/GEN_FPU[1].falu_core_i/falu2_i/sum_3/float_addsub_inst'
Finished Parsing XDC File [/home/eslam-elshokafy/Desktop/AIDAChip_Workshop_01/ztachip/HW/examples/ZC702/ztachip_zc702.gen/sources_1/ip/float_addsub/float_addsub/float_addsub_in_context.xdc] for cell 'soc_base_inst/ztachip_inst/GEN1.fpu_i/falu_vector_i/GEN_FPU[1].falu_core_i/falu2_i/sum_3/float_addsub_inst'
Parsing XDC File [/home/eslam-elshokafy/Desktop/AIDAChip_Workshop_01/ztachip/HW/examples/ZC702/ztachip_zc702.gen/sources_1/ip/float_addsub/float_addsub/float_addsub_in_context.xdc] for cell 'soc_base_inst/ztachip_inst/GEN1.fpu_i/falu_vector_i/stage_3/float_addsub_inst'
Finished Parsing XDC File [/home/eslam-elshokafy/Desktop/AIDAChip_Workshop_01/ztachip/HW/examples/ZC702/ztachip_zc702.gen/sources_1/ip/float_addsub/float_addsub/float_addsub_in_context.xdc] for cell 'soc_base_inst/ztachip_inst/GEN1.fpu_i/falu_vector_i/stage_3/float_addsub_inst'
Parsing XDC File [/home/eslam-elshokafy/Desktop/AIDAChip_Workshop_01/ztachip/HW/examples/ZC702/ztachip_zc702.gen/sources_1/ip/float_mul/float_mul/float_mul_in_context.xdc] for cell 'soc_base_inst/ztachip_inst/GEN1.fpu_i/falu_vector_i/GEN_FPU[0].falu_core_i/falu_i/stage_1/float_mul_inst'
Finished Parsing XDC File [/home/eslam-elshokafy/Desktop/AIDAChip_Workshop_01/ztachip/HW/examples/ZC702/ztachip_zc702.gen/sources_1/ip/float_mul/float_mul/float_mul_in_context.xdc] for cell 'soc_base_inst/ztachip_inst/GEN1.fpu_i/falu_vector_i/GEN_FPU[0].falu_core_i/falu_i/stage_1/float_mul_inst'
Parsing XDC File [/home/eslam-elshokafy/Desktop/AIDAChip_Workshop_01/ztachip/HW/examples/ZC702/ztachip_zc702.gen/sources_1/ip/float_mul/float_mul/float_mul_in_context.xdc] for cell 'soc_base_inst/ztachip_inst/GEN1.fpu_i/falu_vector_i/GEN_FPU[0].falu_core_i/falu_i/stage_2/float_mul_inst'
Finished Parsing XDC File [/home/eslam-elshokafy/Desktop/AIDAChip_Workshop_01/ztachip/HW/examples/ZC702/ztachip_zc702.gen/sources_1/ip/float_mul/float_mul/float_mul_in_context.xdc] for cell 'soc_base_inst/ztachip_inst/GEN1.fpu_i/falu_vector_i/GEN_FPU[0].falu_core_i/falu_i/stage_2/float_mul_inst'
Parsing XDC File [/home/eslam-elshokafy/Desktop/AIDAChip_Workshop_01/ztachip/HW/examples/ZC702/ztachip_zc702.gen/sources_1/ip/float_mul/float_mul/float_mul_in_context.xdc] for cell 'soc_base_inst/ztachip_inst/GEN1.fpu_i/falu_vector_i/GEN_FPU[1].falu_core_i/falu_i/stage_1/float_mul_inst'
Finished Parsing XDC File [/home/eslam-elshokafy/Desktop/AIDAChip_Workshop_01/ztachip/HW/examples/ZC702/ztachip_zc702.gen/sources_1/ip/float_mul/float_mul/float_mul_in_context.xdc] for cell 'soc_base_inst/ztachip_inst/GEN1.fpu_i/falu_vector_i/GEN_FPU[1].falu_core_i/falu_i/stage_1/float_mul_inst'
Parsing XDC File [/home/eslam-elshokafy/Desktop/AIDAChip_Workshop_01/ztachip/HW/examples/ZC702/ztachip_zc702.gen/sources_1/ip/float_mul/float_mul/float_mul_in_context.xdc] for cell 'soc_base_inst/ztachip_inst/GEN1.fpu_i/falu_vector_i/GEN_FPU[1].falu_core_i/falu_i/stage_2/float_mul_inst'
Finished Parsing XDC File [/home/eslam-elshokafy/Desktop/AIDAChip_Workshop_01/ztachip/HW/examples/ZC702/ztachip_zc702.gen/sources_1/ip/float_mul/float_mul/float_mul_in_context.xdc] for cell 'soc_base_inst/ztachip_inst/GEN1.fpu_i/falu_vector_i/GEN_FPU[1].falu_core_i/falu_i/stage_2/float_mul_inst'
Parsing XDC File [/home/eslam-elshokafy/Desktop/AIDAChip_Workshop_01/ztachip/HW/examples/ZC702/ztachip_zc702.gen/sources_1/bd/zynq_system/ip/zynq_system_processing_system7_0_0/zynq_system_processing_system7_0_0.xdc] for cell 'ps_inst/zynq_system_i/processing_system7_0/inst'
Finished Parsing XDC File [/home/eslam-elshokafy/Desktop/AIDAChip_Workshop_01/ztachip/HW/examples/ZC702/ztachip_zc702.gen/sources_1/bd/zynq_system/ip/zynq_system_processing_system7_0_0/zynq_system_processing_system7_0_0.xdc] for cell 'ps_inst/zynq_system_i/processing_system7_0/inst'
INFO: [Project 1-236] Implementation specific constraints were found while reading constraint file [/home/eslam-elshokafy/Desktop/AIDAChip_Workshop_01/ztachip/HW/examples/ZC702/ztachip_zc702.gen/sources_1/bd/zynq_system/ip/zynq_system_processing_system7_0_0/zynq_system_processing_system7_0_0.xdc]. These constraints will be ignored for synthesis but will be used in implementation. Impacted constraints are listed in the file [.Xil/main_zc702_propImpl.xdc].
Resolution: To avoid this warning, move constraints listed in [.Xil/main_zc702_propImpl.xdc] to another XDC file and exclude this new file from synthesis with the used_in_synthesis property (File Properties dialog in GUI) and re-run elaboration/synthesis.
Parsing XDC File [/home/eslam-elshokafy/Desktop/AIDAChip_Workshop_01/ztachip/HW/examples/ZC702/main_zc702.xdc]
Finished Parsing XDC File [/home/eslam-elshokafy/Desktop/AIDAChip_Workshop_01/ztachip/HW/examples/ZC702/main_zc702.xdc]
INFO: [Project 1-236] Implementation specific constraints were found while reading constraint file [/home/eslam-elshokafy/Desktop/AIDAChip_Workshop_01/ztachip/HW/examples/ZC702/main_zc702.xdc]. These constraints will be ignored for synthesis but will be used in implementation. Impacted constraints are listed in the file [.Xil/main_zc702_propImpl.xdc].
Resolution: To avoid this warning, move constraints listed in [.Xil/main_zc702_propImpl.xdc] to another XDC file and exclude this new file from synthesis with the used_in_synthesis property (File Properties dialog in GUI) and re-run elaboration/synthesis.
Parsing XDC File [/home/eslam-elshokafy/Desktop/AIDAChip_Workshop_01/ztachip/HW/examples/ZC702/ztachip_zc702.runs/synth_1/dont_touch.xdc]
Finished Parsing XDC File [/home/eslam-elshokafy/Desktop/AIDAChip_Workshop_01/ztachip/HW/examples/ZC702/ztachip_zc702.runs/synth_1/dont_touch.xdc]
INFO: [Project 1-236] Implementation specific constraints were found while reading constraint file [/home/eslam-elshokafy/Desktop/AIDAChip_Workshop_01/ztachip/HW/examples/ZC702/ztachip_zc702.runs/synth_1/dont_touch.xdc]. These constraints will be ignored for synthesis but will be used in implementation. Impacted constraints are listed in the file [.Xil/main_zc702_propImpl.xdc].
Resolution: To avoid this warning, move constraints listed in [.Xil/main_zc702_propImpl.xdc] to another XDC file and exclude this new file from synthesis with the used_in_synthesis property (File Properties dialog in GUI) and re-run elaboration/synthesis.
INFO: [Vivado 12-3272] Current instance is the top level cell 'soc_base_inst/axi_merge_inst/read_i/GEN1_CCD.slave_cmd_fifo/GEN2.afifo_i/sync_i1/xpm_cdc_array_single_inst' of design 'preSynthElab_1' [/home/eslam-elshokafy/Xilinx/2025.2/data/ip/xpm/xpm_cdc/tcl/xpm_cdc_array_single.tcl:5]
INFO: [Vivado 12-3272] Current instance is the top level cell 'soc_base_inst/axi_merge_inst/read_i/GEN1_CCD.slave_cmd_fifo/GEN2.afifo_i/sync_i2/xpm_cdc_array_single_inst' of design 'preSynthElab_1' [/home/eslam-elshokafy/Xilinx/2025.2/data/ip/xpm/xpm_cdc/tcl/xpm_cdc_array_single.tcl:5]
INFO: [Vivado 12-3272] Current instance is the top level cell 'soc_base_inst/axi_merge_inst/read_i/GEN2_CCD.slave_resp_fifo/GEN2.afifo_i/sync_i1/xpm_cdc_array_single_inst' of design 'preSynthElab_1' [/home/eslam-elshokafy/Xilinx/2025.2/data/ip/xpm/xpm_cdc/tcl/xpm_cdc_array_single.tcl:5]
INFO: [Vivado 12-3272] Current instance is the top level cell 'soc_base_inst/axi_merge_inst/read_i/GEN2_CCD.slave_resp_fifo/GEN2.afifo_i/sync_i2/xpm_cdc_array_single_inst' of design 'preSynthElab_1' [/home/eslam-elshokafy/Xilinx/2025.2/data/ip/xpm/xpm_cdc/tcl/xpm_cdc_array_single.tcl:5]
INFO: [Vivado 12-3272] Current instance is the top level cell 'soc_base_inst/axi_merge_inst/write_i/GEN1_CCD.slave_cmd_fifo/GEN2.afifo_i/sync_i1/xpm_cdc_array_single_inst' of design 'preSynthElab_1' [/home/eslam-elshokafy/Xilinx/2025.2/data/ip/xpm/xpm_cdc/tcl/xpm_cdc_array_single.tcl:5]
INFO: [Vivado 12-3272] Current instance is the top level cell 'soc_base_inst/axi_merge_inst/write_i/GEN1_CCD.slave_cmd_fifo/GEN2.afifo_i/sync_i2/xpm_cdc_array_single_inst' of design 'preSynthElab_1' [/home/eslam-elshokafy/Xilinx/2025.2/data/ip/xpm/xpm_cdc/tcl/xpm_cdc_array_single.tcl:5]
INFO: [Vivado 12-3272] Current instance is the top level cell 'soc_base_inst/axi_merge_inst/write_i/GEN2_CCD.slave_data_fifo/GEN2.afifo_i/sync_i1/xpm_cdc_array_single_inst' of design 'preSynthElab_1' [/home/eslam-elshokafy/Xilinx/2025.2/data/ip/xpm/xpm_cdc/tcl/xpm_cdc_array_single.tcl:5]
INFO: [Vivado 12-3272] Current instance is the top level cell 'soc_base_inst/axi_merge_inst/write_i/GEN2_CCD.slave_data_fifo/GEN2.afifo_i/sync_i2/xpm_cdc_array_single_inst' of design 'preSynthElab_1' [/home/eslam-elshokafy/Xilinx/2025.2/data/ip/xpm/xpm_cdc/tcl/xpm_cdc_array_single.tcl:5]
INFO: [Vivado 12-3272] Current instance is the top level cell 'soc_base_inst/axi_merge_inst/write_i/GEN3_CCD.slave_resp_fifo/GEN2.afifo_i/sync_i1/xpm_cdc_array_single_inst' of design 'preSynthElab_1' [/home/eslam-elshokafy/Xilinx/2025.2/data/ip/xpm/xpm_cdc/tcl/xpm_cdc_array_single.tcl:5]
INFO: [Vivado 12-3272] Current instance is the top level cell 'soc_base_inst/axi_merge_inst/write_i/GEN3_CCD.slave_resp_fifo/GEN2.afifo_i/sync_i2/xpm_cdc_array_single_inst' of design 'preSynthElab_1' [/home/eslam-elshokafy/Xilinx/2025.2/data/ip/xpm/xpm_cdc/tcl/xpm_cdc_array_single.tcl:5]
INFO: [Project 1-236] Implementation specific constraints were found while reading constraint file [/home/eslam-elshokafy/Xilinx/2025.2/data/ip/xpm/xpm_cdc/tcl/xpm_cdc_array_single.tcl]. These constraints will be ignored for synthesis but will be used in implementation. Impacted constraints are listed in the file [.Xil/main_zc702_propImpl.xdc].
Resolution: To avoid this warning, move constraints listed in [.Xil/main_zc702_propImpl.xdc] to another XDC file and exclude this new file from synthesis with the used_in_synthesis property (File Properties dialog in GUI) and re-run elaboration/synthesis.
INFO: [Project 1-236] Implementation specific constraints were found while reading constraint file [/home/eslam-elshokafy/Xilinx/2025.2/data/ip/xpm/xpm_memory/tcl/xpm_memory_xdc.tcl]. These constraints will be ignored for synthesis but will be used in implementation. Impacted constraints are listed in the file [.Xil/main_zc702_propImpl.xdc].
Resolution: To avoid this warning, move constraints listed in [.Xil/main_zc702_propImpl.xdc] to another XDC file and exclude this new file from synthesis with the used_in_synthesis property (File Properties dialog in GUI) and re-run elaboration/synthesis.
INFO: [Project 1-236] Implementation specific constraints were found while reading constraint file [/home/eslam-elshokafy/Xilinx/2025.2/data/ip/xpm/xpm_memory/tcl/xpm_memory_xdc.tcl]. These constraints will be ignored for synthesis but will be used in implementation. Impacted constraints are listed in the file [.Xil/main_zc702_propImpl.xdc].
Resolution: To avoid this warning, move constraints listed in [.Xil/main_zc702_propImpl.xdc] to another XDC file and exclude this new file from synthesis with the used_in_synthesis property (File Properties dialog in GUI) and re-run elaboration/synthesis.
INFO: [Project 1-1714] 109 XPM XDC files have been applied to the design.
Completed Processing XDC Constraints

Netlist sorting complete. Time (s): cpu = 00:00:00.03 ; elapsed = 00:00:00.03 . Memory (MB): peak = 3224.625 ; gain = 0.000 ; free physical = 343 ; free virtual = 7317
INFO: [Project 1-111] Unisim Transformation Summary:
No Unisim elements were transformed.

Constraint Validation Runtime : Time (s): cpu = 00:00:00.32 ; elapsed = 00:00:00.31 . Memory (MB): peak = 3225.660 ; gain = 0.000 ; free physical = 341 ; free virtual = 7316
---------------------------------------------------------------------------------
Finished Constraint Validation : Time (s): cpu = 00:00:45 ; elapsed = 00:00:49 . Memory (MB): peak = 3240.469 ; gain = 1472.477 ; free physical = 345 ; free virtual = 7320
---------------------------------------------------------------------------------
---------------------------------------------------------------------------------
Start Loading Part and Timing Information
---------------------------------------------------------------------------------
Loading part: xc7z020clg484-1
---------------------------------------------------------------------------------
Finished Loading Part and Timing Information : Time (s): cpu = 00:00:45 ; elapsed = 00:00:49 . Memory (MB): peak = 3248.473 ; gain = 1480.480 ; free physical = 345 ; free virtual = 7320
---------------------------------------------------------------------------------
---------------------------------------------------------------------------------
Start Applying 'set_property' XDC Constraints
---------------------------------------------------------------------------------
---------------------------------------------------------------------------------
Finished applying 'set_property' XDC Constraints : Time (s): cpu = 00:00:46 ; elapsed = 00:00:49 . Memory (MB): peak = 3248.473 ; gain = 1480.480 ; free physical = 345 ; free virtual = 7320
---------------------------------------------------------------------------------
---------------------------------------------------------------------------------
Start Preparing Guide Design
---------------------------------------------------------------------------------
---------------------------------------------------------------------------------
Finished Doing Graph Differ : Time (s): cpu = 00:00:49 ; elapsed = 00:00:52 . Memory (MB): peak = 3248.473 ; gain = 1480.480 ; free physical = 583 ; free virtual = 7333
---------------------------------------------------------------------------------
cell__GB0dp_gen_core__GC0dp_genmain_zc702__GC0core__GC0fpu__GB1pcore__parameterized1soc_base__GCB0ztachip__GC0fpu__GB0dp_core__GC0dp__GCB1dp__GCB0pcore__parameterized5pcore__parameterized3soc_base__GCB1---------------------------------------------------------------------------------
Finished Preparing Guide Design : Time (s): cpu = 00:00:51 ; elapsed = 00:00:54 . Memory (MB): peak = 3248.473 ; gain = 1480.480 ; free physical = 589 ; free virtual = 7340
---------------------------------------------------------------------------------
---------------------------------------------------------------------------------
Finished RTL Optimization Phase 2 : Time (s): cpu = 00:00:52 ; elapsed = 00:00:55 . Memory (MB): peak = 3248.473 ; gain = 1480.480 ; free physical = 586 ; free virtual = 7337
---------------------------------------------------------------------------------
---------------------------------------------------------------------------------
Start Mimic Skeleton from Reference
---------------------------------------------------------------------------------
---------------------------------------------------------------------------------
Finished Mimic Skeleton from Reference : Time (s): cpu = 00:00:53 ; elapsed = 00:00:57 . Memory (MB): peak = 3248.473 ; gain = 1480.480 ; free physical = 587 ; free virtual = 7338
---------------------------------------------------------------------------------


Incremental Synthesis Report Summary:

1. Incremental synthesis run: yes

   Stitch points used : changed


2. Change Summary

Report Incremental Modules: 
+------+----------------+------------+----------+----------+
|      |Changed Modules |Replication |Instances |Changed % |
+------+----------------+------------+----------+----------+
|1     |PMU             |           1|      1975|    0.5862|
+------+----------------+------------+----------+----------+


   Full Design Size (number of cells) : 336910
   Resynthesis Design Size (number of cells) : 0
   Resynth % : 0.0000,  Reuse % : 100.0000

3. Reference Checkpoint Information

+---------------------------------------------------------------------------------------------------------------------------------------------------------+
| DCP Location:  | /home/eslam-elshokafy/Desktop/AIDAChip_Workshop_01/ztachip/HW/examples/ZC702/ztachip_zc702.srcs/utils_1/imports/synth_1/main_zc702.dcp |
+---------------------------------------------------------------------------------------------------------------------------------------------------------+


+--------------------------------+------------------------------+
|         DCP Information        |             Value            |
+--------------------------------+------------------------------+
| Vivado Version                 |                    v2025.2 |
| DCP State                      |                              |
+--------------------------------+------------------------------+



Report RTL Partitions: 
+------+------------------------------+------------+----------+
|      |RTL Partition                 |Replication |Instances |
+------+------------------------------+------------+----------+
|1     |fpu__GB0_#REUSE#              |           1|         0|
|2     |fpu__GB1_#REUSE#              |           1|         0|
|3     |dp_gen_#REUSE#                |           2|         0|
|4     |dp_gen_core__GC0_#REUSE#      |           1|         0|
|5     |dp__GCB0_#REUSE#              |           1|         0|
|6     |dp__GCB1_#REUSE#              |           1|         0|
|7     |dp_core__GC0_#REUSE#          |           1|         0|
|8     |pcore__parameterized1_#REUSE# |           1|         0|
|9     |pcore__parameterized3_#REUSE# |           1|         0|
|10    |pcore__parameterized5_#REUSE# |           1|         0|
|11    |cell__GB0_#REUSE#             |           1|         0|
|12    |core__GC0_#REUSE#             |           1|         0|
|13    |ztachip__GC0_#REUSE#          |           1|         0|
|14    |soc_base__GCB0_#REUSE#        |           1|         0|
|15    |soc_base__GCB1_#REUSE#        |           1|         0|
|16    |main_zc702__GC0_#REUSE#       |           1|         0|
+------+------------------------------+------------+----------+
---------------------------------------------------------------------------------
Start RTL Component Statistics 
---------------------------------------------------------------------------------
Detailed RTL Component Info : 
---------------------------------------------------------------------------------
Finished RTL Component Statistics 
---------------------------------------------------------------------------------
---------------------------------------------------------------------------------
Start Part Resource Summary
---------------------------------------------------------------------------------
Part Resources:
DSPs: 220 (col length:60)
BRAMs: 280 (col length: RAMB18 60 RAMB36 30)
---------------------------------------------------------------------------------
Finished Part Resource Summary
---------------------------------------------------------------------------------
---------------------------------------------------------------------------------
Start Cross Boundary and Area Optimization
---------------------------------------------------------------------------------
---------------------------------------------------------------------------------
Finished Cross Boundary and Area Optimization : Time (s): cpu = 00:00:56 ; elapsed = 00:01:00 . Memory (MB): peak = 3248.473 ; gain = 1480.480 ; free physical = 484 ; free virtual = 7337
---------------------------------------------------------------------------------
---------------------------------------------------------------------------------
Start Stitch Unchanged AreaOpt Partitions
---------------------------------------------------------------------------------
---------------------------------------------------------------------------------
Finished Stitch Unchanged AreaOpt Partitions : Time (s): cpu = 00:01:23 ; elapsed = 00:01:05 . Memory (MB): peak = 3252.391 ; gain = 1484.398 ; free physical = 2036 ; free virtual = 8896
---------------------------------------------------------------------------------
---------------------------------------------------------------------------------
Start Applying XDC Timing Constraints
---------------------------------------------------------------------------------
---------------------------------------------------------------------------------
Finished Applying XDC Timing Constraints : Time (s): cpu = 00:01:29 ; elapsed = 00:01:11 . Memory (MB): peak = 3252.391 ; gain = 1484.398 ; free physical = 1157 ; free virtual = 8085
---------------------------------------------------------------------------------
---------------------------------------------------------------------------------
Start Timing Optimization
---------------------------------------------------------------------------------
---------------------------------------------------------------------------------
Finished Timing Optimization : Time (s): cpu = 00:01:29 ; elapsed = 00:01:11 . Memory (MB): peak = 3252.391 ; gain = 1484.398 ; free physical = 1157 ; free virtual = 8085
---------------------------------------------------------------------------------
---------------------------------------------------------------------------------
Start Technology Mapping
---------------------------------------------------------------------------------
---------------------------------------------------------------------------------
Finished Technology Mapping : Time (s): cpu = 00:01:29 ; elapsed = 00:01:11 . Memory (MB): peak = 3252.391 ; gain = 1484.398 ; free physical = 1157 ; free virtual = 8085
---------------------------------------------------------------------------------
---------------------------------------------------------------------------------
Start Stitch Unchanged Partitions
---------------------------------------------------------------------------------
---------------------------------------------------------------------------------
Finished Stitch Unchanged Partitions : Time (s): cpu = 00:01:30 ; elapsed = 00:01:12 . Memory (MB): peak = 3252.391 ; gain = 1484.398 ; free physical = 1155 ; free virtual = 8088
---------------------------------------------------------------------------------
---------------------------------------------------------------------------------
Start IO Insertion
---------------------------------------------------------------------------------
---------------------------------------------------------------------------------
Start Flattening Before IO Insertion
---------------------------------------------------------------------------------
---------------------------------------------------------------------------------
Finished Flattening Before IO Insertion
---------------------------------------------------------------------------------
---------------------------------------------------------------------------------
Start Final Netlist Cleanup
---------------------------------------------------------------------------------
INFO: [Synth 8-7052] The timing for the instance soc_base_inst/ztachip_inst/GEN1.fpu_i/cmd_fifo_i0/ram_i/xpm_memory_sdpram_inst/xpm_memory_base_inst/gen_wr_a.gen_word_narrow.mem_reg_0 (implemented as a Block RAM) might be sub-optimal as no optional output register could be merged into the ram block. Providing additional output register may help in improving timing.
INFO: [Synth 8-7052] The timing for the instance soc_base_inst/ztachip_inst/GEN1.fpu_i/cmd_fifo_i0/ram_i/xpm_memory_sdpram_inst/xpm_memory_base_inst/gen_wr_a.gen_word_narrow.mem_reg_1 (implemented as a Block RAM) might be sub-optimal as no optional output register could be merged into the ram block. Providing additional output register may help in improving timing.
INFO: [Synth 8-7052] The timing for the instance soc_base_inst/ztachip_inst/GEN1.fpu_i/cmd_fifo_i0/ram_i/xpm_memory_sdpram_inst/xpm_memory_base_inst/gen_wr_a.gen_word_narrow.mem_reg_2 (implemented as a Block RAM) might be sub-optimal as no optional output register could be merged into the ram block. Providing additional output register may help in improving timing.
INFO: [Synth 8-7052] The timing for the instance soc_base_inst/ztachip_inst/GEN1.fpu_i/cmd_fifo_i0/ram_i/xpm_memory_sdpram_inst/xpm_memory_base_inst/gen_wr_a.gen_word_narrow.mem_reg_3 (implemented as a Block RAM) might be sub-optimal as no optional output register could be merged into the ram block. Providing additional output register may help in improving timing.
INFO: [Synth 8-7052] The timing for the instance soc_base_inst/ztachip_inst/GEN1.fpu_i/cmd_fifo_i0/ram_i/xpm_memory_sdpram_inst/xpm_memory_base_inst/gen_wr_a.gen_word_narrow.mem_reg_4 (implemented as a Block RAM) might be sub-optimal as no optional output register could be merged into the ram block. Providing additional output register may help in improving timing.
INFO: [Synth 8-7052] The timing for the instance soc_base_inst/ztachip_inst/GEN1.fpu_i/cmd_fifo_i1/ram_i/xpm_memory_sdpram_inst/xpm_memory_base_inst/gen_wr_a.gen_word_narrow.mem_reg_0 (implemented as a Block RAM) might be sub-optimal as no optional output register could be merged into the ram block. Providing additional output register may help in improving timing.
INFO: [Synth 8-7052] The timing for the instance soc_base_inst/ztachip_inst/GEN1.fpu_i/cmd_fifo_i1/ram_i/xpm_memory_sdpram_inst/xpm_memory_base_inst/gen_wr_a.gen_word_narrow.mem_reg_1 (implemented as a Block RAM) might be sub-optimal as no optional output register could be merged into the ram block. Providing additional output register may help in improving timing.
INFO: [Synth 8-7052] The timing for the instance soc_base_inst/ztachip_inst/GEN1.fpu_i/cmd_fifo_i1/ram_i/xpm_memory_sdpram_inst/xpm_memory_base_inst/gen_wr_a.gen_word_narrow.mem_reg_2 (implemented as a Block RAM) might be sub-optimal as no optional output register could be merged into the ram block. Providing additional output register may help in improving timing.
INFO: [Synth 8-7052] The timing for the instance soc_base_inst/ztachip_inst/GEN1.fpu_i/cmd_fifo_i1/ram_i/xpm_memory_sdpram_inst/xpm_memory_base_inst/gen_wr_a.gen_word_narrow.mem_reg_3 (implemented as a Block RAM) might be sub-optimal as no optional output register could be merged into the ram block. Providing additional output register may help in improving timing.
INFO: [Synth 8-7052] The timing for the instance soc_base_inst/ztachip_inst/GEN1.fpu_i/cmd_fifo_i1/ram_i/xpm_memory_sdpram_inst/xpm_memory_base_inst/gen_wr_a.gen_word_narrow.mem_reg_4 (implemented as a Block RAM) might be sub-optimal as no optional output register could be merged into the ram block. Providing additional output register may help in improving timing.
INFO: [Synth 8-7052] The timing for the instance soc_base_inst/ztachip_inst/GEN1.fpu_i/B_fifo_i/ram_i/xpm_memory_sdpram_inst/xpm_memory_base_inst/gen_wr_a.gen_word_narrow.mem_reg_0 (implemented as a Block RAM) might be sub-optimal as no optional output register could be merged into the ram block. Providing additional output register may help in improving timing.
INFO: [Synth 8-7052] The timing for the instance soc_base_inst/ztachip_inst/GEN1.fpu_i/B_fifo_i/ram_i/xpm_memory_sdpram_inst/xpm_memory_base_inst/gen_wr_a.gen_word_narrow.mem_reg_1 (implemented as a Block RAM) might be sub-optimal as no optional output register could be merged into the ram block. Providing additional output register may help in improving timing.
INFO: [Synth 8-7052] The timing for the instance soc_base_inst/ztachip_inst/GEN1.fpu_i/X_fifo_i/ram_i/xpm_memory_sdpram_inst/xpm_memory_base_inst/gen_wr_a.gen_word_narrow.mem_reg_0 (implemented as a Block RAM) might be sub-optimal as no optional output register could be merged into the ram block. Providing additional output register may help in improving timing.
INFO: [Synth 8-7052] The timing for the instance soc_base_inst/ztachip_inst/GEN1.fpu_i/X_fifo_i/ram_i/xpm_memory_sdpram_inst/xpm_memory_base_inst/gen_wr_a.gen_word_narrow.mem_reg_1 (implemented as a Block RAM) might be sub-optimal as no optional output register could be merged into the ram block. Providing additional output register may help in improving timing.
INFO: [Synth 8-7052] The timing for the instance soc_base_inst/ztachip_inst/GEN1.fpu_i/Y_fifo_i/ram_i/xpm_memory_sdpram_inst/xpm_memory_base_inst/gen_wr_a.gen_word_narrow.mem_reg_0 (implemented as a Block RAM) might be sub-optimal as no optional output register could be merged into the ram block. Providing additional output register may help in improving timing.
INFO: [Synth 8-7052] The timing for the instance soc_base_inst/ztachip_inst/GEN1.fpu_i/Y_fifo_i/ram_i/xpm_memory_sdpram_inst/xpm_memory_base_inst/gen_wr_a.gen_word_narrow.mem_reg_1 (implemented as a Block RAM) might be sub-optimal as no optional output register could be merged into the ram block. Providing additional output register may help in improving timing.
INFO: [Synth 8-7052] The timing for the instance soc_base_inst/ztachip_inst/dp_1_i/dp0_i/dp_fetch_1_i/fifo_i/GEN1.fifo_i/fifo_i/ram_i/xpm_memory_sdpram_inst/xpm_memory_base_inst/gen_wr_a.gen_word_narrow.mem_reg_0 (implemented as a Block RAM) might be sub-optimal as no optional output register could be merged into the ram block. Providing additional output register may help in improving timing.
INFO: [Synth 8-7052] The timing for the instance soc_base_inst/ztachip_inst/dp_1_i/dp0_i/dp_fetch_1_i/fifo_i/GEN1.fifo_i/fifo_i/ram_i/xpm_memory_sdpram_inst/xpm_memory_base_inst/gen_wr_a.gen_word_narrow.mem_reg_1 (implemented as a Block RAM) might be sub-optimal as no optional output register could be merged into the ram block. Providing additional output register may help in improving timing.
INFO: [Synth 8-7052] The timing for the instance soc_base_inst/ztachip_inst/dp_1_i/dp0_i/dp_fetch_1_i/fifo_i/GEN1.fifo_i/fifo_i/ram_i/xpm_memory_sdpram_inst/xpm_memory_base_inst/gen_wr_a.gen_word_narrow.mem_reg_2 (implemented as a Block RAM) might be sub-optimal as no optional output register could be merged into the ram block. Providing additional output register may help in improving timing.
INFO: [Synth 8-7052] The timing for the instance soc_base_inst/ztachip_inst/dp_1_i/dp0_i/dp_fetch_1_i/fifo_i/GEN1.fifo_i/fifo_i/ram_i/xpm_memory_sdpram_inst/xpm_memory_base_inst/gen_wr_a.gen_word_narrow.mem_reg_3 (implemented as a Block RAM) might be sub-optimal as no optional output register could be merged into the ram block. Providing additional output register may help in improving timing.
INFO: [Synth 8-7052] The timing for the instance soc_base_inst/ztachip_inst/dp_1_i/dp0_i/dp_fetch_1_i/fifo_i/GEN1.fifo_i/fifo_i/ram_i/xpm_memory_sdpram_inst/xpm_memory_base_inst/gen_wr_a.gen_word_narrow.mem_reg_4 (implemented as a Block RAM) might be sub-optimal as no optional output register could be merged into the ram block. Providing additional output register may help in improving timing.
INFO: [Synth 8-7052] The timing for the instance soc_base_inst/ztachip_inst/dp_1_i/dp0_i/dp_fetch_1_i/fifo_i/GEN1.fifo_i/fifo_i/ram_i/xpm_memory_sdpram_inst/xpm_memory_base_inst/gen_wr_a.gen_word_narrow.mem_reg_5 (implemented as a Block RAM) might be sub-optimal as no optional output register could be merged into the ram block. Providing additional output register may help in improving timing.
INFO: [Synth 8-7052] The timing for the instance soc_base_inst/ztachip_inst/dp_1_i/dp0_i/dp_fetch_1_i/GEN1.ram_i/ram_i/xpm_memory_sdpram_inst/xpm_memory_base_inst/gen_wr_a.gen_word_narrow.mem_reg_0 (implemented as a Block RAM) might be sub-optimal as no optional output register could be merged into the ram block. Providing additional output register may help in improving timing.
INFO: [Synth 8-7052] The timing for the instance soc_base_inst/ztachip_inst/dp_1_i/dp0_i/dp_fetch_1_i/GEN1.ram_i/ram_i/xpm_memory_sdpram_inst/xpm_memory_base_inst/gen_wr_a.gen_word_narrow.mem_reg_1 (implemented as a Block RAM) might be sub-optimal as no optional output register could be merged into the ram block. Providing additional output register may help in improving timing.
INFO: [Synth 8-7052] The timing for the instance soc_base_inst/ztachip_inst/dp_1_i/dp0_i/dp_fetch_1_i/GEN1.ram_i/ram_i/xpm_memory_sdpram_inst/xpm_memory_base_inst/gen_wr_a.gen_word_narrow.mem_reg_2 (implemented as a Block RAM) might be sub-optimal as no optional output register could be merged into the ram block. Providing additional output register may help in improving timing.
INFO: [Synth 8-7052] The timing for the instance soc_base_inst/ztachip_inst/dp_1_i/dp0_i/dp_fetch_1_i/GEN1.ram_i/ram_i/xpm_memory_sdpram_inst/xpm_memory_base_inst/gen_wr_a.gen_word_narrow.mem_reg_3 (implemented as a Block RAM) might be sub-optimal as no optional output register could be merged into the ram block. Providing additional output register may help in improving timing.
INFO: [Synth 8-7052] The timing for the instance soc_base_inst/ztachip_inst/dp_1_i/dp0_i/dp_fetch_1_i/GEN1.ram_i/ram_i/xpm_memory_sdpram_inst/xpm_memory_base_inst/gen_wr_a.gen_word_narrow.mem_reg_4 (implemented as a Block RAM) might be sub-optimal as no optional output register could be merged into the ram block. Providing additional output register may help in improving timing.
INFO: [Synth 8-7052] The timing for the instance soc_base_inst/ztachip_inst/dp_1_i/dp0_i/dp_fetch_1_i/GEN1.ram_i/ram_i/xpm_memory_sdpram_inst/xpm_memory_base_inst/gen_wr_a.gen_word_narrow.mem_reg_5 (implemented as a Block RAM) might be sub-optimal as no optional output register could be merged into the ram block. Providing additional output register may help in improving timing.
INFO: [Synth 8-7052] The timing for the instance soc_base_inst/ztachip_inst/dp_1_i/dp0_i/dp_fetch_1_i/indication_i/ram_i/xpm_memory_sdpram_inst/xpm_memory_base_inst/gen_wr_a.gen_word_narrow.mem_reg (implemented as a Block RAM) might be sub-optimal as no optional output register could be merged into the ram block. Providing additional output register may help in improving timing.
INFO: [Synth 8-7052] The timing for the instance soc_base_inst/ztachip_inst/dp_1_i/dp0_i/dp_sink1_i/dp_sink_fifo_i/ram_i/xpm_memory_sdpram_inst/xpm_memory_base_inst/gen_wr_a.gen_word_narrow.mem_reg_0 (implemented as a Block RAM) might be sub-optimal as no optional output register could be merged into the ram block. Providing additional output register may help in improving timing.
INFO: [Synth 8-7052] The timing for the instance soc_base_inst/ztachip_inst/dp_1_i/dp0_i/dp_sink1_i/dp_sink_fifo_i/ram_i/xpm_memory_sdpram_inst/xpm_memory_base_inst/gen_wr_a.gen_word_narrow.mem_reg_1 (implemented as a Block RAM) might be sub-optimal as no optional output register could be merged into the ram block. Providing additional output register may help in improving timing.
INFO: [Synth 8-7052] The timing for the instance soc_base_inst/ztachip_inst/dp_1_i/dp0_i/dp_sink1_i/dp_sink_fifo_i2/ram_i/xpm_memory_sdpram_inst/xpm_memory_base_inst/gen_wr_a.gen_word_narrow.mem_reg (implemented as a Block RAM) might be sub-optimal as no optional output register could be merged into the ram block. Providing additional output register may help in improving timing.
INFO: [Synth 8-7052] The timing for the instance soc_base_inst/ztachip_inst/dp_1_i/dp0_i/dp_sink2_i/dp_sink_fifo_i/ram_i/xpm_memory_sdpram_inst/xpm_memory_base_inst/gen_wr_a.gen_word_narrow.mem_reg_0 (implemented as a Block RAM) might be sub-optimal as no optional output register could be merged into the ram block. Providing additional output register may help in improving timing.
INFO: [Synth 8-7052] The timing for the instance soc_base_inst/ztachip_inst/dp_1_i/dp0_i/dp_sink2_i/dp_sink_fifo_i/ram_i/xpm_memory_sdpram_inst/xpm_memory_base_inst/gen_wr_a.gen_word_narrow.mem_reg_1 (implemented as a Block RAM) might be sub-optimal as no optional output register could be merged into the ram block. Providing additional output register may help in improving timing.
INFO: [Synth 8-7052] The timing for the instance soc_base_inst/ztachip_inst/dp_1_i/dp0_i/dp_sink2_i/dp_sink_fifo_i2/ram_i/xpm_memory_sdpram_inst/xpm_memory_base_inst/gen_wr_a.gen_word_narrow.mem_reg (implemented as a Block RAM) might be sub-optimal as no optional output register could be merged into the ram block. Providing additional output register may help in improving timing.
INFO: [Synth 8-7052] The timing for the instance soc_base_inst/ztachip_inst/dp_1_i/dp0_i/dp_sink3_i/dp_sink_fifo_i/ram_i/xpm_memory_sdpram_inst/xpm_memory_base_inst/gen_wr_a.gen_word_narrow.mem_reg_0 (implemented as a Block RAM) might be sub-optimal as no optional output register could be merged into the ram block. Providing additional output register may help in improving timing.
INFO: [Synth 8-7052] The timing for the instance soc_base_inst/ztachip_inst/dp_1_i/dp0_i/dp_sink3_i/dp_sink_fifo_i/ram_i/xpm_memory_sdpram_inst/xpm_memory_base_inst/gen_wr_a.gen_word_narrow.mem_reg_1 (implemented as a Block RAM) might be sub-optimal as no optional output register could be merged into the ram block. Providing additional output register may help in improving timing.
INFO: [Synth 8-7052] The timing for the instance soc_base_inst/ztachip_inst/dp_1_i/dp0_i/dp_sink3_i/dp_sink_fifo_i2/ram_i/xpm_memory_sdpram_inst/xpm_memory_base_inst/gen_wr_a.gen_word_narrow.mem_reg (implemented as a Block RAM) might be sub-optimal as no optional output register could be merged into the ram block. Providing additional output register may help in improving timing.
INFO: [Synth 8-7052] The timing for the instance soc_base_inst/ztachip_inst/core_i/GEN_CELL[0].cell_i/GEN_REG[1].GEN1.pcore_i/xregister_file_i/GEN2.altsyncram_i/ram_i/xpm_memory_sdpram_inst/xpm_memory_base_inst/gen_wr_a.gen_byte_narrow.for_mem_cols[1].mem_reg_0 (implemented as a Block RAM) might be sub-optimal as no optional output register could be merged into the ram block. Providing additional output register may help in improving timing.
INFO: [Synth 8-7052] The timing for the instance soc_base_inst/ztachip_inst/core_i/GEN_CELL[0].cell_i/GEN_REG[1].GEN1.pcore_i/xregister_file_i/GEN2.altsyncram_i/ram_i/xpm_memory_sdpram_inst/xpm_memory_base_inst/gen_wr_a.gen_byte_narrow.for_mem_cols[1].mem_reg_1 (implemented as a Block RAM) might be sub-optimal as no optional output register could be merged into the ram block. Providing additional output register may help in improving timing.
INFO: [Synth 8-7052] The timing for the instance soc_base_inst/ztachip_inst/core_i/GEN_CELL[0].cell_i/GEN_REG[1].GEN1.pcore_i/xregister_file_i/GEN2.altsyncram_i/ram_i/xpm_memory_sdpram_inst/xpm_memory_base_inst/gen_wr_a.gen_byte_narrow.for_mem_cols[1].mem_reg_2 (implemented as a Block RAM) might be sub-optimal as no optional output register could be merged into the ram block. Providing additional output register may help in improving timing.
INFO: [Synth 8-7052] The timing for the instance soc_base_inst/ztachip_inst/core_i/GEN_CELL[0].cell_i/GEN_REG[1].GEN1.pcore_i/iregister_i/iregister_ram_i/altsyncram_i/ram_i/xpm_memory_sdpram_inst/xpm_memory_base_inst/gen_wr_a.gen_byte_narrow.for_mem_cols[1].mem_reg_0 (implemented as a Block RAM) might be sub-optimal as no optional output register could be merged into the ram block. Providing additional output register may help in improving timing.
INFO: [Synth 8-7052] The timing for the instance soc_base_inst/ztachip_inst/core_i/GEN_CELL[0].cell_i/GEN_REG[1].GEN1.pcore_i/iregister_i/iregister_ram_i/altsyncram_i/ram_i/xpm_memory_sdpram_inst/xpm_memory_base_inst/gen_wr_a.gen_byte_narrow.for_mem_cols[1].mem_reg_1 (implemented as a Block RAM) might be sub-optimal as no optional output register could be merged into the ram block. Providing additional output register may help in improving timing.
INFO: [Synth 8-7052] The timing for the instance soc_base_inst/ztachip_inst/core_i/GEN_CELL[0].cell_i/GEN_REG[1].GEN1.pcore_i/register_bank_i/register_file_i/ram3_i/ram2_i/xpm_memory_sdpram_inst/xpm_memory_base_inst/gen_wr_a.gen_byte_narrow.for_mem_cols[1].mem_reg_0 (implemented as a Block RAM) might be sub-optimal as no optional output register could be merged into the ram block. Providing additional output register may help in improving timing.
INFO: [Synth 8-7052] The timing for the instance soc_base_inst/ztachip_inst/core_i/GEN_CELL[0].cell_i/GEN_REG[1].GEN1.pcore_i/register_bank_i/register_file_i/ram3_i/ram2_i/xpm_memory_sdpram_inst/xpm_memory_base_inst/gen_wr_a.gen_byte_narrow.for_mem_cols[1].mem_reg_1 (implemented as a Block RAM) might be sub-optimal as no optional output register could be merged into the ram block. Providing additional output register may help in improving timing.
INFO: [Synth 8-7052] The timing for the instance soc_base_inst/ztachip_inst/core_i/GEN_CELL[0].cell_i/GEN_REG[1].GEN1.pcore_i/register_bank_i/register_file_i2/ram3_i/ram2_i/xpm_memory_sdpram_inst/xpm_memory_base_inst/gen_wr_a.gen_byte_narrow.for_mem_cols[1].mem_reg_0 (implemented as a Block RAM) might be sub-optimal as no optional output register could be merged into the ram block. Providing additional output register may help in improving timing.
INFO: [Synth 8-7052] The timing for the instance soc_base_inst/ztachip_inst/core_i/GEN_CELL[0].cell_i/GEN_REG[1].GEN1.pcore_i/register_bank_i/register_file_i2/ram3_i/ram2_i/xpm_memory_sdpram_inst/xpm_memory_base_inst/gen_wr_a.gen_byte_narrow.for_mem_cols[1].mem_reg_1 (implemented as a Block RAM) might be sub-optimal as no optional output register could be merged into the ram block. Providing additional output register may help in improving timing.
INFO: [Synth 8-7052] The timing for the instance soc_base_inst/ztachip_inst/core_i/GEN_CELL[0].cell_i/GEN_REG[2].GEN1.pcore_i/xregister_file_i/GEN2.altsyncram_i/ram_i/xpm_memory_sdpram_inst/xpm_memory_base_inst/gen_wr_a.gen_byte_narrow.for_mem_cols[1].mem_reg_0 (implemented as a Block RAM) might be sub-optimal as no optional output register could be merged into the ram block. Providing additional output register may help in improving timing.
INFO: [Synth 8-7052] The timing for the instance soc_base_inst/ztachip_inst/core_i/GEN_CELL[0].cell_i/GEN_REG[2].GEN1.pcore_i/xregister_file_i/GEN2.altsyncram_i/ram_i/xpm_memory_sdpram_inst/xpm_memory_base_inst/gen_wr_a.gen_byte_narrow.for_mem_cols[1].mem_reg_1 (implemented as a Block RAM) might be sub-optimal as no optional output register could be merged into the ram block. Providing additional output register may help in improving timing.
INFO: [Synth 8-7052] The timing for the instance soc_base_inst/ztachip_inst/core_i/GEN_CELL[0].cell_i/GEN_REG[2].GEN1.pcore_i/xregister_file_i/GEN2.altsyncram_i/ram_i/xpm_memory_sdpram_inst/xpm_memory_base_inst/gen_wr_a.gen_byte_narrow.for_mem_cols[1].mem_reg_2 (implemented as a Block RAM) might be sub-optimal as no optional output register could be merged into the ram block. Providing additional output register may help in improving timing.
INFO: [Synth 8-7052] The timing for the instance soc_base_inst/ztachip_inst/core_i/GEN_CELL[0].cell_i/GEN_REG[2].GEN1.pcore_i/iregister_i/iregister_ram_i/altsyncram_i/ram_i/xpm_memory_sdpram_inst/xpm_memory_base_inst/gen_wr_a.gen_byte_narrow.for_mem_cols[1].mem_reg_0 (implemented as a Block RAM) might be sub-optimal as no optional output register could be merged into the ram block. Providing additional output register may help in improving timing.
INFO: [Synth 8-7052] The timing for the instance soc_base_inst/ztachip_inst/core_i/GEN_CELL[0].cell_i/GEN_REG[2].GEN1.pcore_i/iregister_i/iregister_ram_i/altsyncram_i/ram_i/xpm_memory_sdpram_inst/xpm_memory_base_inst/gen_wr_a.gen_byte_narrow.for_mem_cols[1].mem_reg_1 (implemented as a Block RAM) might be sub-optimal as no optional output register could be merged into the ram block. Providing additional output register may help in improving timing.
INFO: [Synth 8-7052] The timing for the instance soc_base_inst/ztachip_inst/core_i/GEN_CELL[0].cell_i/GEN_REG[2].GEN1.pcore_i/register_bank_i/register_file_i/ram3_i/ram2_i/xpm_memory_sdpram_inst/xpm_memory_base_inst/gen_wr_a.gen_byte_narrow.for_mem_cols[1].mem_reg_0 (implemented as a Block RAM) might be sub-optimal as no optional output register could be merged into the ram block. Providing additional output register may help in improving timing.
INFO: [Synth 8-7052] The timing for the instance soc_base_inst/ztachip_inst/core_i/GEN_CELL[0].cell_i/GEN_REG[2].GEN1.pcore_i/register_bank_i/register_file_i/ram3_i/ram2_i/xpm_memory_sdpram_inst/xpm_memory_base_inst/gen_wr_a.gen_byte_narrow.for_mem_cols[1].mem_reg_1 (implemented as a Block RAM) might be sub-optimal as no optional output register could be merged into the ram block. Providing additional output register may help in improving timing.
INFO: [Synth 8-7052] The timing for the instance soc_base_inst/ztachip_inst/core_i/GEN_CELL[0].cell_i/GEN_REG[2].GEN1.pcore_i/register_bank_i/register_file_i2/ram3_i/ram2_i/xpm_memory_sdpram_inst/xpm_memory_base_inst/gen_wr_a.gen_byte_narrow.for_mem_cols[1].mem_reg_0 (implemented as a Block RAM) might be sub-optimal as no optional output register could be merged into the ram block. Providing additional output register may help in improving timing.
INFO: [Synth 8-7052] The timing for the instance soc_base_inst/ztachip_inst/core_i/GEN_CELL[0].cell_i/GEN_REG[2].GEN1.pcore_i/register_bank_i/register_file_i2/ram3_i/ram2_i/xpm_memory_sdpram_inst/xpm_memory_base_inst/gen_wr_a.gen_byte_narrow.for_mem_cols[1].mem_reg_1 (implemented as a Block RAM) might be sub-optimal as no optional output register could be merged into the ram block. Providing additional output register may help in improving timing.
INFO: [Synth 8-7052] The timing for the instance soc_base_inst/ztachip_inst/core_i/GEN_CELL[0].cell_i/GEN_REG[3].GEN1.pcore_i/xregister_file_i/GEN2.altsyncram_i/ram_i/xpm_memory_sdpram_inst/xpm_memory_base_inst/gen_wr_a.gen_byte_narrow.for_mem_cols[1].mem_reg_0 (implemented as a Block RAM) might be sub-optimal as no optional output register could be merged into the ram block. Providing additional output register may help in improving timing.
INFO: [Synth 8-7052] The timing for the instance soc_base_inst/ztachip_inst/core_i/GEN_CELL[0].cell_i/GEN_REG[3].GEN1.pcore_i/xregister_file_i/GEN2.altsyncram_i/ram_i/xpm_memory_sdpram_inst/xpm_memory_base_inst/gen_wr_a.gen_byte_narrow.for_mem_cols[1].mem_reg_1 (implemented as a Block RAM) might be sub-optimal as no optional output register could be merged into the ram block. Providing additional output register may help in improving timing.
INFO: [Synth 8-7052] The timing for the instance soc_base_inst/ztachip_inst/core_i/GEN_CELL[0].cell_i/GEN_REG[3].GEN1.pcore_i/xregister_file_i/GEN2.altsyncram_i/ram_i/xpm_memory_sdpram_inst/xpm_memory_base_inst/gen_wr_a.gen_byte_narrow.for_mem_cols[1].mem_reg_2 (implemented as a Block RAM) might be sub-optimal as no optional output register could be merged into the ram block. Providing additional output register may help in improving timing.
INFO: [Synth 8-7052] The timing for the instance soc_base_inst/ztachip_inst/core_i/GEN_CELL[0].cell_i/GEN_REG[3].GEN1.pcore_i/iregister_i/iregister_ram_i/altsyncram_i/ram_i/xpm_memory_sdpram_inst/xpm_memory_base_inst/gen_wr_a.gen_byte_narrow.for_mem_cols[1].mem_reg_0 (implemented as a Block RAM) might be sub-optimal as no optional output register could be merged into the ram block. Providing additional output register may help in improving timing.
INFO: [Synth 8-7052] The timing for the instance soc_base_inst/ztachip_inst/core_i/GEN_CELL[0].cell_i/GEN_REG[3].GEN1.pcore_i/iregister_i/iregister_ram_i/altsyncram_i/ram_i/xpm_memory_sdpram_inst/xpm_memory_base_inst/gen_wr_a.gen_byte_narrow.for_mem_cols[1].mem_reg_1 (implemented as a Block RAM) might be sub-optimal as no optional output register could be merged into the ram block. Providing additional output register may help in improving timing.
INFO: [Synth 8-7052] The timing for the instance soc_base_inst/ztachip_inst/core_i/GEN_CELL[0].cell_i/GEN_REG[3].GEN1.pcore_i/register_bank_i/register_file_i/ram3_i/ram2_i/xpm_memory_sdpram_inst/xpm_memory_base_inst/gen_wr_a.gen_byte_narrow.for_mem_cols[1].mem_reg_0 (implemented as a Block RAM) might be sub-optimal as no optional output register could be merged into the ram block. Providing additional output register may help in improving timing.
INFO: [Synth 8-7052] The timing for the instance soc_base_inst/ztachip_inst/core_i/GEN_CELL[0].cell_i/GEN_REG[3].GEN1.pcore_i/register_bank_i/register_file_i/ram3_i/ram2_i/xpm_memory_sdpram_inst/xpm_memory_base_inst/gen_wr_a.gen_byte_narrow.for_mem_cols[1].mem_reg_1 (implemented as a Block RAM) might be sub-optimal as no optional output register could be merged into the ram block. Providing additional output register may help in improving timing.
INFO: [Synth 8-7052] The timing for the instance soc_base_inst/ztachip_inst/core_i/GEN_CELL[0].cell_i/GEN_REG[3].GEN1.pcore_i/register_bank_i/register_file_i2/ram3_i/ram2_i/xpm_memory_sdpram_inst/xpm_memory_base_inst/gen_wr_a.gen_byte_narrow.for_mem_cols[1].mem_reg_0 (implemented as a Block RAM) might be sub-optimal as no optional output register could be merged into the ram block. Providing additional output register may help in improving timing.
INFO: [Synth 8-7052] The timing for the instance soc_base_inst/ztachip_inst/core_i/GEN_CELL[0].cell_i/GEN_REG[3].GEN1.pcore_i/register_bank_i/register_file_i2/ram3_i/ram2_i/xpm_memory_sdpram_inst/xpm_memory_base_inst/gen_wr_a.gen_byte_narrow.for_mem_cols[1].mem_reg_1 (implemented as a Block RAM) might be sub-optimal as no optional output register could be merged into the ram block. Providing additional output register may help in improving timing.
INFO: [Synth 8-7052] The timing for the instance soc_base_inst/ztachip_inst/core_i/GEN_CELL[0].cell_i/GEN_REG[0].GEN1.pcore_i/xregister_file_i/GEN2.altsyncram_i/ram_i/xpm_memory_sdpram_inst/xpm_memory_base_inst/gen_wr_a.gen_byte_narrow.for_mem_cols[1].mem_reg_0 (implemented as a Block RAM) might be sub-optimal as no optional output register could be merged into the ram block. Providing additional output register may help in improving timing.
INFO: [Synth 8-7052] The timing for the instance soc_base_inst/ztachip_inst/core_i/GEN_CELL[0].cell_i/GEN_REG[0].GEN1.pcore_i/xregister_file_i/GEN2.altsyncram_i/ram_i/xpm_memory_sdpram_inst/xpm_memory_base_inst/gen_wr_a.gen_byte_narrow.for_mem_cols[1].mem_reg_1 (implemented as a Block RAM) might be sub-optimal as no optional output register could be merged into the ram block. Providing additional output register may help in improving timing.
INFO: [Synth 8-7052] The timing for the instance soc_base_inst/ztachip_inst/core_i/GEN_CELL[0].cell_i/GEN_REG[0].GEN1.pcore_i/xregister_file_i/GEN2.altsyncram_i/ram_i/xpm_memory_sdpram_inst/xpm_memory_base_inst/gen_wr_a.gen_byte_narrow.for_mem_cols[1].mem_reg_2 (implemented as a Block RAM) might be sub-optimal as no optional output register could be merged into the ram block. Providing additional output register may help in improving timing.
INFO: [Synth 8-7052] The timing for the instance soc_base_inst/ztachip_inst/core_i/GEN_CELL[0].cell_i/GEN_REG[0].GEN1.pcore_i/iregister_i/iregister_ram_i/altsyncram_i/ram_i/xpm_memory_sdpram_inst/xpm_memory_base_inst/gen_wr_a.gen_byte_narrow.for_mem_cols[1].mem_reg_0 (implemented as a Block RAM) might be sub-optimal as no optional output register could be merged into the ram block. Providing additional output register may help in improving timing.
INFO: [Synth 8-7052] The timing for the instance soc_base_inst/ztachip_inst/core_i/GEN_CELL[0].cell_i/GEN_REG[0].GEN1.pcore_i/iregister_i/iregister_ram_i/altsyncram_i/ram_i/xpm_memory_sdpram_inst/xpm_memory_base_inst/gen_wr_a.gen_byte_narrow.for_mem_cols[1].mem_reg_1 (implemented as a Block RAM) might be sub-optimal as no optional output register could be merged into the ram block. Providing additional output register may help in improving timing.
INFO: [Synth 8-7052] The timing for the instance soc_base_inst/ztachip_inst/core_i/GEN_CELL[0].cell_i/GEN_REG[0].GEN1.pcore_i/register_bank_i/register_file_i/ram3_i/ram2_i/xpm_memory_sdpram_inst/xpm_memory_base_inst/gen_wr_a.gen_byte_narrow.for_mem_cols[1].mem_reg_0 (implemented as a Block RAM) might be sub-optimal as no optional output register could be merged into the ram block. Providing additional output register may help in improving timing.
INFO: [Synth 8-7052] The timing for the instance soc_base_inst/ztachip_inst/core_i/GEN_CELL[0].cell_i/GEN_REG[0].GEN1.pcore_i/register_bank_i/register_file_i/ram3_i/ram2_i/xpm_memory_sdpram_inst/xpm_memory_base_inst/gen_wr_a.gen_byte_narrow.for_mem_cols[1].mem_reg_1 (implemented as a Block RAM) might be sub-optimal as no optional output register could be merged into the ram block. Providing additional output register may help in improving timing.
INFO: [Synth 8-7052] The timing for the instance soc_base_inst/ztachip_inst/core_i/GEN_CELL[0].cell_i/GEN_REG[0].GEN1.pcore_i/register_bank_i/register_file_i2/ram3_i/ram2_i/xpm_memory_sdpram_inst/xpm_memory_base_inst/gen_wr_a.gen_byte_narrow.for_mem_cols[1].mem_reg_0 (implemented as a Block RAM) might be sub-optimal as no optional output register could be merged into the ram block. Providing additional output register may help in improving timing.
INFO: [Synth 8-7052] The timing for the instance soc_base_inst/ztachip_inst/core_i/GEN_CELL[0].cell_i/GEN_REG[0].GEN1.pcore_i/register_bank_i/register_file_i2/ram3_i/ram2_i/xpm_memory_sdpram_inst/xpm_memory_base_inst/gen_wr_a.gen_byte_narrow.for_mem_cols[1].mem_reg_1 (implemented as a Block RAM) might be sub-optimal as no optional output register could be merged into the ram block. Providing additional output register may help in improving timing.
INFO: [Synth 8-7052] The timing for the instance soc_base_inst/ztachip_inst/core_i/GEN_STREAM[0].stream_i/lookup_i/xpm_memory_spram_inst/xpm_memory_base_inst/gen_wr_a.gen_word_narrow.mem_reg (implemented as a Block RAM) might be sub-optimal as no optional output register could be merged into the ram block. Providing additional output register may help in improving timing.
INFO: [Synth 8-7052] The timing for the instance soc_base_inst/ztachip_inst/core_i/GEN_STREAM[0].stream_i/lookup_i/xpm_memory_spram_inst/xpm_memory_base_inst/gen_wr_a.gen_word_narrow.mem_reg (implemented as a Block RAM) might be sub-optimal as no optional output register could be merged into the ram block. Providing additional output register may help in improving timing.
INFO: [Synth 8-7052] The timing for the instance soc_base_inst/ztachip_inst/core_i/GEN_STREAM[1].stream_i/lookup_i/xpm_memory_spram_inst/xpm_memory_base_inst/gen_wr_a.gen_word_narrow.mem_reg (implemented as a Block RAM) might be sub-optimal as no optional output register could be merged into the ram block. Providing additional output register may help in improving timing.
INFO: [Synth 8-7052] The timing for the instance soc_base_inst/ztachip_inst/core_i/GEN_STREAM[1].stream_i/lookup_i/xpm_memory_spram_inst/xpm_memory_base_inst/gen_wr_a.gen_word_narrow.mem_reg (implemented as a Block RAM) might be sub-optimal as no optional output register could be merged into the ram block. Providing additional output register may help in improving timing.
INFO: [Synth 8-7052] The timing for the instance soc_base_inst/ztachip_inst/core_i/GEN_STREAM[2].stream_i/lookup_i/xpm_memory_spram_inst/xpm_memory_base_inst/gen_wr_a.gen_word_narrow.mem_reg (implemented as a Block RAM) might be sub-optimal as no optional output register could be merged into the ram block. Providing additional output register may help in improving timing.
INFO: [Synth 8-7052] The timing for the instance soc_base_inst/ztachip_inst/core_i/GEN_STREAM[2].stream_i/lookup_i/xpm_memory_spram_inst/xpm_memory_base_inst/gen_wr_a.gen_word_narrow.mem_reg (implemented as a Block RAM) might be sub-optimal as no optional output register could be merged into the ram block. Providing additional output register may help in improving timing.
INFO: [Synth 8-7052] The timing for the instance soc_base_inst/ztachip_inst/core_i/GEN_STREAM[3].stream_i/lookup_i/xpm_memory_spram_inst/xpm_memory_base_inst/gen_wr_a.gen_word_narrow.mem_reg (implemented as a Block RAM) might be sub-optimal as no optional output register could be merged into the ram block. Providing additional output register may help in improving timing.
INFO: [Synth 8-7052] The timing for the instance soc_base_inst/ztachip_inst/core_i/GEN_STREAM[3].stream_i/lookup_i/xpm_memory_spram_inst/xpm_memory_base_inst/gen_wr_a.gen_word_narrow.mem_reg (implemented as a Block RAM) might be sub-optimal as no optional output register could be merged into the ram block. Providing additional output register may help in improving timing.
INFO: [Synth 8-7052] The timing for the instance soc_base_inst/ztachip_inst/core_i/GEN_STREAM[4].stream_i/lookup_i/xpm_memory_spram_inst/xpm_memory_base_inst/gen_wr_a.gen_word_narrow.mem_reg (implemented as a Block RAM) might be sub-optimal as no optional output register could be merged into the ram block. Providing additional output register may help in improving timing.
INFO: [Synth 8-7052] The timing for the instance soc_base_inst/ztachip_inst/core_i/GEN_STREAM[4].stream_i/lookup_i/xpm_memory_spram_inst/xpm_memory_base_inst/gen_wr_a.gen_word_narrow.mem_reg (implemented as a Block RAM) might be sub-optimal as no optional output register could be merged into the ram block. Providing additional output register may help in improving timing.
INFO: [Synth 8-7052] The timing for the instance soc_base_inst/ztachip_inst/core_i/GEN_STREAM[5].stream_i/lookup_i/xpm_memory_spram_inst/xpm_memory_base_inst/gen_wr_a.gen_word_narrow.mem_reg (implemented as a Block RAM) might be sub-optimal as no optional output register could be merged into the ram block. Providing additional output register may help in improving timing.
INFO: [Synth 8-7052] The timing for the instance soc_base_inst/ztachip_inst/core_i/GEN_STREAM[5].stream_i/lookup_i/xpm_memory_spram_inst/xpm_memory_base_inst/gen_wr_a.gen_word_narrow.mem_reg (implemented as a Block RAM) might be sub-optimal as no optional output register could be merged into the ram block. Providing additional output register may help in improving timing.
INFO: [Synth 8-7052] The timing for the instance soc_base_inst/ztachip_inst/core_i/GEN_STREAM[6].stream_i/lookup_i/xpm_memory_spram_inst/xpm_memory_base_inst/gen_wr_a.gen_word_narrow.mem_reg (implemented as a Block RAM) might be sub-optimal as no optional output register could be merged into the ram block. Providing additional output register may help in improving timing.
INFO: [Synth 8-7052] The timing for the instance soc_base_inst/ztachip_inst/core_i/GEN_STREAM[6].stream_i/lookup_i/xpm_memory_spram_inst/xpm_memory_base_inst/gen_wr_a.gen_word_narrow.mem_reg (implemented as a Block RAM) might be sub-optimal as no optional output register could be merged into the ram block. Providing additional output register may help in improving timing.
INFO: [Synth 8-7052] The timing for the instance soc_base_inst/ztachip_inst/core_i/GEN_STREAM[7].stream_i/lookup_i/xpm_memory_spram_inst/xpm_memory_base_inst/gen_wr_a.gen_word_narrow.mem_reg (implemented as a Block RAM) might be sub-optimal as no optional output register could be merged into the ram block. Providing additional output register may help in improving timing.
INFO: [Synth 8-7052] The timing for the instance soc_base_inst/ztachip_inst/core_i/GEN_STREAM[7].stream_i/lookup_i/xpm_memory_spram_inst/xpm_memory_base_inst/gen_wr_a.gen_word_narrow.mem_reg (implemented as a Block RAM) might be sub-optimal as no optional output register could be merged into the ram block. Providing additional output register may help in improving timing.
INFO: [Synth 8-7052] The timing for the instance soc_base_inst/ztachip_inst/core_i/GEN_STREAM_1[0].stream_i1/lookup_i/xpm_memory_spram_inst/xpm_memory_base_inst/gen_wr_a.gen_word_narrow.mem_reg (implemented as a Block RAM) might be sub-optimal as no optional output register could be merged into the ram block. Providing additional output register may help in improving timing.
INFO: [Synth 8-7052] The timing for the instance soc_base_inst/ztachip_inst/core_i/GEN_STREAM_1[0].stream_i1/lookup_i/xpm_memory_spram_inst/xpm_memory_base_inst/gen_wr_a.gen_word_narrow.mem_reg (implemented as a Block RAM) might be sub-optimal as no optional output register could be merged into the ram block. Providing additional output register may help in improving timing.
INFO: [Synth 8-7052] The timing for the instance soc_base_inst/ztachip_inst/core_i/GEN_STREAM_1[1].stream_i1/lookup_i/xpm_memory_spram_inst/xpm_memory_base_inst/gen_wr_a.gen_word_narrow.mem_reg (implemented as a Block RAM) might be sub-optimal as no optional output register could be merged into the ram block. Providing additional output register may help in improving timing.
INFO: [Synth 8-7052] The timing for the instance soc_base_inst/ztachip_inst/core_i/GEN_STREAM_1[1].stream_i1/lookup_i/xpm_memory_spram_inst/xpm_memory_base_inst/gen_wr_a.gen_word_narrow.mem_reg (implemented as a Block RAM) might be sub-optimal as no optional output register could be merged into the ram block. Providing additional output register may help in improving timing.
INFO: [Synth 8-7052] The timing for the instance soc_base_inst/ztachip_inst/core_i/GEN_STREAM_1[2].stream_i1/lookup_i/xpm_memory_spram_inst/xpm_memory_base_inst/gen_wr_a.gen_word_narrow.mem_reg (implemented as a Block RAM) might be sub-optimal as no optional output register could be merged into the ram block. Providing additional output register may help in improving timing.
INFO: [Synth 8-7052] The timing for the instance soc_base_inst/ztachip_inst/core_i/GEN_STREAM_1[2].stream_i1/lookup_i/xpm_memory_spram_inst/xpm_memory_base_inst/gen_wr_a.gen_word_narrow.mem_reg (implemented as a Block RAM) might be sub-optimal as no optional output register could be merged into the ram block. Providing additional output register may help in improving timing.
INFO: [Synth 8-7052] The timing for the instance soc_base_inst/ztachip_inst/core_i/GEN_STREAM_1[3].stream_i1/lookup_i/xpm_memory_spram_inst/xpm_memory_base_inst/gen_wr_a.gen_word_narrow.mem_reg (implemented as a Block RAM) might be sub-optimal as no optional output register could be merged into the ram block. Providing additional output register may help in improving timing.
INFO: [Synth 8-7052] The timing for the instance soc_base_inst/ztachip_inst/core_i/GEN_STREAM_1[3].stream_i1/lookup_i/xpm_memory_spram_inst/xpm_memory_base_inst/gen_wr_a.gen_word_narrow.mem_reg (implemented as a Block RAM) might be sub-optimal as no optional output register could be merged into the ram block. Providing additional output register may help in improving timing.
INFO: [Synth 8-7052] The timing for the instance soc_base_inst/ztachip_inst/core_i/GEN_STREAM_1[4].stream_i1/lookup_i/xpm_memory_spram_inst/xpm_memory_base_inst/gen_wr_a.gen_word_narrow.mem_reg (implemented as a Block RAM) might be sub-optimal as no optional output register could be merged into the ram block. Providing additional output register may help in improving timing.
INFO: [Synth 8-7052] The timing for the instance soc_base_inst/ztachip_inst/core_i/GEN_STREAM_1[4].stream_i1/lookup_i/xpm_memory_spram_inst/xpm_memory_base_inst/gen_wr_a.gen_word_narrow.mem_reg (implemented as a Block RAM) might be sub-optimal as no optional output register could be merged into the ram block. Providing additional output register may help in improving timing.
INFO: [Common 17-14] Message 'Synth 8-7052' appears 100 times and further instances of the messages will be disabled. Use the Tcl command set_msg_config to change the current settings.
---------------------------------------------------------------------------------
Finished Final Netlist Cleanup
---------------------------------------------------------------------------------
---------------------------------------------------------------------------------
Finished IO Insertion : Time (s): cpu = 00:01:41 ; elapsed = 00:01:23 . Memory (MB): peak = 3329.176 ; gain = 1561.184 ; free physical = 1014 ; free virtual = 8025
---------------------------------------------------------------------------------
---------------------------------------------------------------------------------
Start Renaming Generated Instances
---------------------------------------------------------------------------------
---------------------------------------------------------------------------------
Finished Renaming Generated Instances : Time (s): cpu = 00:01:41 ; elapsed = 00:01:24 . Memory (MB): peak = 3329.176 ; gain = 1561.184 ; free physical = 1006 ; free virtual = 8017
---------------------------------------------------------------------------------
---------------------------------------------------------------------------------
Start Rebuilding User Hierarchy
---------------------------------------------------------------------------------
---------------------------------------------------------------------------------
Finished Rebuilding User Hierarchy : Time (s): cpu = 00:01:48 ; elapsed = 00:01:31 . Memory (MB): peak = 3437.879 ; gain = 1669.887 ; free physical = 905 ; free virtual = 7917
---------------------------------------------------------------------------------
---------------------------------------------------------------------------------
Start Renaming Generated Ports
---------------------------------------------------------------------------------
---------------------------------------------------------------------------------
Finished Renaming Generated Ports : Time (s): cpu = 00:01:48 ; elapsed = 00:01:31 . Memory (MB): peak = 3437.879 ; gain = 1669.887 ; free physical = 907 ; free virtual = 7919
---------------------------------------------------------------------------------
---------------------------------------------------------------------------------
Start Handling Custom Attributes
---------------------------------------------------------------------------------
---------------------------------------------------------------------------------
Finished Handling Custom Attributes : Time (s): cpu = 00:01:50 ; elapsed = 00:01:33 . Memory (MB): peak = 3460.691 ; gain = 1692.699 ; free physical = 902 ; free virtual = 7912
---------------------------------------------------------------------------------
---------------------------------------------------------------------------------
Start Renaming Generated Nets
---------------------------------------------------------------------------------
---------------------------------------------------------------------------------
Finished Renaming Generated Nets : Time (s): cpu = 00:01:50 ; elapsed = 00:01:33 . Memory (MB): peak = 3460.691 ; gain = 1692.699 ; free physical = 902 ; free virtual = 7913
---------------------------------------------------------------------------------
---------------------------------------------------------------------------------
Start ROM, RAM, DSP, Shift Register and Retiming Reporting
---------------------------------------------------------------------------------

Static Shift Register Report:
+------------+---------------------------------------------------------------------------------------------------------------------+--------+-------+--------------+--------------------+-------------------+--------+---------+
|Module Name | RTL Name                                                                                                            | Length | Width | Reset Signal | Pull out first Reg | Pull out last Reg | SRL16E | SRLC32E | 
+------------+---------------------------------------------------------------------------------------------------------------------+--------+-------+--------------+--------------------+-------------------+--------+---------+
|main_zc702  | soc_base_inst/ztachip_inst/core_i/dp_wr_mcast_rrrrr_reg[5]                                                          | 5      | 6     | YES          | NO                 | YES               | 6      | 0       | 
|main_zc702  | soc_base_inst/ztachip_inst/GEN1.fpu_i/falu_vector_i/GEN_FPU[0].falu_core_i/falu_i/delay_i/fifo_r_reg[0]             | 12     | 122   | YES          | NO                 | YES               | 122    | 0       | 
|main_zc702  | soc_base_inst/ztachip_inst/GEN1.fpu_i/falu_vector_i/GEN_FPU[0].falu_core_i/falu_i/delay3_i/fifo_r_reg[0]            | 16     | 71    | YES          | NO                 | YES               | 71     | 0       | 
|main_zc702  | soc_base_inst/ztachip_inst/GEN1.fpu_i/falu_vector_i/GEN_FPU[0].falu_core_i/falu_i/output_delay2_i/fifo_r_reg[0]     | 4      | 40    | YES          | NO                 | YES               | 40     | 0       | 
|main_zc702  | soc_base_inst/ztachip_inst/GEN1.fpu_i/falu_vector_i/GEN_FPU[0].falu_core_i/falu_i/delay8_i/fifo_r_reg[0][31]        | 17     | 34    | YES          | NO                 | YES               | 34     | 0       | 
|main_zc702  | soc_base_inst/ztachip_inst/GEN1.fpu_i/falu_vector_i/GEN_FPU[0].falu_core_i/falu_i/B_delay_i/fifo_r_reg[0][31]       | 8      | 222   | YES          | NO                 | YES               | 222    | 0       | 
|main_zc702  | soc_base_inst/ztachip_inst/GEN1.fpu_i/falu_vector_i/GEN_FPU[0].falu_core_i/falu2_i/delay3_i/fifo_r_reg[0]           | 13     | 40    | YES          | NO                 | YES               | 40     | 0       | 
|main_zc702  | soc_base_inst/ztachip_inst/GEN1.fpu_i/falu_vector_i/GEN_FPU[0].falu_core_i/falu2_i/opcode_delay_i/fifo_r_reg[0][2]  | 9      | 6     | YES          | NO                 | YES               | 6      | 0       | 
|main_zc702  | soc_base_inst/ztachip_inst/GEN1.fpu_i/falu_vector_i/delay1_i/fifo_r_reg[0]                                          | 4      | 1     | YES          | NO                 | YES               | 1      | 0       | 
|main_zc702  | soc_base_inst/ztachip_inst/GEN1.fpu_i/falu_vector_i/delay7_i/fifo_r_reg[0][14]                                      | 4      | 15    | YES          | NO                 | YES               | 15     | 0       | 
|main_zc702  | soc_base_inst/ztachip_inst/GEN1.fpu_i/falu_vector_i/delay2_i/fifo_r_reg[0]                                          | 4      | 1     | YES          | NO                 | YES               | 1      | 0       | 
|main_zc702  | soc_base_inst/ztachip_inst/GEN1.fpu_i/falu_vector_i/delay3_i/fifo_r_reg[0]                                          | 4      | 1     | YES          | NO                 | YES               | 1      | 0       | 
|main_zc702  | soc_base_inst/ztachip_inst/GEN1.fpu_i/falu_vector_i/delay5_i/fifo_r_reg[0]                                          | 4      | 1     | YES          | NO                 | YES               | 1      | 0       | 
|main_zc702  | soc_base_inst/ztachip_inst/GEN1.fpu_i/falu_vector_i/delay6_i/fifo_r_reg[0][2]                                       | 4      | 3     | YES          | NO                 | YES               | 3      | 0       | 
|main_zc702  | soc_base_inst/ztachip_inst/GEN1.fpu_i/falu_vector_i/delay10_i/fifo_r_reg[0][3]                                      | 4      | 4     | YES          | NO                 | YES               | 4      | 0       | 
|main_zc702  | soc_base_inst/ztachip_inst/GEN1.fpu_i/falu_vector_i/delay4_i/fifo_r_reg[0][15]                                      | 4      | 16    | YES          | NO                 | YES               | 16     | 0       | 
|main_zc702  | soc_base_inst/ztachip_inst/GEN1.fpu_i/falu_vector_i/delay8_i/fifo_r_reg[0][2]                                       | 4      | 3     | YES          | NO                 | YES               | 3      | 0       | 
|main_zc702  | soc_base_inst/ztachip_inst/core_i/GEN_CELL[0].cell_i/GEN_REG[1].GEN1.pcore_i/instr_decoder2_i/mu_lane_rrrrrr_reg[7] | 6      | 48    | YES          | NO                 | YES               | 48     | 0       | 
|main_zc702  | soc_base_inst/ztachip_inst/core_i/GEN_CELL[0].cell_i/GEN_REG[1].GEN1.pcore_i/instr_decoder2_i/lane_rrr_reg[12]      | 4      | 50    | YES          | NO                 | YES               | 50     | 0       | 
|main_zc702  | soc_base_inst/ztachip_inst/core_i/GEN_CELL[0].cell_i/GEN_REG[1].GEN1.pcore_i/instr_dispatch2_i1/wr_en_delay_r_reg   | 7      | 97    | YES          | NO                 | YES               | 97     | 0       | 
|main_zc702  | soc_base_inst/ztachip_inst/core_i/GEN_CELL[0].cell_i/GEN_REG[1].GEN1.pcore_i/instr_decoder2_i/imu_const_rrr_reg[11] | 5      | 17    | YES          | NO                 | YES               | 17     | 0       | 
|main_zc702  | soc_base_inst/ztachip_inst/core_i/instr_i/instr_fetch_i/tid_rrrrrrrrrrr_reg[15]                                     | 4      | 16    | YES          | NO                 | YES               | 16     | 0       | 
|main_zc702  | soc_base_inst/ztachip_inst/core_i/instr_i/instr_fetch_i/ctrl_opcode_rrrrrrrr_reg[4]                                 | 7      | 5     | YES          | NO                 | YES               | 5      | 0       | 
|main_zc702  | soc_base_inst/ztachip_inst/core_i/instr_i/instr_fetch_i/got_control_rrrrrrrr_reg                                    | 7      | 1     | YES          | NO                 | YES               | 1      | 0       | 
|main_zc702  | soc_base_inst/ztachip_inst/core_i/instr_i/instr_fetch_i/instruction_addr_rr_reg[10]                                 | 4      | 10    | YES          | NO                 | YES               | 10     | 0       | 
|main_zc702  | soc_base_inst/ztachip_inst/core_i/instr_i/instr_fetch_i/ctrl_next_addr_rrrrr_reg[10]                                | 5      | 10    | YES          | NO                 | YES               | 10     | 0       | 
|main_zc702  | soc_base_inst/ztachip_inst/core_i/instr_i/instr_fetch_i/ctrl_goto_addr_rrrrrrrr_reg[10]                             | 7      | 10    | YES          | NO                 | YES               | 10     | 0       | 
|main_zc702  | soc_base_inst/ztachip_inst/core_i/dp_readdatavalid2_rrrrrr_reg                                                      | 6      | 1     | YES          | NO                 | YES               | 1      | 0       | 
|main_zc702  | soc_base_inst/ztachip_inst/core_i/dp_read_gen_valid2_rrrrrr_reg                                                     | 6      | 1     | YES          | NO                 | YES               | 1      | 0       | 
|main_zc702  | soc_base_inst/ztachip_inst/core_i/dp_read_stream2_rrrrr_reg                                                         | 4      | 1     | YES          | NO                 | YES               | 1      | 0       | 
|main_zc702  | soc_base_inst/ztachip_inst/core_i/dp_readdata2_rrrrr_reg[119]                                                       | 4      | 96    | YES          | NO                 | YES               | 96     | 0       | 
|main_zc702  | soc_base_inst/ztachip_inst/core_i/dp_read_data_flow2_rrrrr_reg[1]                                                   | 5      | 2     | YES          | NO                 | YES               | 2      | 0       | 
|main_zc702  | soc_base_inst/ztachip_inst/core_i/dp_readdata_vm_rrrrrr_reg                                                         | 6      | 1     | YES          | NO                 | YES               | 1      | 0       | 
|main_zc702  | soc_base_inst/ztachip_inst/core_i/dp_write_stream_rrrrr_reg                                                         | 5      | 1     | YES          | NO                 | YES               | 1      | 0       | 
|main_zc702  | soc_base_inst/ztachip_inst/core_i/dp_writedata_rrrrr_reg[127]                                                       | 4      | 64    | YES          | NO                 | YES               | 64     | 0       | 
|main_zc702  | soc_base_inst/ztachip_inst/sram_i/axi_ifc_i/delay_i1/fifo_r_reg[0]                                                  | 4      | 1     | YES          | NO                 | YES               | 1      | 0       | 
|main_zc702  | soc_base_inst/ztachip_inst/sram_i/axi_ifc_i/delay_i2/fifo_r_reg[0]                                                  | 4      | 1     | YES          | NO                 | YES               | 1      | 0       | 
|main_zc702  | soc_base_inst/ztachip_inst/sram_i/read_source_1_rrrr_reg[1]                                                         | 4      | 2     | YES          | NO                 | YES               | 2      | 0       | 
|main_zc702  | soc_base_inst/ztachip_inst/sram_i/read_source_0_rrrr_reg[1]                                                         | 4      | 2     | YES          | NO                 | YES               | 2      | 0       | 
|main_zc702  | soc_base_inst/ztachip_inst/sram_i/dp_read_vm_rrrr_reg                                                               | 4      | 1     | YES          | NO                 | YES               | 1      | 0       | 
+------------+---------------------------------------------------------------------------------------------------------------------+--------+-------+--------------+--------------------+-------------------+--------+---------+

---------------------------------------------------------------------------------
Finished ROM, RAM, DSP, Shift Register and Retiming Reporting
---------------------------------------------------------------------------------
---------------------------------------------------------------------------------
Start Writing Synthesis Report
---------------------------------------------------------------------------------

DSP Final Report (the ' indicates corresponding REG is set)
+------------+-------------+--------+--------+--------+--------+--------+------+------+------+------+-------+------+------+
|Module Name | DSP Mapping | A Size | B Size | C Size | D Size | P Size | AREG | BREG | CREG | DREG | ADREG | MREG | PREG | 
+------------+-------------+--------+--------+--------+--------+--------+------+------+------+------+-------+------+------+
|VexRiscv    | ((A*B)')'   | 30     | 18     | -      | -      | 32     | 0    | 0    | -    | -    | -     | 1    | 1    | 
|VexRiscv    | (A*B)'      | 16     | 18     | -      | -      | 34     | 0    | 0    | -    | -    | -     | 1    | 0    | 
|VexRiscv    | (A*B)'      | 30     | 16     | -      | -      | 34     | 0    | 0    | -    | -    | -     | 1    | 0    | 
|VexRiscv    | (A*B)'      | 16     | 16     | -      | -      | 32     | 0    | 0    | -    | -    | -     | 1    | 0    | 
|multiplier  | Dynamic     | -      | -      | -      | -      | 32     | -    | -    | -    | -    | -     | 1    | 1    | 
|multiplier  | Dynamic     | -      | -      | -      | -      | 32     | -    | -    | -    | -    | -     | 1    | 1    | 
|multiplier  | Dynamic     | -      | -      | -      | -      | 32     | -    | -    | -    | -    | -     | 1    | 1    | 
|multiplier  | Dynamic     | -      | -      | -      | -      | 32     | -    | -    | -    | -    | -     | 1    | 1    | 
|multiplier  | Dynamic     | -      | -      | -      | -      | 32     | -    | -    | -    | -    | -     | 1    | 1    | 
|multiplier  | Dynamic     | -      | -      | -      | -      | 32     | -    | -    | -    | -    | -     | 1    | 1    | 
|multiplier  | Dynamic     | -      | -      | -      | -      | 32     | -    | -    | -    | -    | -     | 1    | 1    | 
|multiplier  | Dynamic     | -      | -      | -      | -      | 32     | -    | -    | -    | -    | -     | 1    | 1    | 
|multiplier  | (A*B)'      | 30     | 18     | -      | -      | 13     | 0    | 0    | -    | -    | -     | 1    | 0    | 
|multiplier  | Dynamic     | -      | -      | -      | -      | 32     | -    | -    | -    | -    | -     | 1    | 1    | 
|multiplier  | Dynamic     | -      | -      | -      | -      | 32     | -    | -    | -    | -    | -     | 1    | 1    | 
|multiplier  | Dynamic     | -      | -      | -      | -      | 32     | -    | -    | -    | -    | -     | 1    | 1    | 
|multiplier  | Dynamic     | -      | -      | -      | -      | 32     | -    | -    | -    | -    | -     | 1    | 1    | 
|multiplier  | Dynamic     | -      | -      | -      | -      | 32     | -    | -    | -    | -    | -     | 1    | 1    | 
|multiplier  | Dynamic     | -      | -      | -      | -      | 32     | -    | -    | -    | -    | -     | 1    | 1    | 
|multiplier  | Dynamic     | -      | -      | -      | -      | 32     | -    | -    | -    | -    | -     | 1    | 1    | 
|multiplier  | Dynamic     | -      | -      | -      | -      | 32     | -    | -    | -    | -    | -     | 1    | 1    | 
|multiplier  | (A*B)'      | 30     | 18     | -      | -      | 13     | 0    | 0    | -    | -    | -     | 1    | 0    | 
|multiplier  | Dynamic     | -      | -      | -      | -      | 32     | -    | -    | -    | -    | -     | 1    | 1    | 
|multiplier  | Dynamic     | -      | -      | -      | -      | 32     | -    | -    | -    | -    | -     | 1    | 1    | 
|multiplier  | Dynamic     | -      | -      | -      | -      | 32     | -    | -    | -    | -    | -     | 1    | 1    | 
|multiplier  | Dynamic     | -      | -      | -      | -      | 32     | -    | -    | -    | -    | -     | 1    | 1    | 
|multiplier  | Dynamic     | -      | -      | -      | -      | 32     | -    | -    | -    | -    | -     | 1    | 1    | 
|multiplier  | Dynamic     | -      | -      | -      | -      | 32     | -    | -    | -    | -    | -     | 1    | 1    | 
|multiplier  | Dynamic     | -      | -      | -      | -      | 32     | -    | -    | -    | -    | -     | 1    | 1    | 
|multiplier  | Dynamic     | -      | -      | -      | -      | 32     | -    | -    | -    | -    | -     | 1    | 1    | 
|multiplier  | (A*B)'      | 30     | 18     | -      | -      | 13     | 0    | 0    | -    | -    | -     | 1    | 0    | 
|multiplier  | Dynamic     | -      | -      | -      | -      | 32     | -    | -    | -    | -    | -     | 1    | 1    | 
|multiplier  | Dynamic     | -      | -      | -      | -      | 32     | -    | -    | -    | -    | -     | 1    | 1    | 
|multiplier  | Dynamic     | -      | -      | -      | -      | 32     | -    | -    | -    | -    | -     | 1    | 1    | 
|multiplier  | Dynamic     | -      | -      | -      | -      | 32     | -    | -    | -    | -    | -     | 1    | 1    | 
|multiplier  | Dynamic     | -      | -      | -      | -      | 32     | -    | -    | -    | -    | -     | 1    | 1    | 
|multiplier  | Dynamic     | -      | -      | -      | -      | 32     | -    | -    | -    | -    | -     | 1    | 1    | 
|multiplier  | Dynamic     | -      | -      | -      | -      | 32     | -    | -    | -    | -    | -     | 1    | 1    | 
|multiplier  | Dynamic     | -      | -      | -      | -      | 32     | -    | -    | -    | -    | -     | 1    | 1    | 
|multiplier  | (A*B)'      | 30     | 18     | -      | -      | 13     | 0    | 0    | -    | -    | -     | 1    | 0    | 
|multiplier  | (A*B)'      | 30     | 5      | -      | -      | 24     | 0    | 0    | -    | -    | -     | 0    | 1    | 
|multiplier  | (A*B)'      | 30     | 5      | -      | -      | 24     | 0    | 0    | -    | -    | -     | 0    | 1    | 
|multiplier  | (A*B)'      | 30     | 5      | -      | -      | 24     | 0    | 0    | -    | -    | -     | 0    | 1    | 
|multiplier  | (A*B)'      | 30     | 5      | -      | -      | 24     | 0    | 0    | -    | -    | -     | 0    | 1    | 
|multiplier  | (A*B)'      | 30     | 5      | -      | -      | 24     | 0    | 0    | -    | -    | -     | 0    | 1    | 
|multiplier  | (A*B)'      | 30     | 5      | -      | -      | 24     | 0    | 0    | -    | -    | -     | 0    | 1    | 
|multiplier  | (A*B)'      | 30     | 5      | -      | -      | 24     | 0    | 0    | -    | -    | -     | 0    | 1    | 
|multiplier  | (A*B)'      | 30     | 5      | -      | -      | 24     | 0    | 0    | -    | -    | -     | 0    | 1    | 
|multiplier  | (A*B)'      | 30     | 5      | -      | -      | 24     | 0    | 0    | -    | -    | -     | 0    | 1    | 
|multiplier  | (A*B)'      | 30     | 5      | -      | -      | 24     | 0    | 0    | -    | -    | -     | 0    | 1    | 
|multiplier  | (A*B)'      | 30     | 5      | -      | -      | 24     | 0    | 0    | -    | -    | -     | 0    | 1    | 
|multiplier  | (A*B)'      | 30     | 5      | -      | -      | 24     | 0    | 0    | -    | -    | -     | 0    | 1    | 
|multiplier  | (A*B)'      | 30     | 5      | -      | -      | 24     | 0    | 0    | -    | -    | -     | 0    | 1    | 
|multiplier  | (A*B)'      | 30     | 5      | -      | -      | 24     | 0    | 0    | -    | -    | -     | 0    | 1    | 
|multiplier  | (A*B)'      | 30     | 5      | -      | -      | 24     | 0    | 0    | -    | -    | -     | 0    | 1    | 
|multiplier  | (A*B)'      | 30     | 5      | -      | -      | 24     | 0    | 0    | -    | -    | -     | 0    | 1    | 
+------------+-------------+--------+--------+--------+--------+--------+------+------+------+------+-------+------+------+


Report BlackBoxes: 
+------+--------------+----------+
|      |BlackBox name |Instances |
+------+--------------+----------+
|1     |clk_mmcm      |         1|
|2     |float_addsub  |         9|
|3     |float_mul     |         4|
+------+--------------+----------+

Report Cell Usage: 
+------+-------------+------+
|      |Cell         |Count |
+------+-------------+------+
|1     |clk_mmcm     |     1|
|2     |float_addsub |     9|
|11    |float_mul    |     4|
|15    |BIBUF        |   130|
|16    |BUFG         |     4|
|17    |CARRY4       |  2006|
|18    |DSP48E1      |    56|
|19    |LUT1         |  1356|
|20    |LUT2         |  6597|
|21    |LUT3         | 12223|
|22    |LUT4         |  8645|
|23    |LUT5         |  8382|
|24    |LUT6         | 15859|
|25    |MUXF7        |   744|
|26    |MUXF8        |   233|
|27    |PS7          |     1|
|28    |RAM32M       |    92|
|29    |RAM32X1D     |     7|
|30    |RAMB18E1     |    48|
|31    |RAMB36E1     |   107|
|32    |SRL16E       |  1024|
|33    |FDCE         | 42874|
|34    |FDPE         |   372|
|35    |FDRE         | 10357|
|36    |LD           |  2233|
|37    |OBUF         |     1|
+------+-------------+------+
---------------------------------------------------------------------------------
Finished Writing Synthesis Report : Time (s): cpu = 00:01:50 ; elapsed = 00:01:33 . Memory (MB): peak = 3460.691 ; gain = 1692.699 ; free physical = 902 ; free virtual = 7913
---------------------------------------------------------------------------------
Synthesis finished with 0 errors, 0 critical warnings and 2 warnings.
Synthesis Optimization Runtime : Time (s): cpu = 00:01:22 ; elapsed = 00:01:19 . Memory (MB): peak = 3464.605 ; gain = 1159.230 ; free physical = 5190 ; free virtual = 12201
Synthesis Optimization Complete : Time (s): cpu = 00:01:50 ; elapsed = 00:01:34 . Memory (MB): peak = 3464.605 ; gain = 1696.613 ; free physical = 5190 ; free virtual = 12201
INFO: [Project 1-571] Translating synthesized netlist
Netlist sorting complete. Time (s): cpu = 00:00:00.75 ; elapsed = 00:00:00.75 . Memory (MB): peak = 3464.605 ; gain = 0.000 ; free physical = 5299 ; free virtual = 12310
INFO: [Netlist 29-17] Analyzing 5526 Unisim elements for replacement
INFO: [Netlist 29-28] Unisim Transformation completed in 0 CPU seconds
INFO: [Project 1-570] Preparing netlist for logic optimization
INFO: [Opt 31-138] Pushed 0 inverter(s) to 0 load pin(s).
Netlist sorting complete. Time (s): cpu = 00:00:00.03 ; elapsed = 00:00:00.02 . Memory (MB): peak = 3577.246 ; gain = 0.000 ; free physical = 5351 ; free virtual = 12364
INFO: [Project 1-111] Unisim Transformation Summary:
  A total of 2332 instances were transformed.
  LD => LDCE: 2233 instances
  RAM32M => RAM32M (RAMD32(x6), RAMS32(x2)): 92 instances
  RAM32X1D => RAM32X1D (RAMD32(x2)): 7 instances

Synth Design complete | Checksum: 87c4bfa8
INFO: [Common 17-83] Releasing license: Synthesis
939 Infos, 0 Warnings, 1 Critical Warnings and 0 Errors encountered.
synth_design completed successfully
synth_design: Time (s): cpu = 00:02:09 ; elapsed = 00:01:52 . Memory (MB): peak = 3577.281 ; gain = 1958.117 ; free physical = 5368 ; free virtual = 12379
INFO: [Common 17-2834] synth_design peak Physical Memory [PSS] (MB): overall = 7962.029; main = 2633.905; forked = 5868.136
INFO: [Common 17-2834] synth_design peak Virtual Memory [VSS] (MB): overall = 17392.086; main = 3577.250; forked = 14143.609
Write ShapeDB Complete: Time (s): cpu = 00:00:00.24 ; elapsed = 00:00:00.08 . Memory (MB): peak = 3601.258 ; gain = 0.000 ; free physical = 5364 ; free virtual = 12385
INFO: [Common 17-1381] The checkpoint '/home/eslam-elshokafy/Desktop/AIDAChip_Workshop_01/ztachip/HW/examples/ZC702/ztachip_zc702.runs/synth_1/main_zc702.dcp' has been generated.
write_checkpoint: Time (s): cpu = 00:00:08 ; elapsed = 00:00:07 . Memory (MB): peak = 3601.258 ; gain = 23.977 ; free physical = 5364 ; free virtual = 12432
INFO: [Vivado 12-24828] Executing command : report_utilization -file main_zc702_utilization_synth.rpt -pb main_zc702_utilization_synth.pb
INFO: [Common 17-206] Exiting Vivado at Sat Jun 20 19:58:53 2026...
[Sat Jun 20 19:58:54 2026] synth_1 finished
wait_on_runs: Time (s): cpu = 00:02:37 ; elapsed = 00:02:06 . Memory (MB): peak = 12031.539 ; gain = 0.000 ; free physical = 8298 ; free virtual = 14832
# if {[get_property PROGRESS [get_runs synth_1]] != "100%"} {
#    puts "ERROR: synthesis did not finish (status [get_property STATUS [get_runs synth_1]])."
#    return
# }
# puts "INFO: launching implementation + write_bitstream..."
INFO: launching implementation + write_bitstream...
# launch_runs impl_1 -to_step write_bitstream -jobs $JOBS
INFO: [Vivado 12-4149] The synthesis checkpoint for IP '/home/eslam-elshokafy/Desktop/AIDAChip_Workshop_01/ztachip/HW/examples/ZC702/ztachip_zc702.srcs/sources_1/ip/clk_mmcm/clk_mmcm.xci' is already up-to-date
[Sat Jun 20 19:58:54 2026] Launched impl_1...
Run output will be captured here: /home/eslam-elshokafy/Desktop/AIDAChip_Workshop_01/ztachip/HW/examples/ZC702/ztachip_zc702.runs/impl_1/runme.log
# wait_on_run impl_1
[Sat Jun 20 19:58:54 2026] Waiting for impl_1 to finish...
[Sat Jun 20 19:58:59 2026] Waiting for impl_1 to finish...
[Sat Jun 20 19:59:04 2026] Waiting for impl_1 to finish...
[Sat Jun 20 19:59:09 2026] Waiting for impl_1 to finish...
[Sat Jun 20 19:59:19 2026] Waiting for impl_1 to finish...
[Sat Jun 20 19:59:29 2026] Waiting for impl_1 to finish...
[Sat Jun 20 19:59:39 2026] Waiting for impl_1 to finish...
[Sat Jun 20 19:59:49 2026] Waiting for impl_1 to finish...
[Sat Jun 20 20:00:09 2026] Waiting for impl_1 to finish...
[Sat Jun 20 20:00:29 2026] Waiting for impl_1 to finish...
[Sat Jun 20 20:00:49 2026] Waiting for impl_1 to finish...
[Sat Jun 20 20:01:09 2026] Waiting for impl_1 to finish...
[Sat Jun 20 20:01:49 2026] Waiting for impl_1 to finish...
[Sat Jun 20 20:02:29 2026] Waiting for impl_1 to finish...
[Sat Jun 20 20:03:09 2026] Waiting for impl_1 to finish...
[Sat Jun 20 20:03:49 2026] Waiting for impl_1 to finish...
[Sat Jun 20 20:05:09 2026] Waiting for impl_1 to finish...
[Sat Jun 20 20:06:29 2026] Waiting for impl_1 to finish...
[Sat Jun 20 20:07:49 2026] Waiting for impl_1 to finish...
[Sat Jun 20 20:09:09 2026] Waiting for impl_1 to finish...
[Sat Jun 20 20:11:49 2026] Waiting for impl_1 to finish...

*** Running vivado
    with args -log main_zc702.vdi -applog -m64 -product Vivado -messageDb vivado.pb -mode batch -source main_zc702.tcl -notrace


****** Vivado v2025.2 (64-bit)
  **** SW Build 6299465 on Fri Nov 14 12:34:56 MST 2025
  **** IP Build 6300035 on Fri Nov 14 10:48:45 MST 2025
  **** SharedData Build 6298862 on Thu Nov 13 04:50:51 MST 2025
  **** Start of session at: Sat Jun 20 19:58:56 2026
    ** Copyright 1986-2022 Xilinx, Inc. All Rights Reserved.
    ** Copyright 2022-2025 Advanced Micro Devices, Inc. All Rights Reserved.

source main_zc702.tcl -notrace
CRITICAL WARNING: [Common 17-1355] You are suppressing all messages of type 'WARNING'. You may potentially disregard important DRC, CDC, and implementation messages that can negatively impact your design.  If this is not desired, please run 'reset_msg_config -suppress -severity {WARNING}' to undo this change.
Command: link_design -top main_zc702 -part xc7z020clg484-1
Design is defaulting to srcset: sources_1
Design is defaulting to constrset: constrs_1
INFO: [Device 21-403] Loading part xc7z020clg484-1
INFO: [Project 1-5699] Read binary netlist with skipMacroContent - 1
INFO: [Project 1-454] Reading design checkpoint '/home/eslam-elshokafy/Desktop/AIDAChip_Workshop_01/ztachip/HW/examples/ZC702/ztachip_zc702.gen/sources_1/ip/clk_mmcm/clk_mmcm.dcp' for cell 'clk_mmcm_inst'
INFO: [Project 1-454] Reading design checkpoint '/home/eslam-elshokafy/Desktop/AIDAChip_Workshop_01/ztachip/HW/examples/ZC702/ztachip_zc702.gen/sources_1/ip/float_addsub/float_addsub.dcp' for cell 'soc_base_inst/ztachip_inst/GEN1.fpu_i/falu_vector_i/GEN_FPU[0].falu_core_i/falu2_i/sum_1/float_addsub_inst'
INFO: [Project 1-454] Reading design checkpoint '/home/eslam-elshokafy/Desktop/AIDAChip_Workshop_01/ztachip/HW/examples/ZC702/ztachip_zc702.gen/sources_1/ip/float_mul/float_mul.dcp' for cell 'soc_base_inst/ztachip_inst/GEN1.fpu_i/falu_vector_i/GEN_FPU[0].falu_core_i/falu_i/stage_1/float_mul_inst'
Netlist sorting complete. Time (s): cpu = 00:00:00.58 ; elapsed = 00:00:00.59 . Memory (MB): peak = 1937.719 ; gain = 0.000 ; free physical = 7457 ; free virtual = 13988
INFO: [Netlist 29-17] Analyzing 3547 Unisim elements for replacement
INFO: [Netlist 29-28] Unisim Transformation completed in 0 CPU seconds
INFO: [Project 1-479] Netlist was created with Vivado 2025.2
INFO: [Project 1-570] Preparing netlist for logic optimization
Parsing XDC File [/home/eslam-elshokafy/Desktop/AIDAChip_Workshop_01/ztachip/HW/examples/ZC702/ztachip_zc702.gen/sources_1/ip/clk_mmcm/clk_mmcm_board.xdc] for cell 'clk_mmcm_inst/inst'
Finished Parsing XDC File [/home/eslam-elshokafy/Desktop/AIDAChip_Workshop_01/ztachip/HW/examples/ZC702/ztachip_zc702.gen/sources_1/ip/clk_mmcm/clk_mmcm_board.xdc] for cell 'clk_mmcm_inst/inst'
Parsing XDC File [/home/eslam-elshokafy/Desktop/AIDAChip_Workshop_01/ztachip/HW/examples/ZC702/ztachip_zc702.gen/sources_1/ip/clk_mmcm/clk_mmcm.xdc] for cell 'clk_mmcm_inst/inst'
Finished Parsing XDC File [/home/eslam-elshokafy/Desktop/AIDAChip_Workshop_01/ztachip/HW/examples/ZC702/ztachip_zc702.gen/sources_1/ip/clk_mmcm/clk_mmcm.xdc] for cell 'clk_mmcm_inst/inst'
Parsing XDC File [/home/eslam-elshokafy/Desktop/AIDAChip_Workshop_01/ztachip/HW/examples/ZC702/ztachip_zc702.gen/sources_1/bd/zynq_system/ip/zynq_system_processing_system7_0_0/zynq_system_processing_system7_0_0.xdc] for cell 'ps_inst/zynq_system_i/processing_system7_0/inst'
Finished Parsing XDC File [/home/eslam-elshokafy/Desktop/AIDAChip_Workshop_01/ztachip/HW/examples/ZC702/ztachip_zc702.gen/sources_1/bd/zynq_system/ip/zynq_system_processing_system7_0_0/zynq_system_processing_system7_0_0.xdc] for cell 'ps_inst/zynq_system_i/processing_system7_0/inst'
Parsing XDC File [/home/eslam-elshokafy/Desktop/AIDAChip_Workshop_01/ztachip/HW/examples/ZC702/main_zc702.xdc]
Finished Parsing XDC File [/home/eslam-elshokafy/Desktop/AIDAChip_Workshop_01/ztachip/HW/examples/ZC702/main_zc702.xdc]
INFO: [Project 1-538] Using original IP XDC constraints instead of the XDC constraints in dcp '/home/eslam-elshokafy/Desktop/AIDAChip_Workshop_01/ztachip/HW/examples/ZC702/ztachip_zc702.gen/sources_1/ip/clk_mmcm/clk_mmcm.dcp'
INFO: [Project 1-1714] 97 XPM XDC files have been applied to the design.
INFO: [Opt 31-138] Pushed 0 inverter(s) to 0 load pin(s).
INFO: [Project 1-1687] 5 scoped IP constraints or related sub-commands were skipped due to synthesis logic optimizations usually triggered by constant connectivity or unconnected output pins. To review the skipped constraints and messages, run the command 'set_param netlist.IPMsgFiltering false' before opening the design.
Netlist sorting complete. Time (s): cpu = 00:00:00.01 ; elapsed = 00:00:00.01 . Memory (MB): peak = 2780.621 ; gain = 0.000 ; free physical = 6758 ; free virtual = 13287
INFO: [Project 1-111] Unisim Transformation Summary:
  A total of 99 instances were transformed.
  RAM32M => RAM32M (RAMD32(x6), RAMS32(x2)): 92 instances
  RAM32X1D => RAM32X1D (RAMD32(x2)): 7 instances

14 Infos, 0 Warnings, 1 Critical Warnings and 0 Errors encountered.
link_design completed successfully
link_design: Time (s): cpu = 00:00:22 ; elapsed = 00:00:18 . Memory (MB): peak = 2780.656 ; gain = 1158.523 ; free physical = 6758 ; free virtual = 13287
Command: opt_design -directive Explore
INFO: [Vivado_Tcl 4-136] Directive used for opt_design is: Explore
Attempting to get a license for feature 'Implementation' and/or device 'xc7z020'
INFO: [Common 17-349] Got license for feature 'Implementation' and/or device 'xc7z020'
Running DRC as a precondition to command opt_design

Starting DRC Task
INFO: [DRC 23-27] Running DRC with 8 threads
INFO: [Project 1-461] DRC finished with 0 Errors
INFO: [Project 1-462] Please refer to the DRC report (report_drc) for more information.

Time (s): cpu = 00:00:01 ; elapsed = 00:00:00.38 . Memory (MB): peak = 2780.656 ; gain = 0.000 ; free physical = 6750 ; free virtual = 13279

Starting Logic Optimization Task

Phase 1 Initialization

Phase 1.1 Core Generation And Design Setup
Phase 1.1 Core Generation And Design Setup | Checksum: 1bb84ded9

Time (s): cpu = 00:00:00.07 ; elapsed = 00:00:00.07 . Memory (MB): peak = 2984.434 ; gain = 0.000 ; free physical = 6507 ; free virtual = 13037

Phase 1.2 Setup Constraints And Sort Netlist
Phase 1.2 Setup Constraints And Sort Netlist | Checksum: 1bb84ded9

Time (s): cpu = 00:00:00.1 ; elapsed = 00:00:00.1 . Memory (MB): peak = 2984.434 ; gain = 0.000 ; free physical = 6507 ; free virtual = 13037
Phase 1 Initialization | Checksum: 1bb84ded9

Time (s): cpu = 00:00:00.1 ; elapsed = 00:00:00.1 . Memory (MB): peak = 2984.434 ; gain = 0.000 ; free physical = 6507 ; free virtual = 13037

Phase 2 Timer Update And Timing Data Collection

Phase 2.1 Detect if minReqCache needed
Phase 2.1 Detect if minReqCache needed | Checksum: 1bb84ded9

Time (s): cpu = 00:00:00.14 ; elapsed = 00:00:00.14 . Memory (MB): peak = 3000.434 ; gain = 16.000 ; free physical = 6491 ; free virtual = 13021

Phase 2.2 Timer Update
INFO: [Timing 38-35] Done setting XDC timing constraints.
Phase 2.2 Timer Update | Checksum: 1bb84ded9

Time (s): cpu = 00:00:07 ; elapsed = 00:00:02 . Memory (MB): peak = 3099.246 ; gain = 114.812 ; free physical = 6399 ; free virtual = 12929

Phase 2.3 Timing Data Collection
Phase 2.3 Timing Data Collection | Checksum: 1bb84ded9

Time (s): cpu = 00:00:07 ; elapsed = 00:00:02 . Memory (MB): peak = 3099.246 ; gain = 114.812 ; free physical = 6391 ; free virtual = 12921
Phase 2 Timer Update And Timing Data Collection | Checksum: 1bb84ded9

Time (s): cpu = 00:00:07 ; elapsed = 00:00:02 . Memory (MB): peak = 3099.246 ; gain = 114.812 ; free physical = 6391 ; free virtual = 12921

Phase 3 Retarget
INFO: [Opt 31-1851] Number of loadless carry chains removed were: 0
INFO: [Opt 31-1834] Total Chains To Be Transformed Were: 0 AND Number of Transformed insts Created are: 0
INFO: [Opt 31-1566] Pulled 23 inverters resulting in an inversion of 552 pins
INFO: [Opt 31-138] Pushed 14 inverter(s) to 146 load pin(s).
INFO: [Opt 31-49] Retargeted 0 cell(s).
Phase 3 Retarget | Checksum: 15b72658c

Time (s): cpu = 00:00:08 ; elapsed = 00:00:03 . Memory (MB): peak = 3099.246 ; gain = 114.812 ; free physical = 6393 ; free virtual = 12922
Retarget | Checksum: 15b72658c
INFO: [Opt 31-389] Phase Retarget created 237 cells and removed 320 cells
INFO: [Opt 31-1021] In phase Retarget, 6 netlist objects are constrained preventing optimization. Please run opt_design with -debug_log to get more detail. 

Phase 4 Constant propagation
INFO: [Opt 31-138] Pushed 0 inverter(s) to 0 load pin(s).
Phase 4 Constant propagation | Checksum: 17c7a7673

Time (s): cpu = 00:00:09 ; elapsed = 00:00:04 . Memory (MB): peak = 3099.246 ; gain = 114.812 ; free physical = 6393 ; free virtual = 12922
Constant propagation | Checksum: 17c7a7673
INFO: [Opt 31-389] Phase Constant propagation created 124 cells and removed 154 cells

Phase 5 Sweep
INFO: [Constraints 18-11670] Building netlist checker database with flags, 0x8
Done building netlist checker database: Time (s): cpu = 00:00:00.01 ; elapsed = 00:00:00.02 . Memory (MB): peak = 3099.246 ; gain = 0.000 ; free physical = 6393 ; free virtual = 12923
INFO: [Constraints 18-11670] Building netlist checker database with flags, 0x8
Done building netlist checker database: Time (s): cpu = 00:00:00.01 ; elapsed = 00:00:00.01 . Memory (MB): peak = 3099.246 ; gain = 0.000 ; free physical = 6393 ; free virtual = 12923
Phase 5 Sweep | Checksum: 1e1eed024

Time (s): cpu = 00:00:10 ; elapsed = 00:00:05 . Memory (MB): peak = 3099.246 ; gain = 114.812 ; free physical = 6393 ; free virtual = 12923
Sweep | Checksum: 1e1eed024
INFO: [Opt 31-389] Phase Sweep created 0 cells and removed 172 cells

Phase 6 BUFG optimization
INFO: [Opt 31-129] Inserted BUFG to drive high-fanout reset|set|enable net. BUFG cell: ps_inst/PS7_i_0_BUFG_inst, Net: ps_inst/PS7_i_0
Phase 6 BUFG optimization | Checksum: 144f0f0da

Time (s): cpu = 00:00:11 ; elapsed = 00:00:06 . Memory (MB): peak = 3131.262 ; gain = 146.828 ; free physical = 6393 ; free virtual = 12923
BUFG optimization | Checksum: 144f0f0da
INFO: [Opt 31-662] Phase BUFG optimization created 1 cells of which 1 are BUFGs and removed 1 cells.

Phase 7 Shift Register Optimization
INFO: [Opt 31-1064] SRL Remap converted 0 SRLs to 0 registers and converted 0 registers of register chains to 0 SRLs
Phase 7 Shift Register Optimization | Checksum: 144f0f0da

Time (s): cpu = 00:00:11 ; elapsed = 00:00:06 . Memory (MB): peak = 3131.262 ; gain = 146.828 ; free physical = 6393 ; free virtual = 12923
Shift Register Optimization | Checksum: 144f0f0da
INFO: [Opt 31-389] Phase Shift Register Optimization created 0 cells and removed 0 cells
INFO: [Opt 31-1555] control_set_opt supports Versal devices only, and device 7z020 is unsupported

Phase 8 Post Processing Netlist
Phase 8 Post Processing Netlist | Checksum: 1fcf807ce

Time (s): cpu = 00:00:11 ; elapsed = 00:00:06 . Memory (MB): peak = 3131.262 ; gain = 146.828 ; free physical = 6393 ; free virtual = 12923
Post Processing Netlist | Checksum: 1fcf807ce
INFO: [Opt 31-389] Phase Post Processing Netlist created 0 cells and removed 0 cells

Phase 9 Finalization

Phase 9.1 Finalizing Design Cores and Updating Shapes
Phase 9.1 Finalizing Design Cores and Updating Shapes | Checksum: 1c999fb7a

Time (s): cpu = 00:00:13 ; elapsed = 00:00:07 . Memory (MB): peak = 3131.262 ; gain = 146.828 ; free physical = 6395 ; free virtual = 12925

Phase 9.2 Verifying Netlist Connectivity

Starting Connectivity Check Task

Time (s): cpu = 00:00:00.1 ; elapsed = 00:00:00.1 . Memory (MB): peak = 3131.262 ; gain = 0.000 ; free physical = 6395 ; free virtual = 12925
Phase 9.2 Verifying Netlist Connectivity | Checksum: 1c999fb7a

Time (s): cpu = 00:00:14 ; elapsed = 00:00:08 . Memory (MB): peak = 3131.262 ; gain = 146.828 ; free physical = 6395 ; free virtual = 12925
Phase 9 Finalization | Checksum: 1c999fb7a

Time (s): cpu = 00:00:14 ; elapsed = 00:00:08 . Memory (MB): peak = 3131.262 ; gain = 146.828 ; free physical = 6395 ; free virtual = 12925
Opt_design Change Summary
=========================


-------------------------------------------------------------------------------------------------------------------------
|  Phase                        |  #Cells created  |  #Cells Removed  |  #Constrained objects preventing optimizations  |
-------------------------------------------------------------------------------------------------------------------------
|  Retarget                     |             237  |             320  |                                              6  |
|  Constant propagation         |             124  |             154  |                                              0  |
|  Sweep                        |               0  |             172  |                                              0  |
|  BUFG optimization            |               1  |               1  |                                              0  |
|  Shift Register Optimization  |               0  |               0  |                                              0  |
|  Post Processing Netlist      |               0  |               0  |                                              0  |
-------------------------------------------------------------------------------------------------------------------------


Ending Logic Optimization Task | Checksum: 1c999fb7a

Time (s): cpu = 00:00:14 ; elapsed = 00:00:08 . Memory (MB): peak = 3131.262 ; gain = 146.828 ; free physical = 6395 ; free virtual = 12925
Netlist sorting complete. Time (s): cpu = 00:00:00.01 ; elapsed = 00:00:00.01 . Memory (MB): peak = 3131.262 ; gain = 0.000 ; free physical = 6395 ; free virtual = 12925
INFO: [Common 17-83] Releasing license: Implementation
39 Infos, 0 Warnings, 1 Critical Warnings and 0 Errors encountered.
opt_design completed successfully
opt_design: Time (s): cpu = 00:00:17 ; elapsed = 00:00:10 . Memory (MB): peak = 3131.262 ; gain = 350.605 ; free physical = 6395 ; free virtual = 12925
INFO: [Vivado 12-24828] Executing command : report_drc -file main_zc702_drc_opted.rpt -pb main_zc702_drc_opted.pb -rpx main_zc702_drc_opted.rpx
Command: report_drc -file main_zc702_drc_opted.rpt -pb main_zc702_drc_opted.pb -rpx main_zc702_drc_opted.rpx
INFO: [IP_Flow 19-1839] IP Catalog is up to date.
INFO: [DRC 23-27] Running DRC with 8 threads
INFO: [Vivado_Tcl 2-168] The results of DRC are in file /home/eslam-elshokafy/Desktop/AIDAChip_Workshop_01/ztachip/HW/examples/ZC702/ztachip_zc702.runs/impl_1/main_zc702_drc_opted.rpt.
report_drc completed successfully
INFO: [Timing 38-480] Writing timing data to binary archive.
Wrote PlaceDB: Time (s): cpu = 00:00:00 ; elapsed = 00:00:00 . Memory (MB): peak = 3131.262 ; gain = 0.000 ; free physical = 6400 ; free virtual = 12931
Wrote PulsedLatchDB: Time (s): cpu = 00:00:00 ; elapsed = 00:00:00 . Memory (MB): peak = 3131.262 ; gain = 0.000 ; free physical = 6400 ; free virtual = 12931
Writing XDEF routing.
Writing XDEF routing logical nets.
Write ShapeDB Complete: Time (s): cpu = 00:00:00.41 ; elapsed = 00:00:00.09 . Memory (MB): peak = 3131.262 ; gain = 0.000 ; free physical = 6392 ; free virtual = 12929
Writing XDEF routing special nets.
Wrote RouteStorage: Time (s): cpu = 00:00:00.65 ; elapsed = 00:00:00.15 . Memory (MB): peak = 3131.262 ; gain = 0.000 ; free physical = 6388 ; free virtual = 12929
Wrote PlaceStorage: Time (s): cpu = 00:00:00.02 ; elapsed = 00:00:00 . Memory (MB): peak = 3131.262 ; gain = 0.000 ; free physical = 6387 ; free virtual = 12929
Wrote Netlist Cache: Time (s): cpu = 00:00:00 ; elapsed = 00:00:00 . Memory (MB): peak = 3131.262 ; gain = 0.000 ; free physical = 6387 ; free virtual = 12929
Wrote Device Cache: Time (s): cpu = 00:00:00.02 ; elapsed = 00:00:00 . Memory (MB): peak = 3131.262 ; gain = 0.000 ; free physical = 6387 ; free virtual = 12930
Write Physdb Complete: Time (s): cpu = 00:00:00.7 ; elapsed = 00:00:00.16 . Memory (MB): peak = 3131.262 ; gain = 0.000 ; free physical = 6387 ; free virtual = 12930
INFO: [Common 17-1381] The checkpoint '/home/eslam-elshokafy/Desktop/AIDAChip_Workshop_01/ztachip/HW/examples/ZC702/ztachip_zc702.runs/impl_1/main_zc702_opt.dcp' has been generated.
Command: place_design -directive Explore
Attempting to get a license for feature 'Implementation' and/or device 'xc7z020'
INFO: [Common 17-349] Got license for feature 'Implementation' and/or device 'xc7z020'
INFO: [Common 17-83] Releasing license: Implementation
INFO: [DRC 23-27] Running DRC with 8 threads
INFO: [Vivado_Tcl 4-198] DRC finished with 0 Errors
INFO: [Vivado_Tcl 4-199] Please refer to the DRC report (report_drc) for more information.
INFO: [Timing 38-35] Done setting XDC timing constraints.
INFO: [Vivado_Tcl 4-2302] The placer was invoked with the 'Explore' directive.
Running DRC as a precondition to command place_design
INFO: [DRC 23-27] Running DRC with 8 threads
INFO: [Vivado_Tcl 4-198] DRC finished with 0 Errors, 42 Warnings, 9 Advisories
INFO: [Vivado_Tcl 4-199] Please refer to the DRC report (report_drc) for more information.
INFO: [Place 30-611] Multithreading enabled for place_design using a maximum of 8 CPUs

Starting Placer Task

Phase 1 Placer Initialization

Phase 1.1 Placer Initialization Netlist Sorting
Netlist sorting complete. Time (s): cpu = 00:00:00.01 ; elapsed = 00:00:00.01 . Memory (MB): peak = 3219.305 ; gain = 0.000 ; free physical = 6373 ; free virtual = 12917
Phase 1.1 Placer Initialization Netlist Sorting | Checksum: 16d6bc387

Time (s): cpu = 00:00:00.03 ; elapsed = 00:00:00.02 . Memory (MB): peak = 3219.305 ; gain = 0.000 ; free physical = 6373 ; free virtual = 12917
Netlist sorting complete. Time (s): cpu = 00:00:00.01 ; elapsed = 00:00:00.01 . Memory (MB): peak = 3219.305 ; gain = 0.000 ; free physical = 6373 ; free virtual = 12917

Phase 1.2 IO Placement/ Clock Placement/ Build Placer Device
Phase 1.2 IO Placement/ Clock Placement/ Build Placer Device | Checksum: 1377476c6

Time (s): cpu = 00:00:06 ; elapsed = 00:00:03 . Memory (MB): peak = 3219.305 ; gain = 0.000 ; free physical = 6391 ; free virtual = 12937

Phase 1.3 Build Placer Netlist Model
Phase 1.3 Build Placer Netlist Model | Checksum: 201791b59

Time (s): cpu = 00:00:29 ; elapsed = 00:00:12 . Memory (MB): peak = 3337.305 ; gain = 118.000 ; free physical = 6205 ; free virtual = 12750

Phase 1.4 Constrain Clocks/Macros
Phase 1.4 Constrain Clocks/Macros | Checksum: 201791b59

Time (s): cpu = 00:00:30 ; elapsed = 00:00:13 . Memory (MB): peak = 3337.305 ; gain = 118.000 ; free physical = 6205 ; free virtual = 12751
Phase 1 Placer Initialization | Checksum: 201791b59

Time (s): cpu = 00:00:30 ; elapsed = 00:00:13 . Memory (MB): peak = 3337.305 ; gain = 118.000 ; free physical = 6205 ; free virtual = 12751

Phase 2 Global Placement

Phase 2.1 Floorplanning
Phase 2.1 Floorplanning | Checksum: 21e90a290

Time (s): cpu = 00:00:45 ; elapsed = 00:00:16 . Memory (MB): peak = 3361.289 ; gain = 141.984 ; free physical = 6207 ; free virtual = 12751

Phase 2.2 Update Timing before SLR Path Opt
Phase 2.2 Update Timing before SLR Path Opt | Checksum: 15de56472

Time (s): cpu = 00:00:58 ; elapsed = 00:00:19 . Memory (MB): peak = 3479.289 ; gain = 259.984 ; free physical = 6083 ; free virtual = 12628

Phase 2.3 Post-Processing in Floorplanning
Phase 2.3 Post-Processing in Floorplanning | Checksum: 15de56472

Time (s): cpu = 00:00:58 ; elapsed = 00:00:19 . Memory (MB): peak = 3479.289 ; gain = 259.984 ; free physical = 6084 ; free virtual = 12628

Phase 2.4 Global Place Phase1
Phase 2.4 Global Place Phase1 | Checksum: 20c91efca

Time (s): cpu = 00:02:18 ; elapsed = 00:00:46 . Memory (MB): peak = 3527.125 ; gain = 307.820 ; free physical = 6046 ; free virtual = 12590

Phase 2.5 Global Place Phase2

Phase 2.5.1 UpdateTiming Before Physical Synthesis
Phase 2.5.1 UpdateTiming Before Physical Synthesis | Checksum: 240d42bff

Time (s): cpu = 00:02:30 ; elapsed = 00:00:48 . Memory (MB): peak = 3789.125 ; gain = 569.820 ; free physical = 5769 ; free virtual = 12313

Phase 2.5.2 Physical Synthesis In Placer
INFO: [Physopt 32-1035] Found 9 LUTNM shape to break, 2616 LUT instances to create LUTNM shape
INFO: [Physopt 32-1044] Break lutnm for timing: one critical 8, two critical 1, total 9, new lutff created 0
INFO: [Physopt 32-1138] End 1 Pass. Optimized 1159 nets or LUTs. Breaked 9 LUTs, combined 1150 existing LUTs and moved 0 existing LUT
INFO: [Physopt 32-1408] Pass 1. Identified 1 candidate net for high-fanout optimization.
INFO: [Physopt 32-81] Processed net soc_base_inst/ztachip_inst/dp_1_i/dp0_i/dp_fetch_1_i/fifo_i/GEN1.fifo_i/w_avail_r_reg_n_0. Replicated 7 times.
INFO: [Physopt 32-232] Optimized 1 net. Created 7 new instances.
INFO: [Physopt 32-775] End 1 Pass. Optimized 1 net or cell. Created 7 new cells, deleted 0 existing cell and moved 0 existing cell
Netlist sorting complete. Time (s): cpu = 00:00:00.04 ; elapsed = 00:00:00.04 . Memory (MB): peak = 3789.125 ; gain = 0.000 ; free physical = 5753 ; free virtual = 12298
INFO: [Physopt 32-456] No candidate cells for DSP register optimization found in the design.
INFO: [Physopt 32-775] End 2 Pass. Optimized 0 net or cell. Created 0 new cell, deleted 0 existing cell and moved 0 existing cell
INFO: [Physopt 32-1123] No candidate cells found for Shift Register to Pipeline optimization
INFO: [Physopt 32-775] End 2 Pass. Optimized 0 net or cell. Created 0 new cell, deleted 0 existing cell and moved 0 existing cell
INFO: [Physopt 32-1401] No candidate cells found for Shift Register optimization.
INFO: [Physopt 32-677] No candidate cells for Shift Register optimization found in the design
INFO: [Physopt 32-775] End 1 Pass. Optimized 0 net or cell. Created 0 new cell, deleted 0 existing cell and moved 0 existing cell
INFO: [Physopt 32-526] No candidate cells for BRAM register optimization found in the design
INFO: [Physopt 32-775] End 1 Pass. Optimized 0 net or cell. Created 0 new cell, deleted 0 existing cell and moved 0 existing cell
INFO: [Physopt 32-846] No candidate cells for URAM register optimization found in the design
INFO: [Physopt 32-775] End 1 Pass. Optimized 0 net or cell. Created 0 new cell, deleted 0 existing cell and moved 0 existing cell
INFO: [Physopt 32-846] No candidate cells for URAM register optimization found in the design
INFO: [Physopt 32-775] End 1 Pass. Optimized 0 net or cell. Created 0 new cell, deleted 0 existing cell and moved 0 existing cell
INFO: [Physopt 32-949] No candidate nets found for dynamic/static region interface net replication
INFO: [Physopt 32-775] End 1 Pass. Optimized 0 net or cell. Created 0 new cell, deleted 0 existing cell and moved 0 existing cell
Netlist sorting complete. Time (s): cpu = 00:00:00.01 ; elapsed = 00:00:00.01 . Memory (MB): peak = 3789.125 ; gain = 0.000 ; free physical = 5753 ; free virtual = 12298

Summary of Physical Synthesis Optimizations
============================================


-----------------------------------------------------------------------------------------------------------------------------------------------------------
|  Optimization                                     |  Added Cells  |  Removed Cells  |  Optimized Cells/Nets  |  Dont Touch  |  Iterations  |  Elapsed   |
-----------------------------------------------------------------------------------------------------------------------------------------------------------
|  LUT Combining                                    |            9  |           1150  |                  1159  |           0  |           1  |  00:00:01  |
|  Retime                                           |            0  |              0  |                     0  |           0  |           1  |  00:00:00  |
|  Very High Fanout                                 |            7  |              0  |                     1  |           0  |           1  |  00:00:00  |
|  DSP Register                                     |            0  |              0  |                     0  |           0  |           1  |  00:00:00  |
|  Shift Register to Pipeline                       |            0  |              0  |                     0  |           0  |           1  |  00:00:00  |
|  Shift Register                                   |            0  |              0  |                     0  |           0  |           1  |  00:00:00  |
|  BRAM Register                                    |            0  |              0  |                     0  |           0  |           1  |  00:00:00  |
|  URAM Register                                    |            0  |              0  |                     0  |           0  |           1  |  00:00:00  |
|  Dynamic/Static Region Interface Net Replication  |            0  |              0  |                     0  |           0  |           1  |  00:00:00  |
|  Total                                            |           16  |           1150  |                  1160  |           0  |           9  |  00:00:02  |
-----------------------------------------------------------------------------------------------------------------------------------------------------------


Phase 2.5.2 Physical Synthesis In Placer | Checksum: 1d424bf64

Time (s): cpu = 00:02:43 ; elapsed = 00:00:53 . Memory (MB): peak = 3808.156 ; gain = 588.852 ; free physical = 5749 ; free virtual = 12296
Phase 2.5 Global Place Phase2 | Checksum: 1bb37e478

Time (s): cpu = 00:02:55 ; elapsed = 00:00:58 . Memory (MB): peak = 3808.156 ; gain = 588.852 ; free physical = 5760 ; free virtual = 12305
Phase 2 Global Placement | Checksum: 1bb37e478

Time (s): cpu = 00:02:55 ; elapsed = 00:00:58 . Memory (MB): peak = 3808.156 ; gain = 588.852 ; free physical = 5760 ; free virtual = 12305

Phase 3 Detail Placement

Phase 3.1 Commit Multi Column Macros
Phase 3.1 Commit Multi Column Macros | Checksum: 11b1ccdd8

Time (s): cpu = 00:03:06 ; elapsed = 00:01:01 . Memory (MB): peak = 3808.156 ; gain = 588.852 ; free physical = 5759 ; free virtual = 12303

Phase 3.2 Commit Most Macros & LUTRAMs
Phase 3.2 Commit Most Macros & LUTRAMs | Checksum: 1456a35ae

Time (s): cpu = 00:03:24 ; elapsed = 00:01:05 . Memory (MB): peak = 3808.156 ; gain = 588.852 ; free physical = 5761 ; free virtual = 12306

Phase 3.3 Area Swap Optimization
Phase 3.3 Area Swap Optimization | Checksum: 19f23a57e

Time (s): cpu = 00:03:26 ; elapsed = 00:01:06 . Memory (MB): peak = 3808.156 ; gain = 588.852 ; free physical = 5762 ; free virtual = 12306

Phase 3.4 Pipeline Register Optimization
Phase 3.4 Pipeline Register Optimization | Checksum: 14d6b41b8

Time (s): cpu = 00:03:26 ; elapsed = 00:01:06 . Memory (MB): peak = 3808.156 ; gain = 588.852 ; free physical = 5762 ; free virtual = 12306

Phase 3.5 Fast Optimization
Phase 3.5 Fast Optimization | Checksum: 1826cfccd

Time (s): cpu = 00:03:50 ; elapsed = 00:01:11 . Memory (MB): peak = 3808.156 ; gain = 588.852 ; free physical = 5763 ; free virtual = 12308

Phase 3.6 Small Shape Detail Placement
Phase 3.6 Small Shape Detail Placement | Checksum: ced1d035

Time (s): cpu = 00:04:18 ; elapsed = 00:01:36 . Memory (MB): peak = 3808.156 ; gain = 588.852 ; free physical = 5759 ; free virtual = 12304

Phase 3.7 Re-assign LUT pins
Phase 3.7 Re-assign LUT pins | Checksum: c93f52ed

Time (s): cpu = 00:04:22 ; elapsed = 00:01:40 . Memory (MB): peak = 3808.156 ; gain = 588.852 ; free physical = 5759 ; free virtual = 12304

Phase 3.8 Pipeline Register Optimization
Phase 3.8 Pipeline Register Optimization | Checksum: 10c76a15c

Time (s): cpu = 00:04:23 ; elapsed = 00:01:41 . Memory (MB): peak = 3808.156 ; gain = 588.852 ; free physical = 5759 ; free virtual = 12304
Phase 3 Detail Placement | Checksum: 10c76a15c

Time (s): cpu = 00:04:23 ; elapsed = 00:01:42 . Memory (MB): peak = 3808.156 ; gain = 588.852 ; free physical = 5759 ; free virtual = 12304

Phase 4 Post Placement Optimization and Clean-Up

Phase 4.1 Post Commit Optimization
INFO: [Timing 38-35] Done setting XDC timing constraints.

Phase 4.1.1 Post Placement Optimization
Post Placement Optimization Initialization | Checksum: 1a2e9d053

Phase 4.1.1.1 BUFG Insertion

Starting Physical Synthesis Task

Phase 1 Physical Synthesis Initialization
INFO: [Physopt 32-721] Multithreading enabled for phys_opt_design using a maximum of 8 CPUs
INFO: [Physopt 32-619] Estimated Timing Summary | WNS=-0.917 | TNS=-62.341 |
Phase 1 Physical Synthesis Initialization | Checksum: 14fb4f096

Time (s): cpu = 00:00:03 ; elapsed = 00:00:00.81 . Memory (MB): peak = 3808.156 ; gain = 0.000 ; free physical = 5765 ; free virtual = 12310
INFO: [Place 46-33] Processed net ps_inst/PS7_i_1[0], BUFG insertion was skipped due to placement/routing conflicts.
INFO: [Place 46-33] Processed net soc_base_inst/ztachip_inst/dp_1_i/dp0_i/dp_fetch_1_i/fifo_i/GEN1.fifo_i/writeready_out, BUFG insertion was skipped due to placement/routing conflicts.
INFO: [Place 46-33] Processed net soc_base_inst/ztachip_inst/dp_1_i/dp0_i/dp_fetch_1_i/fifo_i/GEN1.fifo_i/fifo_i/E[0], BUFG insertion was skipped due to placement/routing conflicts.
INFO: [Place 46-33] Processed net soc_base_inst/ztachip_inst/dp_1_i/dp0_i/dp_fetch_1_i/fifo_i/readdata1_r[1631]_i_1_n_0, BUFG insertion was skipped due to placement/routing conflicts.
INFO: [Place 46-33] Processed net soc_base_inst/ztachip_inst/dp_1_i/dp0_i/dp_fetch_1_i/fifo_i/readdata2_r[1631]_i_1_n_0, BUFG insertion was skipped due to placement/routing conflicts.
INFO: [Place 46-33] Processed net soc_base_inst/ztachip_inst/dp_1_i/dp0_i/dp_gen_core_i/dp_gen_primary_i/i___379_n_0, BUFG insertion was skipped due to placement/routing conflicts.
INFO: [Place 46-33] Processed net soc_base_inst/ztachip_inst/dp_1_i/dp0_i/dp_gen_core_i/dp_gen_secondary_i/instruction_valid_rr_reg[1], BUFG insertion was skipped due to placement/routing conflicts.
INFO: [Place 46-56] BUFG insertion identified 7 candidate nets. Inserted BUFG: 0, Replicated BUFG Driver: 0, Skipped due to Placement/Routing Conflicts: 7, Skipped due to Timing Degradation: 0, Skipped due to netlist editing failed: 0.
Ending Physical Synthesis Task | Checksum: 1c92042a6

Time (s): cpu = 00:00:05 ; elapsed = 00:00:02 . Memory (MB): peak = 3808.156 ; gain = 0.000 ; free physical = 5765 ; free virtual = 12310
Phase 4.1.1.1 BUFG Insertion | Checksum: 1a2e9d053

Time (s): cpu = 00:05:01 ; elapsed = 00:01:53 . Memory (MB): peak = 3808.156 ; gain = 588.852 ; free physical = 5765 ; free virtual = 12310

Phase 4.1.1.2 Post Placement Timing Optimization
INFO: [Place 30-746] Post Placement Timing Summary WNS=-0.142. For the most accurate timing information please run report_timing.
Phase 4.1.1.2 Post Placement Timing Optimization | Checksum: 1589e419b

Time (s): cpu = 00:05:57 ; elapsed = 00:02:14 . Memory (MB): peak = 3808.156 ; gain = 588.852 ; free physical = 5759 ; free virtual = 12304

Time (s): cpu = 00:05:57 ; elapsed = 00:02:14 . Memory (MB): peak = 3808.156 ; gain = 588.852 ; free physical = 5759 ; free virtual = 12304
Phase 4.1 Post Commit Optimization | Checksum: 1589e419b

Time (s): cpu = 00:05:57 ; elapsed = 00:02:15 . Memory (MB): peak = 3808.156 ; gain = 588.852 ; free physical = 5759 ; free virtual = 12304

Phase 4.2 Post Placement Cleanup
Phase 4.2 Post Placement Cleanup | Checksum: 1589e419b

Time (s): cpu = 00:05:58 ; elapsed = 00:02:15 . Memory (MB): peak = 3808.156 ; gain = 588.852 ; free physical = 5759 ; free virtual = 12304

Phase 4.3 Placer Reporting

Phase 4.3.1 Print Estimated Congestion
INFO: [Place 30-612] Post-Placement Estimated Congestion 
 ____________________________________________________
|           | Global Congestion | Short Congestion  |
| Direction | Region Size       | Region Size       |
|___________|___________________|___________________|
|      North|                2x2|                8x8|
|___________|___________________|___________________|
|      South|                2x2|                4x4|
|___________|___________________|___________________|
|       East|                4x4|                8x8|
|___________|___________________|___________________|
|       West|                4x4|                8x8|
|___________|___________________|___________________|

Phase 4.3.1 Print Estimated Congestion | Checksum: 1589e419b

Time (s): cpu = 00:05:59 ; elapsed = 00:02:15 . Memory (MB): peak = 3808.156 ; gain = 588.852 ; free physical = 5759 ; free virtual = 12304
Phase 4.3 Placer Reporting | Checksum: 1589e419b

Time (s): cpu = 00:05:59 ; elapsed = 00:02:15 . Memory (MB): peak = 3808.156 ; gain = 588.852 ; free physical = 5759 ; free virtual = 12304

Phase 4.4 Final Placement Cleanup
Netlist sorting complete. Time (s): cpu = 00:00:00.03 ; elapsed = 00:00:00.03 . Memory (MB): peak = 3808.156 ; gain = 0.000 ; free physical = 5759 ; free virtual = 12304

Time (s): cpu = 00:05:59 ; elapsed = 00:02:15 . Memory (MB): peak = 3808.156 ; gain = 588.852 ; free physical = 5759 ; free virtual = 12304
Phase 4 Post Placement Optimization and Clean-Up | Checksum: b66f888d

Time (s): cpu = 00:05:59 ; elapsed = 00:02:16 . Memory (MB): peak = 3808.156 ; gain = 588.852 ; free physical = 5759 ; free virtual = 12304
Ending Placer Task | Checksum: 822bc422

Time (s): cpu = 00:06:00 ; elapsed = 00:02:16 . Memory (MB): peak = 3808.156 ; gain = 588.852 ; free physical = 5759 ; free virtual = 12304
91 Infos, 0 Warnings, 1 Critical Warnings and 0 Errors encountered.
place_design completed successfully
place_design: Time (s): cpu = 00:06:08 ; elapsed = 00:02:20 . Memory (MB): peak = 3808.156 ; gain = 676.895 ; free physical = 5759 ; free virtual = 12304
INFO: [Vivado 12-24838] Running report commands "report_control_sets, report_io, report_utilization" in parallel.
Running report generation with 3 threads.
INFO: [Vivado 12-24828] Executing command : report_io -file main_zc702_io_placed.rpt
report_io: Time (s): cpu = 00:00:00.29 ; elapsed = 00:00:00.14 . Memory (MB): peak = 3808.156 ; gain = 0.000 ; free physical = 5762 ; free virtual = 12306
INFO: [Vivado 12-24828] Executing command : report_control_sets -verbose -file main_zc702_control_sets_placed.rpt
report_control_sets: Time (s): cpu = 00:00:00.41 ; elapsed = 00:00:00.23 . Memory (MB): peak = 3808.156 ; gain = 0.000 ; free physical = 5755 ; free virtual = 12300
INFO: [Vivado 12-24828] Executing command : report_utilization -file main_zc702_utilization_placed.rpt -pb main_zc702_utilization_placed.pb
INFO: [Timing 38-480] Writing timing data to binary archive.
Wrote PlaceDB: Time (s): cpu = 00:00:00 ; elapsed = 00:00:00 . Memory (MB): peak = 3808.156 ; gain = 0.000 ; free physical = 5754 ; free virtual = 12300
Wrote PulsedLatchDB: Time (s): cpu = 00:00:00 ; elapsed = 00:00:00 . Memory (MB): peak = 3808.156 ; gain = 0.000 ; free physical = 5754 ; free virtual = 12300
Writing XDEF routing.
Writing XDEF routing logical nets.
Writing XDEF routing special nets.
Wrote RouteStorage: Time (s): cpu = 00:00:00.74 ; elapsed = 00:00:00.16 . Memory (MB): peak = 3808.156 ; gain = 0.000 ; free physical = 5742 ; free virtual = 12297
Write ShapeDB Complete: Time (s): cpu = 00:00:00.85 ; elapsed = 00:00:00.18 . Memory (MB): peak = 3808.156 ; gain = 0.000 ; free physical = 5733 ; free virtual = 12296
Wrote PlaceStorage: Time (s): cpu = 00:00:06 ; elapsed = 00:00:02 . Memory (MB): peak = 3808.156 ; gain = 0.000 ; free physical = 5647 ; free virtual = 12277
Wrote Netlist Cache: Time (s): cpu = 00:00:00.16 ; elapsed = 00:00:00.08 . Memory (MB): peak = 3808.156 ; gain = 0.000 ; free physical = 5639 ; free virtual = 12277
Wrote Device Cache: Time (s): cpu = 00:00:00.02 ; elapsed = 00:00:00.01 . Memory (MB): peak = 3808.156 ; gain = 0.000 ; free physical = 5639 ; free virtual = 12278
Write Physdb Complete: Time (s): cpu = 00:00:07 ; elapsed = 00:00:02 . Memory (MB): peak = 3808.156 ; gain = 0.000 ; free physical = 5639 ; free virtual = 12278
INFO: [Common 17-1381] The checkpoint '/home/eslam-elshokafy/Desktop/AIDAChip_Workshop_01/ztachip/HW/examples/ZC702/ztachip_zc702.runs/impl_1/main_zc702_placed.dcp' has been generated.
Command: phys_opt_design -directive Explore
Attempting to get a license for feature 'Implementation' and/or device 'xc7z020'
INFO: [Common 17-349] Got license for feature 'Implementation' and/or device 'xc7z020'
INFO: [Vivado_Tcl 4-137] Directive used for phys_opt_design is: Explore

Starting Initial Update Timing Task

Time (s): cpu = 00:00:27 ; elapsed = 00:00:06 . Memory (MB): peak = 3808.156 ; gain = 0.000 ; free physical = 5724 ; free virtual = 12299
INFO: [Vivado_Tcl 4-1435] PhysOpt_Tcl_Interface Runtime Before Starting Physical Synthesis Task | CPU: 27.60s |  WALL: 6.06s
Netlist sorting complete. Time (s): cpu = 00:00:00.01 ; elapsed = 00:00:00.01 . Memory (MB): peak = 3808.156 ; gain = 0.000 ; free physical = 5724 ; free virtual = 12299

Starting Physical Synthesis Task

Phase 1 Physical Synthesis Initialization
INFO: [Physopt 32-721] Multithreading enabled for phys_opt_design using a maximum of 8 CPUs
INFO: [Physopt 32-619] Estimated Timing Summary | WNS=-0.142 | TNS=-0.240 |
Phase 1 Physical Synthesis Initialization | Checksum: 13fdea98a

Time (s): cpu = 00:00:08 ; elapsed = 00:00:05 . Memory (MB): peak = 3808.156 ; gain = 0.000 ; free physical = 5729 ; free virtual = 12303

Phase 2 SLR Crossing Optimization
Phase 2 SLR Crossing Optimization | Checksum: 13fdea98a

Time (s): cpu = 00:00:08 ; elapsed = 00:00:05 . Memory (MB): peak = 3808.156 ; gain = 0.000 ; free physical = 5729 ; free virtual = 12304
INFO: [Physopt 32-619] Estimated Timing Summary | WNS=-0.142 | TNS=-0.240 |

Phase 3 Fanout Optimization
INFO: [Physopt 32-76] Pass 1. Identified 3 candidate nets for fanout optimization.
INFO: [Physopt 32-572] Net soc_base_inst/ztachip_inst/dp_1_i/dp0_i/dp_fetch_1_i/fifo_i/task_vm_r_i_2_n_0 was not replicated.
Resolution: phys_opt_design can be forced to replicate a net driver using the option -force_replication_on_nets <list of net objects>.
INFO: [Physopt 32-81] Processed net soc_base_inst/ztachip_inst/dp_1_i/dp0_i/dp_fetch_1_i/fifo_i/rdreq2_r_i_2_n_0. Replicated 1 times.
INFO: [Physopt 32-81] Processed net soc_base_inst/ztachip_inst/dp_1_i/dp0_i/dp_gen_core_i/dp_gen_secondary_i/s_i0_r[0]. Replicated 2 times.
INFO: [Physopt 32-232] Optimized 2 nets. Created 3 new instances.
INFO: [Physopt 32-775] End 1 Pass. Optimized 2 nets or cells. Created 3 new cells, deleted 0 existing cell and moved 0 existing cell
INFO: [Physopt 32-619] Estimated Timing Summary | WNS=-0.142 | TNS=-0.225 |
Netlist sorting complete. Time (s): cpu = 00:00:00.03 ; elapsed = 00:00:00.04 . Memory (MB): peak = 3808.156 ; gain = 0.000 ; free physical = 5730 ; free virtual = 12305
Phase 3 Fanout Optimization | Checksum: 1967d6462

Time (s): cpu = 00:00:11 ; elapsed = 00:00:06 . Memory (MB): peak = 3808.156 ; gain = 0.000 ; free physical = 5730 ; free virtual = 12305

Phase 4 Single Cell Placement Optimization
INFO: [Physopt 32-660] Identified 174 candidate nets for placement-based optimization.
INFO: [Physopt 32-662] Processed net soc_base_inst/axi_split_dbus_i/GEN2.axi_split_write_i/pending_data_fifo/ram_i/raddr_r[2]_i_2__0_n_0.  Did not re-place instance soc_base_inst/axi_split_dbus_i/GEN2.axi_split_write_i/pending_data_fifo/ram_i/raddr_r[2]_i_2__0
INFO: [Physopt 32-662] Processed net soc_base_inst/axi_split_dbus_i/GEN2.axi_split_write_i/pending_data_fifo/ram_i/axislave_wvalid_r_reg.  Did not re-place instance soc_base_inst/axi_split_dbus_i/GEN2.axi_split_write_i/pending_data_fifo/ram_i/raddr_r[2]_i_2
INFO: [Physopt 32-663] Processed net soc_base_inst/axi_split_dbus_i/GEN2.axi_split_write_i/write_fifo_i/GEN2.slave_data_fifo/ram_i/raddr_r_reg[1].  Re-placed instance soc_base_inst/axi_split_dbus_i/GEN2.axi_split_write_i/write_fifo_i/GEN2.slave_data_fifo/ram_i/raddr_r[4]_i_2__1
INFO: [Physopt 32-663] Processed net soc_base_inst/axi_split_dbus_i/GEN2.axi_split_write_i/pending_resp_fifo/ram_i/TCM_bready.  Re-placed instance soc_base_inst/axi_split_dbus_i/GEN2.axi_split_write_i/pending_resp_fifo/ram_i/raddr_r[2]_i_4
INFO: [Physopt 32-663] Processed net soc_base_inst/axi_split_dbus_i/GEN2.axi_split_write_i/write_fifo_i/GEN2.slave_data_fifo/ram_i/D[2].  Re-placed instance soc_base_inst/axi_split_dbus_i/GEN2.axi_split_write_i/write_fifo_i/GEN2.slave_data_fifo/ram_i/raddr_r[3]_i_1__1
INFO: [Physopt 32-663] Processed net soc_base_inst/axi_split_dbus_i/GEN2.axi_split_write_i/pending_data_fifo/ram_i/raddr_r[2]_i_3_n_0.  Re-placed instance soc_base_inst/axi_split_dbus_i/GEN2.axi_split_write_i/pending_data_fifo/ram_i/raddr_r[2]_i_3
INFO: [Physopt 32-662] Processed net soc_base_inst/ztachip_inst/dp_1_i/dp0_i/dp_fetch_1_i/fifo_i/task_vm_r_i_2_n_0.  Did not re-place instance soc_base_inst/ztachip_inst/dp_1_i/dp0_i/dp_fetch_1_i/fifo_i/task_vm_r_i_2
INFO: [Physopt 32-662] Processed net soc_base_inst/ztachip_inst/dp_1_i/dp0_i/dp_fetch_1_i/fifo_i/q2[841].  Did not re-place instance soc_base_inst/ztachip_inst/dp_1_i/dp0_i/dp_fetch_1_i/fifo_i/readdata2_r_reg[841]
INFO: [Physopt 32-662] Processed net soc_base_inst/ztachip_inst/dp_1_i/dp0_i/dp_fetch_1_i/fifo_i/rdreq2_r_i_3_n_0.  Did not re-place instance soc_base_inst/ztachip_inst/dp_1_i/dp0_i/dp_fetch_1_i/fifo_i/rdreq2_r_i_3
INFO: [Physopt 32-663] Processed net soc_base_inst/ztachip_inst/dp_1_i/dp0_i/dp_fetch_1_i/fifo_i/rdreq1_r_i_12_n_0.  Re-placed instance soc_base_inst/ztachip_inst/dp_1_i/dp0_i/dp_fetch_1_i/fifo_i/rdreq1_r_i_12
INFO: [Physopt 32-663] Processed net soc_base_inst/ztachip_inst/dp_1_i/dp0_i/dp_fetch_1_i/fifo_i/source_bus_id_r[1][1]_i_12_n_0.  Re-placed instance soc_base_inst/ztachip_inst/dp_1_i/dp0_i/dp_fetch_1_i/fifo_i/source_bus_id_r[1][1]_i_12
INFO: [Physopt 32-662] Processed net soc_base_inst/ztachip_inst/dp_1_i/dp0_i/dp_fetch_1_i/fifo_i/rdreq2_r_i_12_n_0.  Did not re-place instance soc_base_inst/ztachip_inst/dp_1_i/dp0_i/dp_fetch_1_i/fifo_i/rdreq2_r_i_12
INFO: [Physopt 32-663] Processed net soc_base_inst/ztachip_inst/dp_1_i/dp0_i/dp_fetch_1_i/fifo_i/rdreq2_r_i_20_n_0.  Re-placed instance soc_base_inst/ztachip_inst/dp_1_i/dp0_i/dp_fetch_1_i/fifo_i/rdreq2_r_i_20
INFO: [Physopt 32-662] Processed net soc_base_inst/ztachip_inst/dp_1_i/dp0_i/dp_fetch_1_i/fifo_i/rdreq2_r_i_5_n_0.  Did not re-place instance soc_base_inst/ztachip_inst/dp_1_i/dp0_i/dp_fetch_1_i/fifo_i/rdreq2_r_i_5
INFO: [Physopt 32-663] Processed net soc_base_inst/ztachip_inst/dp_1_i/dp0_i/dp_fetch_1_i/fifo_i/readdata1_r_reg[1609]_0[8].  Re-placed instance soc_base_inst/ztachip_inst/dp_1_i/dp0_i/dp_fetch_1_i/fifo_i/task_start_addr_r[8]_i_1
INFO: [Physopt 32-663] Processed net soc_base_inst/ztachip_inst/dp_1_i/dp0_i/dp_fetch_1_i/fifo_i/task_vm_r_i_3_n_0.  Re-placed instance soc_base_inst/ztachip_inst/dp_1_i/dp0_i/dp_fetch_1_i/fifo_i/task_vm_r_i_3
INFO: [Physopt 32-662] Processed net soc_base_inst/ztachip_inst/dp_1_i/dp0_i/dp_fetch_1_i/task_start_addr_r_reg[10]_0[8].  Did not re-place instance soc_base_inst/ztachip_inst/dp_1_i/dp0_i/dp_fetch_1_i/task_start_addr_r_reg[8]
INFO: [Physopt 32-663] Processed net soc_base_inst/axi_split_dbus_i/GEN2.axi_split_write_i/write_fifo_i/GEN2.slave_data_fifo/ram_i/D[3].  Re-placed instance soc_base_inst/axi_split_dbus_i/GEN2.axi_split_write_i/write_fifo_i/GEN2.slave_data_fifo/ram_i/raddr_r[4]_i_1__2
INFO: [Physopt 32-663] Processed net soc_base_inst/ztachip_inst/GEN1.fpu_i/X_fifo_i/ram_i/X_r[29]_i_4_n_0.  Re-placed instance soc_base_inst/ztachip_inst/GEN1.fpu_i/X_fifo_i/ram_i/X_r[29]_i_4
INFO: [Physopt 32-663] Processed net soc_base_inst/ztachip_inst/GEN1.fpu_i/X_fifo_i/ram_i/X_r[21]_i_13_n_0.  Re-placed instance soc_base_inst/ztachip_inst/GEN1.fpu_i/X_fifo_i/ram_i/X_r[21]_i_13
INFO: [Physopt 32-662] Processed net soc_base_inst/ztachip_inst/GEN1.fpu_i/X_fifo_i/ram_i/X_r[12]_i_5__0_n_0.  Did not re-place instance soc_base_inst/ztachip_inst/GEN1.fpu_i/X_fifo_i/ram_i/X_r[12]_i_5__0
INFO: [Physopt 32-662] Processed net soc_base_inst/ztachip_inst/GEN1.fpu_i/X_fifo_i/ram_i/X_in[15].  Did not re-place instance soc_base_inst/ztachip_inst/GEN1.fpu_i/X_fifo_i/ram_i/X_r[15]_i_1__0
INFO: [Physopt 32-662] Processed net soc_base_inst/ztachip_inst/GEN1.fpu_i/X_fifo_i/ram_i/X_r[15]_i_3__0_n_0.  Did not re-place instance soc_base_inst/ztachip_inst/GEN1.fpu_i/X_fifo_i/ram_i/X_r[15]_i_3__0
INFO: [Physopt 32-663] Processed net soc_base_inst/ztachip_inst/GEN1.fpu_i/X_fifo_i/ram_i/X_r[15]_i_4__0_n_0.  Re-placed instance soc_base_inst/ztachip_inst/GEN1.fpu_i/X_fifo_i/ram_i/X_r[15]_i_4__0
INFO: [Physopt 32-662] Processed net soc_base_inst/ztachip_inst/GEN1.fpu_i/X_fifo_i/ram_i/X_r[29]_i_6__0_n_0.  Did not re-place instance soc_base_inst/ztachip_inst/GEN1.fpu_i/X_fifo_i/ram_i/X_r[29]_i_6__0
INFO: [Physopt 32-662] Processed net soc_base_inst/ztachip_inst/GEN1.fpu_i/falu_vector_i/GEN_FPU[1].falu_core_i/X_r[15].  Did not re-place instance soc_base_inst/ztachip_inst/GEN1.fpu_i/falu_vector_i/GEN_FPU[1].falu_core_i/X_r_reg[15]
INFO: [Physopt 32-662] Processed net soc_base_inst/cpu_inst/system_cpu/dataCache_1/ways_1_tags_reg_i_45_n_0.  Did not re-place instance soc_base_inst/cpu_inst/system_cpu/dataCache_1/ways_1_tags_reg_i_45
INFO: [Physopt 32-663] Processed net soc_base_inst/cpu_inst/system_cpu/dataCache_1/CsrPlugin_mepc_reg[31][4].  Re-placed instance soc_base_inst/cpu_inst/system_cpu/dataCache_1/ways_1_tags_reg_i_7
INFO: [Physopt 32-663] Processed net soc_base_inst/cpu_inst/system_cpu/decode_to_execute_SRC1_CTRL[1].  Re-placed instance soc_base_inst/cpu_inst/system_cpu/decode_to_execute_SRC1_CTRL_reg[1]
INFO: [Physopt 32-663] Processed net soc_base_inst/cpu_inst/system_cpu/dataCache_1/decode_to_execute_INSTRUCTION_reg[15].  Re-placed instance soc_base_inst/cpu_inst/system_cpu/dataCache_1/stageA_mask[0]_i_2
INFO: [Physopt 32-662] Processed net soc_base_inst/cpu_inst/system_cpu/IBusCachedPlugin_cache/decode_to_execute_BRANCH_CTRL_reg[1].  Did not re-place instance soc_base_inst/cpu_inst/system_cpu/IBusCachedPlugin_cache/ways_1_tags_reg_i_50
INFO: [Physopt 32-662] Processed net soc_base_inst/cpu_inst/system_cpu/IBusCachedPlugin_cache/decode_to_execute_SRC2_FORCE_ZERO_reg.  Did not re-place instance soc_base_inst/cpu_inst/system_cpu/IBusCachedPlugin_cache/execute_to_memory_REGFILE_WRITE_DATA[0]_i_3
INFO: [Physopt 32-663] Processed net soc_base_inst/cpu_inst/system_cpu/dataCache_1/ways_1_tags_reg_i_38_n_0.  Re-placed instance soc_base_inst/cpu_inst/system_cpu/dataCache_1/ways_1_tags_reg_i_38
INFO: [Physopt 32-662] Processed net soc_base_inst/axi_split_dbus_i/GEN2.axi_split_write_i/pending_resp_fifo/ram_i/raddr_r[1]_i_3_n_0.  Did not re-place instance soc_base_inst/axi_split_dbus_i/GEN2.axi_split_write_i/pending_resp_fifo/ram_i/raddr_r[1]_i_3
INFO: [Physopt 32-662] Processed net soc_base_inst/axi_split_dbus_i/GEN2.axi_split_write_i/pending_resp_fifo/ram_i/D[7].  Did not re-place instance soc_base_inst/axi_split_dbus_i/GEN2.axi_split_write_i/pending_resp_fifo/ram_i/raddr_r[7]_i_2__0
INFO: [Physopt 32-662] Processed net soc_base_inst/axi_split_dbus_i/GEN2.axi_split_write_i/pending_resp_fifo/ram_i/raddr_r[6]_i_2__0_n_0.  Did not re-place instance soc_base_inst/axi_split_dbus_i/GEN2.axi_split_write_i/pending_resp_fifo/ram_i/raddr_r[6]_i_2__0
INFO: [Physopt 32-662] Processed net soc_base_inst/axi_split_dbus_i/GEN2.axi_split_write_i/pending_resp_fifo/ram_i/gen_wr_a.gen_word_narrow.mem_reg.  Did not re-place instance soc_base_inst/axi_split_dbus_i/GEN2.axi_split_write_i/pending_resp_fifo/ram_i/raddr_r[3]_i_2__2
INFO: [Physopt 32-663] Processed net soc_base_inst/axi_split_dbus_i/GEN2.axi_split_write_i/pending_data_fifo/ram_i/write_len_r_reg[0].  Re-placed instance soc_base_inst/axi_split_dbus_i/GEN2.axi_split_write_i/pending_data_fifo/ram_i/raddr_r[1]_i_4
INFO: [Physopt 32-663] Processed net soc_base_inst/axi_split_dbus_i/GEN2.axi_split_write_i/pending_data_fifo/ram_i/D[1].  Re-placed instance soc_base_inst/axi_split_dbus_i/GEN2.axi_split_write_i/pending_data_fifo/ram_i/raddr_r[1]_i_1__0
INFO: [Physopt 32-662] Processed net soc_base_inst/axi_split_dbus_i/GEN2.axi_split_write_i/pending_data_fifo/ram_i/full_r_i_11__2_n_0.  Did not re-place instance soc_base_inst/axi_split_dbus_i/GEN2.axi_split_write_i/pending_data_fifo/ram_i/full_r_i_11__2
INFO: [Physopt 32-662] Processed net soc_base_inst/axi_split_dbus_i/GEN2.axi_split_write_i/pending_data_fifo/ram_i/full_r_i_6__4_n_0.  Did not re-place instance soc_base_inst/axi_split_dbus_i/GEN2.axi_split_write_i/pending_data_fifo/ram_i/full_r_i_6__4
INFO: [Physopt 32-662] Processed net soc_base_inst/axi_split_dbus_i/GEN2.axi_split_write_i/pending_data_fifo/ram_i/waddr_r_reg[6].  Did not re-place instance soc_base_inst/axi_split_dbus_i/GEN2.axi_split_write_i/pending_data_fifo/ram_i/full_r_i_1__6
INFO: [Physopt 32-662] Processed net soc_base_inst/axi_split_dbus_i/GEN2.axi_split_write_i/pending_data_fifo/full_r_reg_0.  Did not re-place instance soc_base_inst/axi_split_dbus_i/GEN2.axi_split_write_i/pending_data_fifo/full_r_reg
INFO: [Physopt 32-663] Processed net soc_base_inst/cpu_inst/system_cpu/dataCache_1/CsrPlugin_mepc_reg[31][6].  Re-placed instance soc_base_inst/cpu_inst/system_cpu/dataCache_1/ways_1_tags_reg_i_5
INFO: [Physopt 32-663] Processed net soc_base_inst/cpu_inst/system_cpu/dataCache_1/ways_1_tags_reg_i_32_n_0.  Re-placed instance soc_base_inst/cpu_inst/system_cpu/dataCache_1/ways_1_tags_reg_i_32
INFO: [Physopt 32-662] Processed net soc_base_inst/ztachip_inst/dp_1_i/dp0_i/dp_fetch_1_i/fifo_i/q2[842].  Did not re-place instance soc_base_inst/ztachip_inst/dp_1_i/dp0_i/dp_fetch_1_i/fifo_i/readdata2_r_reg[842]
INFO: [Physopt 32-663] Processed net soc_base_inst/ztachip_inst/dp_1_i/dp0_i/dp_fetch_1_i/fifo_i/readdata1_r_reg[1623]_0[0].  Re-placed instance soc_base_inst/ztachip_inst/dp_1_i/dp0_i/dp_fetch_1_i/fifo_i/task_data_model_r[0]_i_1
INFO: [Physopt 32-662] Processed net soc_base_inst/ztachip_inst/dp_1_i/dp0_i/dp_fetch_1_i/task_data_model_r_reg[1]_0[0].  Did not re-place instance soc_base_inst/ztachip_inst/dp_1_i/dp0_i/dp_fetch_1_i/task_data_model_r_reg[0]
INFO: [Physopt 32-662] Processed net soc_base_inst/ztachip_inst/GEN1.fpu_i/X_fifo_i/ram_i/X_in[21].  Did not re-place instance soc_base_inst/ztachip_inst/GEN1.fpu_i/X_fifo_i/ram_i/X_r[21]_i_1
INFO: [Physopt 32-662] Processed net soc_base_inst/ztachip_inst/GEN1.fpu_i/X_fifo_i/ram_i/X_r[21]_i_2_n_0.  Did not re-place instance soc_base_inst/ztachip_inst/GEN1.fpu_i/X_fifo_i/ram_i/X_r[21]_i_2
INFO: [Physopt 32-663] Processed net soc_base_inst/ztachip_inst/GEN1.fpu_i/X_fifo_i/ram_i/X_r[21]_i_6__0_n_0.  Re-placed instance soc_base_inst/ztachip_inst/GEN1.fpu_i/X_fifo_i/ram_i/X_r[21]_i_6__0
INFO: [Physopt 32-662] Processed net soc_base_inst/ztachip_inst/GEN1.fpu_i/falu_vector_i/GEN_FPU[1].falu_core_i/X_r[21].  Did not re-place instance soc_base_inst/ztachip_inst/GEN1.fpu_i/falu_vector_i/GEN_FPU[1].falu_core_i/X_r_reg[21]
INFO: [Physopt 32-663] Processed net soc_base_inst/ztachip_inst/dp_1_i/dp0_i/dp_gen_core_i/dp_gen_primary_i/gen_src_valid_1[2].  Re-placed instance soc_base_inst/ztachip_inst/dp_1_i/dp0_i/dp_gen_core_i/dp_gen_primary_i/gen_valid_r_reg[2]
INFO: [Physopt 32-663] Processed net soc_base_inst/ztachip_inst/dp_1_i/dp0_i/dp_gen_core_i/dp_gen_primary_i/gen_ddr_src_burstlen[3].  Re-placed instance soc_base_inst/ztachip_inst/dp_1_i/dp0_i/dp_gen_core_i/dp_gen_primary_i/read_record_write_r[3]_i_3
INFO: [Physopt 32-663] Processed net soc_base_inst/ztachip_inst/dp_1_i/dp0_i/dp_gen_core_i/dp_gen_primary_i/read_pause_burstlen_r[2]_i_4_n_0.  Re-placed instance soc_base_inst/ztachip_inst/dp_1_i/dp0_i/dp_gen_core_i/dp_gen_primary_i/read_pause_burstlen_r[2]_i_4
INFO: [Physopt 32-663] Processed net soc_base_inst/ztachip_inst/dp_1_i/dp0_i/dp_gen_core_i/dp_gen_primary_i/read_burstlen_r[5]_i_10_n_0.  Re-placed instance soc_base_inst/ztachip_inst/dp_1_i/dp0_i/dp_gen_core_i/dp_gen_primary_i/read_burstlen_r[5]_i_10
INFO: [Physopt 32-663] Processed net soc_base_inst/ztachip_inst/dp_1_i/dp0_i/dp_gen_core_i/dp_gen_primary_i/read_pause_burstlen_r[2]_i_9_n_0.  Re-placed instance soc_base_inst/ztachip_inst/dp_1_i/dp0_i/dp_gen_core_i/dp_gen_primary_i/read_pause_burstlen_r[2]_i_9
INFO: [Physopt 32-663] Processed net soc_base_inst/ztachip_inst/ddr_rx_i/ddr_rx_fifo_i/ram_i/read_pause_burstlen_r_reg[1].  Re-placed instance soc_base_inst/ztachip_inst/ddr_rx_i/ddr_rx_fifo_i/ram_i/xpm_memory_sdpram_inst_i_43__10
INFO: [Physopt 32-663] Processed net soc_base_inst/ztachip_inst/dp_1_i/dp0_i/dp_gen_core_i/dp_gen_primary_i/rd_ddr_burstlen[1].  Re-placed instance soc_base_inst/ztachip_inst/dp_1_i/dp0_i/dp_gen_core_i/dp_gen_primary_i/read_pause_burstlen_r[1]_i_2
INFO: [Physopt 32-663] Processed net soc_base_inst/ztachip_inst/ddr_rx_i/ddr_rx_fifo_i/ram_i/xpm_memory_sdpram_inst_i_32__11_n_0.  Re-placed instance soc_base_inst/ztachip_inst/ddr_rx_i/ddr_rx_fifo_i/ram_i/xpm_memory_sdpram_inst_i_32__11
INFO: [Physopt 32-662] Processed net soc_base_inst/ztachip_inst/dp_1_i/dp0_i/dp_gen_core_i/dp_gen_primary_i/read_pause_burstlen_r[2]_i_17_n_0.  Did not re-place instance soc_base_inst/ztachip_inst/dp_1_i/dp0_i/dp_gen_core_i/dp_gen_primary_i/read_pause_burstlen_r[2]_i_17
INFO: [Physopt 32-663] Processed net soc_base_inst/ztachip_inst/dp_1_i/dp0_i/dp_fetch_1_i/fifo_i/readdata1_r_reg[1617]_0[3].  Re-placed instance soc_base_inst/ztachip_inst/dp_1_i/dp0_i/dp_fetch_1_i/fifo_i/task_iregister_auto_r[3]_i_1
INFO: [Physopt 32-662] Processed net soc_base_inst/ztachip_inst/dp_1_i/dp0_i/dp_fetch_1_i/task_iregister_auto_r_reg[27]_0[3].  Did not re-place instance soc_base_inst/ztachip_inst/dp_1_i/dp0_i/dp_fetch_1_i/task_iregister_auto_r_reg[3]
INFO: [Physopt 32-662] Processed net soc_base_inst/cpu_inst/system_cpu/execute_RS1[0].  Did not re-place instance soc_base_inst/cpu_inst/system_cpu/decode_to_execute_RS1_reg[0]
INFO: [Physopt 32-663] Processed net soc_base_inst/ztachip_inst/dp_1_i/dp0_i/dp_fetch_1_i/fifo_i/readdata1_r_reg[1617]_0[13].  Re-placed instance soc_base_inst/ztachip_inst/dp_1_i/dp0_i/dp_fetch_1_i/fifo_i/task_iregister_auto_r[13]_i_1
INFO: [Physopt 32-662] Processed net soc_base_inst/ztachip_inst/dp_1_i/dp0_i/dp_fetch_1_i/task_iregister_auto_r_reg[27]_0[13].  Did not re-place instance soc_base_inst/ztachip_inst/dp_1_i/dp0_i/dp_fetch_1_i/task_iregister_auto_r_reg[13]
INFO: [Physopt 32-662] Processed net soc_base_inst/axi_merge_inst/axi_merge_write_i/slave_i2/GEN2.slave_data_fifo/ram_i/gen_wr_a.gen_word_narrow.mem_reg.  Did not re-place instance soc_base_inst/axi_merge_inst/axi_merge_write_i/slave_i2/GEN2.slave_data_fifo/ram_i/xpm_memory_sdpram_inst_i_82__7
INFO: [Physopt 32-663] Processed net soc_base_inst/axi_merge_inst/axi_merge_write_i/pend_data_fifo_i/ram_i/gen_wr_a.gen_word_narrow.mem_reg.  Re-placed instance soc_base_inst/axi_merge_inst/axi_merge_write_i/pend_data_fifo_i/ram_i/xpm_memory_sdpram_inst_i_80__9
INFO: [Physopt 32-663] Processed net soc_base_inst/axi_merge_inst/axi_merge_write_i/pend_data_fifo_i/ram_i/xpm_memory_sdpram_inst_i_16__17_n_0.  Re-placed instance soc_base_inst/axi_merge_inst/axi_merge_write_i/pend_data_fifo_i/ram_i/xpm_memory_sdpram_inst_i_16__17
INFO: [Physopt 32-663] Processed net soc_base_inst/axi_merge_inst/axi_merge_write_i/pend_data_fifo_i/ram_i/full_r_i_8__28_n_0.  Re-placed instance soc_base_inst/axi_merge_inst/axi_merge_write_i/pend_data_fifo_i/ram_i/full_r_i_8__28
INFO: [Physopt 32-663] Processed net soc_base_inst/axi_merge_inst/axi_merge_write_i/slave_i2/GEN2.slave_data_fifo/ram_i/gen_wr_a.gen_word_narrow.mem_reg_0.  Re-placed instance soc_base_inst/axi_merge_inst/axi_merge_write_i/slave_i2/GEN2.slave_data_fifo/ram_i/xpm_memory_sdpram_inst_i_18__15
INFO: [Physopt 32-663] Processed net soc_base_inst/axi_merge_inst/axi_merge_write_i/pend_data_fifo_i/ram_i/full_r_i_5__32_n_0.  Re-placed instance soc_base_inst/axi_merge_inst/axi_merge_write_i/pend_data_fifo_i/ram_i/full_r_i_5__32
INFO: [Physopt 32-662] Processed net soc_base_inst/axi_merge_inst/axi_merge_write_i/pend_data_fifo_i/ram_i/waddr_r_reg[7].  Did not re-place instance soc_base_inst/axi_merge_inst/axi_merge_write_i/pend_data_fifo_i/ram_i/full_r_i_1__41
INFO: [Physopt 32-662] Processed net soc_base_inst/axi_merge_inst/axi_merge_write_i/pend_data_fifo_i/pend_data_full.  Did not re-place instance soc_base_inst/axi_merge_inst/axi_merge_write_i/pend_data_fifo_i/full_r_reg
INFO: [Physopt 32-663] Processed net soc_base_inst/axi_merge_inst/axi_merge_write_i/pend_data_fifo_i/ram_i/read_in0_out.  Re-placed instance soc_base_inst/axi_merge_inst/axi_merge_write_i/pend_data_fifo_i/ram_i/xpm_memory_sdpram_inst_i_12__23
INFO: [Physopt 32-663] Processed net soc_base_inst/axi_merge_inst/axi_merge_write_i/GEN1_NO_RESIZE.slavew_i/GEN2.slave_data_fifo/ram_i/address_b[3].  Re-placed instance soc_base_inst/axi_merge_inst/axi_merge_write_i/GEN1_NO_RESIZE.slavew_i/GEN2.slave_data_fifo/ram_i/xpm_memory_sdpram_inst_i_6__41
INFO: [Physopt 32-662] Processed net soc_base_inst/axi_merge_inst/axi_merge_write_i/GEN1_NO_RESIZE.slavew_i/GEN2.slave_data_fifo/full_r_i_11__10_n_0.  Did not re-place instance soc_base_inst/axi_merge_inst/axi_merge_write_i/GEN1_NO_RESIZE.slavew_i/GEN2.slave_data_fifo/full_r_i_11__10
INFO: [Physopt 32-662] Processed net soc_base_inst/axi_merge_inst/axi_merge_write_i/GEN1_NO_RESIZE.slavew_i/GEN2.slave_data_fifo/full_r_i_1__39_n_0.  Did not re-place instance soc_base_inst/axi_merge_inst/axi_merge_write_i/GEN1_NO_RESIZE.slavew_i/GEN2.slave_data_fifo/full_r_i_1__39
INFO: [Physopt 32-663] Processed net soc_base_inst/axi_merge_inst/axi_merge_write_i/GEN1_NO_RESIZE.slavew_i/GEN2.slave_data_fifo/full_r_i_6__26_n_0.  Re-placed instance soc_base_inst/axi_merge_inst/axi_merge_write_i/GEN1_NO_RESIZE.slavew_i/GEN2.slave_data_fifo/full_r_i_6__26
INFO: [Physopt 32-662] Processed net soc_base_inst/axi_merge_inst/axi_merge_write_i/GEN1_NO_RESIZE.slavew_i/GEN2.slave_data_fifo/full_r_reg_0.  Did not re-place instance soc_base_inst/axi_merge_inst/axi_merge_write_i/GEN1_NO_RESIZE.slavew_i/GEN2.slave_data_fifo/full_r_reg
INFO: [Physopt 32-663] Processed net soc_base_inst/ztachip_inst/dp_1_i/dp0_i/dp_fetch_1_i/fifo_i/readdata1_r_reg[1609]_0[1].  Re-placed instance soc_base_inst/ztachip_inst/dp_1_i/dp0_i/dp_fetch_1_i/fifo_i/task_start_addr_r[1]_i_1
INFO: [Physopt 32-662] Processed net soc_base_inst/ztachip_inst/dp_1_i/dp0_i/dp_fetch_1_i/task_start_addr_r_reg[10]_0[1].  Did not re-place instance soc_base_inst/ztachip_inst/dp_1_i/dp0_i/dp_fetch_1_i/task_start_addr_r_reg[1]
INFO: [Physopt 32-663] Processed net soc_base_inst/axi_merge_inst/axi_merge_write_i/pend_data_fifo_i/ram_i/full_r_i_2__35_n_0.  Re-placed instance soc_base_inst/axi_merge_inst/axi_merge_write_i/pend_data_fifo_i/ram_i/full_r_i_2__35
INFO: [Physopt 32-662] Processed net soc_base_inst/ztachip_inst/dp_1_i/dp0_i/dp_gen_core_i/dp_gen_primary_i/read_pause_burstlen_r[2]_i_3_n_0.  Did not re-place instance soc_base_inst/ztachip_inst/dp_1_i/dp0_i/dp_gen_core_i/dp_gen_primary_i/read_pause_burstlen_r[2]_i_3
INFO: [Physopt 32-662] Processed net soc_base_inst/ztachip_inst/dp_1_i/dp0_i/dp_gen_core_i/dp_gen_primary_i/read_burstlen_r[2]_i_10_n_0.  Did not re-place instance soc_base_inst/ztachip_inst/dp_1_i/dp0_i/dp_gen_core_i/dp_gen_primary_i/read_burstlen_r[2]_i_10
INFO: [Physopt 32-662] Processed net soc_base_inst/ztachip_inst/dp_1_i/dp0_i/dp_gen_core_i/dp_gen_primary_i/read_pause_burstlen_r[2]_i_15_n_0.  Did not re-place instance soc_base_inst/ztachip_inst/dp_1_i/dp0_i/dp_gen_core_i/dp_gen_primary_i/read_pause_burstlen_r[2]_i_15
INFO: [Physopt 32-663] Processed net soc_base_inst/ztachip_inst/dp_1_i/dp0_i/dp_gen_core_i/dp_gen_primary_i/read_pause_burstlen_r[2]_i_8_n_0.  Re-placed instance soc_base_inst/ztachip_inst/dp_1_i/dp0_i/dp_gen_core_i/dp_gen_primary_i/read_pause_burstlen_r[2]_i_8
INFO: [Physopt 32-662] Processed net soc_base_inst/ztachip_inst/dp_1_i/dp0_i/dp_fetch_1_i/fifo_i/q2[56].  Did not re-place instance soc_base_inst/ztachip_inst/dp_1_i/dp0_i/dp_fetch_1_i/fifo_i/readdata2_r_reg[56]
INFO: [Physopt 32-663] Processed net soc_base_inst/ztachip_inst/GEN1.fpu_i/X_fifo_i/ram_i/X_r[27]_i_4__0_n_0.  Re-placed instance soc_base_inst/ztachip_inst/GEN1.fpu_i/X_fifo_i/ram_i/X_r[27]_i_4__0
INFO: [Physopt 32-663] Processed net soc_base_inst/ztachip_inst/GEN1.fpu_i/X_fifo_i/ram_i/X_r[28]_i_4__0_n_0.  Re-placed instance soc_base_inst/ztachip_inst/GEN1.fpu_i/X_fifo_i/ram_i/X_r[28]_i_4__0
INFO: [Physopt 32-662] Processed net soc_base_inst/ztachip_inst/GEN1.fpu_i/X_fifo_i/ram_i/X_in[27].  Did not re-place instance soc_base_inst/ztachip_inst/GEN1.fpu_i/X_fifo_i/ram_i/X_r[27]_i_1__0
INFO: [Physopt 32-663] Processed net soc_base_inst/ztachip_inst/GEN1.fpu_i/X_fifo_i/ram_i/X_r[27]_i_3__0_n_0.  Re-placed instance soc_base_inst/ztachip_inst/GEN1.fpu_i/X_fifo_i/ram_i/X_r[27]_i_3__0
INFO: [Physopt 32-662] Processed net soc_base_inst/ztachip_inst/GEN1.fpu_i/X_fifo_i/ram_i/X_r[28]_i_8_n_0.  Did not re-place instance soc_base_inst/ztachip_inst/GEN1.fpu_i/X_fifo_i/ram_i/X_r[28]_i_8
INFO: [Physopt 32-662] Processed net soc_base_inst/ztachip_inst/GEN1.fpu_i/falu_vector_i/GEN_FPU[1].falu_core_i/X_r[27].  Did not re-place instance soc_base_inst/ztachip_inst/GEN1.fpu_i/falu_vector_i/GEN_FPU[1].falu_core_i/X_r_reg[27]
INFO: [Physopt 32-662] Processed net soc_base_inst/axi_split_dbus_i/GEN2.axi_split_write_i/pending_resp_fifo/ram_i/D[6].  Did not re-place instance soc_base_inst/axi_split_dbus_i/GEN2.axi_split_write_i/pending_resp_fifo/ram_i/raddr_r[6]_i_1__0
INFO: [Physopt 32-662] Processed net soc_base_inst/axi_split_dbus_i/GEN2.axi_split_write_i/write_fifo_i/GEN2.slave_data_fifo/empty_r_i_1__10_n_0.  Did not re-place instance soc_base_inst/axi_split_dbus_i/GEN2.axi_split_write_i/write_fifo_i/GEN2.slave_data_fifo/empty_r_i_1__10
INFO: [Physopt 32-662] Processed net soc_base_inst/axi_split_dbus_i/GEN2.axi_split_write_i/write_fifo_i/GEN2.slave_data_fifo/empty_r_reg_0.  Did not re-place instance soc_base_inst/axi_split_dbus_i/GEN2.axi_split_write_i/write_fifo_i/GEN2.slave_data_fifo/empty_r_reg
INFO: [Physopt 32-663] Processed net soc_base_inst/ztachip_inst/dp_1_i/dp0_i/dp_fetch_1_i/fifo_i/readdata1_r_reg[1609]_0[5].  Re-placed instance soc_base_inst/ztachip_inst/dp_1_i/dp0_i/dp_fetch_1_i/fifo_i/task_start_addr_r[5]_i_1
INFO: [Physopt 32-662] Processed net soc_base_inst/ztachip_inst/dp_1_i/dp0_i/dp_fetch_1_i/task_start_addr_r_reg[10]_0[5].  Did not re-place instance soc_base_inst/ztachip_inst/dp_1_i/dp0_i/dp_fetch_1_i/task_start_addr_r_reg[5]
INFO: [Physopt 32-663] Processed net soc_base_inst/ztachip_inst/dp_1_i/dp0_i/dp_gen_core_i/dp_gen_primary_i/gen_ddr_src_burstlen[5].  Re-placed instance soc_base_inst/ztachip_inst/dp_1_i/dp0_i/dp_gen_core_i/dp_gen_primary_i/read_burstlen_r[4]_i_7
INFO: [Physopt 32-662] Processed net soc_base_inst/ztachip_inst/axilite_i/wdata_fifo_i/ram_i/empty_r_reg.  Did not re-place instance soc_base_inst/ztachip_inst/axilite_i/wdata_fifo_i/ram_i/xpm_memory_sdpram_inst_i_9__19
INFO: [Physopt 32-663] Processed net soc_base_inst/axi_split_dbus_i/GEN2.axi_split_write_i/pending_resp_fifo/ram_i/raddr_r[2]_i_3__0_n_0.  Re-placed instance soc_base_inst/axi_split_dbus_i/GEN2.axi_split_write_i/pending_resp_fifo/ram_i/raddr_r[2]_i_3__0
INFO: [Physopt 32-662] Processed net soc_base_inst/axi_split_dbus_i/GEN2.axi_split_write_i/pending_resp_fifo/ram_i/D[1].  Did not re-place instance soc_base_inst/axi_split_dbus_i/GEN2.axi_split_write_i/pending_resp_fifo/ram_i/raddr_r[1]_i_1__2
INFO: [Physopt 32-663] Processed net soc_base_inst/axi_split_dbus_i/GEN2.axi_split_write_i/pending_resp_fifo/ram_i/empty_r_i_7__1_n_0.  Re-placed instance soc_base_inst/axi_split_dbus_i/GEN2.axi_split_write_i/pending_resp_fifo/ram_i/empty_r_i_7__1
INFO: [Physopt 32-663] Processed net soc_base_inst/axi_split_dbus_i/GEN2.axi_split_write_i/pending_resp_fifo/ram_i/ZTA_CONTROL_bready.  Re-placed instance soc_base_inst/axi_split_dbus_i/GEN2.axi_split_write_i/pending_resp_fifo/ram_i/xpm_memory_sdpram_inst_i_10__15
INFO: [Physopt 32-662] Processed net soc_base_inst/axi_split_dbus_i/GEN2.axi_split_write_i/pending_resp_fifo/ram_i/full_r_i_3__6_n_0.  Did not re-place instance soc_base_inst/axi_split_dbus_i/GEN2.axi_split_write_i/pending_resp_fifo/ram_i/full_r_i_3__6
INFO: [Physopt 32-662] Processed net soc_base_inst/axi_split_dbus_i/GEN2.axi_split_write_i/pending_resp_fifo/ram_i/raddr_r_reg[6].  Did not re-place instance soc_base_inst/axi_split_dbus_i/GEN2.axi_split_write_i/pending_resp_fifo/ram_i/full_r_i_1__8
INFO: [Physopt 32-662] Processed net soc_base_inst/axi_split_dbus_i/GEN2.axi_split_write_i/pending_resp_fifo/full_r_0.  Did not re-place instance soc_base_inst/axi_split_dbus_i/GEN2.axi_split_write_i/pending_resp_fifo/full_r_reg
INFO: [Physopt 32-663] Processed net soc_base_inst/ztachip_inst/dp_1_i/dp0_i/dp_fetch_1_i/fifo_i/readdata1_r_reg[1617]_0[18].  Re-placed instance soc_base_inst/ztachip_inst/dp_1_i/dp0_i/dp_fetch_1_i/fifo_i/task_iregister_auto_r[18]_i_1
INFO: [Physopt 32-662] Processed net soc_base_inst/ztachip_inst/dp_1_i/dp0_i/dp_fetch_1_i/task_iregister_auto_r_reg[27]_0[18].  Did not re-place instance soc_base_inst/ztachip_inst/dp_1_i/dp0_i/dp_fetch_1_i/task_iregister_auto_r_reg[18]
INFO: [Physopt 32-663] Processed net soc_base_inst/ztachip_inst/dp_1_i/dp0_i/dp_fetch_1_i/fifo_i/readdata1_r_reg[1609]_0[0].  Re-placed instance soc_base_inst/ztachip_inst/dp_1_i/dp0_i/dp_fetch_1_i/fifo_i/task_start_addr_r[0]_i_1
INFO: [Physopt 32-662] Processed net soc_base_inst/ztachip_inst/dp_1_i/dp0_i/dp_fetch_1_i/task_start_addr_r_reg[10]_0[0].  Did not re-place instance soc_base_inst/ztachip_inst/dp_1_i/dp0_i/dp_fetch_1_i/task_start_addr_r_reg[0]
INFO: [Physopt 32-663] Processed net soc_base_inst/ztachip_inst/dp_1_i/dp0_i/dp_fetch_1_i/fifo_i/readdata1_r_reg[1617]_0[9].  Re-placed instance soc_base_inst/ztachip_inst/dp_1_i/dp0_i/dp_fetch_1_i/fifo_i/task_iregister_auto_r[9]_i_1
INFO: [Physopt 32-662] Processed net soc_base_inst/ztachip_inst/dp_1_i/dp0_i/dp_fetch_1_i/task_iregister_auto_r_reg[27]_0[9].  Did not re-place instance soc_base_inst/ztachip_inst/dp_1_i/dp0_i/dp_fetch_1_i/task_iregister_auto_r_reg[9]
INFO: [Physopt 32-662] Processed net soc_base_inst/cpu_inst/system_cpu/IBusCachedPlugin_cache/decode_to_execute_RS2_reg[0].  Did not re-place instance soc_base_inst/cpu_inst/system_cpu/IBusCachedPlugin_cache/execute_to_memory_SHIFT_RIGHT[31]_i_5
INFO: [Physopt 32-663] Processed net soc_base_inst/cpu_inst/system_cpu/decode_to_execute_INSTRUCTION_reg_n_0_[7].  Re-placed instance soc_base_inst/cpu_inst/system_cpu/decode_to_execute_INSTRUCTION_reg[7]
INFO: [Physopt 32-663] Processed net soc_base_inst/cpu_inst/system_cpu/dataCache_1/ways_0_data_symbol0_reg_i_27_n_0.  Re-placed instance soc_base_inst/cpu_inst/system_cpu/dataCache_1/ways_0_data_symbol0_reg_i_27
INFO: [Physopt 32-662] Processed net soc_base_inst/cpu_inst/system_cpu/dataCache_1/CsrPlugin_mepc_reg[31][5].  Did not re-place instance soc_base_inst/cpu_inst/system_cpu/dataCache_1/ways_1_tags_reg_i_6
INFO: [Physopt 32-663] Processed net soc_base_inst/cpu_inst/system_cpu/dataCache_1/ways_1_tags_reg_i_35_n_0.  Re-placed instance soc_base_inst/cpu_inst/system_cpu/dataCache_1/ways_1_tags_reg_i_35
INFO: [Physopt 32-663] Processed net soc_base_inst/ztachip_inst/core_i/GEN_CELL[0].cell_i/GEN_REG[1].GEN1.pcore_i/instr_decoder2_i/iregisters_r_reg[4]_8[0].  Re-placed instance soc_base_inst/ztachip_inst/core_i/GEN_CELL[0].cell_i/GEN_REG[1].GEN1.pcore_i/instr_decoder2_i/iregisters_r_reg[4][0]
INFO: [Physopt 32-663] Processed net soc_base_inst/ztachip_inst/dp_1_i/dp0_i/dp_fetch_1_i/fifo_i/readdata1_r_reg[1621]_0[2].  Re-placed instance soc_base_inst/ztachip_inst/dp_1_i/dp0_i/dp_fetch_1_i/fifo_i/task_tid_mask_r[2]_i_1
INFO: [Physopt 32-662] Processed net soc_base_inst/ztachip_inst/dp_1_i/dp0_i/dp_fetch_1_i/task_tid_mask_r_reg[3]_0[2].  Did not re-place instance soc_base_inst/ztachip_inst/dp_1_i/dp0_i/dp_fetch_1_i/task_tid_mask_r_reg[2]
INFO: [Physopt 32-663] Processed net soc_base_inst/ztachip_inst/dp_1_i/dp0_i/dp_fetch_1_i/fifo_i/readdata1_r_reg[1623]_0[1].  Re-placed instance soc_base_inst/ztachip_inst/dp_1_i/dp0_i/dp_fetch_1_i/fifo_i/task_data_model_r[1]_i_1
INFO: [Physopt 32-662] Processed net soc_base_inst/ztachip_inst/dp_1_i/dp0_i/dp_fetch_1_i/task_data_model_r_reg[1]_0[1].  Did not re-place instance soc_base_inst/ztachip_inst/dp_1_i/dp0_i/dp_fetch_1_i/task_data_model_r_reg[1]
INFO: [Physopt 32-663] Processed net soc_base_inst/ztachip_inst/GEN1.fpu_i/Y_fifo_i/ram_i/Y_r[28]_i_3_n_0.  Re-placed instance soc_base_inst/ztachip_inst/GEN1.fpu_i/Y_fifo_i/ram_i/Y_r[28]_i_3
INFO: [Physopt 32-663] Processed net soc_base_inst/ztachip_inst/GEN1.fpu_i/Y_fifo_i/ram_i/Y_r[29]_i_8_n_0.  Re-placed instance soc_base_inst/ztachip_inst/GEN1.fpu_i/Y_fifo_i/ram_i/Y_r[29]_i_8
INFO: [Physopt 32-662] Processed net soc_base_inst/axi_split_dbus_i/GEN2.axi_split_write_i/write_fifo_i/GEN2.slave_data_fifo/full_r_i_8__4_n_0.  Did not re-place instance soc_base_inst/axi_split_dbus_i/GEN2.axi_split_write_i/write_fifo_i/GEN2.slave_data_fifo/full_r_i_8__4
INFO: [Physopt 32-662] Processed net soc_base_inst/ztachip_inst/GEN1.fpu_i/Y_fifo_i/ram_i/Y_r[25]_i_9_n_0.  Did not re-place instance soc_base_inst/ztachip_inst/GEN1.fpu_i/Y_fifo_i/ram_i/Y_r[25]_i_9
INFO: [Physopt 32-662] Processed net soc_base_inst/axi_split_dbus_i/GEN2.axi_split_write_i/write_fifo_i/GEN2.slave_data_fifo/full_r_i_1__7_n_0.  Did not re-place instance soc_base_inst/axi_split_dbus_i/GEN2.axi_split_write_i/write_fifo_i/GEN2.slave_data_fifo/full_r_i_1__7
INFO: [Physopt 32-663] Processed net soc_base_inst/axi_split_dbus_i/GEN2.axi_split_write_i/write_fifo_i/GEN2.slave_data_fifo/full_r_i_3__5_n_0.  Re-placed instance soc_base_inst/axi_split_dbus_i/GEN2.axi_split_write_i/write_fifo_i/GEN2.slave_data_fifo/full_r_i_3__5
INFO: [Physopt 32-662] Processed net soc_base_inst/ztachip_inst/GEN1.fpu_i/Y_fifo_i/ram_i/Y_r[27]_i_3__0_n_0.  Did not re-place instance soc_base_inst/ztachip_inst/GEN1.fpu_i/Y_fifo_i/ram_i/Y_r[27]_i_3__0
INFO: [Physopt 32-662] Processed net soc_base_inst/ztachip_inst/GEN1.fpu_i/Y_fifo_i/ram_i/Y_r[27]_i_5__0_n_0.  Did not re-place instance soc_base_inst/ztachip_inst/GEN1.fpu_i/Y_fifo_i/ram_i/Y_r[27]_i_5__0
INFO: [Physopt 32-663] Processed net soc_base_inst/ztachip_inst/GEN1.fpu_i/Y_fifo_i/ram_i/Y_r[28]_i_6__0_n_0.  Re-placed instance soc_base_inst/ztachip_inst/GEN1.fpu_i/Y_fifo_i/ram_i/Y_r[28]_i_6__0
INFO: [Physopt 32-662] Processed net soc_base_inst/ztachip_inst/GEN1.fpu_i/Y_fifo_i/ram_i/gen_wr_a.gen_word_narrow.mem_reg_0[27].  Did not re-place instance soc_base_inst/ztachip_inst/GEN1.fpu_i/Y_fifo_i/ram_i/Y_r[27]_i_1__0
INFO: [Physopt 32-662] Processed net soc_base_inst/ztachip_inst/GEN1.fpu_i/falu_vector_i/GEN_FPU[1].falu_core_i/Y_r[27].  Did not re-place instance soc_base_inst/ztachip_inst/GEN1.fpu_i/falu_vector_i/GEN_FPU[1].falu_core_i/Y_r_reg[27]
INFO: [Physopt 32-662] Processed net soc_base_inst/axi_split_dbus_i/GEN2.axi_split_write_i/write_fifo_i/GEN2.slave_data_fifo/full_r_reg_0.  Did not re-place instance soc_base_inst/axi_split_dbus_i/GEN2.axi_split_write_i/write_fifo_i/GEN2.slave_data_fifo/full_r_reg
INFO: [Physopt 32-662] Processed net soc_base_inst/ztachip_inst/dp_1_i/dp0_i/dp_gen_core_i/dp_gen_primary_i/gen_src_valid_1[0].  Did not re-place instance soc_base_inst/ztachip_inst/dp_1_i/dp0_i/dp_gen_core_i/dp_gen_primary_i/gen_valid_r_reg[0]
INFO: [Physopt 32-663] Processed net soc_base_inst/ztachip_inst/dp_1_i/dp0_i/dp_gen_core_i/dp_gen_secondary_i/s_i1_r[0].  Re-placed instance soc_base_inst/ztachip_inst/dp_1_i/dp0_i/dp_gen_core_i/dp_gen_secondary_i/s_i1_count_r[25]_i_1__0
INFO: [Physopt 32-663] Processed net soc_base_inst/ztachip_inst/dp_1_i/dp0_i/dp_gen_core_i/dp_gen_primary_i/gen_valid_r_reg[0]_0.  Re-placed instance soc_base_inst/ztachip_inst/dp_1_i/dp0_i/dp_gen_core_i/dp_gen_primary_i/dp_src_bus_id_rr[1]_i_8
INFO: [Physopt 32-662] Processed net soc_base_inst/ztachip_inst/dp_1_i/dp0_i/dp_gen_core_i/dp_gen_primary_i/gen_valid_r_reg[2]_1.  Did not re-place instance soc_base_inst/ztachip_inst/dp_1_i/dp0_i/dp_gen_core_i/dp_gen_primary_i/dp_src_bus_id_rr[1]_i_1__0
INFO: [Physopt 32-663] Processed net soc_base_inst/ztachip_inst/dp_1_i/dp0_i/dp_gen_core_i/dp_gen_primary_i/read_burstlen_r[3]_i_9_n_0.  Re-placed instance soc_base_inst/ztachip_inst/dp_1_i/dp0_i/dp_gen_core_i/dp_gen_primary_i/read_burstlen_r[3]_i_9
INFO: [Physopt 32-662] Processed net soc_base_inst/ztachip_inst/core_i/readmaster1_wait_request_in.  Did not re-place instance soc_base_inst/ztachip_inst/core_i/dp_src_bus_id_rr[1]_i_7
INFO: [Physopt 32-662] Processed net soc_base_inst/ztachip_inst/dp_1_i/dp0_i/dp_gen_core_i/dp_gen_primary_i/read_pause_burstlen_r[3]_i_7_n_0.  Did not re-place instance soc_base_inst/ztachip_inst/dp_1_i/dp0_i/dp_gen_core_i/dp_gen_primary_i/read_pause_burstlen_r[3]_i_7
INFO: [Physopt 32-663] Processed net soc_base_inst/ztachip_inst/dp_1_i/dp0_i/dp_gen_core_i/dp_gen_primary_i/gen_busy_dest_r_reg_0.  Re-placed instance soc_base_inst/ztachip_inst/dp_1_i/dp0_i/dp_gen_core_i/dp_gen_primary_i/dp_read_r_i_3
INFO: [Physopt 32-663] Processed net soc_base_inst/ztachip_inst/dp_1_i/dp0_i/dp_gen_core_i/dp_gen_primary_i/gen_waitreq_out.  Re-placed instance soc_base_inst/ztachip_inst/dp_1_i/dp0_i/dp_gen_core_i/dp_gen_primary_i/dp_src_bus_id_rr[1]_i_3
INFO: [Physopt 32-663] Processed net soc_base_inst/ztachip_inst/dp_1_i/dp0_i/dp_gen_core_i/dp_gen_primary_i/instruction_valid_rr_reg[1].  Re-placed instance soc_base_inst/ztachip_inst/dp_1_i/dp0_i/dp_gen_core_i/dp_gen_primary_i/s_i1_count_r[25]_i_3__0
INFO: [Physopt 32-662] Processed net soc_base_inst/ztachip_inst/dp_1_i/dp0_i/dp_gen_core_i/dp_gen_primary_i/read_pause_burstlen_r[3]_i_15_n_0.  Did not re-place instance soc_base_inst/ztachip_inst/dp_1_i/dp0_i/dp_gen_core_i/dp_gen_primary_i/read_pause_burstlen_r[3]_i_15
INFO: [Physopt 32-663] Processed net soc_base_inst/ztachip_inst/dp_1_i/dp0_i/dp_gen_core_i/dp_gen_primary_i/read_pause_burstlen_r[3]_i_9_n_0.  Re-placed instance soc_base_inst/ztachip_inst/dp_1_i/dp0_i/dp_gen_core_i/dp_gen_primary_i/read_pause_burstlen_r[3]_i_9
INFO: [Physopt 32-663] Processed net soc_base_inst/ztachip_inst/dp_1_i/dp0_i/dp_gen_core_i/dp_gen_secondary_i/eof_r0_out.  Re-placed instance soc_base_inst/ztachip_inst/dp_1_i/dp0_i/dp_gen_core_i/dp_gen_secondary_i/i__i_2__0
INFO: [Physopt 32-662] Processed net soc_base_inst/ztachip_inst/dp_1_i/dp0_i/dp_gen_core_i/dp_gen_secondary_i/i__n_0.  Did not re-place instance soc_base_inst/ztachip_inst/dp_1_i/dp0_i/dp_gen_core_i/dp_gen_secondary_i/i_
INFO: [Physopt 32-662] Processed net soc_base_inst/ztachip_inst/dp_1_i/dp0_i/dp_gen_core_i/dp_gen_secondary_i/eof_r__0.  Did not re-place instance soc_base_inst/ztachip_inst/dp_1_i/dp0_i/dp_gen_core_i/dp_gen_secondary_i/eof_r_reg
INFO: [Physopt 32-662] Processed net soc_base_inst/cpu_inst/system_cpu/dataCache_1/CsrPlugin_mepc_reg[31][1].  Did not re-place instance soc_base_inst/cpu_inst/system_cpu/dataCache_1/banks_1_reg_i_2
INFO: [Physopt 32-663] Processed net soc_base_inst/cpu_inst/system_cpu/dataCache_1/banks_1_reg_i_8_n_0.  Re-placed instance soc_base_inst/cpu_inst/system_cpu/dataCache_1/banks_1_reg_i_8
INFO: [Physopt 32-663] Processed net soc_base_inst/axi_split_dbus_i/GEN2.axi_split_write_i/write_fifo_i/GEN2.slave_data_fifo/empty_r_i_5__3_n_0.  Re-placed instance soc_base_inst/axi_split_dbus_i/GEN2.axi_split_write_i/write_fifo_i/GEN2.slave_data_fifo/empty_r_i_5__3
INFO: [Physopt 32-662] Processed net soc_base_inst/axi_split_dbus_i/GEN2.axi_split_write_i/pending_resp_fifo/ram_i/D[2].  Did not re-place instance soc_base_inst/axi_split_dbus_i/GEN2.axi_split_write_i/pending_resp_fifo/ram_i/raddr_r[2]_i_1__3
INFO: [Physopt 32-662] Processed net soc_base_inst/axi_split_dbus_i/GEN2.axi_split_write_i/pending_resp_fifo/ram_i/raddr_r[2]_i_2__1_n_0.  Did not re-place instance soc_base_inst/axi_split_dbus_i/GEN2.axi_split_write_i/pending_resp_fifo/ram_i/raddr_r[2]_i_2__1
INFO: [Physopt 32-663] Processed net soc_base_inst/TCM_i/TCM_write_i/aximaster0_bvalid_in.  Re-placed instance soc_base_inst/TCM_i/TCM_write_i/raddr_r[2]_i_5
INFO: [Physopt 32-662] Processed net soc_base_inst/axi_split_dbus_i/GEN2.axi_split_write_i/pending_resp_fifo/ram_i/full_r_i_10__2_n_0.  Did not re-place instance soc_base_inst/axi_split_dbus_i/GEN2.axi_split_write_i/pending_resp_fifo/ram_i/full_r_i_10__2
INFO: [Physopt 32-663] Processed net soc_base_inst/axi_split_dbus_i/GEN2.axi_split_write_i/pending_resp_fifo/ram_i/full_r_i_6__6_n_0.  Re-placed instance soc_base_inst/axi_split_dbus_i/GEN2.axi_split_write_i/pending_resp_fifo/ram_i/full_r_i_6__6
INFO: [Physopt 32-663] Processed net soc_base_inst/axi_split_dbus_i/GEN2.axi_split_write_i/pending_data_fifo/ram_i/raddr_r[5]_i_2_n_0.  Re-placed instance soc_base_inst/axi_split_dbus_i/GEN2.axi_split_write_i/pending_data_fifo/ram_i/raddr_r[5]_i_2
INFO: [Physopt 32-662] Processed net soc_base_inst/axi_split_dbus_i/GEN2.axi_split_write_i/pending_data_fifo/ram_i/D[5].  Did not re-place instance soc_base_inst/axi_split_dbus_i/GEN2.axi_split_write_i/pending_data_fifo/ram_i/raddr_r[5]_i_1
INFO: [Physopt 32-662] Processed net soc_base_inst/axi_split_dbus_i/GEN2.axi_split_write_i/pending_data_fifo/ram_i/full_r_i_3__4_n_0.  Did not re-place instance soc_base_inst/axi_split_dbus_i/GEN2.axi_split_write_i/pending_data_fifo/ram_i/full_r_i_3__4
INFO: [Physopt 32-662] Processed net soc_base_inst/axi_split_dbus_i/GEN2.axi_split_write_i/write_fifo_i/GEN2.slave_data_fifo/empty_r_i_3__12_n_0.  Did not re-place instance soc_base_inst/axi_split_dbus_i/GEN2.axi_split_write_i/write_fifo_i/GEN2.slave_data_fifo/empty_r_i_3__12
INFO: [Physopt 32-663] Processed net soc_base_inst/axi_split_dbus_i/GEN2.axi_split_write_i/write_fifo_i/GEN2.slave_data_fifo/full_r_i_2__4_n_0.  Re-placed instance soc_base_inst/axi_split_dbus_i/GEN2.axi_split_write_i/write_fifo_i/GEN2.slave_data_fifo/full_r_i_2__4
INFO: [Physopt 32-663] Processed net soc_base_inst/ztachip_inst/dp_1_i/dp0_i/dp_gen_core_i/dp_gen_primary_i/gen_eof_r_reg_1.  Re-placed instance soc_base_inst/ztachip_inst/dp_1_i/dp0_i/dp_gen_core_i/dp_gen_primary_i/xpm_memory_sdpram_inst_i_321__1
INFO: [Physopt 32-662] Processed net soc_base_inst/ztachip_inst/dp_1_i/dp0_i/dp_gen_core_i/dp_gen_secondary_i/gen_src_eof_2.  Did not re-place instance soc_base_inst/ztachip_inst/dp_1_i/dp0_i/dp_gen_core_i/dp_gen_secondary_i/gen_eof_r_reg
INFO: [Physopt 32-662] Processed net soc_base_inst/cpu_inst/system_cpu/dataCache_1/CsrPlugin_mepc_reg[31][8].  Did not re-place instance soc_base_inst/cpu_inst/system_cpu/dataCache_1/ways_1_tags_reg_i_3
INFO: [Physopt 32-663] Processed net soc_base_inst/cpu_inst/system_cpu/dataCache_1/ways_1_tags_reg_i_26_n_0.  Re-placed instance soc_base_inst/cpu_inst/system_cpu/dataCache_1/ways_1_tags_reg_i_26
INFO: [Physopt 32-662] Processed net soc_base_inst/axi_split_dbus_i/GEN2.axi_split_write_i/pending_resp_fifo/raddr_r_reg[7]_0[1].  Did not re-place instance soc_base_inst/axi_split_dbus_i/GEN2.axi_split_write_i/pending_resp_fifo/raddr_r_reg[7]
INFO: [Physopt 32-662] Processed net soc_base_inst/cpu_inst/system_cpu/decode_to_execute_SRC1_CTRL[0].  Did not re-place instance soc_base_inst/cpu_inst/system_cpu/decode_to_execute_SRC1_CTRL_reg[0]
INFO: [Physopt 32-663] Processed net soc_base_inst/ztachip_inst/dp_1_i/dp0_i/dp_fetch_1_i/fifo_i/readdata1_r_reg[1617]_0[14].  Re-placed instance soc_base_inst/ztachip_inst/dp_1_i/dp0_i/dp_fetch_1_i/fifo_i/task_iregister_auto_r[14]_i_1
INFO: [Physopt 32-662] Processed net soc_base_inst/ztachip_inst/dp_1_i/dp0_i/dp_fetch_1_i/task_iregister_auto_r_reg[27]_0[14].  Did not re-place instance soc_base_inst/ztachip_inst/dp_1_i/dp0_i/dp_fetch_1_i/task_iregister_auto_r_reg[14]
INFO: [Physopt 32-662] Processed net soc_base_inst/ztachip_inst/axilite_i/Q[5].  Did not re-place instance soc_base_inst/ztachip_inst/axilite_i/bus_waddr_r_reg[7]
INFO: [Physopt 32-663] Processed net soc_base_inst/ztachip_inst/axilite_i/addrb[0].  Re-placed instance soc_base_inst/ztachip_inst/axilite_i/xpm_memory_sdpram_inst_i_425
INFO: [Physopt 32-661] Optimized 83 nets.  Re-placed 83 instances.
INFO: [Physopt 32-775] End 1 Pass. Optimized 83 nets or cells. Created 0 new cell, deleted 0 existing cell and moved 83 existing cells
INFO: [Physopt 32-619] Estimated Timing Summary | WNS=0.000 | TNS=0.000 |
Netlist sorting complete. Time (s): cpu = 00:00:00.04 ; elapsed = 00:00:00.01 . Memory (MB): peak = 3808.156 ; gain = 0.000 ; free physical = 5736 ; free virtual = 12310
Phase 4 Single Cell Placement Optimization | Checksum: 13f4c6071

Time (s): cpu = 00:00:42 ; elapsed = 00:00:11 . Memory (MB): peak = 3808.156 ; gain = 0.000 ; free physical = 5737 ; free virtual = 12311

Phase 5 Multi Cell Placement Optimization
INFO: [Physopt 32-661] Optimized 0 net.  Re-placed 0 instance.
INFO: [Physopt 32-775] End 1 Pass. Optimized 0 net or cell. Created 0 new cell, deleted 0 existing cell and moved 0 existing cell
Phase 5 Multi Cell Placement Optimization | Checksum: 13f4c6071

Time (s): cpu = 00:00:43 ; elapsed = 00:00:12 . Memory (MB): peak = 3808.156 ; gain = 0.000 ; free physical = 5737 ; free virtual = 12311

Phase 6 Rewire
INFO: [Physopt 32-246] Starting Signal Push optimization...
INFO: [Physopt 32-241] No nets found for rewiring () optimization.
INFO: [Physopt 32-232] Optimized 0 net. Created 0 new instance.
INFO: [Physopt 32-775] End 1 Pass. Optimized 0 net or cell. Created 0 new cell, deleted 0 existing cell and moved 0 existing cell
Netlist sorting complete. Time (s): cpu = 00:00:00.02 ; elapsed = 00:00:00.01 . Memory (MB): peak = 3808.156 ; gain = 0.000 ; free physical = 5737 ; free virtual = 12311
Phase 6 Rewire | Checksum: 13f4c6071

Time (s): cpu = 00:00:43 ; elapsed = 00:00:12 . Memory (MB): peak = 3808.156 ; gain = 0.000 ; free physical = 5737 ; free virtual = 12311

Phase 7 Critical Cell Optimization
INFO: [Physopt 32-68] No nets found for critical-cell optimization.
INFO: [Physopt 32-232] Optimized 0 net. Created 0 new instance.
INFO: [Physopt 32-775] End 1 Pass. Optimized 0 net or cell. Created 0 new cell, deleted 0 existing cell and moved 0 existing cell
Phase 7 Critical Cell Optimization | Checksum: 13f4c6071

Time (s): cpu = 00:00:43 ; elapsed = 00:00:12 . Memory (MB): peak = 3808.156 ; gain = 0.000 ; free physical = 5737 ; free virtual = 12312

Phase 8 Fanout Optimization
INFO: [Physopt 32-64] No nets found for fanout-optimization.
INFO: [Physopt 32-232] Optimized 0 net. Created 0 new instance.
INFO: [Physopt 32-775] End 1 Pass. Optimized 0 net or cell. Created 0 new cell, deleted 0 existing cell and moved 0 existing cell
Phase 8 Fanout Optimization | Checksum: 13f4c6071

Time (s): cpu = 00:00:43 ; elapsed = 00:00:12 . Memory (MB): peak = 3808.156 ; gain = 0.000 ; free physical = 5737 ; free virtual = 12312

Phase 9 Single Cell Placement Optimization
INFO: [Physopt 32-661] Optimized 0 net.  Re-placed 0 instance.
INFO: [Physopt 32-775] End 1 Pass. Optimized 0 net or cell. Created 0 new cell, deleted 0 existing cell and moved 0 existing cell
Phase 9 Single Cell Placement Optimization | Checksum: 13f4c6071

Time (s): cpu = 00:00:43 ; elapsed = 00:00:13 . Memory (MB): peak = 3808.156 ; gain = 0.000 ; free physical = 5737 ; free virtual = 12312

Phase 10 Multi Cell Placement Optimization
INFO: [Physopt 32-661] Optimized 0 net.  Re-placed 0 instance.
INFO: [Physopt 32-775] End 1 Pass. Optimized 0 net or cell. Created 0 new cell, deleted 0 existing cell and moved 0 existing cell
Phase 10 Multi Cell Placement Optimization | Checksum: 13f4c6071

Time (s): cpu = 00:00:44 ; elapsed = 00:00:13 . Memory (MB): peak = 3808.156 ; gain = 0.000 ; free physical = 5737 ; free virtual = 12312

Phase 11 Rewire
INFO: [Physopt 32-246] Starting Signal Push optimization...
INFO: [Physopt 32-241] No nets found for rewiring () optimization.
INFO: [Physopt 32-232] Optimized 0 net. Created 0 new instance.
INFO: [Physopt 32-775] End 1 Pass. Optimized 0 net or cell. Created 0 new cell, deleted 0 existing cell and moved 0 existing cell
Netlist sorting complete. Time (s): cpu = 00:00:00.01 ; elapsed = 00:00:00.01 . Memory (MB): peak = 3808.156 ; gain = 0.000 ; free physical = 5738 ; free virtual = 12312
Phase 11 Rewire | Checksum: 13f4c6071

Time (s): cpu = 00:00:44 ; elapsed = 00:00:13 . Memory (MB): peak = 3808.156 ; gain = 0.000 ; free physical = 5738 ; free virtual = 12312

Phase 12 Critical Cell Optimization
INFO: [Physopt 32-68] No nets found for critical-cell optimization.
INFO: [Physopt 32-232] Optimized 0 net. Created 0 new instance.
INFO: [Physopt 32-775] End 1 Pass. Optimized 0 net or cell. Created 0 new cell, deleted 0 existing cell and moved 0 existing cell
Phase 12 Critical Cell Optimization | Checksum: 13f4c6071

Time (s): cpu = 00:00:44 ; elapsed = 00:00:13 . Memory (MB): peak = 3808.156 ; gain = 0.000 ; free physical = 5737 ; free virtual = 12312

Phase 13 SLR Crossing Optimization
Phase 13 SLR Crossing Optimization | Checksum: 13f4c6071

Time (s): cpu = 00:00:44 ; elapsed = 00:00:13 . Memory (MB): peak = 3808.156 ; gain = 0.000 ; free physical = 5737 ; free virtual = 12312

Phase 14 Fanout Optimization
INFO: [Physopt 32-64] No nets found for fanout-optimization.
INFO: [Physopt 32-232] Optimized 0 net. Created 0 new instance.
INFO: [Physopt 32-775] End 1 Pass. Optimized 0 net or cell. Created 0 new cell, deleted 0 existing cell and moved 0 existing cell
Phase 14 Fanout Optimization | Checksum: 13f4c6071

Time (s): cpu = 00:00:44 ; elapsed = 00:00:13 . Memory (MB): peak = 3808.156 ; gain = 0.000 ; free physical = 5737 ; free virtual = 12312

Phase 15 Single Cell Placement Optimization
INFO: [Physopt 32-661] Optimized 0 net.  Re-placed 0 instance.
INFO: [Physopt 32-775] End 1 Pass. Optimized 0 net or cell. Created 0 new cell, deleted 0 existing cell and moved 0 existing cell
Phase 15 Single Cell Placement Optimization | Checksum: 13f4c6071

Time (s): cpu = 00:00:45 ; elapsed = 00:00:14 . Memory (MB): peak = 3808.156 ; gain = 0.000 ; free physical = 5737 ; free virtual = 12312

Phase 16 Multi Cell Placement Optimization
INFO: [Physopt 32-661] Optimized 0 net.  Re-placed 0 instance.
INFO: [Physopt 32-775] End 1 Pass. Optimized 0 net or cell. Created 0 new cell, deleted 0 existing cell and moved 0 existing cell
Phase 16 Multi Cell Placement Optimization | Checksum: 13f4c6071

Time (s): cpu = 00:00:45 ; elapsed = 00:00:14 . Memory (MB): peak = 3808.156 ; gain = 0.000 ; free physical = 5737 ; free virtual = 12312

Phase 17 Rewire
INFO: [Physopt 32-246] Starting Signal Push optimization...
INFO: [Physopt 32-241] No nets found for rewiring () optimization.
INFO: [Physopt 32-232] Optimized 0 net. Created 0 new instance.
INFO: [Physopt 32-775] End 1 Pass. Optimized 0 net or cell. Created 0 new cell, deleted 0 existing cell and moved 0 existing cell
Netlist sorting complete. Time (s): cpu = 00:00:00.01 ; elapsed = 00:00:00.02 . Memory (MB): peak = 3808.156 ; gain = 0.000 ; free physical = 5737 ; free virtual = 12312
Phase 17 Rewire | Checksum: 13f4c6071

Time (s): cpu = 00:00:45 ; elapsed = 00:00:14 . Memory (MB): peak = 3808.156 ; gain = 0.000 ; free physical = 5737 ; free virtual = 12312

Phase 18 Critical Cell Optimization
INFO: [Physopt 32-68] No nets found for critical-cell optimization.
INFO: [Physopt 32-232] Optimized 0 net. Created 0 new instance.
INFO: [Physopt 32-775] End 1 Pass. Optimized 0 net or cell. Created 0 new cell, deleted 0 existing cell and moved 0 existing cell
Phase 18 Critical Cell Optimization | Checksum: 13f4c6071

Time (s): cpu = 00:00:45 ; elapsed = 00:00:15 . Memory (MB): peak = 3808.156 ; gain = 0.000 ; free physical = 5737 ; free virtual = 12312

Phase 19 DSP Register Optimization
INFO: [Physopt 32-456] No candidate cells for DSP register optimization found in the design.
INFO: [Physopt 32-775] End 1 Pass. Optimized 0 net or cell. Created 0 new cell, deleted 0 existing cell and moved 0 existing cell
Phase 19 DSP Register Optimization | Checksum: 13f4c6071

Time (s): cpu = 00:00:46 ; elapsed = 00:00:15 . Memory (MB): peak = 3808.156 ; gain = 0.000 ; free physical = 5737 ; free virtual = 12312

Phase 20 BRAM Register Optimization
INFO: [Physopt 32-526] No candidate cells for BRAM register optimization found in the design
INFO: [Physopt 32-775] End 1 Pass. Optimized 0 net or cell. Created 0 new cell, deleted 0 existing cell and moved 0 existing cell
Phase 20 BRAM Register Optimization | Checksum: 13f4c6071

Time (s): cpu = 00:00:46 ; elapsed = 00:00:15 . Memory (MB): peak = 3808.156 ; gain = 0.000 ; free physical = 5737 ; free virtual = 12312

Phase 21 URAM Register Optimization
INFO: [Physopt 32-846] No candidate cells for URAM register optimization found in the design
INFO: [Physopt 32-775] End 1 Pass. Optimized 0 net or cell. Created 0 new cell, deleted 0 existing cell and moved 0 existing cell
INFO: [Physopt 32-846] No candidate cells for URAM register optimization found in the design
INFO: [Physopt 32-775] End 1 Pass. Optimized 0 net or cell. Created 0 new cell, deleted 0 existing cell and moved 0 existing cell
Phase 21 URAM Register Optimization | Checksum: 13f4c6071

Time (s): cpu = 00:00:46 ; elapsed = 00:00:15 . Memory (MB): peak = 3808.156 ; gain = 0.000 ; free physical = 5737 ; free virtual = 12312

Phase 22 Shift Register Optimization
INFO: [Physopt 32-1401] No candidate cells found for Shift Register optimization.
INFO: [Physopt 32-677] No candidate cells for Shift Register optimization found in the design
INFO: [Physopt 32-775] End 1 Pass. Optimized 0 net or cell. Created 0 new cell, deleted 0 existing cell and moved 0 existing cell
Phase 22 Shift Register Optimization | Checksum: 13f4c6071

Time (s): cpu = 00:00:46 ; elapsed = 00:00:15 . Memory (MB): peak = 3808.156 ; gain = 0.000 ; free physical = 5737 ; free virtual = 12312

Phase 23 DSP Register Optimization
INFO: [Physopt 32-456] No candidate cells for DSP register optimization found in the design.
INFO: [Physopt 32-775] End 1 Pass. Optimized 0 net or cell. Created 0 new cell, deleted 0 existing cell and moved 0 existing cell
Phase 23 DSP Register Optimization | Checksum: 13f4c6071

Time (s): cpu = 00:00:46 ; elapsed = 00:00:15 . Memory (MB): peak = 3808.156 ; gain = 0.000 ; free physical = 5737 ; free virtual = 12312

Phase 24 BRAM Register Optimization
INFO: [Physopt 32-526] No candidate cells for BRAM register optimization found in the design
INFO: [Physopt 32-775] End 1 Pass. Optimized 0 net or cell. Created 0 new cell, deleted 0 existing cell and moved 0 existing cell
Phase 24 BRAM Register Optimization | Checksum: 13f4c6071

Time (s): cpu = 00:00:46 ; elapsed = 00:00:15 . Memory (MB): peak = 3808.156 ; gain = 0.000 ; free physical = 5737 ; free virtual = 12312

Phase 25 URAM Register Optimization
INFO: [Physopt 32-846] No candidate cells for URAM register optimization found in the design
INFO: [Physopt 32-775] End 1 Pass. Optimized 0 net or cell. Created 0 new cell, deleted 0 existing cell and moved 0 existing cell
INFO: [Physopt 32-846] No candidate cells for URAM register optimization found in the design
INFO: [Physopt 32-775] End 1 Pass. Optimized 0 net or cell. Created 0 new cell, deleted 0 existing cell and moved 0 existing cell
Phase 25 URAM Register Optimization | Checksum: 13f4c6071

Time (s): cpu = 00:00:46 ; elapsed = 00:00:15 . Memory (MB): peak = 3808.156 ; gain = 0.000 ; free physical = 5737 ; free virtual = 12312

Phase 26 Shift Register Optimization
INFO: [Physopt 32-1401] No candidate cells found for Shift Register optimization.
INFO: [Physopt 32-677] No candidate cells for Shift Register optimization found in the design
INFO: [Physopt 32-775] End 1 Pass. Optimized 0 net or cell. Created 0 new cell, deleted 0 existing cell and moved 0 existing cell
Phase 26 Shift Register Optimization | Checksum: 13f4c6071

Time (s): cpu = 00:00:46 ; elapsed = 00:00:15 . Memory (MB): peak = 3808.156 ; gain = 0.000 ; free physical = 5737 ; free virtual = 12312

Phase 27 Critical Pin Optimization
INFO: [Physopt 32-607] No candidate nets found for critical-pin optimization.
INFO: [Physopt 32-608] Optimized 0 net.  Swapped 0 pin.
INFO: [Physopt 32-775] End 1 Pass. Optimized 0 net or cell. Created 0 new cell, deleted 0 existing cell and moved 0 existing cell
Phase 27 Critical Pin Optimization | Checksum: 13f4c6071

Time (s): cpu = 00:00:46 ; elapsed = 00:00:15 . Memory (MB): peak = 3808.156 ; gain = 0.000 ; free physical = 5737 ; free virtual = 12312

Phase 28 Very High Fanout Optimization
INFO: [Physopt 32-1408] Pass 1. Identified 5 candidate nets for high-fanout optimization.
INFO: [Physopt 32-81] Processed net soc_base_inst/ztachip_inst/dp_1_i/dp0_i/dp_fetch_1_i/fifo_i/rdreq2_r_i_2_n_0. Replicated 5 times.
INFO: [Physopt 32-81] Processed net soc_base_inst/ztachip_inst/dp_1_i/dp0_i/dp_gen_core_i/dp_gen_primary_i/dp_src_bus_id_rr[1]_i_1_n_0. Replicated 1 times.
INFO: [Physopt 32-572] Net soc_base_inst/ztachip_inst/dp_1_i/dp0_i/dp_gen_core_i/dp_gen_primary_i/gen_valid_r_reg[2]_1 was not replicated.
Resolution: phys_opt_design can be forced to replicate a net driver using the option -force_replication_on_nets <list of net objects>.
INFO: [Physopt 32-572] Net soc_base_inst/ztachip_inst/dp_1_i/dp0_i/dp_fetch_1_i/fifo_i/GEN1.fifo_i/writeready_out was not replicated.
Resolution: phys_opt_design can be forced to replicate a net driver using the option -force_replication_on_nets <list of net objects>.
INFO: [Physopt 32-232] Optimized 2 nets. Created 6 new instances.
INFO: [Physopt 32-775] End 1 Pass. Optimized 2 nets or cells. Created 6 new cells, deleted 0 existing cell and moved 0 existing cell
INFO: [Physopt 32-619] Estimated Timing Summary | WNS=0.000 | TNS=0.000 |
Netlist sorting complete. Time (s): cpu = 00:00:00.06 ; elapsed = 00:00:00.06 . Memory (MB): peak = 3808.156 ; gain = 0.000 ; free physical = 5738 ; free virtual = 12312
Phase 28 Very High Fanout Optimization | Checksum: 1b52c2641

Time (s): cpu = 00:01:00 ; elapsed = 00:00:18 . Memory (MB): peak = 3808.156 ; gain = 0.000 ; free physical = 5738 ; free virtual = 12312

Phase 29 Single Cell Placement Optimization
INFO: [Physopt 32-661] Optimized 0 net.  Re-placed 0 instance.
INFO: [Physopt 32-775] End 1 Pass. Optimized 0 net or cell. Created 0 new cell, deleted 0 existing cell and moved 0 existing cell
Phase 29 Single Cell Placement Optimization | Checksum: 1b52c2641

Time (s): cpu = 00:01:01 ; elapsed = 00:00:19 . Memory (MB): peak = 3808.156 ; gain = 0.000 ; free physical = 5737 ; free virtual = 12312

Phase 30 Multi Cell Placement Optimization
INFO: [Physopt 32-661] Optimized 0 net.  Re-placed 0 instance.
INFO: [Physopt 32-775] End 1 Pass. Optimized 0 net or cell. Created 0 new cell, deleted 0 existing cell and moved 0 existing cell
Phase 30 Multi Cell Placement Optimization | Checksum: 1b52c2641

Time (s): cpu = 00:01:01 ; elapsed = 00:00:19 . Memory (MB): peak = 3808.156 ; gain = 0.000 ; free physical = 5737 ; free virtual = 12312

Phase 31 SLR Crossing Optimization
Phase 31 SLR Crossing Optimization | Checksum: 1b52c2641

Time (s): cpu = 00:01:01 ; elapsed = 00:00:19 . Memory (MB): peak = 3808.156 ; gain = 0.000 ; free physical = 5737 ; free virtual = 12312

Phase 32 Critical Path Optimization
INFO: [Physopt 32-619] Estimated Timing Summary | WNS=0.000 | TNS=0.000 |
INFO: [Physopt 32-619] Estimated Timing Summary | WNS=0.000 | TNS=0.000 |
Netlist sorting complete. Time (s): cpu = 00:00:00.02 ; elapsed = 00:00:00.02 . Memory (MB): peak = 3808.156 ; gain = 0.000 ; free physical = 5737 ; free virtual = 12312
Phase 32 Critical Path Optimization | Checksum: 1b52c2641

Time (s): cpu = 00:01:02 ; elapsed = 00:00:19 . Memory (MB): peak = 3808.156 ; gain = 0.000 ; free physical = 5737 ; free virtual = 12312

Phase 33 BRAM Enable Optimization
Phase 33 BRAM Enable Optimization | Checksum: 1b52c2641

Time (s): cpu = 00:01:02 ; elapsed = 00:00:19 . Memory (MB): peak = 3808.156 ; gain = 0.000 ; free physical = 5737 ; free virtual = 12312
INFO: [Physopt 32-960] Skip hold-fix as initial WHS does not violate hold threshold 250 ps
Netlist sorting complete. Time (s): cpu = 00:00:00.02 ; elapsed = 00:00:00.01 . Memory (MB): peak = 3808.156 ; gain = 0.000 ; free physical = 5737 ; free virtual = 12312
INFO: [Physopt 32-603] Post Physical Optimization Timing Summary | WNS=0.000 | TNS=0.000 |

Summary of Physical Synthesis Optimizations
============================================


----------------------------------------------------------------------------------------------------------------------------------------------------------------------
|  Optimization            |  WNS Gain (ns)  |  TNS Gain (ns)  |  Added Cells  |  Removed Cells  |  Optimized Cells/Nets  |  Dont Touch  |  Iterations  |  Elapsed   |
----------------------------------------------------------------------------------------------------------------------------------------------------------------------
|  Fanout                  |          0.000  |          0.045  |            3  |              0  |                     2  |           0  |           3  |  00:00:01  |
|  Single Cell Placement   |          0.142  |          0.902  |            0  |              0  |                    83  |           0  |           4  |  00:00:06  |
|  Multi Cell Placement    |          0.000  |          0.000  |            0  |              0  |                     0  |           0  |           4  |  00:00:02  |
|  Rewire                  |          0.000  |          0.000  |            0  |              0  |                     0  |           0  |           3  |  00:00:01  |
|  Critical Cell           |          0.000  |          0.000  |            0  |              0  |                     0  |           0  |           3  |  00:00:01  |
|  SLR Crossing            |          0.000  |          0.000  |            0  |              0  |                     0  |           0  |           3  |  00:00:00  |
|  DSP Register            |          0.000  |          0.000  |            0  |              0  |                     0  |           0  |           2  |  00:00:00  |
|  BRAM Register           |          0.000  |          0.000  |            0  |              0  |                     0  |           0  |           2  |  00:00:00  |
|  URAM Register           |          0.000  |          0.000  |            0  |              0  |                     0  |           0  |           2  |  00:00:00  |
|  Shift Register          |          0.000  |          0.000  |            0  |              0  |                     0  |           0  |           2  |  00:00:00  |
|  Critical Pin            |          0.000  |          0.000  |            0  |              0  |                     0  |           0  |           1  |  00:00:00  |
|  Very High Fanout        |          0.000  |          0.000  |            6  |              0  |                     2  |           0  |           1  |  00:00:03  |
|  BRAM Enable             |          0.000  |          0.000  |            0  |              0  |                     0  |           0  |           1  |  00:00:00  |
|  Critical Path           |          0.000  |          0.000  |            0  |              0  |                     0  |           0  |           1  |  00:00:00  |
|  Total                   |          0.142  |          0.947  |            9  |              0  |                    87  |           0  |          32  |  00:00:13  |
----------------------------------------------------------------------------------------------------------------------------------------------------------------------


Netlist sorting complete. Time (s): cpu = 00:00:00.01 ; elapsed = 00:00:00.02 . Memory (MB): peak = 3808.156 ; gain = 0.000 ; free physical = 5737 ; free virtual = 12312
Ending Physical Synthesis Task | Checksum: 2113702ef

Time (s): cpu = 00:01:03 ; elapsed = 00:00:20 . Memory (MB): peak = 3808.156 ; gain = 0.000 ; free physical = 5737 ; free virtual = 12312
INFO: [Common 17-83] Releasing license: Implementation
367 Infos, 0 Warnings, 1 Critical Warnings and 0 Errors encountered.
phys_opt_design completed successfully
phys_opt_design: Time (s): cpu = 00:01:30 ; elapsed = 00:00:26 . Memory (MB): peak = 3808.156 ; gain = 0.000 ; free physical = 5737 ; free virtual = 12312
INFO: [Timing 38-480] Writing timing data to binary archive.
Wrote PlaceDB: Time (s): cpu = 00:00:00 ; elapsed = 00:00:00 . Memory (MB): peak = 3808.156 ; gain = 0.000 ; free physical = 5737 ; free virtual = 12312
Wrote PulsedLatchDB: Time (s): cpu = 00:00:00 ; elapsed = 00:00:00.01 . Memory (MB): peak = 3808.156 ; gain = 0.000 ; free physical = 5737 ; free virtual = 12312
Writing XDEF routing.
Writing XDEF routing logical nets.
Write ShapeDB Complete: Time (s): cpu = 00:00:00.64 ; elapsed = 00:00:00.14 . Memory (MB): peak = 3808.156 ; gain = 0.000 ; free physical = 5717 ; free virtual = 12306
Writing XDEF routing special nets.
Wrote RouteStorage: Time (s): cpu = 00:00:00.73 ; elapsed = 00:00:00.15 . Memory (MB): peak = 3808.156 ; gain = 0.000 ; free physical = 5717 ; free virtual = 12306
Wrote PlaceStorage: Time (s): cpu = 00:00:06 ; elapsed = 00:00:02 . Memory (MB): peak = 3808.156 ; gain = 0.000 ; free physical = 5638 ; free virtual = 12294
Wrote Netlist Cache: Time (s): cpu = 00:00:00.16 ; elapsed = 00:00:00.08 . Memory (MB): peak = 3808.156 ; gain = 0.000 ; free physical = 5630 ; free virtual = 12294
Wrote Device Cache: Time (s): cpu = 00:00:00.02 ; elapsed = 00:00:00.01 . Memory (MB): peak = 3808.156 ; gain = 0.000 ; free physical = 5630 ; free virtual = 12295
Write Physdb Complete: Time (s): cpu = 00:00:07 ; elapsed = 00:00:02 . Memory (MB): peak = 3808.156 ; gain = 0.000 ; free physical = 5630 ; free virtual = 12295
INFO: [Common 17-1381] The checkpoint '/home/eslam-elshokafy/Desktop/AIDAChip_Workshop_01/ztachip/HW/examples/ZC702/ztachip_zc702.runs/impl_1/main_zc702_physopt.dcp' has been generated.
Command: route_design -directive Explore -tns_cleanup
Attempting to get a license for feature 'Implementation' and/or device 'xc7z020'
INFO: [Common 17-349] Got license for feature 'Implementation' and/or device 'xc7z020'
INFO: [DRC 23-27] Running DRC with 8 threads
INFO: [Vivado_Tcl 4-198] DRC finished with 0 Errors
INFO: [Vivado_Tcl 4-199] Please refer to the DRC report (report_drc) for more information.


Starting Routing Task
INFO: [Route 35-270] Using Router directive 'Explore'.
INFO: [Route 35-254] Multithreading enabled for route_design using a maximum of 8 CPUs

Phase 1 Build RT Design
Checksum: PlaceDB: 6cfe151a ConstDB: 0 ShapeSum: b9a675bf RouteDB: 15f972f0
Post Restoration Checksum: NetGraph: 59509f47 | NumContArr: 47822ead | Constraints: c2a8fa9d | Timing: c2a8fa9d
Phase 1 Build RT Design | Checksum: 22624c32e

Time (s): cpu = 00:00:53 ; elapsed = 00:00:19 . Memory (MB): peak = 3808.156 ; gain = 0.000 ; free physical = 5706 ; free virtual = 12310

Phase 2 Router Initialization

Phase 2.1 Fix Topology Constraints
Phase 2.1 Fix Topology Constraints | Checksum: 22624c32e

Time (s): cpu = 00:00:53 ; elapsed = 00:00:19 . Memory (MB): peak = 3808.156 ; gain = 0.000 ; free physical = 5706 ; free virtual = 12310

Phase 2.2 Pre Route Cleanup
Phase 2.2 Pre Route Cleanup | Checksum: 22624c32e

Time (s): cpu = 00:00:54 ; elapsed = 00:00:19 . Memory (MB): peak = 3808.156 ; gain = 0.000 ; free physical = 5706 ; free virtual = 12310

Phase 2.3 Update Timing
Phase 2.3 Update Timing | Checksum: 23dff9ad2

Time (s): cpu = 00:01:40 ; elapsed = 00:00:31 . Memory (MB): peak = 3808.156 ; gain = 0.000 ; free physical = 5714 ; free virtual = 12318
INFO: [Route 35-416] Intermediate Timing Summary | WNS=0.000  | TNS=0.000  | WHS=-0.556 | THS=-1543.363|


Phase 2.4 Soft Constraint Pins - Fast Budgeting
Phase 2.4 Soft Constraint Pins - Fast Budgeting | Checksum: 22e5b1116

Time (s): cpu = 00:01:55 ; elapsed = 00:00:34 . Memory (MB): peak = 3808.156 ; gain = 0.000 ; free physical = 5714 ; free virtual = 12318

Router Utilization Summary
  Global Vertical Routing Utilization    = 0 %
  Global Horizontal Routing Utilization  = 0 %
  Routable Net Status*
  *Does not include unroutable nets such as driverless and loadless.
  Run report_route_status for detailed report.
  Number of Failed Nets               = 96820
    (Failed Nets is the sum of unrouted and partially routed nets)
  Number of Unrouted Nets             = 96819
  Number of Partially Routed Nets     = 1
  Number of Node Overlaps             = 6

Phase 2 Router Initialization | Checksum: 182f3d9a7

Time (s): cpu = 00:01:56 ; elapsed = 00:00:35 . Memory (MB): peak = 3808.156 ; gain = 0.000 ; free physical = 5714 ; free virtual = 12318

Phase 3 Global Routing
Phase 3 Global Routing | Checksum: 182f3d9a7

Time (s): cpu = 00:01:56 ; elapsed = 00:00:35 . Memory (MB): peak = 3808.156 ; gain = 0.000 ; free physical = 5714 ; free virtual = 12318

Phase 4 Initial Routing

Phase 4.1 Initial Net Routing Pass
Phase 4.1 Initial Net Routing Pass | Checksum: 25ccecd61

Time (s): cpu = 00:06:07 ; elapsed = 00:01:32 . Memory (MB): peak = 3907.141 ; gain = 98.984 ; free physical = 5561 ; free virtual = 12159
Phase 4 Initial Routing | Checksum: 25ccecd61

Time (s): cpu = 00:06:07 ; elapsed = 00:01:32 . Memory (MB): peak = 3907.141 ; gain = 98.984 ; free physical = 5561 ; free virtual = 12159
INFO: [Route 35-580] Design has 2 pins with tight setup and hold constraints.

The top 5 pins with tight setup and hold constraints:

+====================+===================+=====================================================================================================================================================================================================================================+
| Launch Setup Clock | Launch Hold Clock | Pin                                                                                                                                                                                                                                 |
+====================+===================+=====================================================================================================================================================================================================================================+
| clk_out1_clk_mmcm  | clk_out1_clk_mmcm | soc_base_inst/ztachip_inst/core_i/GEN_CELL[0].cell_i/GEN_REG[3].GEN1.pcore_i/iregister_i/iregister_ram_i/altsyncram_i/ram_i/xpm_memory_sdpram_inst/xpm_memory_base_inst/gen_wr_a.gen_byte_narrow.for_mem_cols[1].mem_reg_1/DIADI[4] |
| clk_out1_clk_mmcm  | clk_out1_clk_mmcm | soc_base_inst/ztachip_inst/core_i/GEN_CELL[0].cell_i/GEN_REG[3].GEN1.pcore_i/iregister_i/iregister_ram_i/altsyncram_i/ram_i/xpm_memory_sdpram_inst/xpm_memory_base_inst/gen_wr_a.gen_byte_narrow.for_mem_cols[1].mem_reg_1/DIADI[1] |
+--------------------+-------------------+-------------------------------------------------------------------------------------------------------------------------------------------------------------------------------------------------------------------------------------+

File with complete list of pins: tight_setup_hold_pins.txt


Phase 5 Rip-up And Reroute

Phase 5.1 Global Iteration 0
 Number of Nodes with overlaps = 14689
 Number of Nodes with overlaps = 2198
 Number of Nodes with overlaps = 530
 Number of Nodes with overlaps = 198
 Number of Nodes with overlaps = 59
 Number of Nodes with overlaps = 15
 Number of Nodes with overlaps = 2
 Number of Nodes with overlaps = 0
INFO: [Route 35-416] Intermediate Timing Summary | WNS=-0.206 | TNS=-0.501 | WHS=N/A    | THS=N/A    |

Phase 5.1 Global Iteration 0 | Checksum: 230dd17ba

Time (s): cpu = 00:15:40 ; elapsed = 00:05:21 . Memory (MB): peak = 5820.141 ; gain = 2011.984 ; free physical = 3690 ; free virtual = 10280

Phase 5.2 Global Iteration 1
 Number of Nodes with overlaps = 743
 Number of Nodes with overlaps = 48
 Number of Nodes with overlaps = 18
 Number of Nodes with overlaps = 6
 Number of Nodes with overlaps = 1
 Number of Nodes with overlaps = 2
 Number of Nodes with overlaps = 0
INFO: [Route 35-416] Intermediate Timing Summary | WNS=-0.092 | TNS=-0.166 | WHS=N/A    | THS=N/A    |

Phase 5.2 Global Iteration 1 | Checksum: 26a582fa6

Time (s): cpu = 00:17:44 ; elapsed = 00:06:57 . Memory (MB): peak = 5820.141 ; gain = 2011.984 ; free physical = 3671 ; free virtual = 10270

Phase 5.3 Global Iteration 2
 Number of Nodes with overlaps = 394
 Number of Nodes with overlaps = 21
 Number of Nodes with overlaps = 6
 Number of Nodes with overlaps = 0
INFO: [Route 35-416] Intermediate Timing Summary | WNS=-0.092 | TNS=-0.166 | WHS=N/A    | THS=N/A    |

Phase 5.3 Global Iteration 2 | Checksum: 2d77b8a8e

Time (s): cpu = 00:18:24 ; elapsed = 00:07:32 . Memory (MB): peak = 5820.141 ; gain = 2011.984 ; free physical = 3679 ; free virtual = 10278
Phase 5 Rip-up And Reroute | Checksum: 2d77b8a8e

Time (s): cpu = 00:18:24 ; elapsed = 00:07:32 . Memory (MB): peak = 5820.141 ; gain = 2011.984 ; free physical = 3679 ; free virtual = 10278

Phase 6 Delay and Skew Optimization

Phase 6.1 TNS Cleanup

Phase 6.1.1 Delay CleanUp

Phase 6.1.1.1 Update Timing
Phase 6.1.1.1 Update Timing | Checksum: 2b2b349a5

Time (s): cpu = 00:18:29 ; elapsed = 00:07:33 . Memory (MB): peak = 5820.141 ; gain = 2011.984 ; free physical = 3679 ; free virtual = 10278
INFO: [Route 35-416] Intermediate Timing Summary | WNS=-0.092 | TNS=-0.166 | WHS=N/A    | THS=N/A    |

 Number of Nodes with overlaps = 0

Phase 6.1.1.2 Update Timing
Phase 6.1.1.2 Update Timing | Checksum: 2fab1ea77

Time (s): cpu = 00:18:31 ; elapsed = 00:07:34 . Memory (MB): peak = 5820.141 ; gain = 2011.984 ; free physical = 3679 ; free virtual = 10278
INFO: [Route 35-416] Intermediate Timing Summary | WNS=-0.092 | TNS=-0.166 | WHS=N/A    | THS=N/A    |

Phase 6.1.1 Delay CleanUp | Checksum: 253360d15

Time (s): cpu = 00:18:32 ; elapsed = 00:07:34 . Memory (MB): peak = 5820.141 ; gain = 2011.984 ; free physical = 3679 ; free virtual = 10278
Phase 6.1 TNS Cleanup | Checksum: 253360d15

Time (s): cpu = 00:18:33 ; elapsed = 00:07:34 . Memory (MB): peak = 5820.141 ; gain = 2011.984 ; free physical = 3679 ; free virtual = 10278

Phase 6.2 Clock Skew Optimization
Phase 6.2 Clock Skew Optimization | Checksum: 253360d15

Time (s): cpu = 00:18:33 ; elapsed = 00:07:34 . Memory (MB): peak = 5820.141 ; gain = 2011.984 ; free physical = 3679 ; free virtual = 10278
Phase 6 Delay and Skew Optimization | Checksum: 253360d15

Time (s): cpu = 00:18:33 ; elapsed = 00:07:34 . Memory (MB): peak = 5820.141 ; gain = 2011.984 ; free physical = 3679 ; free virtual = 10278

Phase 7 Post Hold Fix

Phase 7.1 Hold Fix Iter
INFO: [Route 35-416] Intermediate Timing Summary | WNS=-0.092 | TNS=-0.166 | WHS=-0.068 | THS=-0.149 |


Phase 7.1.1 Lut RouteThru Assignment for hold
Phase 7.1.1 Lut RouteThru Assignment for hold | Checksum: 2f057efe9

Time (s): cpu = 00:18:47 ; elapsed = 00:07:40 . Memory (MB): peak = 5820.141 ; gain = 2011.984 ; free physical = 3677 ; free virtual = 10278
Phase 7.1 Hold Fix Iter | Checksum: 2f057efe9

Time (s): cpu = 00:18:48 ; elapsed = 00:07:40 . Memory (MB): peak = 5820.141 ; gain = 2011.984 ; free physical = 3677 ; free virtual = 10278

Phase 7.2 Additional Hold Fix
INFO: [Route 35-416] Intermediate Timing Summary | WNS=-0.092 | TNS=-0.166 | WHS=-0.036 | THS=-0.036 |

Phase 7.2 Additional Hold Fix | Checksum: 18648c0b8

Time (s): cpu = 00:18:57 ; elapsed = 00:07:42 . Memory (MB): peak = 5820.141 ; gain = 2011.984 ; free physical = 3679 ; free virtual = 10278

Phase 7.3 Non Free Resource Hold Fix Iter
Phase 7.3 Non Free Resource Hold Fix Iter | Checksum: 20b9ebaab

Time (s): cpu = 00:19:00 ; elapsed = 00:07:43 . Memory (MB): peak = 5820.141 ; gain = 2011.984 ; free physical = 3679 ; free virtual = 10280
Phase 7 Post Hold Fix | Checksum: 20b9ebaab

Time (s): cpu = 00:19:00 ; elapsed = 00:07:43 . Memory (MB): peak = 5820.141 ; gain = 2011.984 ; free physical = 3679 ; free virtual = 10280

Phase 8 Timing Verification

Phase 8.1 Update Timing
Phase 8.1 Update Timing | Checksum: 20b9ebaab

Time (s): cpu = 00:19:10 ; elapsed = 00:07:45 . Memory (MB): peak = 5820.141 ; gain = 2011.984 ; free physical = 3678 ; free virtual = 10277
INFO: [Route 35-416] Intermediate Timing Summary | WNS=-0.092 | TNS=-0.166 | WHS=0.006  | THS=0.000  |

Phase 8 Timing Verification | Checksum: 20b9ebaab

Time (s): cpu = 00:19:10 ; elapsed = 00:07:45 . Memory (MB): peak = 5820.141 ; gain = 2011.984 ; free physical = 3678 ; free virtual = 10277

Phase 9 Route finalize

Router Utilization Summary
  Global Vertical Routing Utilization    = 34.3683 %
  Global Horizontal Routing Utilization  = 42.2098 %
  Routable Net Status*
  *Does not include unroutable nets such as driverless and loadless.
  Run report_route_status for detailed report.
  Number of Failed Nets               = 0
    (Failed Nets is the sum of unrouted and partially routed nets)
  Number of Unrouted Nets             = 0
  Number of Partially Routed Nets     = 0
  Number of Node Overlaps             = 0


--GLOBAL Congestion:
Utilization threshold used for congestion level computation: 0.85
Congestion Report
North Dir 1x1 Area, Max Cong = 87.3874%, Congestion bounded by tiles (Lower Left Tile -> Upper Right Tile):
   INT_R_X27Y103 -> INT_R_X27Y103
   INT_L_X40Y96 -> INT_L_X40Y96
South Dir 2x2 Area, Max Cong = 91.8919%, Congestion bounded by tiles (Lower Left Tile -> Upper Right Tile):
   INT_L_X18Y48 -> INT_R_X19Y49
   INT_L_X18Y46 -> INT_R_X19Y47
   INT_L_X18Y44 -> INT_R_X19Y45
East Dir 2x2 Area, Max Cong = 89.3382%, Congestion bounded by tiles (Lower Left Tile -> Upper Right Tile):
   INT_L_X16Y48 -> INT_R_X17Y49
   INT_L_X16Y46 -> INT_R_X17Y47
   INT_L_X18Y46 -> INT_R_X19Y47
   INT_L_X56Y16 -> INT_R_X57Y17
West Dir 4x4 Area, Max Cong = 88.6029%, Congestion bounded by tiles (Lower Left Tile -> Upper Right Tile):
   INT_L_X20Y46 -> INT_R_X23Y49

------------------------------
Reporting congestion hotspots
------------------------------
Direction: North
----------------
Congested clusters found at Level 0
Effective congestion level: 0 Aspect Ratio: 1 Sparse Ratio: 1
Direction: South
----------------
Congested clusters found at Level 1
Effective congestion level: 2 Aspect Ratio: 0.25 Sparse Ratio: 1
Direction: East
----------------
Congested clusters found at Level 0
Effective congestion level: 2 Aspect Ratio: 0.833333 Sparse Ratio: 1.0625
Direction: West
----------------
Congested clusters found at Level 1
Effective congestion level: 3 Aspect Ratio: 1 Sparse Ratio: 0.5625

Phase 9 Route finalize | Checksum: 20b9ebaab

Time (s): cpu = 00:19:11 ; elapsed = 00:07:45 . Memory (MB): peak = 5820.141 ; gain = 2011.984 ; free physical = 3678 ; free virtual = 10277

Phase 10 Verifying routed nets

 Verification completed successfully
Phase 10 Verifying routed nets | Checksum: 20b9ebaab

Time (s): cpu = 00:19:11 ; elapsed = 00:07:46 . Memory (MB): peak = 5820.141 ; gain = 2011.984 ; free physical = 3678 ; free virtual = 10277

Phase 11 Depositing Routes
Phase 11 Depositing Routes | Checksum: 28512af20

Time (s): cpu = 00:19:19 ; elapsed = 00:07:51 . Memory (MB): peak = 5820.141 ; gain = 2011.984 ; free physical = 3678 ; free virtual = 10277

Phase 12 Incr Placement Change
Netlist sorting complete. Time (s): cpu = 00:00:00.01 ; elapsed = 00:00:00.01 . Memory (MB): peak = 5820.141 ; gain = 0.000 ; free physical = 3679 ; free virtual = 10278
INFO: [Place 30-746] Post Placement Timing Summary WNS=-0.073. For the most accurate timing information please run report_timing.
Ending IncrPlace Task | Checksum: 199052ee6

Time (s): cpu = 00:01:21 ; elapsed = 00:00:26 . Memory (MB): peak = 5820.141 ; gain = 0.000 ; free physical = 3679 ; free virtual = 10278
Phase 12 Incr Placement Change | Checksum: 199052ee6

Time (s): cpu = 00:20:42 ; elapsed = 00:08:17 . Memory (MB): peak = 5820.141 ; gain = 2011.984 ; free physical = 3679 ; free virtual = 10278

Phase 13 Build RT Design
Checksum: PlaceDB: ff8418ef ConstDB: 0 ShapeSum: 6b71ced3 RouteDB: 2e0f4724
Post Restoration Checksum: NetGraph: 20008931 | NumContArr: 7a318b5e | Constraints: c2a8fa9d | Timing: c2a8fa9d
Phase 13 Build RT Design | Checksum: 21f8409c9

Time (s): cpu = 00:21:22 ; elapsed = 00:08:24 . Memory (MB): peak = 5820.141 ; gain = 2011.984 ; free physical = 3679 ; free virtual = 10278

Phase 14 Router Initialization

Phase 14.1 Fix Topology Constraints
Phase 14.1 Fix Topology Constraints | Checksum: 21f8409c9

Time (s): cpu = 00:21:23 ; elapsed = 00:08:24 . Memory (MB): peak = 5820.141 ; gain = 2011.984 ; free physical = 3679 ; free virtual = 10278

Phase 14.2 Pre Route Cleanup
Phase 14.2 Pre Route Cleanup | Checksum: 2c46bb9c1

Time (s): cpu = 00:21:23 ; elapsed = 00:08:25 . Memory (MB): peak = 5820.141 ; gain = 2011.984 ; free physical = 3679 ; free virtual = 10278
 Number of Nodes with overlaps = 0

Phase 14.3 Update Timing
Phase 14.3 Update Timing | Checksum: 1ec335870

Time (s): cpu = 00:22:15 ; elapsed = 00:08:36 . Memory (MB): peak = 5820.141 ; gain = 2011.984 ; free physical = 3677 ; free virtual = 10276
INFO: [Route 35-416] Intermediate Timing Summary | WNS=-0.075 | TNS=-0.075 | WHS=-0.496 | THS=-1301.369|


Phase 14.4 Soft Constraint Pins - Fast Budgeting
Phase 14.4 Soft Constraint Pins - Fast Budgeting | Checksum: 1cc9ecee2

Time (s): cpu = 00:22:30 ; elapsed = 00:08:40 . Memory (MB): peak = 5820.141 ; gain = 2011.984 ; free physical = 3679 ; free virtual = 10278

Router Utilization Summary
  Global Vertical Routing Utilization    = 34.3474 %
  Global Horizontal Routing Utilization  = 42.1739 %
  Routable Net Status*
  *Does not include unroutable nets such as driverless and loadless.
  Run report_route_status for detailed report.
  Number of Failed Nets               = 204
    (Failed Nets is the sum of unrouted and partially routed nets)
  Number of Unrouted Nets             = 55
  Number of Partially Routed Nets     = 149
  Number of Node Overlaps             = 0

Phase 14 Router Initialization | Checksum: 2bc234bd2

Time (s): cpu = 00:22:31 ; elapsed = 00:08:40 . Memory (MB): peak = 5820.141 ; gain = 2011.984 ; free physical = 3679 ; free virtual = 10278

Phase 15 Global Routing
Phase 15 Global Routing | Checksum: 2bc234bd2

Time (s): cpu = 00:22:32 ; elapsed = 00:08:40 . Memory (MB): peak = 5820.141 ; gain = 2011.984 ; free physical = 3679 ; free virtual = 10278

Phase 16 Initial Routing

Phase 16.1 Initial Net Routing Pass
Phase 16.1 Initial Net Routing Pass | Checksum: 2717a5163

Time (s): cpu = 00:22:35 ; elapsed = 00:08:41 . Memory (MB): peak = 5820.141 ; gain = 2011.984 ; free physical = 3679 ; free virtual = 10278
Phase 16 Initial Routing | Checksum: 2717a5163

Time (s): cpu = 00:22:36 ; elapsed = 00:08:41 . Memory (MB): peak = 5820.141 ; gain = 2011.984 ; free physical = 3679 ; free virtual = 10278
INFO: [Route 35-580] Design has 162 pins with tight setup and hold constraints.

The top 5 pins with tight setup and hold constraints:

+====================+===================+======================================================================================================================================================================================================================================+
| Launch Setup Clock | Launch Hold Clock | Pin                                                                                                                                                                                                                                  |
+====================+===================+======================================================================================================================================================================================================================================+
| clk_out1_clk_mmcm  | clk_out1_clk_mmcm | soc_base_inst/ztachip_inst/core_i/GEN_CELL[0].cell_i/GEN_REG[1].GEN1.pcore_i/xregister_file_i/GEN2.altsyncram_i/ram_i/xpm_memory_sdpram_inst/xpm_memory_base_inst/gen_wr_a.gen_byte_narrow.for_mem_cols[1].mem_reg_1/DIBDI[31]       |
| clk_out1_clk_mmcm  | clk_out1_clk_mmcm | soc_base_inst/ztachip_inst/core_i/GEN_CELL[0].cell_i/GEN_REG[1].GEN1.pcore_i/xregister_file_i/GEN2.altsyncram_i/ram_i/xpm_memory_sdpram_inst/xpm_memory_base_inst/gen_wr_a.gen_byte_narrow.for_mem_cols[1].mem_reg_2/DIADI[3]        |
| clk_out1_clk_mmcm  | clk_out1_clk_mmcm | soc_base_inst/ztachip_inst/core_i/GEN_CELL[0].cell_i/GEN_REG[1].GEN1.pcore_i/xregister_file_i/GEN2.altsyncram_i/ram_i/xpm_memory_sdpram_inst/xpm_memory_base_inst/gen_wr_a.gen_byte_narrow.for_mem_cols[1].mem_reg_2/DIADI[1]        |
| clk_out1_clk_mmcm  | clk_out1_clk_mmcm | soc_base_inst/ztachip_inst/core_i/GEN_CELL[0].cell_i/GEN_REG[0].GEN1.pcore_i/iregister_i/iregister_ram_i/altsyncram_i/ram_i/xpm_memory_sdpram_inst/xpm_memory_base_inst/gen_wr_a.gen_byte_narrow.for_mem_cols[1].mem_reg_0/DIADI[13] |
| clk_out1_clk_mmcm  | clk_out1_clk_mmcm | soc_base_inst/ztachip_inst/core_i/GEN_CELL[0].cell_i/GEN_REG[0].GEN1.pcore_i/xregister_file_i/GEN2.altsyncram_i/ram_i/xpm_memory_sdpram_inst/xpm_memory_base_inst/gen_wr_a.gen_byte_narrow.for_mem_cols[1].mem_reg_2/ADDRARDADDR[9]  |
+--------------------+-------------------+--------------------------------------------------------------------------------------------------------------------------------------------------------------------------------------------------------------------------------------+

File with complete list of pins: tight_setup_hold_pins.txt


Phase 17 Rip-up And Reroute

Phase 17.1 Global Iteration 0
 Number of Nodes with overlaps = 364
 Number of Nodes with overlaps = 84
 Number of Nodes with overlaps = 25
 Number of Nodes with overlaps = 11
 Number of Nodes with overlaps = 10
 Number of Nodes with overlaps = 6
 Number of Nodes with overlaps = 3
 Number of Nodes with overlaps = 0
INFO: [Route 35-416] Intermediate Timing Summary | WNS=-0.090 | TNS=-0.124 | WHS=N/A    | THS=N/A    |

Phase 17.1 Global Iteration 0 | Checksum: 1d9ed2e33

Time (s): cpu = 00:23:20 ; elapsed = 00:09:01 . Memory (MB): peak = 5820.141 ; gain = 2011.984 ; free physical = 3682 ; free virtual = 10282

Phase 17.2 Global Iteration 1
 Number of Nodes with overlaps = 607
 Number of Nodes with overlaps = 166
 Number of Nodes with overlaps = 80
 Number of Nodes with overlaps = 47
 Number of Nodes with overlaps = 40
 Number of Nodes with overlaps = 24
 Number of Nodes with overlaps = 11
 Number of Nodes with overlaps = 7
 Number of Nodes with overlaps = 9
 Number of Nodes with overlaps = 14
 Number of Nodes with overlaps = 9
 Number of Nodes with overlaps = 7
 Number of Nodes with overlaps = 3
 Number of Nodes with overlaps = 0
INFO: [Route 35-416] Intermediate Timing Summary | WNS=-0.074 | TNS=-0.074 | WHS=N/A    | THS=N/A    |

Phase 17.2 Global Iteration 1 | Checksum: 1b55dd92b

Time (s): cpu = 00:24:00 ; elapsed = 00:09:24 . Memory (MB): peak = 5820.141 ; gain = 2011.984 ; free physical = 3682 ; free virtual = 10281

Phase 17.3 Global Iteration 2
 Number of Nodes with overlaps = 412
 Number of Nodes with overlaps = 118
 Number of Nodes with overlaps = 45
 Number of Nodes with overlaps = 20
 Number of Nodes with overlaps = 16
 Number of Nodes with overlaps = 13
 Number of Nodes with overlaps = 10
 Number of Nodes with overlaps = 7
 Number of Nodes with overlaps = 5
 Number of Nodes with overlaps = 3
 Number of Nodes with overlaps = 4
 Number of Nodes with overlaps = 2
 Number of Nodes with overlaps = 2
 Number of Nodes with overlaps = 0
INFO: [Route 35-416] Intermediate Timing Summary | WNS=-0.090 | TNS=-0.124 | WHS=N/A    | THS=N/A    |

Phase 17.3 Global Iteration 2 | Checksum: 31a937cfa

Time (s): cpu = 00:24:28 ; elapsed = 00:09:40 . Memory (MB): peak = 5820.141 ; gain = 2011.984 ; free physical = 3681 ; free virtual = 10281
Phase 17 Rip-up And Reroute | Checksum: 31a937cfa

Time (s): cpu = 00:24:28 ; elapsed = 00:09:40 . Memory (MB): peak = 5820.141 ; gain = 2011.984 ; free physical = 3681 ; free virtual = 10281

Phase 18 Delay and Skew Optimization

Phase 18.1 TNS Cleanup

Phase 18.1.1 Delay CleanUp

Phase 18.1.1.1 Update Timing
Phase 18.1.1.1 Update Timing | Checksum: 32bf5a057

Time (s): cpu = 00:24:33 ; elapsed = 00:09:41 . Memory (MB): peak = 5820.141 ; gain = 2011.984 ; free physical = 3682 ; free virtual = 10281
INFO: [Route 35-416] Intermediate Timing Summary | WNS=-0.074 | TNS=-0.074 | WHS=N/A    | THS=N/A    |

 Number of Nodes with overlaps = 0

Phase 18.1.1.2 Update Timing
Phase 18.1.1.2 Update Timing | Checksum: 27712e73d

Time (s): cpu = 00:24:35 ; elapsed = 00:09:42 . Memory (MB): peak = 5820.141 ; gain = 2011.984 ; free physical = 3682 ; free virtual = 10281
INFO: [Route 35-416] Intermediate Timing Summary | WNS=-0.074 | TNS=-0.074 | WHS=N/A    | THS=N/A    |

Phase 18.1.1 Delay CleanUp | Checksum: 2863c29b6

Time (s): cpu = 00:24:37 ; elapsed = 00:09:43 . Memory (MB): peak = 5820.141 ; gain = 2011.984 ; free physical = 3682 ; free virtual = 10283
Phase 18.1 TNS Cleanup | Checksum: 2863c29b6

Time (s): cpu = 00:24:37 ; elapsed = 00:09:43 . Memory (MB): peak = 5820.141 ; gain = 2011.984 ; free physical = 3682 ; free virtual = 10283

Phase 18.2 Clock Skew Optimization
Phase 18.2 Clock Skew Optimization | Checksum: 2863c29b6

Time (s): cpu = 00:24:37 ; elapsed = 00:09:43 . Memory (MB): peak = 5820.141 ; gain = 2011.984 ; free physical = 3682 ; free virtual = 10283
Phase 18 Delay and Skew Optimization | Checksum: 2863c29b6

Time (s): cpu = 00:24:37 ; elapsed = 00:09:43 . Memory (MB): peak = 5820.141 ; gain = 2011.984 ; free physical = 3682 ; free virtual = 10283

Phase 19 Post Hold Fix

Phase 19.1 Hold Fix Iter
INFO: [Route 35-416] Intermediate Timing Summary | WNS=-0.074 | TNS=-0.074 | WHS=0.031  | THS=0.000  |

Phase 19.1 Hold Fix Iter | Checksum: 2abfc1bde

Time (s): cpu = 00:24:44 ; elapsed = 00:09:44 . Memory (MB): peak = 5820.141 ; gain = 2011.984 ; free physical = 3682 ; free virtual = 10283
Phase 19 Post Hold Fix | Checksum: 2abfc1bde

Time (s): cpu = 00:24:44 ; elapsed = 00:09:44 . Memory (MB): peak = 5820.141 ; gain = 2011.984 ; free physical = 3682 ; free virtual = 10283

Phase 20 Timing Verification

Phase 20.1 Update Timing
Phase 20.1 Update Timing | Checksum: 2abfc1bde

Time (s): cpu = 00:24:54 ; elapsed = 00:09:46 . Memory (MB): peak = 5820.141 ; gain = 2011.984 ; free physical = 3683 ; free virtual = 10283
INFO: [Route 35-416] Intermediate Timing Summary | WNS=-0.074 | TNS=-0.074 | WHS=0.031  | THS=0.000  |

Phase 20 Timing Verification | Checksum: 2abfc1bde

Time (s): cpu = 00:24:55 ; elapsed = 00:09:46 . Memory (MB): peak = 5820.141 ; gain = 2011.984 ; free physical = 3683 ; free virtual = 10283

Phase 21 Route finalize

Router Utilization Summary
  Global Vertical Routing Utilization    = 34.4414 %
  Global Horizontal Routing Utilization  = 42.2215 %
  Routable Net Status*
  *Does not include unroutable nets such as driverless and loadless.
  Run report_route_status for detailed report.
  Number of Failed Nets               = 0
    (Failed Nets is the sum of unrouted and partially routed nets)
  Number of Unrouted Nets             = 0
  Number of Partially Routed Nets     = 0
  Number of Node Overlaps             = 0


--GLOBAL Congestion:
Utilization threshold used for congestion level computation: 0.85
Congestion Report
North Dir 1x1 Area, Max Cong = 90.991%, Congestion bounded by tiles (Lower Left Tile -> Upper Right Tile):
   INT_R_X27Y103 -> INT_R_X27Y103
   INT_L_X40Y96 -> INT_L_X40Y96
   INT_R_X23Y48 -> INT_R_X23Y48
South Dir 2x2 Area, Max Cong = 93.9189%, Congestion bounded by tiles (Lower Left Tile -> Upper Right Tile):
   INT_L_X18Y48 -> INT_R_X19Y49
   INT_L_X18Y46 -> INT_R_X19Y47
   INT_L_X18Y44 -> INT_R_X19Y45
East Dir 4x4 Area, Max Cong = 85.1103%, Congestion bounded by tiles (Lower Left Tile -> Upper Right Tile):
   INT_L_X16Y46 -> INT_R_X19Y49
West Dir 4x4 Area, Max Cong = 87.5919%, Congestion bounded by tiles (Lower Left Tile -> Upper Right Tile):
   INT_L_X20Y46 -> INT_R_X23Y49

------------------------------
Reporting congestion hotspots
------------------------------
Direction: North
----------------
Congested clusters found at Level 0
Effective congestion level: 0 Aspect Ratio: 1 Sparse Ratio: 1
Direction: South
----------------
Congested clusters found at Level 1
Effective congestion level: 2 Aspect Ratio: 0.333333 Sparse Ratio: 0.75
Direction: East
----------------
Congested clusters found at Level 1
Effective congestion level: 2 Aspect Ratio: 1 Sparse Ratio: 1.25
Direction: West
----------------
Congested clusters found at Level 1
Effective congestion level: 2 Aspect Ratio: 1 Sparse Ratio: 1.75

Phase 21 Route finalize | Checksum: 2abfc1bde

Time (s): cpu = 00:24:55 ; elapsed = 00:09:46 . Memory (MB): peak = 5820.141 ; gain = 2011.984 ; free physical = 3683 ; free virtual = 10283

Phase 22 Verifying routed nets

 Verification completed successfully
Phase 22 Verifying routed nets | Checksum: 2abfc1bde

Time (s): cpu = 00:24:56 ; elapsed = 00:09:47 . Memory (MB): peak = 5820.141 ; gain = 2011.984 ; free physical = 3683 ; free virtual = 10283

Phase 23 Depositing Routes
Phase 23 Depositing Routes | Checksum: 29f58a6df

Time (s): cpu = 00:25:04 ; elapsed = 00:09:52 . Memory (MB): peak = 5820.141 ; gain = 2011.984 ; free physical = 3683 ; free virtual = 10283

Phase 24 Post Process Routing
Phase 24 Post Process Routing | Checksum: 29f58a6df

Time (s): cpu = 00:25:04 ; elapsed = 00:09:52 . Memory (MB): peak = 5820.141 ; gain = 2011.984 ; free physical = 3683 ; free virtual = 10283

Phase 25 Post Router Timing
INFO: [Route 35-20] Post Routing Timing Summary | WNS=-0.073 | TNS=-0.073 | WHS=0.031  | THS=0.000  |

Phase 25 Post Router Timing | Checksum: 2491fa312

Time (s): cpu = 00:25:48 ; elapsed = 00:09:59 . Memory (MB): peak = 5820.141 ; gain = 2011.984 ; free physical = 3683 ; free virtual = 10283
WARNING: [Route 35-39] The design did not meet timing requirements. Please run report_timing_summary for detailed reports.
Resolution: Verify that the timing was met or had small violations at all previous steps (synthesis, placement, power_opt, and phys_opt). Run report_timing_summary and analyze individual timing paths.
INFO: [Route 35-253] TNS is the sum of the worst slack violation on every endpoint in the design. Review the paths with the biggest WNS violations in the timing reports and modify your constraints or your design to improve both WNS and TNS.
Total Elapsed time in route_design: 598.8 secs

Phase 26 Post-Route Event Processing
Phase 26 Post-Route Event Processing | Checksum: 1b83d381b

Time (s): cpu = 00:25:49 ; elapsed = 00:09:59 . Memory (MB): peak = 5820.141 ; gain = 2011.984 ; free physical = 3683 ; free virtual = 10283
INFO: [Route 35-16] Router Completed Successfully
Ending Routing Task | Checksum: 1b83d381b

Time (s): cpu = 00:25:49 ; elapsed = 00:09:59 . Memory (MB): peak = 5820.141 ; gain = 2011.984 ; free physical = 3683 ; free virtual = 10283

Routing Is Done.
INFO: [Common 17-83] Releasing license: Implementation
399 Infos, 1 Warnings, 1 Critical Warnings and 0 Errors encountered.
route_design completed successfully
route_design: Time (s): cpu = 00:25:51 ; elapsed = 00:10:00 . Memory (MB): peak = 5820.141 ; gain = 2011.984 ; free physical = 3683 ; free virtual = 10283
INFO: [Vivado 12-24828] Executing command : report_drc -file main_zc702_drc_routed.rpt -pb main_zc702_drc_routed.pb -rpx main_zc702_drc_routed.rpx
Command: report_drc -file main_zc702_drc_routed.rpt -pb main_zc702_drc_routed.pb -rpx main_zc702_drc_routed.rpx
INFO: [IP_Flow 19-1839] IP Catalog is up to date.
INFO: [DRC 23-27] Running DRC with 8 threads
INFO: [Vivado_Tcl 2-168] The results of DRC are in file /home/eslam-elshokafy/Desktop/AIDAChip_Workshop_01/ztachip/HW/examples/ZC702/ztachip_zc702.runs/impl_1/main_zc702_drc_routed.rpt.
report_drc completed successfully
INFO: [Vivado 12-24828] Executing command : report_methodology -file main_zc702_methodology_drc_routed.rpt -pb main_zc702_methodology_drc_routed.pb -rpx main_zc702_methodology_drc_routed.rpx
Command: report_methodology -file main_zc702_methodology_drc_routed.rpt -pb main_zc702_methodology_drc_routed.pb -rpx main_zc702_methodology_drc_routed.rpx
INFO: [Timing 38-35] Done setting XDC timing constraints.
INFO: [DRC 23-133] Running Methodology with 8 threads
INFO: [Vivado_Tcl 2-1520] The results of Report Methodology are in file /home/eslam-elshokafy/Desktop/AIDAChip_Workshop_01/ztachip/HW/examples/ZC702/ztachip_zc702.runs/impl_1/main_zc702_methodology_drc_routed.rpt.
report_methodology completed successfully
report_methodology: Time (s): cpu = 00:01:01 ; elapsed = 00:00:11 . Memory (MB): peak = 5820.141 ; gain = 0.000 ; free physical = 3660 ; free virtual = 10270
INFO: [Vivado 12-24828] Executing command : report_timing_summary -max_paths 10 -routable_nets -report_unconstrained -file main_zc702_timing_summary_routed.rpt -pb main_zc702_timing_summary_routed.pb -rpx main_zc702_timing_summary_routed.rpx
INFO: [Timing 38-35] Done setting XDC timing constraints.
INFO: [Timing 38-91] UpdateTimingParams: Speed grade: -1, Delay Type: min_max.
INFO: [Timing 38-191] Multithreading enabled for timing update using a maximum of 8 CPUs
report_timing_summary: Time (s): cpu = 00:00:16 ; elapsed = 00:00:06 . Memory (MB): peak = 5820.141 ; gain = 0.000 ; free physical = 3661 ; free virtual = 10271
INFO: [Vivado 12-24838] Running report commands "report_bus_skew, report_incremental_reuse, report_route_status" in parallel.
Running report generation with 3 threads.
INFO: [Vivado 12-24828] Executing command : report_incremental_reuse -file main_zc702_incremental_reuse_routed.rpt
INFO: [Vivado_Tcl 4-1062] Incremental flow is disabled. No incremental reuse Info to report.
INFO: [Vivado 12-24828] Executing command : report_bus_skew -warn_on_violation -file main_zc702_bus_skew_routed.rpt -pb main_zc702_bus_skew_routed.pb -rpx main_zc702_bus_skew_routed.rpx
INFO: [Timing 38-91] UpdateTimingParams: Speed grade: -1, Delay Type: min_max.
INFO: [Timing 38-191] Multithreading enabled for timing update using a maximum of 8 CPUs
INFO: [Vivado 12-24828] Executing command : report_route_status -file main_zc702_route_status.rpt -pb main_zc702_route_status.pb
INFO: [Vivado 12-24828] Executing command : report_power -file main_zc702_power_routed.rpt -pb main_zc702_power_summary_routed.pb -rpx main_zc702_power_routed.rpx
Command: report_power -file main_zc702_power_routed.rpt -pb main_zc702_power_summary_routed.pb -rpx main_zc702_power_routed.rpx
Running Vector-less Activity Propagation...

Finished Running Vector-less Activity Propagation
419 Infos, 1 Warnings, 1 Critical Warnings and 0 Errors encountered.
report_power completed successfully
report_power: Time (s): cpu = 00:00:23 ; elapsed = 00:00:09 . Memory (MB): peak = 5860.160 ; gain = 40.020 ; free physical = 3639 ; free virtual = 10260
INFO: [Vivado 12-24828] Executing command : report_clock_utilization -file main_zc702_clock_utilization_routed.rpt
generate_parallel_reports: Time (s): cpu = 00:02:02 ; elapsed = 00:00:34 . Memory (MB): peak = 5860.160 ; gain = 40.020 ; free physical = 3645 ; free virtual = 10266
INFO: [Timing 38-480] Writing timing data to binary archive.
Wrote PlaceDB: Time (s): cpu = 00:00:00 ; elapsed = 00:00:00 . Memory (MB): peak = 5860.160 ; gain = 0.000 ; free physical = 3644 ; free virtual = 10265
Wrote PulsedLatchDB: Time (s): cpu = 00:00:00 ; elapsed = 00:00:00 . Memory (MB): peak = 5860.160 ; gain = 0.000 ; free physical = 3644 ; free virtual = 10265
Writing XDEF routing.
Writing XDEF routing logical nets.
Write ShapeDB Complete: Time (s): cpu = 00:00:00.79 ; elapsed = 00:00:00.17 . Memory (MB): peak = 5860.160 ; gain = 0.000 ; free physical = 3620 ; free virtual = 10260
Writing XDEF routing special nets.
Wrote RouteStorage: Time (s): cpu = 00:00:03 ; elapsed = 00:00:00.66 . Memory (MB): peak = 5860.160 ; gain = 0.000 ; free physical = 3599 ; free virtual = 10269
Wrote PlaceStorage: Time (s): cpu = 00:00:05 ; elapsed = 00:00:02 . Memory (MB): peak = 5860.160 ; gain = 0.000 ; free physical = 3533 ; free virtual = 10255
Wrote Netlist Cache: Time (s): cpu = 00:00:00.16 ; elapsed = 00:00:00.09 . Memory (MB): peak = 5860.160 ; gain = 0.000 ; free physical = 3524 ; free virtual = 10255
Wrote Device Cache: Time (s): cpu = 00:00:00.01 ; elapsed = 00:00:00 . Memory (MB): peak = 5860.160 ; gain = 0.000 ; free physical = 3524 ; free virtual = 10256
Write Physdb Complete: Time (s): cpu = 00:00:09 ; elapsed = 00:00:03 . Memory (MB): peak = 5860.160 ; gain = 0.000 ; free physical = 3524 ; free virtual = 10256
INFO: [Common 17-1381] The checkpoint '/home/eslam-elshokafy/Desktop/AIDAChip_Workshop_01/ztachip/HW/examples/ZC702/ztachip_zc702.runs/impl_1/main_zc702_routed.dcp' has been generated.
write_checkpoint: Time (s): cpu = 00:00:11 ; elapsed = 00:00:05 . Memory (MB): peak = 5860.160 ; gain = 0.000 ; free physical = 3602 ; free virtual = 10260
Command: phys_opt_design -directive Explore
Attempting to get a license for feature 'Implementation' and/or device 'xc7z020'
INFO: [Common 17-349] Got license for feature 'Implementation' and/or device 'xc7z020'
INFO: [Vivado_Tcl 4-241] Physical synthesis in post route mode 
INFO: [Vivado_Tcl 4-137] Directive used for phys_opt_design is: Explore
INFO: [Vivado_Tcl 4-1435] PhysOpt_Tcl_Interface Runtime Before Starting Physical Synthesis Task | CPU: 2.14s |  WALL: 2.14s
INFO: [DRC 23-27] Running DRC with 8 threads
INFO: [Vivado_Tcl 4-198] DRC finished with 0 Errors
INFO: [Vivado_Tcl 4-199] Please refer to the DRC report (report_drc) for more information.
Netlist sorting complete. Time (s): cpu = 00:00:00.01 ; elapsed = 00:00:00.02 . Memory (MB): peak = 5860.160 ; gain = 0.000 ; free physical = 3602 ; free virtual = 10260

Starting Physical Synthesis Task

Phase 1 Physical Synthesis Initialization
INFO: [Physopt 32-721] Multithreading enabled for phys_opt_design using a maximum of 8 CPUs
INFO: [Physopt 32-668] Current Timing Summary | WNS=-0.073 | TNS=-0.073 | WHS=0.031 | THS=0.000 |
Phase 1 Physical Synthesis Initialization | Checksum: 290c5028a

Time (s): cpu = 00:00:37 ; elapsed = 00:00:07 . Memory (MB): peak = 5860.160 ; gain = 0.000 ; free physical = 3604 ; free virtual = 10261

Phase 2 Critical Path Optimization
INFO: [Physopt 32-668] Current Timing Summary | WNS=-0.073 | TNS=-0.073 | WHS=0.031 | THS=0.000 |
INFO: [Physopt 32-953] Path group WNS did not improve. Path group: clk_out1_clk_mmcm. Processed net: soc_base_inst/TCM_i/TCM_read2_i/resp_fifo/ram_i/xpm_memory_sdpram_inst/xpm_memory_base_inst/gen_wr_a.gen_word_narrow.mem_reg_0_15_24_29/DOC1.
INFO: [Physopt 32-953] Path group WNS did not improve. Path group: clk_out1_clk_mmcm. Processed net: clk_mmcm_inst/inst/clk_out2_clk_mmcm.
INFO: [Physopt 32-953] Path group WNS did not improve. Path group: clk_out1_clk_mmcm. Processed net: soc_base_inst/TCM_i/ram_i/ram2_i/xpm_memory_sdpram_inst/xpm_memory_base_inst/doutb[29].
INFO: [Physopt 32-953] Path group WNS did not improve. Path group: clk_out1_clk_mmcm. Processed net: soc_base_inst/TCM_i/TCM_read2_i/resp_fifo/ram_i/xpm_memory_sdpram_inst/xpm_memory_base_inst/gen_wr_a.gen_word_narrow.mem_reg_0_15_24_29/DOC1.
INFO: [Physopt 32-953] Path group WNS did not improve. Path group: clk_out1_clk_mmcm. Processed net: clk_mmcm_inst/inst/clk_out2_clk_mmcm.
INFO: [Physopt 32-953] Path group WNS did not improve. Path group: clk_out1_clk_mmcm. Processed net: soc_base_inst/TCM_i/ram_i/ram2_i/xpm_memory_sdpram_inst/xpm_memory_base_inst/doutb[29].
INFO: [Physopt 32-668] Current Timing Summary | WNS=-0.073 | TNS=-0.073 | WHS=0.031 | THS=0.000 |
Netlist sorting complete. Time (s): cpu = 00:00:00.01 ; elapsed = 00:00:00.01 . Memory (MB): peak = 5860.160 ; gain = 0.000 ; free physical = 3607 ; free virtual = 10265
Phase 2 Critical Path Optimization | Checksum: 290c5028a

Time (s): cpu = 00:01:13 ; elapsed = 00:00:25 . Memory (MB): peak = 5860.160 ; gain = 0.000 ; free physical = 3607 ; free virtual = 10265
Netlist sorting complete. Time (s): cpu = 00:00:00.02 ; elapsed = 00:00:00.01 . Memory (MB): peak = 5860.160 ; gain = 0.000 ; free physical = 3607 ; free virtual = 10265
INFO: [Physopt 32-669] Post Physical Optimization Timing Summary | WNS=-0.073 | TNS=-0.073 | WHS=0.031 | THS=0.000 |

Summary of Physical Synthesis Optimizations
============================================


-------------------------------------------------------------------------------------------------------------------------------------------------------------
|  Optimization   |  WNS Gain (ns)  |  TNS Gain (ns)  |  Added Cells  |  Removed Cells  |  Optimized Cells/Nets  |  Dont Touch  |  Iterations  |  Elapsed   |
-------------------------------------------------------------------------------------------------------------------------------------------------------------
|  Critical Path  |          0.000  |          0.000  |            0  |              0  |                     0  |           0  |           1  |  00:00:17  |
-------------------------------------------------------------------------------------------------------------------------------------------------------------


Netlist sorting complete. Time (s): cpu = 00:00:00.01 ; elapsed = 00:00:00.02 . Memory (MB): peak = 5860.160 ; gain = 0.000 ; free physical = 3607 ; free virtual = 10265
Ending Physical Synthesis Task | Checksum: 290c5028a

Time (s): cpu = 00:01:14 ; elapsed = 00:00:25 . Memory (MB): peak = 5860.160 ; gain = 0.000 ; free physical = 3607 ; free virtual = 10265
INFO: [Common 17-83] Releasing license: Implementation
441 Infos, 1 Warnings, 1 Critical Warnings and 0 Errors encountered.
phys_opt_design completed successfully
phys_opt_design: Time (s): cpu = 00:01:17 ; elapsed = 00:00:27 . Memory (MB): peak = 5860.160 ; gain = 0.000 ; free physical = 3607 ; free virtual = 10265
INFO: [Vivado 12-24828] Executing command : report_timing_summary -max_paths 10 -report_unconstrained -warn_on_violation -file main_zc702_timing_summary_postroute_physopted.rpt -pb main_zc702_timing_summary_postroute_physopted.pb -rpx main_zc702_timing_summary_postroute_physopted.rpx
INFO: [Timing 38-91] UpdateTimingParams: Speed grade: -1, Delay Type: min_max.
INFO: [Timing 38-191] Multithreading enabled for timing update using a maximum of 8 CPUs
CRITICAL WARNING: [Timing 38-282] The design failed to meet the timing requirements. Please see the timing summary report for details on the timing violations.
report_timing_summary: Time (s): cpu = 00:00:45 ; elapsed = 00:00:08 . Memory (MB): peak = 5860.160 ; gain = 0.000 ; free physical = 3601 ; free virtual = 10262
INFO: [Vivado 12-24828] Executing command : report_bus_skew -warn_on_violation -file main_zc702_bus_skew_postroute_physopted.rpt -pb main_zc702_bus_skew_postroute_physopted.pb -rpx main_zc702_bus_skew_postroute_physopted.rpx
INFO: [Timing 38-91] UpdateTimingParams: Speed grade: -1, Delay Type: min_max.
INFO: [Timing 38-191] Multithreading enabled for timing update using a maximum of 8 CPUs
generate_parallel_reports: Time (s): cpu = 00:00:45 ; elapsed = 00:00:08 . Memory (MB): peak = 5860.160 ; gain = 0.000 ; free physical = 3597 ; free virtual = 10259
INFO: [Timing 38-480] Writing timing data to binary archive.
Wrote PlaceDB: Time (s): cpu = 00:00:00 ; elapsed = 00:00:00 . Memory (MB): peak = 5860.160 ; gain = 0.000 ; free physical = 3601 ; free virtual = 10272
Wrote PulsedLatchDB: Time (s): cpu = 00:00:00.01 ; elapsed = 00:00:00 . Memory (MB): peak = 5860.160 ; gain = 0.000 ; free physical = 3601 ; free virtual = 10272
Writing XDEF routing.
Writing XDEF routing logical nets.
Write ShapeDB Complete: Time (s): cpu = 00:00:00.63 ; elapsed = 00:00:00.13 . Memory (MB): peak = 5860.160 ; gain = 0.000 ; free physical = 3582 ; free virtual = 10265
Writing XDEF routing special nets.
Wrote RouteStorage: Time (s): cpu = 00:00:03 ; elapsed = 00:00:00.67 . Memory (MB): peak = 5860.160 ; gain = 0.000 ; free physical = 3552 ; free virtual = 10269
Wrote PlaceStorage: Time (s): cpu = 00:00:05 ; elapsed = 00:00:02 . Memory (MB): peak = 5860.160 ; gain = 0.000 ; free physical = 3499 ; free virtual = 10260
Wrote Netlist Cache: Time (s): cpu = 00:00:00.17 ; elapsed = 00:00:00.08 . Memory (MB): peak = 5860.160 ; gain = 0.000 ; free physical = 3491 ; free virtual = 10260
Wrote Device Cache: Time (s): cpu = 00:00:00.01 ; elapsed = 00:00:00.01 . Memory (MB): peak = 5860.160 ; gain = 0.000 ; free physical = 3491 ; free virtual = 10261
Write Physdb Complete: Time (s): cpu = 00:00:09 ; elapsed = 00:00:03 . Memory (MB): peak = 5860.160 ; gain = 0.000 ; free physical = 3491 ; free virtual = 10261
INFO: [Common 17-1381] The checkpoint '/home/eslam-elshokafy/Desktop/AIDAChip_Workshop_01/ztachip/HW/examples/ZC702/ztachip_zc702.runs/impl_1/main_zc702_postroute_physopt.dcp' has been generated.
write_checkpoint: Time (s): cpu = 00:00:11 ; elapsed = 00:00:05 . Memory (MB): peak = 5860.160 ; gain = 0.000 ; free physical = 3549 ; free virtual = 10255
INFO: [Memdata 28-167] Found XPM memory block soc_base_inst/ztachip_inst/sram_i/axi_ifc_i/resp_fifo/ram_i/xpm_memory_sdpram_inst/xpm_memory_base_inst with a P_MEMORY_PRIMITIVE property set to auto. A value of block is required. You will not be able to use the updatemem program to update the bitstream with new data for the soc_base_inst/ztachip_inst/sram_i/axi_ifc_i/resp_fifo/ram_i/xpm_memory_sdpram_inst/xpm_memory_base_inst block.
INFO: [Memdata 28-167] Found XPM memory block soc_base_inst/ztachip_inst/ddr_rx_i/ddr_rx_fifo_i/ram_i/xpm_memory_sdpram_inst/xpm_memory_base_inst with a P_MEMORY_PRIMITIVE property set to auto. A value of block is required. You will not be able to use the updatemem program to update the bitstream with new data for the soc_base_inst/ztachip_inst/ddr_rx_i/ddr_rx_fifo_i/ram_i/xpm_memory_sdpram_inst/xpm_memory_base_inst block.
INFO: [Memdata 28-167] Found XPM memory block soc_base_inst/ztachip_inst/GEN1.fpu_i/read_pending_i/ram_i/xpm_memory_sdpram_inst/xpm_memory_base_inst with a P_MEMORY_PRIMITIVE property set to auto. A value of block is required. You will not be able to use the updatemem program to update the bitstream with new data for the soc_base_inst/ztachip_inst/GEN1.fpu_i/read_pending_i/ram_i/xpm_memory_sdpram_inst/xpm_memory_base_inst block.
INFO: [Memdata 28-167] Found XPM memory block soc_base_inst/axi_stream_write_inst/write_fifo/GEN2.afifo_i/ram_i/xpm_memory_sdpram_inst/xpm_memory_base_inst with a P_MEMORY_PRIMITIVE property set to distributed. A value of block is required. You will not be able to use the updatemem program to update the bitstream with new data for the soc_base_inst/axi_stream_write_inst/write_fifo/GEN2.afifo_i/ram_i/xpm_memory_sdpram_inst/xpm_memory_base_inst block.
INFO: [Memdata 28-167] Found XPM memory block soc_base_inst/axi_merge_inst/write_i/GEN2_CCD.slave_data_fifo/GEN2.afifo_i/ram_i/xpm_memory_sdpram_inst/xpm_memory_base_inst with a P_MEMORY_PRIMITIVE property set to distributed. A value of block is required. You will not be able to use the updatemem program to update the bitstream with new data for the soc_base_inst/axi_merge_inst/write_i/GEN2_CCD.slave_data_fifo/GEN2.afifo_i/ram_i/xpm_memory_sdpram_inst/xpm_memory_base_inst block.
INFO: [Memdata 28-167] Found XPM memory block soc_base_inst/axi_merge_inst/write_i/GEN1_CCD.slave_cmd_fifo/GEN2.afifo_i/ram_i/xpm_memory_sdpram_inst/xpm_memory_base_inst with a P_MEMORY_PRIMITIVE property set to distributed. A value of block is required. You will not be able to use the updatemem program to update the bitstream with new data for the soc_base_inst/axi_merge_inst/write_i/GEN1_CCD.slave_cmd_fifo/GEN2.afifo_i/ram_i/xpm_memory_sdpram_inst/xpm_memory_base_inst block.
INFO: [Memdata 28-167] Found XPM memory block soc_base_inst/axi_merge_inst/read_i/GEN2_CCD.slave_resp_fifo/GEN2.afifo_i/ram_i/xpm_memory_sdpram_inst/xpm_memory_base_inst with a P_MEMORY_PRIMITIVE property set to distributed. A value of block is required. You will not be able to use the updatemem program to update the bitstream with new data for the soc_base_inst/axi_merge_inst/read_i/GEN2_CCD.slave_resp_fifo/GEN2.afifo_i/ram_i/xpm_memory_sdpram_inst/xpm_memory_base_inst block.
INFO: [Memdata 28-167] Found XPM memory block soc_base_inst/axi_merge_inst/read_i/GEN1_CCD.slave_cmd_fifo/GEN2.afifo_i/ram_i/xpm_memory_sdpram_inst/xpm_memory_base_inst with a P_MEMORY_PRIMITIVE property set to distributed. A value of block is required. You will not be able to use the updatemem program to update the bitstream with new data for the soc_base_inst/axi_merge_inst/read_i/GEN1_CCD.slave_cmd_fifo/GEN2.afifo_i/ram_i/xpm_memory_sdpram_inst/xpm_memory_base_inst block.
INFO: [Memdata 28-167] Found XPM memory block soc_base_inst/axi_apb_bridge_inst/wdata_i/ram_i/xpm_memory_sdpram_inst/xpm_memory_base_inst with a P_MEMORY_PRIMITIVE property set to auto. A value of block is required. You will not be able to use the updatemem program to update the bitstream with new data for the soc_base_inst/axi_apb_bridge_inst/wdata_i/ram_i/xpm_memory_sdpram_inst/xpm_memory_base_inst block.
INFO: [Memdata 28-167] Found XPM memory block soc_base_inst/axi_apb_bridge_inst/wcmd_i/ram_i/xpm_memory_sdpram_inst/xpm_memory_base_inst with a P_MEMORY_PRIMITIVE property set to auto. A value of block is required. You will not be able to use the updatemem program to update the bitstream with new data for the soc_base_inst/axi_apb_bridge_inst/wcmd_i/ram_i/xpm_memory_sdpram_inst/xpm_memory_base_inst block.
INFO: [Memdata 28-167] Found XPM memory block soc_base_inst/axi_apb_bridge_inst/rresp_i/ram_i/xpm_memory_sdpram_inst/xpm_memory_base_inst with a P_MEMORY_PRIMITIVE property set to auto. A value of block is required. You will not be able to use the updatemem program to update the bitstream with new data for the soc_base_inst/axi_apb_bridge_inst/rresp_i/ram_i/xpm_memory_sdpram_inst/xpm_memory_base_inst block.
INFO: [Memdata 28-167] Found XPM memory block soc_base_inst/axi_apb_bridge_inst/rcmd_i/ram_i/xpm_memory_sdpram_inst/xpm_memory_base_inst with a P_MEMORY_PRIMITIVE property set to auto. A value of block is required. You will not be able to use the updatemem program to update the bitstream with new data for the soc_base_inst/axi_apb_bridge_inst/rcmd_i/ram_i/xpm_memory_sdpram_inst/xpm_memory_base_inst block.
INFO: [Memdata 28-167] Found XPM memory block soc_base_inst/TCM_i/TCM_read2_i/resp_fifo/ram_i/xpm_memory_sdpram_inst/xpm_memory_base_inst with a P_MEMORY_PRIMITIVE property set to auto. A value of block is required. You will not be able to use the updatemem program to update the bitstream with new data for the soc_base_inst/TCM_i/TCM_read2_i/resp_fifo/ram_i/xpm_memory_sdpram_inst/xpm_memory_base_inst block.
INFO: [Memdata 28-167] Found XPM memory block soc_base_inst/TCM_i/TCM_read1_i/resp_fifo/ram_i/xpm_memory_sdpram_inst/xpm_memory_base_inst with a P_MEMORY_PRIMITIVE property set to auto. A value of block is required. You will not be able to use the updatemem program to update the bitstream with new data for the soc_base_inst/TCM_i/TCM_read1_i/resp_fifo/ram_i/xpm_memory_sdpram_inst/xpm_memory_base_inst block.
Command: write_bitstream -force main_zc702.bit
Attempting to get a license for feature 'Implementation' and/or device 'xc7z020'
INFO: [Common 17-349] Got license for feature 'Implementation' and/or device 'xc7z020'
Running DRC as a precondition to command write_bitstream
INFO: [IP_Flow 19-1839] IP Catalog is up to date.
INFO: [DRC 23-27] Running DRC with 8 threads
INFO: [Vivado 12-3199] DRC finished with 0 Errors
INFO: [Vivado 12-3200] Please refer to the DRC report (report_drc) for more information.
Integrating Hard IP ELF/MEM with the PDI.
INFO: [Designutils 20-2272] Running write_bitstream with 8 threads.
Loading data files...
Loading site data...
Loading route data...
Processing options...
Creating bitmap...
Creating bitstream...
Bitstream compression saved 11998816 bits.
Writing bitstream ./main_zc702.bit...
INFO: [Vivado 12-1842] Bitgen Completed Successfully.
INFO: [Common 17-83] Releasing license: Implementation
471 Infos, 1 Warnings, 2 Critical Warnings and 0 Errors encountered.
write_bitstream completed successfully
write_bitstream: Time (s): cpu = 00:01:08 ; elapsed = 00:00:35 . Memory (MB): peak = 5860.160 ; gain = 0.000 ; free physical = 3561 ; free virtual = 10263
INFO: [Common 17-206] Exiting Vivado at Sat Jun 20 20:14:24 2026...
[Sat Jun 20 20:14:24 2026] impl_1 finished
wait_on_runs: Time (s): cpu = 00:00:43 ; elapsed = 00:15:30 . Memory (MB): peak = 12031.539 ; gain = 0.000 ; free physical = 3587 ; free virtual = 10288
# if {[get_property PROGRESS [get_runs impl_1]] != "100%"} {
#    puts "ERROR: implementation/bitstream did not finish."
#    return
# }
# open_run impl_1
Netlist sorting complete. Time (s): cpu = 00:00:00.65 ; elapsed = 00:00:00.64 . Memory (MB): peak = 12031.539 ; gain = 0.000 ; free physical = 8175 ; free virtual = 14876
INFO: [Netlist 29-17] Analyzing 3547 Unisim elements for replacement
INFO: [Netlist 29-28] Unisim Transformation completed in 0 CPU seconds
INFO: [Project 1-479] Netlist was created with Vivado 2025.2
INFO: [Project 1-570] Preparing netlist for logic optimization
Read ShapeDB Complete: Time (s): cpu = 00:00:00.12 ; elapsed = 00:00:00.12 . Memory (MB): peak = 12031.539 ; gain = 0.000 ; free physical = 8168 ; free virtual = 14879
INFO: [Timing 38-478] Restoring timing data from binary archive.
INFO: [Timing 38-479] Binary timing data restore complete.
INFO: [Project 1-856] Restoring constraints from binary archive.
INFO: [Project 1-853] Binary constraint restore complete.
INFO: [Designutils 20-5722] Start Reading Physical Databases.
Reading placement.
Read Netlist Cache: Time (s): cpu = 00:00:00.07 ; elapsed = 00:00:00.07 . Memory (MB): peak = 12031.539 ; gain = 0.000 ; free physical = 8166 ; free virtual = 14868
Reading placer database...
Read Device Cache: Time (s): cpu = 00:00:00.01 ; elapsed = 00:00:00.02 . Memory (MB): peak = 12031.539 ; gain = 0.000 ; free physical = 8166 ; free virtual = 14868
Read PlaceDB: Time (s): cpu = 00:00:00 ; elapsed = 00:00:00 . Memory (MB): peak = 12031.539 ; gain = 0.000 ; free physical = 8166 ; free virtual = 14868
Read placeStorage: Time (s): cpu = 00:00:01 ; elapsed = 00:00:01 . Memory (MB): peak = 12031.539 ; gain = 0.000 ; free physical = 8166 ; free virtual = 14868
Read PulsedLatchDB: Time (s): cpu = 00:00:00 ; elapsed = 00:00:00 . Memory (MB): peak = 12031.539 ; gain = 0.000 ; free physical = 8166 ; free virtual = 14868
Reading routing.
Read RouteStorage: Time (s): cpu = 00:00:02 ; elapsed = 00:00:00.5 . Memory (MB): peak = 12031.539 ; gain = 0.000 ; free physical = 8158 ; free virtual = 14860
Read Physdb Files: Time (s): cpu = 00:00:03 ; elapsed = 00:00:02 . Memory (MB): peak = 12031.539 ; gain = 0.000 ; free physical = 8158 ; free virtual = 14860
Restored from archive | CPU: 3.180000 secs | Memory: 76.919479 MB |
Finished XDEF File Restore: Time (s): cpu = 00:00:03 ; elapsed = 00:00:02 . Memory (MB): peak = 12031.539 ; gain = 0.000 ; free physical = 8158 ; free virtual = 14860
Netlist sorting complete. Time (s): cpu = 00:00:00.01 ; elapsed = 00:00:00.02 . Memory (MB): peak = 12031.539 ; gain = 0.000 ; free physical = 8143 ; free virtual = 14846
INFO: [Project 1-111] Unisim Transformation Summary:
  A total of 99 instances were transformed.
  RAM32M => RAM32M (RAMD32(x6), RAMS32(x2)): 92 instances
  RAM32X1D => RAM32X1D (RAMD32(x2)): 7 instances

open_run: Time (s): cpu = 00:00:31 ; elapsed = 00:00:17 . Memory (MB): peak = 12083.535 ; gain = 51.996 ; free physical = 8043 ; free virtual = 14758
# set wns [get_property STATS.WNS [get_runs impl_1]]
# set whs [get_property STATS.WHS [get_runs impl_1]]
# puts "============================================================"
============================================================
# puts " TIMING   WNS = $wns ns    WHS = $whs ns"
 TIMING   WNS = -0.073205 ns    WHS = 0.031386 ns
# if {$wns >= 0 && $whs >= 0} {
#    puts " >>> TIMING CLOSED - bitstream is GOOD with the PMU <<<"
# } else {
#    puts " *** TIMING VIOLATION - tell Claude the WNS/WHS numbers ***"
# }
 *** TIMING VIOLATION - tell Claude the WNS/WHS numbers ***
# puts " bitstream: $ZC702/ztachip_zc702.runs/impl_1/main_zc702.bit"
 bitstream: /home/eslam-elshokafy/Desktop/AIDAChip_Workshop_01/ztachip/HW/examples/ZC702/ztachip_zc702.runs/impl_1/main_zc702.bit
# puts "============================================================"
============================================================
report_timing_summary -delay_type min_max -report_unconstrained -check_timing_verbose -max_paths 10 -input_pins -routable_nets -name timing_1
INFO: [Timing 38-91] UpdateTimingParams: Speed grade: -1, Delay Type: min_max.
INFO: [Timing 38-191] Multithreading enabled for timing update using a maximum of 8 CPUs
report_timing_summary: Time (s): cpu = 00:00:51 ; elapsed = 00:00:11 . Memory (MB): peak = 12183.488 ; gain = 99.953 ; free physical = 7840 ; free virtual = 14565
reset_run synth_1
INFO: [Project 1-1161] Replacing file /home/eslam-elshokafy/Desktop/AIDAChip_Workshop_01/ztachip/HW/examples/ZC702/ztachip_zc702.srcs/utils_1/imports/synth_1/main_zc702.dcp with file /home/eslam-elshokafy/Desktop/AIDAChip_Workshop_01/ztachip/HW/examples/ZC702/ztachip_zc702.runs/synth_1/main_zc702.dcp
close_design
source /home/eslam-elshokafy/Desktop/AIDAChip_Workshop_01/ztachip/HW/examples/ZC702/run_pmu_build_gui.tcl
# set ZC702 /home/eslam-elshokafy/Desktop/AIDAChip_Workshop_01/ztachip/HW/examples/ZC702
# set JOBS  2
# puts "INFO: clearing any interrupted runs..."
INFO: clearing any interrupted runs...
# catch {reset_run impl_1}
# catch {reset_run synth_1}
# catch {reset_property STEPS.SYNTH_DESIGN.ARGS.FANOUT_LIMIT [get_runs synth_1]}
# catch {set_property strategy Performance_ExplorePostRoutePhysOpt [get_runs impl_1]}
# puts "INFO: impl strategy = [get_property strategy [get_runs impl_1]]"
INFO: impl strategy = Performance_ExplorePostRoutePhysOpt
# puts "INFO: synth_1 status = [get_property STATUS [get_runs synth_1]]"
INFO: synth_1 status = Not started
# puts "INFO: launching synthesis (-jobs $JOBS)..."
INFO: launching synthesis (-jobs 2)...
# launch_runs synth_1 -jobs $JOBS
INFO: [Vivado 12-4149] The synthesis checkpoint for IP '/home/eslam-elshokafy/Desktop/AIDAChip_Workshop_01/ztachip/HW/examples/ZC702/ztachip_zc702.srcs/sources_1/ip/clk_mmcm/clk_mmcm.xci' is already up-to-date
[Sat Jun 20 20:27:00 2026] Launched synth_1...
Run output will be captured here: /home/eslam-elshokafy/Desktop/AIDAChip_Workshop_01/ztachip/HW/examples/ZC702/ztachip_zc702.runs/synth_1/runme.log
# wait_on_run synth_1
[Sat Jun 20 20:27:00 2026] Waiting for synth_1 to finish...
[Sat Jun 20 20:27:05 2026] Waiting for synth_1 to finish...
[Sat Jun 20 20:27:10 2026] Waiting for synth_1 to finish...
[Sat Jun 20 20:27:15 2026] Waiting for synth_1 to finish...
[Sat Jun 20 20:27:25 2026] Waiting for synth_1 to finish...
[Sat Jun 20 20:27:35 2026] Waiting for synth_1 to finish...
[Sat Jun 20 20:27:45 2026] Waiting for synth_1 to finish...
[Sat Jun 20 20:27:55 2026] Waiting for synth_1 to finish...
[Sat Jun 20 20:28:15 2026] Waiting for synth_1 to finish...
[Sat Jun 20 20:28:35 2026] Waiting for synth_1 to finish...
[Sat Jun 20 20:28:55 2026] Waiting for synth_1 to finish...
[Sat Jun 20 20:29:15 2026] Waiting for synth_1 to finish...
[Sat Jun 20 20:29:55 2026] Waiting for synth_1 to finish...
[Sat Jun 20 20:30:35 2026] Waiting for synth_1 to finish...

*** Running vivado
    with args -log main_zc702.vds -m64 -product Vivado -mode batch -messageDb vivado.pb -notrace -source main_zc702.tcl


****** Vivado v2025.2 (64-bit)
  **** SW Build 6299465 on Fri Nov 14 12:34:56 MST 2025
  **** IP Build 6300035 on Fri Nov 14 10:48:45 MST 2025
  **** SharedData Build 6298862 on Thu Nov 13 04:50:51 MST 2025
  **** Start of session at: Sat Jun 20 20:27:02 2026
    ** Copyright 1986-2022 Xilinx, Inc. All Rights Reserved.
    ** Copyright 2022-2025 Advanced Micro Devices, Inc. All Rights Reserved.

source main_zc702.tcl -notrace
CRITICAL WARNING: [Common 17-1355] You are suppressing all messages of type 'WARNING'. You may potentially disregard important DRC, CDC, and implementation messages that can negatively impact your design.  If this is not desired, please run 'reset_msg_config -suppress -severity {WARNING}' to undo this change.
Command: read_checkpoint -auto_incremental -incremental /home/eslam-elshokafy/Desktop/AIDAChip_Workshop_01/ztachip/HW/examples/ZC702/ztachip_zc702.srcs/utils_1/imports/synth_1/main_zc702.dcp
INFO: [Vivado 12-5825] Read reference checkpoint from /home/eslam-elshokafy/Desktop/AIDAChip_Workshop_01/ztachip/HW/examples/ZC702/ztachip_zc702.srcs/utils_1/imports/synth_1/main_zc702.dcp for incremental synthesis
INFO: [Vivado 12-7989] Please ensure there are no constraint changes
Command: synth_design -top main_zc702 -part xc7z020clg484-1
Starting synth_design
Attempting to get a license for feature 'Synthesis' and/or device 'xc7z020'
INFO: [Common 17-349] Got license for feature 'Synthesis' and/or device 'xc7z020'
INFO: [Device 21-403] Loading part xc7z020clg484-1
INFO: [Synth 8-7079] Multithreading enabled for synth_design using a maximum of 7 processes.
INFO: [Synth 8-7078] Launching helper process for spawning children vivado processes
INFO: [Synth 8-7075] Helper process launched with PID 218192
---------------------------------------------------------------------------------
Starting RTL Elaboration : Time (s): cpu = 00:00:03 ; elapsed = 00:00:03 . Memory (MB): peak = 2249.898 ; gain = 482.875 ; free physical = 6281 ; free virtual = 13088
---------------------------------------------------------------------------------
INFO: [Synth 8-7154] Comparator node is optimized using Range information. [/home/eslam-elshokafy/Desktop/AIDAChip_Workshop_01/ztachip/HW/riscv/sim/riscv.vhd:4449]
INFO: [Synth 8-7154] Comparator node is optimized using Range information. [/home/eslam-elshokafy/Desktop/AIDAChip_Workshop_01/ztachip/HW/riscv/sim/riscv.vhd:4192]
INFO: [Synth 8-7154] Comparator node is optimized using Range information. [/home/eslam-elshokafy/Desktop/AIDAChip_Workshop_01/ztachip/HW/src/pcore/instr_fetch.vhd:824]
---------------------------------------------------------------------------------
Finished RTL Elaboration : Time (s): cpu = 00:00:12 ; elapsed = 00:00:28 . Memory (MB): peak = 2702.148 ; gain = 935.125 ; free physical = 591 ; free virtual = 7412
---------------------------------------------------------------------------------
---------------------------------------------------------------------------------
Start Handling Custom Attributes
---------------------------------------------------------------------------------
---------------------------------------------------------------------------------
Finished Handling Custom Attributes : Time (s): cpu = 00:00:12 ; elapsed = 00:00:29 . Memory (MB): peak = 2702.148 ; gain = 935.125 ; free physical = 591 ; free virtual = 7412
---------------------------------------------------------------------------------
---------------------------------------------------------------------------------
Finished RTL Optimization Phase 1 : Time (s): cpu = 00:00:12 ; elapsed = 00:00:29 . Memory (MB): peak = 2702.148 ; gain = 935.125 ; free physical = 591 ; free virtual = 7412
---------------------------------------------------------------------------------
Netlist sorting complete. Time (s): cpu = 00:00:01 ; elapsed = 00:00:01 . Memory (MB): peak = 2702.148 ; gain = 0.000 ; free physical = 601 ; free virtual = 7420
INFO: [Project 1-570] Preparing netlist for logic optimization

Processing XDC Constraints
Initializing timing engine
Parsing XDC File [/home/eslam-elshokafy/Desktop/AIDAChip_Workshop_01/ztachip/HW/examples/ZC702/ztachip_zc702.gen/sources_1/ip/clk_mmcm/clk_mmcm/clk_mmcm_in_context.xdc] for cell 'clk_mmcm_inst'
Finished Parsing XDC File [/home/eslam-elshokafy/Desktop/AIDAChip_Workshop_01/ztachip/HW/examples/ZC702/ztachip_zc702.gen/sources_1/ip/clk_mmcm/clk_mmcm/clk_mmcm_in_context.xdc] for cell 'clk_mmcm_inst'
Parsing XDC File [/home/eslam-elshokafy/Desktop/AIDAChip_Workshop_01/ztachip/HW/examples/ZC702/ztachip_zc702.gen/sources_1/ip/float_addsub/float_addsub/float_addsub_in_context.xdc] for cell 'soc_base_inst/ztachip_inst/GEN1.fpu_i/falu_vector_i/GEN_FPU[0].falu_core_i/falu_i/stage_3/float_addsub_inst'
Finished Parsing XDC File [/home/eslam-elshokafy/Desktop/AIDAChip_Workshop_01/ztachip/HW/examples/ZC702/ztachip_zc702.gen/sources_1/ip/float_addsub/float_addsub/float_addsub_in_context.xdc] for cell 'soc_base_inst/ztachip_inst/GEN1.fpu_i/falu_vector_i/GEN_FPU[0].falu_core_i/falu_i/stage_3/float_addsub_inst'
Parsing XDC File [/home/eslam-elshokafy/Desktop/AIDAChip_Workshop_01/ztachip/HW/examples/ZC702/ztachip_zc702.gen/sources_1/ip/float_addsub/float_addsub/float_addsub_in_context.xdc] for cell 'soc_base_inst/ztachip_inst/GEN1.fpu_i/falu_vector_i/GEN_FPU[0].falu_core_i/falu2_i/sum_1/float_addsub_inst'
Finished Parsing XDC File [/home/eslam-elshokafy/Desktop/AIDAChip_Workshop_01/ztachip/HW/examples/ZC702/ztachip_zc702.gen/sources_1/ip/float_addsub/float_addsub/float_addsub_in_context.xdc] for cell 'soc_base_inst/ztachip_inst/GEN1.fpu_i/falu_vector_i/GEN_FPU[0].falu_core_i/falu2_i/sum_1/float_addsub_inst'
Parsing XDC File [/home/eslam-elshokafy/Desktop/AIDAChip_Workshop_01/ztachip/HW/examples/ZC702/ztachip_zc702.gen/sources_1/ip/float_addsub/float_addsub/float_addsub_in_context.xdc] for cell 'soc_base_inst/ztachip_inst/GEN1.fpu_i/falu_vector_i/GEN_FPU[0].falu_core_i/falu2_i/sum_2/float_addsub_inst'
Finished Parsing XDC File [/home/eslam-elshokafy/Desktop/AIDAChip_Workshop_01/ztachip/HW/examples/ZC702/ztachip_zc702.gen/sources_1/ip/float_addsub/float_addsub/float_addsub_in_context.xdc] for cell 'soc_base_inst/ztachip_inst/GEN1.fpu_i/falu_vector_i/GEN_FPU[0].falu_core_i/falu2_i/sum_2/float_addsub_inst'
Parsing XDC File [/home/eslam-elshokafy/Desktop/AIDAChip_Workshop_01/ztachip/HW/examples/ZC702/ztachip_zc702.gen/sources_1/ip/float_addsub/float_addsub/float_addsub_in_context.xdc] for cell 'soc_base_inst/ztachip_inst/GEN1.fpu_i/falu_vector_i/GEN_FPU[0].falu_core_i/falu2_i/sum_3/float_addsub_inst'
Finished Parsing XDC File [/home/eslam-elshokafy/Desktop/AIDAChip_Workshop_01/ztachip/HW/examples/ZC702/ztachip_zc702.gen/sources_1/ip/float_addsub/float_addsub/float_addsub_in_context.xdc] for cell 'soc_base_inst/ztachip_inst/GEN1.fpu_i/falu_vector_i/GEN_FPU[0].falu_core_i/falu2_i/sum_3/float_addsub_inst'
Parsing XDC File [/home/eslam-elshokafy/Desktop/AIDAChip_Workshop_01/ztachip/HW/examples/ZC702/ztachip_zc702.gen/sources_1/ip/float_addsub/float_addsub/float_addsub_in_context.xdc] for cell 'soc_base_inst/ztachip_inst/GEN1.fpu_i/falu_vector_i/GEN_FPU[1].falu_core_i/falu_i/stage_3/float_addsub_inst'
Finished Parsing XDC File [/home/eslam-elshokafy/Desktop/AIDAChip_Workshop_01/ztachip/HW/examples/ZC702/ztachip_zc702.gen/sources_1/ip/float_addsub/float_addsub/float_addsub_in_context.xdc] for cell 'soc_base_inst/ztachip_inst/GEN1.fpu_i/falu_vector_i/GEN_FPU[1].falu_core_i/falu_i/stage_3/float_addsub_inst'
Parsing XDC File [/home/eslam-elshokafy/Desktop/AIDAChip_Workshop_01/ztachip/HW/examples/ZC702/ztachip_zc702.gen/sources_1/ip/float_addsub/float_addsub/float_addsub_in_context.xdc] for cell 'soc_base_inst/ztachip_inst/GEN1.fpu_i/falu_vector_i/GEN_FPU[1].falu_core_i/falu2_i/sum_1/float_addsub_inst'
Finished Parsing XDC File [/home/eslam-elshokafy/Desktop/AIDAChip_Workshop_01/ztachip/HW/examples/ZC702/ztachip_zc702.gen/sources_1/ip/float_addsub/float_addsub/float_addsub_in_context.xdc] for cell 'soc_base_inst/ztachip_inst/GEN1.fpu_i/falu_vector_i/GEN_FPU[1].falu_core_i/falu2_i/sum_1/float_addsub_inst'
Parsing XDC File [/home/eslam-elshokafy/Desktop/AIDAChip_Workshop_01/ztachip/HW/examples/ZC702/ztachip_zc702.gen/sources_1/ip/float_addsub/float_addsub/float_addsub_in_context.xdc] for cell 'soc_base_inst/ztachip_inst/GEN1.fpu_i/falu_vector_i/GEN_FPU[1].falu_core_i/falu2_i/sum_2/float_addsub_inst'
Finished Parsing XDC File [/home/eslam-elshokafy/Desktop/AIDAChip_Workshop_01/ztachip/HW/examples/ZC702/ztachip_zc702.gen/sources_1/ip/float_addsub/float_addsub/float_addsub_in_context.xdc] for cell 'soc_base_inst/ztachip_inst/GEN1.fpu_i/falu_vector_i/GEN_FPU[1].falu_core_i/falu2_i/sum_2/float_addsub_inst'
Parsing XDC File [/home/eslam-elshokafy/Desktop/AIDAChip_Workshop_01/ztachip/HW/examples/ZC702/ztachip_zc702.gen/sources_1/ip/float_addsub/float_addsub/float_addsub_in_context.xdc] for cell 'soc_base_inst/ztachip_inst/GEN1.fpu_i/falu_vector_i/GEN_FPU[1].falu_core_i/falu2_i/sum_3/float_addsub_inst'
Finished Parsing XDC File [/home/eslam-elshokafy/Desktop/AIDAChip_Workshop_01/ztachip/HW/examples/ZC702/ztachip_zc702.gen/sources_1/ip/float_addsub/float_addsub/float_addsub_in_context.xdc] for cell 'soc_base_inst/ztachip_inst/GEN1.fpu_i/falu_vector_i/GEN_FPU[1].falu_core_i/falu2_i/sum_3/float_addsub_inst'
Parsing XDC File [/home/eslam-elshokafy/Desktop/AIDAChip_Workshop_01/ztachip/HW/examples/ZC702/ztachip_zc702.gen/sources_1/ip/float_addsub/float_addsub/float_addsub_in_context.xdc] for cell 'soc_base_inst/ztachip_inst/GEN1.fpu_i/falu_vector_i/stage_3/float_addsub_inst'
Finished Parsing XDC File [/home/eslam-elshokafy/Desktop/AIDAChip_Workshop_01/ztachip/HW/examples/ZC702/ztachip_zc702.gen/sources_1/ip/float_addsub/float_addsub/float_addsub_in_context.xdc] for cell 'soc_base_inst/ztachip_inst/GEN1.fpu_i/falu_vector_i/stage_3/float_addsub_inst'
Parsing XDC File [/home/eslam-elshokafy/Desktop/AIDAChip_Workshop_01/ztachip/HW/examples/ZC702/ztachip_zc702.gen/sources_1/ip/float_mul/float_mul/float_mul_in_context.xdc] for cell 'soc_base_inst/ztachip_inst/GEN1.fpu_i/falu_vector_i/GEN_FPU[0].falu_core_i/falu_i/stage_1/float_mul_inst'
Finished Parsing XDC File [/home/eslam-elshokafy/Desktop/AIDAChip_Workshop_01/ztachip/HW/examples/ZC702/ztachip_zc702.gen/sources_1/ip/float_mul/float_mul/float_mul_in_context.xdc] for cell 'soc_base_inst/ztachip_inst/GEN1.fpu_i/falu_vector_i/GEN_FPU[0].falu_core_i/falu_i/stage_1/float_mul_inst'
Parsing XDC File [/home/eslam-elshokafy/Desktop/AIDAChip_Workshop_01/ztachip/HW/examples/ZC702/ztachip_zc702.gen/sources_1/ip/float_mul/float_mul/float_mul_in_context.xdc] for cell 'soc_base_inst/ztachip_inst/GEN1.fpu_i/falu_vector_i/GEN_FPU[0].falu_core_i/falu_i/stage_2/float_mul_inst'
Finished Parsing XDC File [/home/eslam-elshokafy/Desktop/AIDAChip_Workshop_01/ztachip/HW/examples/ZC702/ztachip_zc702.gen/sources_1/ip/float_mul/float_mul/float_mul_in_context.xdc] for cell 'soc_base_inst/ztachip_inst/GEN1.fpu_i/falu_vector_i/GEN_FPU[0].falu_core_i/falu_i/stage_2/float_mul_inst'
Parsing XDC File [/home/eslam-elshokafy/Desktop/AIDAChip_Workshop_01/ztachip/HW/examples/ZC702/ztachip_zc702.gen/sources_1/ip/float_mul/float_mul/float_mul_in_context.xdc] for cell 'soc_base_inst/ztachip_inst/GEN1.fpu_i/falu_vector_i/GEN_FPU[1].falu_core_i/falu_i/stage_1/float_mul_inst'
Finished Parsing XDC File [/home/eslam-elshokafy/Desktop/AIDAChip_Workshop_01/ztachip/HW/examples/ZC702/ztachip_zc702.gen/sources_1/ip/float_mul/float_mul/float_mul_in_context.xdc] for cell 'soc_base_inst/ztachip_inst/GEN1.fpu_i/falu_vector_i/GEN_FPU[1].falu_core_i/falu_i/stage_1/float_mul_inst'
Parsing XDC File [/home/eslam-elshokafy/Desktop/AIDAChip_Workshop_01/ztachip/HW/examples/ZC702/ztachip_zc702.gen/sources_1/ip/float_mul/float_mul/float_mul_in_context.xdc] for cell 'soc_base_inst/ztachip_inst/GEN1.fpu_i/falu_vector_i/GEN_FPU[1].falu_core_i/falu_i/stage_2/float_mul_inst'
Finished Parsing XDC File [/home/eslam-elshokafy/Desktop/AIDAChip_Workshop_01/ztachip/HW/examples/ZC702/ztachip_zc702.gen/sources_1/ip/float_mul/float_mul/float_mul_in_context.xdc] for cell 'soc_base_inst/ztachip_inst/GEN1.fpu_i/falu_vector_i/GEN_FPU[1].falu_core_i/falu_i/stage_2/float_mul_inst'
Parsing XDC File [/home/eslam-elshokafy/Desktop/AIDAChip_Workshop_01/ztachip/HW/examples/ZC702/ztachip_zc702.gen/sources_1/bd/zynq_system/ip/zynq_system_processing_system7_0_0/zynq_system_processing_system7_0_0.xdc] for cell 'ps_inst/zynq_system_i/processing_system7_0/inst'
Finished Parsing XDC File [/home/eslam-elshokafy/Desktop/AIDAChip_Workshop_01/ztachip/HW/examples/ZC702/ztachip_zc702.gen/sources_1/bd/zynq_system/ip/zynq_system_processing_system7_0_0/zynq_system_processing_system7_0_0.xdc] for cell 'ps_inst/zynq_system_i/processing_system7_0/inst'
INFO: [Project 1-236] Implementation specific constraints were found while reading constraint file [/home/eslam-elshokafy/Desktop/AIDAChip_Workshop_01/ztachip/HW/examples/ZC702/ztachip_zc702.gen/sources_1/bd/zynq_system/ip/zynq_system_processing_system7_0_0/zynq_system_processing_system7_0_0.xdc]. These constraints will be ignored for synthesis but will be used in implementation. Impacted constraints are listed in the file [.Xil/main_zc702_propImpl.xdc].
Resolution: To avoid this warning, move constraints listed in [.Xil/main_zc702_propImpl.xdc] to another XDC file and exclude this new file from synthesis with the used_in_synthesis property (File Properties dialog in GUI) and re-run elaboration/synthesis.
Parsing XDC File [/home/eslam-elshokafy/Desktop/AIDAChip_Workshop_01/ztachip/HW/examples/ZC702/main_zc702.xdc]
Finished Parsing XDC File [/home/eslam-elshokafy/Desktop/AIDAChip_Workshop_01/ztachip/HW/examples/ZC702/main_zc702.xdc]
INFO: [Project 1-236] Implementation specific constraints were found while reading constraint file [/home/eslam-elshokafy/Desktop/AIDAChip_Workshop_01/ztachip/HW/examples/ZC702/main_zc702.xdc]. These constraints will be ignored for synthesis but will be used in implementation. Impacted constraints are listed in the file [.Xil/main_zc702_propImpl.xdc].
Resolution: To avoid this warning, move constraints listed in [.Xil/main_zc702_propImpl.xdc] to another XDC file and exclude this new file from synthesis with the used_in_synthesis property (File Properties dialog in GUI) and re-run elaboration/synthesis.
Parsing XDC File [/home/eslam-elshokafy/Desktop/AIDAChip_Workshop_01/ztachip/HW/examples/ZC702/ztachip_zc702.runs/synth_1/dont_touch.xdc]
Finished Parsing XDC File [/home/eslam-elshokafy/Desktop/AIDAChip_Workshop_01/ztachip/HW/examples/ZC702/ztachip_zc702.runs/synth_1/dont_touch.xdc]
INFO: [Project 1-236] Implementation specific constraints were found while reading constraint file [/home/eslam-elshokafy/Desktop/AIDAChip_Workshop_01/ztachip/HW/examples/ZC702/ztachip_zc702.runs/synth_1/dont_touch.xdc]. These constraints will be ignored for synthesis but will be used in implementation. Impacted constraints are listed in the file [.Xil/main_zc702_propImpl.xdc].
Resolution: To avoid this warning, move constraints listed in [.Xil/main_zc702_propImpl.xdc] to another XDC file and exclude this new file from synthesis with the used_in_synthesis property (File Properties dialog in GUI) and re-run elaboration/synthesis.
INFO: [Vivado 12-3272] Current instance is the top level cell 'soc_base_inst/axi_merge_inst/read_i/GEN1_CCD.slave_cmd_fifo/GEN2.afifo_i/sync_i1/xpm_cdc_array_single_inst' of design 'preSynthElab_1' [/home/eslam-elshokafy/Xilinx/2025.2/data/ip/xpm/xpm_cdc/tcl/xpm_cdc_array_single.tcl:5]
INFO: [Vivado 12-3272] Current instance is the top level cell 'soc_base_inst/axi_merge_inst/read_i/GEN1_CCD.slave_cmd_fifo/GEN2.afifo_i/sync_i2/xpm_cdc_array_single_inst' of design 'preSynthElab_1' [/home/eslam-elshokafy/Xilinx/2025.2/data/ip/xpm/xpm_cdc/tcl/xpm_cdc_array_single.tcl:5]
INFO: [Vivado 12-3272] Current instance is the top level cell 'soc_base_inst/axi_merge_inst/read_i/GEN2_CCD.slave_resp_fifo/GEN2.afifo_i/sync_i1/xpm_cdc_array_single_inst' of design 'preSynthElab_1' [/home/eslam-elshokafy/Xilinx/2025.2/data/ip/xpm/xpm_cdc/tcl/xpm_cdc_array_single.tcl:5]
INFO: [Vivado 12-3272] Current instance is the top level cell 'soc_base_inst/axi_merge_inst/read_i/GEN2_CCD.slave_resp_fifo/GEN2.afifo_i/sync_i2/xpm_cdc_array_single_inst' of design 'preSynthElab_1' [/home/eslam-elshokafy/Xilinx/2025.2/data/ip/xpm/xpm_cdc/tcl/xpm_cdc_array_single.tcl:5]
INFO: [Vivado 12-3272] Current instance is the top level cell 'soc_base_inst/axi_merge_inst/write_i/GEN1_CCD.slave_cmd_fifo/GEN2.afifo_i/sync_i1/xpm_cdc_array_single_inst' of design 'preSynthElab_1' [/home/eslam-elshokafy/Xilinx/2025.2/data/ip/xpm/xpm_cdc/tcl/xpm_cdc_array_single.tcl:5]
INFO: [Vivado 12-3272] Current instance is the top level cell 'soc_base_inst/axi_merge_inst/write_i/GEN1_CCD.slave_cmd_fifo/GEN2.afifo_i/sync_i2/xpm_cdc_array_single_inst' of design 'preSynthElab_1' [/home/eslam-elshokafy/Xilinx/2025.2/data/ip/xpm/xpm_cdc/tcl/xpm_cdc_array_single.tcl:5]
INFO: [Vivado 12-3272] Current instance is the top level cell 'soc_base_inst/axi_merge_inst/write_i/GEN2_CCD.slave_data_fifo/GEN2.afifo_i/sync_i1/xpm_cdc_array_single_inst' of design 'preSynthElab_1' [/home/eslam-elshokafy/Xilinx/2025.2/data/ip/xpm/xpm_cdc/tcl/xpm_cdc_array_single.tcl:5]
INFO: [Vivado 12-3272] Current instance is the top level cell 'soc_base_inst/axi_merge_inst/write_i/GEN2_CCD.slave_data_fifo/GEN2.afifo_i/sync_i2/xpm_cdc_array_single_inst' of design 'preSynthElab_1' [/home/eslam-elshokafy/Xilinx/2025.2/data/ip/xpm/xpm_cdc/tcl/xpm_cdc_array_single.tcl:5]
INFO: [Vivado 12-3272] Current instance is the top level cell 'soc_base_inst/axi_merge_inst/write_i/GEN3_CCD.slave_resp_fifo/GEN2.afifo_i/sync_i1/xpm_cdc_array_single_inst' of design 'preSynthElab_1' [/home/eslam-elshokafy/Xilinx/2025.2/data/ip/xpm/xpm_cdc/tcl/xpm_cdc_array_single.tcl:5]
INFO: [Vivado 12-3272] Current instance is the top level cell 'soc_base_inst/axi_merge_inst/write_i/GEN3_CCD.slave_resp_fifo/GEN2.afifo_i/sync_i2/xpm_cdc_array_single_inst' of design 'preSynthElab_1' [/home/eslam-elshokafy/Xilinx/2025.2/data/ip/xpm/xpm_cdc/tcl/xpm_cdc_array_single.tcl:5]
INFO: [Project 1-236] Implementation specific constraints were found while reading constraint file [/home/eslam-elshokafy/Xilinx/2025.2/data/ip/xpm/xpm_cdc/tcl/xpm_cdc_array_single.tcl]. These constraints will be ignored for synthesis but will be used in implementation. Impacted constraints are listed in the file [.Xil/main_zc702_propImpl.xdc].
Resolution: To avoid this warning, move constraints listed in [.Xil/main_zc702_propImpl.xdc] to another XDC file and exclude this new file from synthesis with the used_in_synthesis property (File Properties dialog in GUI) and re-run elaboration/synthesis.
INFO: [Project 1-236] Implementation specific constraints were found while reading constraint file [/home/eslam-elshokafy/Xilinx/2025.2/data/ip/xpm/xpm_memory/tcl/xpm_memory_xdc.tcl]. These constraints will be ignored for synthesis but will be used in implementation. Impacted constraints are listed in the file [.Xil/main_zc702_propImpl.xdc].
Resolution: To avoid this warning, move constraints listed in [.Xil/main_zc702_propImpl.xdc] to another XDC file and exclude this new file from synthesis with the used_in_synthesis property (File Properties dialog in GUI) and re-run elaboration/synthesis.
INFO: [Project 1-236] Implementation specific constraints were found while reading constraint file [/home/eslam-elshokafy/Xilinx/2025.2/data/ip/xpm/xpm_memory/tcl/xpm_memory_xdc.tcl]. These constraints will be ignored for synthesis but will be used in implementation. Impacted constraints are listed in the file [.Xil/main_zc702_propImpl.xdc].
Resolution: To avoid this warning, move constraints listed in [.Xil/main_zc702_propImpl.xdc] to another XDC file and exclude this new file from synthesis with the used_in_synthesis property (File Properties dialog in GUI) and re-run elaboration/synthesis.
INFO: [Project 1-1714] 109 XPM XDC files have been applied to the design.
Completed Processing XDC Constraints

Netlist sorting complete. Time (s): cpu = 00:00:00.03 ; elapsed = 00:00:00.02 . Memory (MB): peak = 3220.719 ; gain = 0.000 ; free physical = 190 ; free virtual = 7009
INFO: [Project 1-111] Unisim Transformation Summary:
No Unisim elements were transformed.

Constraint Validation Runtime : Time (s): cpu = 00:00:00.32 ; elapsed = 00:00:00.32 . Memory (MB): peak = 3222.719 ; gain = 0.965 ; free physical = 184 ; free virtual = 7002
---------------------------------------------------------------------------------
Finished Constraint Validation : Time (s): cpu = 00:00:45 ; elapsed = 00:00:49 . Memory (MB): peak = 3234.594 ; gain = 1467.570 ; free physical = 355 ; free virtual = 7032
---------------------------------------------------------------------------------
---------------------------------------------------------------------------------
Start Loading Part and Timing Information
---------------------------------------------------------------------------------
Loading part: xc7z020clg484-1
---------------------------------------------------------------------------------
Finished Loading Part and Timing Information : Time (s): cpu = 00:00:45 ; elapsed = 00:00:49 . Memory (MB): peak = 3242.598 ; gain = 1475.574 ; free physical = 355 ; free virtual = 7032
---------------------------------------------------------------------------------
---------------------------------------------------------------------------------
Start Applying 'set_property' XDC Constraints
---------------------------------------------------------------------------------
---------------------------------------------------------------------------------
Finished applying 'set_property' XDC Constraints : Time (s): cpu = 00:00:46 ; elapsed = 00:00:49 . Memory (MB): peak = 3242.598 ; gain = 1475.574 ; free physical = 358 ; free virtual = 7035
---------------------------------------------------------------------------------
---------------------------------------------------------------------------------
Start Preparing Guide Design
---------------------------------------------------------------------------------
---------------------------------------------------------------------------------
Finished Doing Graph Differ : Time (s): cpu = 00:00:49 ; elapsed = 00:00:53 . Memory (MB): peak = 3242.598 ; gain = 1475.574 ; free physical = 348 ; free virtual = 7033
---------------------------------------------------------------------------------
cell__GB0pcore__parameterized5pcore__parameterized3pcore__parameterized1dp_core__GC0fpu__GB1fpu__GB0IncrSyn: Total reference run partitions are 16, Impacted partitions are 11.
IncrSyn: List of changed modules: 
	Changed Module : PMU
---------------------------------------------------------------------------------
Finished Preparing Guide Design : Time (s): cpu = 00:00:51 ; elapsed = 00:00:54 . Memory (MB): peak = 3242.598 ; gain = 1475.574 ; free physical = 345 ; free virtual = 7030
---------------------------------------------------------------------------------
INFO: [Synth 8-802] inferred FSM for state register 'tx_state_r_reg' in module 'UART'
---------------------------------------------------------------------------------------------------
                   State |                     New Encoding |                Previous Encoding 
---------------------------------------------------------------------------------------------------
                    idle |                               00 |                               00
               start_bit |                               01 |                               01
            writing_bits |                               10 |                               10
         writing_end_bit |                               11 |                               11
---------------------------------------------------------------------------------------------------
INFO: [Synth 8-3354] encoded FSM with state register 'tx_state_r_reg' using encoding 'User encoding' in module 'UART'
---------------------------------------------------------------------------------
Finished RTL Optimization Phase 2 : Time (s): cpu = 00:01:06 ; elapsed = 00:01:11 . Memory (MB): peak = 4451.855 ; gain = 2684.832 ; free physical = 149 ; free virtual = 5825
---------------------------------------------------------------------------------


Incremental Synthesis Report Summary:

1. Incremental synthesis run: no

   Reason for not running incremental synthesis : Change is too high


INFO: [Synth 8-7130] Flow is switching to default flow due to incremental criteria not met. If you would like to alter this behaviour and have the flow terminate instead, please set the following parameter config_implementation {autoIncr.Synth.RejectBehavior Terminate}
---------------------------------------------------------------------------------
Start RTL Component Statistics 
---------------------------------------------------------------------------------
Detailed RTL Component Info : 
+---Adders : 
	   2 Input   64 Bit       Adders := 1     
	   3 Input   52 Bit       Adders := 1     
	   2 Input   33 Bit       Adders := 2     
	   3 Input   33 Bit       Adders := 1     
	   2 Input   32 Bit       Adders := 27    
	   3 Input   32 Bit       Adders := 33    
	   3 Input   29 Bit       Adders := 4     
	   2 Input   27 Bit       Adders := 14    
	   3 Input   27 Bit       Adders := 14    
	   2 Input   26 Bit       Adders := 64    
	   3 Input   26 Bit       Adders := 16    
	   2 Input   25 Bit       Adders := 2     
	   2 Input   24 Bit       Adders := 2     
	   2 Input   23 Bit       Adders := 34    
	   2 Input   22 Bit       Adders := 8     
	   2 Input   20 Bit       Adders := 2     
	   2 Input   17 Bit       Adders := 1     
	   2 Input   16 Bit       Adders := 5     
	   2 Input   15 Bit       Adders := 5     
	   2 Input   13 Bit       Adders := 20    
	   3 Input   13 Bit       Adders := 5     
	   2 Input   12 Bit       Adders := 28    
	   3 Input   12 Bit       Adders := 16    
	   2 Input   11 Bit       Adders := 1     
	   2 Input   10 Bit       Adders := 18    
	   3 Input   10 Bit       Adders := 6     
	   2 Input    9 Bit       Adders := 119   
	   3 Input    9 Bit       Adders := 18    
	   2 Input    8 Bit       Adders := 115   
	   3 Input    8 Bit       Adders := 31    
	   2 Input    7 Bit       Adders := 9     
	   3 Input    7 Bit       Adders := 4     
	   2 Input    6 Bit       Adders := 48    
	   3 Input    6 Bit       Adders := 6     
	   2 Input    5 Bit       Adders := 123   
	   3 Input    5 Bit       Adders := 46    
	   2 Input    4 Bit       Adders := 85    
	   3 Input    4 Bit       Adders := 15    
	   2 Input    3 Bit       Adders := 47    
	   3 Input    3 Bit       Adders := 16    
	   2 Input    2 Bit       Adders := 16    
	   3 Input    1 Bit       Adders := 1     
	   2 Input    1 Bit       Adders := 5     
+---XORs : 
	   2 Input     32 Bit         XORs := 11    
	   2 Input     13 Bit         XORs := 4     
	   2 Input      5 Bit         XORs := 14    
	   2 Input      1 Bit         XORs := 44    
+---Registers : 
	             1632 Bit    Registers := 5     
	              417 Bit    Registers := 2     
	              408 Bit    Registers := 1     
	              337 Bit    Registers := 2     
	              256 Bit    Registers := 4     
	              144 Bit    Registers := 4     
	              136 Bit    Registers := 8     
	              133 Bit    Registers := 6     
	              128 Bit    Registers := 82    
	               80 Bit    Registers := 5     
	               73 Bit    Registers := 5     
	               72 Bit    Registers := 8     
	               68 Bit    Registers := 7     
	               67 Bit    Registers := 1     
	               65 Bit    Registers := 5     
	               64 Bit    Registers := 67    
	               58 Bit    Registers := 19    
	               52 Bit    Registers := 1     
	               38 Bit    Registers := 1     
	               37 Bit    Registers := 3     
	               36 Bit    Registers := 2     
	               35 Bit    Registers := 2     
	               34 Bit    Registers := 1     
	               33 Bit    Registers := 7     
	               32 Bit    Registers := 504   
	               30 Bit    Registers := 2     
	               29 Bit    Registers := 4     
	               28 Bit    Registers := 41    
	               27 Bit    Registers := 154   
	               26 Bit    Registers := 234   
	               24 Bit    Registers := 53    
	               23 Bit    Registers := 64    
	               22 Bit    Registers := 59    
	               21 Bit    Registers := 1     
	               20 Bit    Registers := 1     
	               18 Bit    Registers := 4     
	               17 Bit    Registers := 5     
	               16 Bit    Registers := 290   
	               15 Bit    Registers := 149   
	               14 Bit    Registers := 6     
	               13 Bit    Registers := 117   
	               12 Bit    Registers := 144   
	               11 Bit    Registers := 71    
	               10 Bit    Registers := 18    
	                9 Bit    Registers := 85    
	                8 Bit    Registers := 180   
	                7 Bit    Registers := 14    
	                6 Bit    Registers := 212   
	                5 Bit    Registers := 261   
	                4 Bit    Registers := 351   
	                3 Bit    Registers := 340   
	                2 Bit    Registers := 470   
	                1 Bit    Registers := 1372  
+---RAMs : 
	             204K Bit	(512 X 408 bit)          RAMs := 1     
	             128K Bit	(1024 X 128 bit)          RAMs := 3     
	             128K Bit	(4096 X 32 bit)          RAMs := 1     
	              84K Bit	(256 X 337 bit)          RAMs := 2     
	              68K Bit	(512 X 136 bit)          RAMs := 4     
	              66K Bit	(512 X 133 bit)          RAMs := 3     
	              65K Bit	(1024 X 65 bit)          RAMs := 1     
	              64K Bit	(1024 X 64 bit)          RAMs := 1     
	              34K Bit	(512 X 68 bit)          RAMs := 1     
	              32K Bit	(512 X 64 bit)          RAMs := 4     
	              32K Bit	(256 X 128 bit)          RAMs := 8     
	              32K Bit	(1024 X 32 bit)          RAMs := 2     
	              18K Bit	(256 X 73 bit)          RAMs := 1     
	              16K Bit	(256 X 67 bit)          RAMs := 1     
	              16K Bit	(2048 X 8 bit)          RAMs := 4     
	              14K Bit	(256 X 58 bit)          RAMs := 1     
	              13K Bit	(32 X 417 bit)          RAMs := 1     
	              12K Bit	(512 X 24 bit)          RAMs := 16    
	               8K Bit	(128 X 68 bit)          RAMs := 1     
	               5K Bit	(256 X 21 bit)          RAMs := 1     
	               4K Bit	(64 X 72 bit)          RAMs := 4     
	               4K Bit	(128 X 35 bit)          RAMs := 1     
	               3K Bit	(64 X 58 bit)          RAMs := 1     
	               2K Bit	(16 X 128 bit)          RAMs := 3     
	               2K Bit	(64 X 32 bit)          RAMs := 1     
	               2K Bit	(128 X 22 bit)          RAMs := 2     
	               2K Bit	(32 X 68 bit)          RAMs := 2     
	               2K Bit	(32 X 73 bit)          RAMs := 1     
	               2K Bit	(256 X 8 bit)          RAMs := 2     
	               1K Bit	(64 X 24 bit)          RAMs := 1     
	             1024 Bit	(32 X 32 bit)          RAMs := 1     
	               1K Bit	(32 X 58 bit)          RAMs := 11    
	               1K Bit	(32 X 36 bit)          RAMs := 2     
	               1K Bit	(256 X 5 bit)          RAMs := 4     
	               1K Bit	(256 X 6 bit)          RAMs := 2     
	               1K Bit	(32 X 37 bit)          RAMs := 3     
	             1024 Bit	(256 X 4 bit)          RAMs := 1     
	              768 Bit	(256 X 3 bit)          RAMs := 1     
	              608 Bit	(16 X 38 bit)          RAMs := 1     
	              528 Bit	(16 X 33 bit)          RAMs := 3     
	              264 Bit	(8 X 33 bit)          RAMs := 3     
	              256 Bit	(8 X 32 bit)          RAMs := 1     
	               96 Bit	(32 X 3 bit)          RAMs := 4     
	               40 Bit	(8 X 5 bit)          RAMs := 1     
	                8 Bit	(8 X 1 bit)          RAMs := 1     
+---ROMs : 
	                    ROMs := 1     
+---Muxes : 
	   2 Input 1632 Bit        Muxes := 3     
	   2 Input  417 Bit        Muxes := 1     
	   2 Input  337 Bit        Muxes := 3     
	   2 Input  136 Bit        Muxes := 136   
	   2 Input  128 Bit        Muxes := 464   
	   3 Input  128 Bit        Muxes := 5     
	   4 Input  128 Bit        Muxes := 1     
	   5 Input  128 Bit        Muxes := 2     
	   2 Input  112 Bit        Muxes := 4     
	   2 Input   72 Bit        Muxes := 72    
	   2 Input   64 Bit        Muxes := 29    
	   3 Input   64 Bit        Muxes := 6     
	   2 Input   33 Bit        Muxes := 3     
	   2 Input   32 Bit        Muxes := 337   
	   4 Input   32 Bit        Muxes := 10    
	   3 Input   32 Bit        Muxes := 15    
	   2 Input   29 Bit        Muxes := 4     
	   2 Input   28 Bit        Muxes := 3     
	   2 Input   27 Bit        Muxes := 144   
	   3 Input   27 Bit        Muxes := 14    
	   2 Input   26 Bit        Muxes := 187   
	   3 Input   26 Bit        Muxes := 15    
	   2 Input   25 Bit        Muxes := 1     
	   2 Input   24 Bit        Muxes := 9     
	   2 Input   23 Bit        Muxes := 32    
	   2 Input   22 Bit        Muxes := 39    
	   2 Input   20 Bit        Muxes := 1     
	   2 Input   17 Bit        Muxes := 4     
	   2 Input   16 Bit        Muxes := 159   
	   3 Input   16 Bit        Muxes := 5     
	   8 Input   16 Bit        Muxes := 1     
	   2 Input   15 Bit        Muxes := 31    
	   2 Input   14 Bit        Muxes := 16    
	   2 Input   13 Bit        Muxes := 38    
	   4 Input   13 Bit        Muxes := 16    
	   2 Input   12 Bit        Muxes := 171   
	   4 Input   12 Bit        Muxes := 16    
	   2 Input   11 Bit        Muxes := 61    
	   2 Input   10 Bit        Muxes := 18    
	   2 Input    9 Bit        Muxes := 69    
	   2 Input    8 Bit        Muxes := 156   
	   3 Input    8 Bit        Muxes := 8     
	   4 Input    8 Bit        Muxes := 2     
	   2 Input    7 Bit        Muxes := 13    
	   8 Input    6 Bit        Muxes := 2     
	   3 Input    6 Bit        Muxes := 9     
	   2 Input    6 Bit        Muxes := 81    
	   2 Input    5 Bit        Muxes := 87    
	   4 Input    5 Bit        Muxes := 2     
	   2 Input    4 Bit        Muxes := 96    
	   4 Input    4 Bit        Muxes := 14    
	   3 Input    4 Bit        Muxes := 5     
	   5 Input    4 Bit        Muxes := 8     
	   6 Input    4 Bit        Muxes := 1     
	   2 Input    3 Bit        Muxes := 164   
	   4 Input    3 Bit        Muxes := 3     
	   3 Input    3 Bit        Muxes := 4     
	   2 Input    2 Bit        Muxes := 338   
	   4 Input    2 Bit        Muxes := 5     
	   3 Input    2 Bit        Muxes := 23    
	   2 Input    1 Bit        Muxes := 996   
	   3 Input    1 Bit        Muxes := 37    
	   6 Input    1 Bit        Muxes := 2     
	   5 Input    1 Bit        Muxes := 10    
	   4 Input    1 Bit        Muxes := 16    
	   8 Input    1 Bit        Muxes := 1     
	   7 Input    1 Bit        Muxes := 1     
	   9 Input    1 Bit        Muxes := 1     
---------------------------------------------------------------------------------
Finished RTL Component Statistics 
---------------------------------------------------------------------------------
---------------------------------------------------------------------------------
Start Part Resource Summary
---------------------------------------------------------------------------------
Part Resources:
DSPs: 220 (col length:60)
BRAMs: 280 (col length: RAMB18 60 RAMB36 30)
---------------------------------------------------------------------------------
Finished Part Resource Summary
---------------------------------------------------------------------------------
---------------------------------------------------------------------------------
Start Cross Boundary and Area Optimization
---------------------------------------------------------------------------------
INFO: [Synth 8-3333] propagating constant 0 across sequential element (\fpu_next_instruction_r_reg[C_pending] )
INFO: [Synth 8-3886] merging instance 'fpu_next_instruction_r_reg[B_type][0]' (FDCE) to 'fpu_next_instruction_r_reg[B_type][1]'
INFO: [Synth 8-3886] merging instance 'fpu_next_instruction_r_reg[B_type][1]' (FDCE) to 'fpu_next_instruction_r_reg[B_type][2]'
INFO: [Synth 8-3886] merging instance 'fpu_next_instruction_r_reg[B_type][2]' (FDCE) to 'fpu_next_instruction_r_reg[B_type][3]'
INFO: [Synth 8-3886] merging instance 'fpu_next_instruction_r_reg[B_type][3]' (FDCE) to 'fpu_next_instruction_r_reg[B_precision][0]'
INFO: [Synth 8-3886] merging instance 'fpu_next_instruction_r_reg[Y_type][0]' (FDCE) to 'fpu_next_instruction_r_reg[Y_type][3]'
INFO: [Synth 8-3886] merging instance 'fpu_next_instruction_r_reg[Y_type][1]' (FDCE) to 'fpu_next_instruction_r_reg[Y_type][3]'
INFO: [Synth 8-3886] merging instance 'fpu_next_instruction_r_reg[Y_type][2]' (FDCE) to 'fpu_next_instruction_r_reg[Y_type][3]'
INFO: [Synth 8-3333] propagating constant 0 across sequential element (\fpu_next_instruction_r_reg[Y_type][3] )
INFO: [Synth 8-3886] merging instance 'fpu_next_instruction_r_reg[X_type][0]' (FDCE) to 'fpu_next_instruction_r_reg[X_type][3]'
INFO: [Synth 8-3886] merging instance 'fpu_next_instruction_r_reg[X_type][1]' (FDCE) to 'fpu_next_instruction_r_reg[X_type][3]'
INFO: [Synth 8-3886] merging instance 'fpu_next_instruction_r_reg[X_type][2]' (FDCE) to 'fpu_next_instruction_r_reg[X_type][3]'
INFO: [Synth 8-3333] propagating constant 0 across sequential element (\fpu_next_instruction_r_reg[X_type][3] )
INFO: [Synth 8-3333] propagating constant 0 across sequential element (\fpu_next_instruction_r_reg[B_precision][0] )
INFO: [Synth 8-3333] propagating constant 0 across sequential element (\fpu_next_instruction_r_reg[C2_pending] )
INFO: [Synth 8-3333] propagating constant 0 across sequential element (\fpu_next_instruction_r_reg[A_precision][0] )
INFO: [Synth 8-3886] merging instance 'fpu_next_instruction_r_reg[VECTOR][1]' (FDCE) to 'fpu_next_instruction_r_reg[VECTOR][2]'
INFO: [Synth 8-3333] propagating constant 0 across sequential element (\fpu_next_instruction_r_reg[VECTOR][2] )
INFO: [Synth 8-4471] merging register 'delay6_i/fifo_r_reg[15][3:0]' into 'opcode_delay_i/fifo_r_reg[11][3:0]' [/home/eslam-elshokafy/Desktop/AIDAChip_Workshop_01/ztachip/HW/src/util/delayv.vhd:48]
INFO: [Synth 8-4471] merging register 'delay6_i/fifo_r_reg[14][3:0]' into 'opcode_delay_i/fifo_r_reg[10][3:0]' [/home/eslam-elshokafy/Desktop/AIDAChip_Workshop_01/ztachip/HW/src/util/delayv.vhd:48]
INFO: [Synth 8-4471] merging register 'delay6_i/fifo_r_reg[13][3:0]' into 'opcode_delay_i/fifo_r_reg[9][3:0]' [/home/eslam-elshokafy/Desktop/AIDAChip_Workshop_01/ztachip/HW/src/util/delayv.vhd:48]
INFO: [Synth 8-4471] merging register 'delay6_i/fifo_r_reg[12][3:0]' into 'opcode_delay_i/fifo_r_reg[8][3:0]' [/home/eslam-elshokafy/Desktop/AIDAChip_Workshop_01/ztachip/HW/src/util/delayv.vhd:48]
INFO: [Synth 8-4471] merging register 'delay6_i/fifo_r_reg[11][3:0]' into 'opcode_delay_i/fifo_r_reg[7][3:0]' [/home/eslam-elshokafy/Desktop/AIDAChip_Workshop_01/ztachip/HW/src/util/delayv.vhd:48]
INFO: [Synth 8-4471] merging register 'delay6_i/fifo_r_reg[10][3:0]' into 'opcode_delay_i/fifo_r_reg[6][3:0]' [/home/eslam-elshokafy/Desktop/AIDAChip_Workshop_01/ztachip/HW/src/util/delayv.vhd:48]
INFO: [Synth 8-4471] merging register 'delay6_i/fifo_r_reg[9][3:0]' into 'opcode_delay_i/fifo_r_reg[5][3:0]' [/home/eslam-elshokafy/Desktop/AIDAChip_Workshop_01/ztachip/HW/src/util/delayv.vhd:48]
INFO: [Synth 8-4471] merging register 'delay6_i/fifo_r_reg[8][3:0]' into 'opcode_delay_i/fifo_r_reg[4][3:0]' [/home/eslam-elshokafy/Desktop/AIDAChip_Workshop_01/ztachip/HW/src/util/delayv.vhd:48]
INFO: [Synth 8-4471] merging register 'delay6_i/fifo_r_reg[7][3:0]' into 'opcode_delay_i/fifo_r_reg[3][3:0]' [/home/eslam-elshokafy/Desktop/AIDAChip_Workshop_01/ztachip/HW/src/util/delayv.vhd:48]
INFO: [Synth 8-4471] merging register 'delay6_i/fifo_r_reg[6][3:0]' into 'opcode_delay_i/fifo_r_reg[2][3:0]' [/home/eslam-elshokafy/Desktop/AIDAChip_Workshop_01/ztachip/HW/src/util/delayv.vhd:48]
INFO: [Synth 8-4471] merging register 'delay6_i/fifo_r_reg[5][3:0]' into 'opcode_delay_i/fifo_r_reg[1][3:0]' [/home/eslam-elshokafy/Desktop/AIDAChip_Workshop_01/ztachip/HW/src/util/delayv.vhd:48]
INFO: [Synth 8-4471] merging register 'delay6_i/fifo_r_reg[4][3:0]' into 'opcode_delay_i/fifo_r_reg[0][3:0]' [/home/eslam-elshokafy/Desktop/AIDAChip_Workshop_01/ztachip/HW/src/util/delayv.vhd:48]
INFO: [Synth 8-5544] ROM "RECIPROCAL_LUT[0]" won't be mapped to Block RAM because address size (3) smaller than threshold (5)
INFO: [Synth 8-4471] merging register 'delay8_i/fifo_r_reg[12][3:0]' into 'opcode_delay_i/fifo_r_reg[11][3:0]' [/home/eslam-elshokafy/Desktop/AIDAChip_Workshop_01/ztachip/HW/src/util/delayv.vhd:48]
INFO: [Synth 8-4471] merging register 'delay8_i/fifo_r_reg[11][3:0]' into 'opcode_delay_i/fifo_r_reg[10][3:0]' [/home/eslam-elshokafy/Desktop/AIDAChip_Workshop_01/ztachip/HW/src/util/delayv.vhd:48]
INFO: [Synth 8-4471] merging register 'delay8_i/fifo_r_reg[10][3:0]' into 'opcode_delay_i/fifo_r_reg[9][3:0]' [/home/eslam-elshokafy/Desktop/AIDAChip_Workshop_01/ztachip/HW/src/util/delayv.vhd:48]
INFO: [Synth 8-4471] merging register 'delay8_i/fifo_r_reg[9][3:0]' into 'opcode_delay_i/fifo_r_reg[8][3:0]' [/home/eslam-elshokafy/Desktop/AIDAChip_Workshop_01/ztachip/HW/src/util/delayv.vhd:48]
INFO: [Synth 8-4471] merging register 'delay8_i/fifo_r_reg[8][3:0]' into 'opcode_delay_i/fifo_r_reg[7][3:0]' [/home/eslam-elshokafy/Desktop/AIDAChip_Workshop_01/ztachip/HW/src/util/delayv.vhd:48]
INFO: [Synth 8-4471] merging register 'delay8_i/fifo_r_reg[7][3:0]' into 'opcode_delay_i/fifo_r_reg[6][3:0]' [/home/eslam-elshokafy/Desktop/AIDAChip_Workshop_01/ztachip/HW/src/util/delayv.vhd:48]
INFO: [Synth 8-4471] merging register 'delay8_i/fifo_r_reg[6][3:0]' into 'opcode_delay_i/fifo_r_reg[5][3:0]' [/home/eslam-elshokafy/Desktop/AIDAChip_Workshop_01/ztachip/HW/src/util/delayv.vhd:48]
INFO: [Synth 8-4471] merging register 'delay8_i/fifo_r_reg[5][3:0]' into 'opcode_delay_i/fifo_r_reg[4][3:0]' [/home/eslam-elshokafy/Desktop/AIDAChip_Workshop_01/ztachip/HW/src/util/delayv.vhd:48]
INFO: [Synth 8-4471] merging register 'delay8_i/fifo_r_reg[4][3:0]' into 'opcode_delay_i/fifo_r_reg[3][3:0]' [/home/eslam-elshokafy/Desktop/AIDAChip_Workshop_01/ztachip/HW/src/util/delayv.vhd:48]
INFO: [Synth 8-4471] merging register 'delay8_i/fifo_r_reg[3][3:0]' into 'opcode_delay_i/fifo_r_reg[2][3:0]' [/home/eslam-elshokafy/Desktop/AIDAChip_Workshop_01/ztachip/HW/src/util/delayv.vhd:48]
INFO: [Synth 8-4471] merging register 'delay8_i/fifo_r_reg[2][3:0]' into 'opcode_delay_i/fifo_r_reg[1][3:0]' [/home/eslam-elshokafy/Desktop/AIDAChip_Workshop_01/ztachip/HW/src/util/delayv.vhd:48]
INFO: [Synth 8-4471] merging register 'delay8_i/fifo_r_reg[1][3:0]' into 'opcode_delay_i/fifo_r_reg[0][3:0]' [/home/eslam-elshokafy/Desktop/AIDAChip_Workshop_01/ztachip/HW/src/util/delayv.vhd:48]
INFO: [Synth 8-4471] merging register 'delay6_i/fifo_r_reg[15][3:0]' into 'opcode_delay_i/fifo_r_reg[11][3:0]' [/home/eslam-elshokafy/Desktop/AIDAChip_Workshop_01/ztachip/HW/src/util/delayv.vhd:48]
INFO: [Synth 8-4471] merging register 'delay6_i/fifo_r_reg[14][3:0]' into 'opcode_delay_i/fifo_r_reg[10][3:0]' [/home/eslam-elshokafy/Desktop/AIDAChip_Workshop_01/ztachip/HW/src/util/delayv.vhd:48]
INFO: [Synth 8-4471] merging register 'delay6_i/fifo_r_reg[13][3:0]' into 'opcode_delay_i/fifo_r_reg[9][3:0]' [/home/eslam-elshokafy/Desktop/AIDAChip_Workshop_01/ztachip/HW/src/util/delayv.vhd:48]
INFO: [Synth 8-4471] merging register 'delay6_i/fifo_r_reg[12][3:0]' into 'opcode_delay_i/fifo_r_reg[8][3:0]' [/home/eslam-elshokafy/Desktop/AIDAChip_Workshop_01/ztachip/HW/src/util/delayv.vhd:48]
INFO: [Synth 8-4471] merging register 'delay6_i/fifo_r_reg[11][3:0]' into 'opcode_delay_i/fifo_r_reg[7][3:0]' [/home/eslam-elshokafy/Desktop/AIDAChip_Workshop_01/ztachip/HW/src/util/delayv.vhd:48]
INFO: [Synth 8-4471] merging register 'delay6_i/fifo_r_reg[10][3:0]' into 'opcode_delay_i/fifo_r_reg[6][3:0]' [/home/eslam-elshokafy/Desktop/AIDAChip_Workshop_01/ztachip/HW/src/util/delayv.vhd:48]
INFO: [Synth 8-4471] merging register 'delay6_i/fifo_r_reg[9][3:0]' into 'opcode_delay_i/fifo_r_reg[5][3:0]' [/home/eslam-elshokafy/Desktop/AIDAChip_Workshop_01/ztachip/HW/src/util/delayv.vhd:48]
INFO: [Synth 8-4471] merging register 'delay6_i/fifo_r_reg[8][3:0]' into 'opcode_delay_i/fifo_r_reg[4][3:0]' [/home/eslam-elshokafy/Desktop/AIDAChip_Workshop_01/ztachip/HW/src/util/delayv.vhd:48]
INFO: [Synth 8-4471] merging register 'delay6_i/fifo_r_reg[7][3:0]' into 'opcode_delay_i/fifo_r_reg[3][3:0]' [/home/eslam-elshokafy/Desktop/AIDAChip_Workshop_01/ztachip/HW/src/util/delayv.vhd:48]
INFO: [Synth 8-4471] merging register 'delay6_i/fifo_r_reg[6][3:0]' into 'opcode_delay_i/fifo_r_reg[2][3:0]' [/home/eslam-elshokafy/Desktop/AIDAChip_Workshop_01/ztachip/HW/src/util/delayv.vhd:48]
INFO: [Synth 8-4471] merging register 'delay6_i/fifo_r_reg[5][3:0]' into 'opcode_delay_i/fifo_r_reg[1][3:0]' [/home/eslam-elshokafy/Desktop/AIDAChip_Workshop_01/ztachip/HW/src/util/delayv.vhd:48]
INFO: [Synth 8-4471] merging register 'delay6_i/fifo_r_reg[4][3:0]' into 'opcode_delay_i/fifo_r_reg[0][3:0]' [/home/eslam-elshokafy/Desktop/AIDAChip_Workshop_01/ztachip/HW/src/util/delayv.vhd:48]
INFO: [Synth 8-5544] ROM "RECIPROCAL_LUT[0]" won't be mapped to Block RAM because address size (3) smaller than threshold (5)
INFO: [Synth 8-4471] merging register 'delay8_i/fifo_r_reg[12][3:0]' into 'opcode_delay_i/fifo_r_reg[11][3:0]' [/home/eslam-elshokafy/Desktop/AIDAChip_Workshop_01/ztachip/HW/src/util/delayv.vhd:48]
INFO: [Synth 8-4471] merging register 'delay8_i/fifo_r_reg[11][3:0]' into 'opcode_delay_i/fifo_r_reg[10][3:0]' [/home/eslam-elshokafy/Desktop/AIDAChip_Workshop_01/ztachip/HW/src/util/delayv.vhd:48]
INFO: [Synth 8-4471] merging register 'delay8_i/fifo_r_reg[10][3:0]' into 'opcode_delay_i/fifo_r_reg[9][3:0]' [/home/eslam-elshokafy/Desktop/AIDAChip_Workshop_01/ztachip/HW/src/util/delayv.vhd:48]
INFO: [Synth 8-4471] merging register 'delay8_i/fifo_r_reg[9][3:0]' into 'opcode_delay_i/fifo_r_reg[8][3:0]' [/home/eslam-elshokafy/Desktop/AIDAChip_Workshop_01/ztachip/HW/src/util/delayv.vhd:48]
INFO: [Synth 8-4471] merging register 'delay8_i/fifo_r_reg[8][3:0]' into 'opcode_delay_i/fifo_r_reg[7][3:0]' [/home/eslam-elshokafy/Desktop/AIDAChip_Workshop_01/ztachip/HW/src/util/delayv.vhd:48]
INFO: [Synth 8-4471] merging register 'delay8_i/fifo_r_reg[7][3:0]' into 'opcode_delay_i/fifo_r_reg[6][3:0]' [/home/eslam-elshokafy/Desktop/AIDAChip_Workshop_01/ztachip/HW/src/util/delayv.vhd:48]
INFO: [Synth 8-4471] merging register 'delay8_i/fifo_r_reg[6][3:0]' into 'opcode_delay_i/fifo_r_reg[5][3:0]' [/home/eslam-elshokafy/Desktop/AIDAChip_Workshop_01/ztachip/HW/src/util/delayv.vhd:48]
INFO: [Synth 8-4471] merging register 'delay8_i/fifo_r_reg[5][3:0]' into 'opcode_delay_i/fifo_r_reg[4][3:0]' [/home/eslam-elshokafy/Desktop/AIDAChip_Workshop_01/ztachip/HW/src/util/delayv.vhd:48]
INFO: [Synth 8-4471] merging register 'delay8_i/fifo_r_reg[4][3:0]' into 'opcode_delay_i/fifo_r_reg[3][3:0]' [/home/eslam-elshokafy/Desktop/AIDAChip_Workshop_01/ztachip/HW/src/util/delayv.vhd:48]
INFO: [Synth 8-4471] merging register 'delay8_i/fifo_r_reg[3][3:0]' into 'opcode_delay_i/fifo_r_reg[2][3:0]' [/home/eslam-elshokafy/Desktop/AIDAChip_Workshop_01/ztachip/HW/src/util/delayv.vhd:48]
INFO: [Synth 8-4471] merging register 'delay8_i/fifo_r_reg[2][3:0]' into 'opcode_delay_i/fifo_r_reg[1][3:0]' [/home/eslam-elshokafy/Desktop/AIDAChip_Workshop_01/ztachip/HW/src/util/delayv.vhd:48]
INFO: [Synth 8-4471] merging register 'delay8_i/fifo_r_reg[1][3:0]' into 'opcode_delay_i/fifo_r_reg[0][3:0]' [/home/eslam-elshokafy/Desktop/AIDAChip_Workshop_01/ztachip/HW/src/util/delayv.vhd:48]
INFO: [Synth 8-3333] propagating constant 0 across sequential element (\falu_vector_i/GEN_FPU[1].falu_core_i /\C2_r_reg[15] )
INFO: [Synth 8-3333] propagating constant 0 across sequential element (\falu_vector_i/GEN_FPU[1].falu_core_i /\C2_r_reg[16] )
INFO: [Synth 8-3333] propagating constant 0 across sequential element (\falu_vector_i/GEN_FPU[1].falu_core_i /\C2_r_reg[17] )
INFO: [Synth 8-3333] propagating constant 0 across sequential element (\falu_vector_i/GEN_FPU[1].falu_core_i /\C2_r_reg[18] )
INFO: [Synth 8-3333] propagating constant 0 across sequential element (\falu_vector_i/GEN_FPU[1].falu_core_i /\C2_r_reg[19] )
INFO: [Synth 8-3333] propagating constant 0 across sequential element (\falu_vector_i/GEN_FPU[1].falu_core_i /\C2_r_reg[20] )
INFO: [Synth 8-3333] propagating constant 0 across sequential element (\falu_vector_i/GEN_FPU[1].falu_core_i /\C2_r_reg[21] )
INFO: [Synth 8-3333] propagating constant 0 across sequential element (\falu_vector_i/GEN_FPU[1].falu_core_i /\C2_r_reg[22] )
INFO: [Synth 8-3333] propagating constant 0 across sequential element (\falu_vector_i/GEN_FPU[1].falu_core_i /\C2_r_reg[23] )
INFO: [Synth 8-3333] propagating constant 0 across sequential element (\falu_vector_i/GEN_FPU[1].falu_core_i /\C2_r_reg[24] )
INFO: [Synth 8-3333] propagating constant 0 across sequential element (\falu_vector_i/GEN_FPU[1].falu_core_i /\C2_r_reg[25] )
INFO: [Synth 8-3333] propagating constant 0 across sequential element (\falu_vector_i/GEN_FPU[1].falu_core_i /\C2_r_reg[26] )
INFO: [Synth 8-3333] propagating constant 0 across sequential element (\falu_vector_i/GEN_FPU[1].falu_core_i /\C2_r_reg[27] )
INFO: [Synth 8-3333] propagating constant 0 across sequential element (\falu_vector_i/GEN_FPU[1].falu_core_i /\C2_r_reg[28] )
INFO: [Synth 8-3333] propagating constant 0 across sequential element (\falu_vector_i/GEN_FPU[1].falu_core_i /\C2_r_reg[29] )
INFO: [Synth 8-3333] propagating constant 0 across sequential element (\falu_vector_i/GEN_FPU[1].falu_core_i /\C2_r_reg[30] )
INFO: [Synth 8-3333] propagating constant 0 across sequential element (\falu_vector_i/GEN_FPU[1].falu_core_i /\C2_r_reg[31] )
INFO: [Synth 8-3333] propagating constant 0 across sequential element (\falu_vector_i/GEN_FPU[1].falu_core_i /\C2_r_reg[12] )
INFO: [Synth 8-3333] propagating constant 0 across sequential element (\falu_vector_i/GEN_FPU[1].falu_core_i /\C2_r_reg[13] )
INFO: [Synth 8-3333] propagating constant 0 across sequential element (\falu_vector_i/GEN_FPU[1].falu_core_i /\C2_r_reg[14] )
INFO: [Synth 8-3333] propagating constant 0 across sequential element (\falu_vector_i/GEN_FPU[1].falu_core_i /\C2_r_reg[9] )
INFO: [Synth 8-3333] propagating constant 0 across sequential element (\falu_vector_i/GEN_FPU[1].falu_core_i /\C2_r_reg[10] )
INFO: [Synth 8-3333] propagating constant 0 across sequential element (\falu_vector_i/GEN_FPU[1].falu_core_i /\C2_r_reg[11] )
INFO: [Synth 8-3333] propagating constant 0 across sequential element (\falu_vector_i/GEN_FPU[1].falu_core_i /\C2_r_reg[6] )
INFO: [Synth 8-3333] propagating constant 0 across sequential element (\falu_vector_i/GEN_FPU[1].falu_core_i /\C2_r_reg[7] )
INFO: [Synth 8-3333] propagating constant 0 across sequential element (\falu_vector_i/GEN_FPU[1].falu_core_i /\C2_r_reg[8] )
INFO: [Synth 8-3333] propagating constant 0 across sequential element (\falu_vector_i/GEN_FPU[1].falu_core_i /\C2_r_reg[3] )
INFO: [Synth 8-3333] propagating constant 0 across sequential element (\falu_vector_i/GEN_FPU[1].falu_core_i /\C2_r_reg[4] )
INFO: [Synth 8-3333] propagating constant 0 across sequential element (\falu_vector_i/GEN_FPU[1].falu_core_i /\C2_r_reg[5] )
INFO: [Synth 8-3333] propagating constant 0 across sequential element (\falu_vector_i/GEN_FPU[1].falu_core_i /\C2_r_reg[0] )
INFO: [Synth 8-3333] propagating constant 0 across sequential element (\falu_vector_i/GEN_FPU[1].falu_core_i /\C2_r_reg[1] )
INFO: [Synth 8-3333] propagating constant 0 across sequential element (\falu_vector_i/GEN_FPU[1].falu_core_i /\C2_r_reg[2] )
INFO: [Synth 8-3333] propagating constant 0 across sequential element (\falu_vector_i/GEN_FPU[1].falu_core_i /\falu_i/reciprocal_delay_i/fifo_r_reg[11][0] )
INFO: [Synth 8-3333] propagating constant 0 across sequential element (\falu_vector_i/GEN_FPU[1].falu_core_i /\falu_i/exp_delay_i/fifo_r_reg[11][0] )
INFO: [Synth 8-3333] propagating constant 0 across sequential element (\falu_vector_i/GEN_FPU[1].falu_core_i /\falu_i/reciprocal_delay_i/fifo_r_reg[11][1] )
INFO: [Synth 8-3333] propagating constant 0 across sequential element (\falu_vector_i/GEN_FPU[1].falu_core_i /\falu_i/exp_delay_i/fifo_r_reg[11][1] )
INFO: [Synth 8-3333] propagating constant 0 across sequential element (\falu_vector_i/GEN_FPU[1].falu_core_i /\falu_i/reciprocal_delay_i/fifo_r_reg[11][2] )
INFO: [Synth 8-3333] propagating constant 0 across sequential element (\falu_vector_i/GEN_FPU[1].falu_core_i /\falu_i/exp_delay_i/fifo_r_reg[11][2] )
INFO: [Synth 8-3333] propagating constant 0 across sequential element (\falu_vector_i/GEN_FPU[1].falu_core_i /\falu_i/reciprocal_delay_i/fifo_r_reg[11][3] )
INFO: [Synth 8-3333] propagating constant 0 across sequential element (\falu_vector_i/GEN_FPU[1].falu_core_i /\falu_i/exp_delay_i/fifo_r_reg[11][3] )
INFO: [Synth 8-3333] propagating constant 0 across sequential element (\falu_vector_i/GEN_FPU[1].falu_core_i /\falu_i/reciprocal_delay_i/fifo_r_reg[11][4] )
INFO: [Synth 8-3333] propagating constant 0 across sequential element (\falu_vector_i/GEN_FPU[1].falu_core_i /\falu_i/exp_delay_i/fifo_r_reg[11][4] )
INFO: [Synth 8-3333] propagating constant 0 across sequential element (\falu_vector_i/GEN_FPU[1].falu_core_i /\falu_i/reciprocal_delay_i/fifo_r_reg[11][5] )
INFO: [Synth 8-3333] propagating constant 0 across sequential element (\falu_vector_i/GEN_FPU[1].falu_core_i /\falu_i/exp_delay_i/fifo_r_reg[11][5] )
INFO: [Synth 8-3333] propagating constant 0 across sequential element (\falu_vector_i/GEN_FPU[1].falu_core_i /\falu_i/reciprocal_delay_i/fifo_r_reg[11][6] )
INFO: [Synth 8-3333] propagating constant 0 across sequential element (\falu_vector_i/GEN_FPU[1].falu_core_i /\falu_i/exp_delay_i/fifo_r_reg[11][6] )
INFO: [Synth 8-3333] propagating constant 0 across sequential element (\falu_vector_i/GEN_FPU[1].falu_core_i /\falu_i/reciprocal_delay_i/fifo_r_reg[11][7] )
INFO: [Synth 8-3333] propagating constant 0 across sequential element (\falu_vector_i/GEN_FPU[1].falu_core_i /\falu_i/exp_delay_i/fifo_r_reg[11][7] )
INFO: [Synth 8-3333] propagating constant 0 across sequential element (\falu_vector_i/GEN_FPU[1].falu_core_i /\falu_i/reciprocal_delay_i/fifo_r_reg[11][8] )
INFO: [Synth 8-3333] propagating constant 0 across sequential element (\falu_vector_i/GEN_FPU[1].falu_core_i /\falu_i/exp_delay_i/fifo_r_reg[11][8] )
INFO: [Synth 8-3333] propagating constant 0 across sequential element (\falu_vector_i/GEN_FPU[1].falu_core_i /\falu_i/reciprocal_delay_i/fifo_r_reg[11][9] )
INFO: [Synth 8-3333] propagating constant 0 across sequential element (\falu_vector_i/GEN_FPU[1].falu_core_i /\falu_i/exp_delay_i/fifo_r_reg[11][9] )
INFO: [Synth 8-3333] propagating constant 0 across sequential element (\falu_vector_i/GEN_FPU[1].falu_core_i /\falu_i/reciprocal_delay_i/fifo_r_reg[11][10] )
INFO: [Synth 8-3333] propagating constant 0 across sequential element (\falu_vector_i/GEN_FPU[1].falu_core_i /\falu_i/exp_delay_i/fifo_r_reg[11][10] )
INFO: [Synth 8-3333] propagating constant 0 across sequential element (\falu_vector_i/GEN_FPU[1].falu_core_i /\falu_i/reciprocal_delay_i/fifo_r_reg[11][11] )
INFO: [Synth 8-3333] propagating constant 0 across sequential element (\falu_vector_i/GEN_FPU[1].falu_core_i /\falu_i/exp_delay_i/fifo_r_reg[11][11] )
INFO: [Synth 8-3333] propagating constant 0 across sequential element (\falu_vector_i/GEN_FPU[1].falu_core_i /\falu_i/reciprocal_delay_i/fifo_r_reg[11][12] )
INFO: [Synth 8-3333] propagating constant 0 across sequential element (\falu_vector_i/GEN_FPU[1].falu_core_i /\falu_i/exp_delay_i/fifo_r_reg[11][12] )
INFO: [Synth 8-3333] propagating constant 0 across sequential element (\falu_vector_i/GEN_FPU[1].falu_core_i /\falu_i/reciprocal_delay_i/fifo_r_reg[11][13] )
INFO: [Synth 8-3333] propagating constant 0 across sequential element (\falu_vector_i/GEN_FPU[1].falu_core_i /\falu_i/exp_delay_i/fifo_r_reg[11][13] )
INFO: [Synth 8-3333] propagating constant 0 across sequential element (\falu_vector_i/GEN_FPU[1].falu_core_i /\falu_i/reciprocal_delay_i/fifo_r_reg[11][14] )
INFO: [Synth 8-3333] propagating constant 0 across sequential element (\falu_vector_i/GEN_FPU[1].falu_core_i /\falu_i/exp_delay_i/fifo_r_reg[11][14] )
INFO: [Synth 8-3333] propagating constant 0 across sequential element (\falu_vector_i/GEN_FPU[1].falu_core_i /\falu_i/reciprocal_delay_i/fifo_r_reg[11][15] )
INFO: [Synth 8-3333] propagating constant 0 across sequential element (\falu_vector_i/GEN_FPU[1].falu_core_i /\falu_i/exp_delay_i/fifo_r_reg[11][15] )
INFO: [Synth 8-3333] propagating constant 0 across sequential element (\falu_vector_i/GEN_FPU[1].falu_core_i /\falu_i/reciprocal_delay_i/fifo_r_reg[11][16] )
INFO: [Synth 8-3333] propagating constant 0 across sequential element (\falu_vector_i/GEN_FPU[1].falu_core_i /\falu_i/exp_delay_i/fifo_r_reg[11][16] )
INFO: [Synth 8-3333] propagating constant 0 across sequential element (\falu_vector_i/GEN_FPU[1].falu_core_i /\falu_i/exp_delay_i/fifo_r_reg[11][17] )
INFO: [Synth 8-3333] propagating constant 0 across sequential element (\falu_vector_i/GEN_FPU[1].falu_core_i /\falu_i/exp_delay_i/fifo_r_reg[11][18] )
INFO: [Synth 8-3333] propagating constant 0 across sequential element (\falu_vector_i/GEN_FPU[1].falu_core_i /\falu_i/exp_delay_i/fifo_r_reg[11][19] )
INFO: [Synth 8-3333] propagating constant 0 across sequential element (\falu_vector_i/GEN_FPU[1].falu_core_i /\falu_i/exp_delay_i/fifo_r_reg[11][20] )
INFO: [Synth 8-3333] propagating constant 0 across sequential element (\falu_vector_i/GEN_FPU[1].falu_core_i /\falu_i/exp_delay_i/fifo_r_reg[11][21] )
INFO: [Synth 8-3333] propagating constant 0 across sequential element (\falu_vector_i/GEN_FPU[1].falu_core_i /\falu_i/exp_delay_i/fifo_r_reg[11][22] )
INFO: [Synth 8-3333] propagating constant 0 across sequential element (\falu_vector_i/GEN_FPU[1].falu_core_i /\falu_i/exp_delay_i/fifo_r_reg[11][31] )
INFO: [Synth 8-3333] propagating constant 0 across sequential element (\falu_vector_i/GEN_FPU[0].falu_core_i /\falu_i/reciprocal_delay_i/fifo_r_reg[11][0] )
INFO: [Synth 8-3333] propagating constant 0 across sequential element (\falu_vector_i/GEN_FPU[0].falu_core_i /\falu_i/exp_delay_i/fifo_r_reg[11][0] )
INFO: [Synth 8-3333] propagating constant 0 across sequential element (\falu_vector_i/GEN_FPU[0].falu_core_i /\falu_i/reciprocal_delay_i/fifo_r_reg[11][1] )
INFO: [Synth 8-3333] propagating constant 0 across sequential element (\falu_vector_i/GEN_FPU[0].falu_core_i /\falu_i/exp_delay_i/fifo_r_reg[11][1] )
INFO: [Synth 8-3333] propagating constant 0 across sequential element (\falu_vector_i/GEN_FPU[0].falu_core_i /\falu_i/reciprocal_delay_i/fifo_r_reg[11][2] )
INFO: [Synth 8-3333] propagating constant 0 across sequential element (\falu_vector_i/GEN_FPU[0].falu_core_i /\falu_i/exp_delay_i/fifo_r_reg[11][2] )
INFO: [Synth 8-3333] propagating constant 0 across sequential element (\falu_vector_i/GEN_FPU[0].falu_core_i /\falu_i/reciprocal_delay_i/fifo_r_reg[11][3] )
INFO: [Synth 8-3333] propagating constant 0 across sequential element (\falu_vector_i/GEN_FPU[0].falu_core_i /\falu_i/exp_delay_i/fifo_r_reg[11][3] )
INFO: [Synth 8-3333] propagating constant 0 across sequential element (\falu_vector_i/GEN_FPU[0].falu_core_i /\falu_i/reciprocal_delay_i/fifo_r_reg[11][4] )
INFO: [Synth 8-3333] propagating constant 0 across sequential element (\falu_vector_i/GEN_FPU[0].falu_core_i /\falu_i/exp_delay_i/fifo_r_reg[11][4] )
INFO: [Synth 8-3333] propagating constant 0 across sequential element (\falu_vector_i/GEN_FPU[0].falu_core_i /\falu_i/reciprocal_delay_i/fifo_r_reg[11][5] )
INFO: [Synth 8-3333] propagating constant 0 across sequential element (\falu_vector_i/GEN_FPU[0].falu_core_i /\falu_i/exp_delay_i/fifo_r_reg[11][5] )
INFO: [Synth 8-3333] propagating constant 0 across sequential element (\falu_vector_i/GEN_FPU[0].falu_core_i /\falu_i/reciprocal_delay_i/fifo_r_reg[11][6] )
INFO: [Synth 8-3333] propagating constant 0 across sequential element (\falu_vector_i/GEN_FPU[0].falu_core_i /\falu_i/exp_delay_i/fifo_r_reg[11][6] )
INFO: [Synth 8-3333] propagating constant 0 across sequential element (\falu_vector_i/GEN_FPU[0].falu_core_i /\falu_i/reciprocal_delay_i/fifo_r_reg[11][7] )
INFO: [Synth 8-3333] propagating constant 0 across sequential element (\falu_vector_i/GEN_FPU[0].falu_core_i /\falu_i/exp_delay_i/fifo_r_reg[11][7] )
INFO: [Synth 8-3333] propagating constant 0 across sequential element (\falu_vector_i/GEN_FPU[0].falu_core_i /\falu_i/reciprocal_delay_i/fifo_r_reg[11][8] )
INFO: [Synth 8-3333] propagating constant 0 across sequential element (\falu_vector_i/GEN_FPU[0].falu_core_i /\falu_i/exp_delay_i/fifo_r_reg[11][8] )
INFO: [Synth 8-3333] propagating constant 0 across sequential element (\falu_vector_i/GEN_FPU[0].falu_core_i /\falu_i/reciprocal_delay_i/fifo_r_reg[11][9] )
INFO: [Synth 8-3333] propagating constant 0 across sequential element (\falu_vector_i/GEN_FPU[0].falu_core_i /\falu_i/exp_delay_i/fifo_r_reg[11][9] )
INFO: [Common 17-14] Message 'Synth 8-3333' appears 100 times and further instances of the messages will be disabled. Use the Tcl command set_msg_config to change the current settings.
INFO: [Common 17-14] Message 'Synth 8-3333' appears 100 times and further instances of the messages will be disabled. Use the Tcl command set_msg_config to change the current settings.
INFO: [Synth 8-3886] merging instance 'data_r_reg[0]' (FDCE) to 'data_r_reg[48]'
INFO: [Synth 8-3886] merging instance 'data_rr_reg[0]' (FDCE) to 'data_rr_reg[48]'
INFO: [Synth 8-3886] merging instance 'data_rrr_reg[0]' (FDCE) to 'data_rrr_reg[48]'
INFO: [Synth 8-3886] merging instance 'data_rrrr_reg[0]' (FDCE) to 'data_rrrr_reg[48]'
INFO: [Synth 8-3886] merging instance 'data_r_reg[1]' (FDCE) to 'data_r_reg[49]'
INFO: [Synth 8-3886] merging instance 'data_rr_reg[1]' (FDCE) to 'data_rr_reg[49]'
INFO: [Synth 8-3886] merging instance 'data_rrr_reg[1]' (FDCE) to 'data_rrr_reg[49]'
INFO: [Synth 8-3886] merging instance 'data_rrrr_reg[1]' (FDCE) to 'data_rrrr_reg[49]'
INFO: [Synth 8-3886] merging instance 'data_r_reg[2]' (FDCE) to 'data_r_reg[50]'
INFO: [Synth 8-3886] merging instance 'data_rr_reg[2]' (FDCE) to 'data_rr_reg[50]'
INFO: [Synth 8-3886] merging instance 'data_rrr_reg[2]' (FDCE) to 'data_rrr_reg[50]'
INFO: [Synth 8-3886] merging instance 'data_rrrr_reg[2]' (FDCE) to 'data_rrrr_reg[50]'
INFO: [Synth 8-3886] merging instance 'data_r_reg[3]' (FDCE) to 'data_r_reg[51]'
INFO: [Synth 8-3886] merging instance 'data_rr_reg[3]' (FDCE) to 'data_rr_reg[51]'
INFO: [Synth 8-3886] merging instance 'data_rrr_reg[3]' (FDCE) to 'data_rrr_reg[51]'
INFO: [Synth 8-3886] merging instance 'data_rrrr_reg[3]' (FDCE) to 'data_rrrr_reg[51]'
INFO: [Synth 8-3886] merging instance 'data_r_reg[4]' (FDCE) to 'data_r_reg[52]'
INFO: [Synth 8-3886] merging instance 'data_rr_reg[4]' (FDCE) to 'data_rr_reg[52]'
INFO: [Synth 8-3886] merging instance 'data_rrr_reg[4]' (FDCE) to 'data_rrr_reg[52]'
INFO: [Synth 8-3886] merging instance 'data_rrrr_reg[4]' (FDCE) to 'data_rrrr_reg[52]'
INFO: [Synth 8-3886] merging instance 'data_r_reg[5]' (FDCE) to 'data_r_reg[53]'
INFO: [Synth 8-3886] merging instance 'data_rr_reg[5]' (FDCE) to 'data_rr_reg[53]'
INFO: [Synth 8-3886] merging instance 'data_rrr_reg[5]' (FDCE) to 'data_rrr_reg[53]'
INFO: [Synth 8-3886] merging instance 'data_rrrr_reg[5]' (FDCE) to 'data_rrrr_reg[53]'
INFO: [Synth 8-3886] merging instance 'data_r_reg[6]' (FDCE) to 'data_r_reg[54]'
INFO: [Synth 8-3886] merging instance 'data_rr_reg[6]' (FDCE) to 'data_rr_reg[54]'
INFO: [Synth 8-3886] merging instance 'data_rrr_reg[6]' (FDCE) to 'data_rrr_reg[54]'
INFO: [Synth 8-3886] merging instance 'data_rrrr_reg[6]' (FDCE) to 'data_rrrr_reg[54]'
INFO: [Synth 8-3886] merging instance 'data_r_reg[7]' (FDCE) to 'data_r_reg[55]'
INFO: [Synth 8-3886] merging instance 'data_rr_reg[7]' (FDCE) to 'data_rr_reg[55]'
INFO: [Synth 8-3886] merging instance 'data_rrr_reg[7]' (FDCE) to 'data_rrr_reg[55]'
INFO: [Synth 8-3886] merging instance 'data_rrrr_reg[7]' (FDCE) to 'data_rrrr_reg[55]'
INFO: [Synth 8-3886] merging instance 'data_r_reg[8]' (FDCE) to 'data_r_reg[24]'
INFO: [Synth 8-3886] merging instance 'data_rr_reg[8]' (FDCE) to 'data_rr_reg[24]'
INFO: [Synth 8-3886] merging instance 'data_rrr_reg[8]' (FDCE) to 'data_rrr_reg[24]'
INFO: [Synth 8-3886] merging instance 'data_rrrr_reg[8]' (FDCE) to 'data_rrrr_reg[24]'
INFO: [Synth 8-3886] merging instance 'data_r_reg[9]' (FDCE) to 'data_r_reg[25]'
INFO: [Synth 8-3886] merging instance 'data_rr_reg[9]' (FDCE) to 'data_rr_reg[25]'
INFO: [Synth 8-3886] merging instance 'data_rrr_reg[9]' (FDCE) to 'data_rrr_reg[25]'
INFO: [Synth 8-3886] merging instance 'data_rrrr_reg[9]' (FDCE) to 'data_rrrr_reg[25]'
INFO: [Synth 8-3886] merging instance 'data_r_reg[10]' (FDCE) to 'data_r_reg[26]'
INFO: [Synth 8-3886] merging instance 'data_rr_reg[10]' (FDCE) to 'data_rr_reg[26]'
INFO: [Synth 8-3886] merging instance 'data_rrr_reg[10]' (FDCE) to 'data_rrr_reg[26]'
INFO: [Synth 8-3886] merging instance 'data_rrrr_reg[10]' (FDCE) to 'data_rrrr_reg[26]'
INFO: [Synth 8-3886] merging instance 'data_r_reg[11]' (FDCE) to 'data_r_reg[27]'
INFO: [Synth 8-3886] merging instance 'data_rr_reg[11]' (FDCE) to 'data_rr_reg[27]'
INFO: [Synth 8-3886] merging instance 'data_rrr_reg[11]' (FDCE) to 'data_rrr_reg[27]'
INFO: [Synth 8-3886] merging instance 'data_rrrr_reg[11]' (FDCE) to 'data_rrrr_reg[27]'
INFO: [Synth 8-3886] merging instance 'data_r_reg[12]' (FDCE) to 'data_r_reg[28]'
INFO: [Synth 8-3886] merging instance 'data_rr_reg[12]' (FDCE) to 'data_rr_reg[28]'
INFO: [Synth 8-3886] merging instance 'data_rrr_reg[12]' (FDCE) to 'data_rrr_reg[28]'
INFO: [Synth 8-3886] merging instance 'data_rrrr_reg[12]' (FDCE) to 'data_rrrr_reg[28]'
INFO: [Synth 8-3886] merging instance 'data_r_reg[13]' (FDCE) to 'data_r_reg[29]'
INFO: [Synth 8-3886] merging instance 'data_rr_reg[13]' (FDCE) to 'data_rr_reg[29]'
INFO: [Synth 8-3886] merging instance 'data_rrr_reg[13]' (FDCE) to 'data_rrr_reg[29]'
INFO: [Synth 8-3886] merging instance 'data_rrrr_reg[13]' (FDCE) to 'data_rrrr_reg[29]'
INFO: [Synth 8-3886] merging instance 'data_r_reg[14]' (FDCE) to 'data_r_reg[30]'
INFO: [Synth 8-3886] merging instance 'data_rr_reg[14]' (FDCE) to 'data_rr_reg[30]'
INFO: [Synth 8-3886] merging instance 'data_rrr_reg[14]' (FDCE) to 'data_rrr_reg[30]'
INFO: [Synth 8-3886] merging instance 'data_rrrr_reg[14]' (FDCE) to 'data_rrrr_reg[30]'
INFO: [Synth 8-3886] merging instance 'data_r_reg[15]' (FDCE) to 'data_r_reg[31]'
INFO: [Synth 8-3886] merging instance 'data_rr_reg[15]' (FDCE) to 'data_rr_reg[31]'
INFO: [Synth 8-3886] merging instance 'data_rrr_reg[15]' (FDCE) to 'data_rrr_reg[31]'
INFO: [Synth 8-3886] merging instance 'data_rrrr_reg[15]' (FDCE) to 'data_rrrr_reg[31]'
INFO: [Synth 8-3886] merging instance 'data_r_reg[16]' (FDCE) to 'data_r_reg[48]'
INFO: [Synth 8-3886] merging instance 'data_rr_reg[16]' (FDCE) to 'data_rr_reg[48]'
INFO: [Synth 8-3886] merging instance 'data_rrr_reg[16]' (FDCE) to 'data_rrr_reg[48]'
INFO: [Synth 8-3886] merging instance 'data_rrrr_reg[16]' (FDCE) to 'data_rrrr_reg[48]'
INFO: [Synth 8-3886] merging instance 'data_r_reg[17]' (FDCE) to 'data_r_reg[49]'
INFO: [Synth 8-3886] merging instance 'data_rr_reg[17]' (FDCE) to 'data_rr_reg[49]'
INFO: [Synth 8-3886] merging instance 'data_rrr_reg[17]' (FDCE) to 'data_rrr_reg[49]'
INFO: [Synth 8-3886] merging instance 'data_rrrr_reg[17]' (FDCE) to 'data_rrrr_reg[49]'
INFO: [Synth 8-3886] merging instance 'data_r_reg[18]' (FDCE) to 'data_r_reg[50]'
INFO: [Common 17-14] Message 'Synth 8-3886' appears 100 times and further instances of the messages will be disabled. Use the Tcl command set_msg_config to change the current settings.
INFO: [Synth 8-3886] merging instance 'dp_fetch_1_i/fifo_i/GEN1.fifo_i/data_in_r_reg[839]' (FDCE) to 'dp_fetch_1_i/fifo_i/GEN1.fifo_i/data_in_r_reg[54]'
INFO: [Synth 8-3886] merging instance 'dp_fetch_1_i/fifo_i/GEN1.fifo_i/data_in_r_reg[840]' (FDCE) to 'dp_fetch_1_i/fifo_i/GEN1.fifo_i/data_in_r_reg[55]'
INFO: [Synth 8-3886] merging instance 'dp_fetch_1_i/condition_vm0_busy_r_reg[3]' (FDC) to 'dp_fetch_1_i/condition_vm1_busy_r_reg[3]'
INFO: [Synth 8-3886] merging instance 'dp_fetch_1_i/new_cmd_is_safe_r_reg[3][3]' (LD) to 'dp_fetch_1_i/new_cmd_is_safe_r_reg[3][2]'
INFO: [Synth 8-3886] merging instance 'dp_fetch_1_i/new_cmd_is_safe_r_reg[2][3]' (FDCE) to 'dp_fetch_1_i/new_cmd_is_safe_r_reg[1][3]'
INFO: [Synth 8-3886] merging instance 'dp_fetch_1_i/new_cmd_is_safe_r_reg[1][3]' (FDCE) to 'dp_fetch_1_i/new_cmd_is_safe_r_reg[0][3]'
INFO: [Synth 8-3886] merging instance 'dp_fetch_1_i/new_cmd_is_safe_r_reg[3][2]' (LD) to 'dp_fetch_1_i/new_cmd_is_safe_r_reg[3][1]'
INFO: [Synth 8-3886] merging instance 'dp_fetch_1_i/new_cmd_is_safe_r_reg[3][1]' (LD) to 'dp_fetch_1_i/new_cmd_is_safe_r_reg[3][0]'
INFO: [Synth 8-3886] merging instance 'dp_fetch_1_i/log_readtime_r_reg[0]' (FDCE) to 'dp_fetch_1_i/log_readtime_r_reg[1]'
INFO: [Synth 8-3886] merging instance 'dp_fetch_1_i/log_readtime_r_reg[1]' (FDCE) to 'dp_fetch_1_i/log_readtime_r_reg[2]'
INFO: [Synth 8-3886] merging instance 'dp_fetch_1_i/log_readtime_r_reg[2]' (FDCE) to 'dp_fetch_1_i/log_readtime_r_reg[3]'
INFO: [Synth 8-3886] merging instance 'dp_fetch_1_i/log_readtime_r_reg[3]' (FDCE) to 'dp_fetch_1_i/log_readtime_r_reg[4]'
INFO: [Synth 8-3886] merging instance 'dp_fetch_1_i/log_readtime_r_reg[4]' (FDCE) to 'dp_fetch_1_i/log_readtime_r_reg[5]'
INFO: [Synth 8-3886] merging instance 'dp_fetch_1_i/log_readtime_r_reg[5]' (FDCE) to 'dp_fetch_1_i/log_readtime_r_reg[6]'
INFO: [Synth 8-3886] merging instance 'dp_fetch_1_i/log_readtime_r_reg[6]' (FDCE) to 'dp_fetch_1_i/log_readtime_r_reg[7]'
INFO: [Synth 8-3886] merging instance 'dp_fetch_1_i/log_readtime_r_reg[7]' (FDCE) to 'dp_fetch_1_i/log_readtime_r_reg[8]'
INFO: [Common 17-14] Message 'Synth 8-3886' appears 100 times and further instances of the messages will be disabled. Use the Tcl command set_msg_config to change the current settings.
INFO: [Common 17-14] Message 'Synth 8-3886' appears 100 times and further instances of the messages will be disabled. Use the Tcl command set_msg_config to change the current settings.
INFO: [Synth 8-4471] merging register 'dp_sink2_i/wr_maxburstlen_r_reg[5:0]' into 'dp_sink1_i/wr_maxburstlen_r_reg[5:0]' [/home/eslam-elshokafy/Desktop/AIDAChip_Workshop_01/ztachip/HW/src/dp/dp_source.vhd:201]
INFO: [Synth 8-4471] merging register 'dp_sink3_i/wr_maxburstlen_r_reg[5:0]' into 'dp_sink1_i/wr_maxburstlen_r_reg[5:0]' [/home/eslam-elshokafy/Desktop/AIDAChip_Workshop_01/ztachip/HW/src/dp/dp_source.vhd:201]
INFO: [Synth 8-5784] Optimized 3 bits of RAM "gen_wr_a.gen_word_narrow.mem_reg" due to constant propagation. Old ram width 133 bits, new ram width 130 bits.
INFO: [Synth 8-5784] Optimized 3 bits of RAM "gen_wr_a.gen_word_narrow.mem_reg" due to constant propagation. Old ram width 133 bits, new ram width 130 bits.
INFO: [Synth 8-4471] merging register 'mul_i/z_r_reg[31:0]' into 'mul_i/z_r_reg[31:0]' [/home/eslam-elshokafy/Desktop/AIDAChip_Workshop_01/ztachip/HW/src/pcore/pcore.vhd:54]
DSP Report: Generating DSP y_add_r0, operation Mode is: (C+(A*B)') OR (C-(A*B)').
DSP Report: register mul_i/z_r_reg is absorbed into DSP y_add_r0.
DSP Report: operator mul_i/z is absorbed into DSP y_add_r0.
DSP Report: operator y_add_r0 is absorbed into DSP y_add_r0.
DSP Report: operator y_add_r0 is absorbed into DSP y_add_r0.
INFO: [Synth 8-4471] merging register 'mul_i/z_r_reg[31:0]' into 'mul_i/z_r_reg[31:0]' [/home/eslam-elshokafy/Desktop/AIDAChip_Workshop_01/ztachip/HW/src/pcore/pcore.vhd:54]
DSP Report: Generating DSP y_add_r0, operation Mode is: (C+(A*B)') OR (C-(A*B)').
DSP Report: register mul_i/z_r_reg is absorbed into DSP y_add_r0.
DSP Report: operator mul_i/z is absorbed into DSP y_add_r0.
DSP Report: operator y_add_r0 is absorbed into DSP y_add_r0.
DSP Report: operator y_add_r0 is absorbed into DSP y_add_r0.
INFO: [Synth 8-4471] merging register 'mul_i/z_r_reg[31:0]' into 'mul_i/z_r_reg[31:0]' [/home/eslam-elshokafy/Desktop/AIDAChip_Workshop_01/ztachip/HW/src/pcore/pcore.vhd:54]
DSP Report: Generating DSP y_add_r0, operation Mode is: (C+(A*B)') OR (C-(A*B)').
DSP Report: register mul_i/z_r_reg is absorbed into DSP y_add_r0.
DSP Report: operator mul_i/z is absorbed into DSP y_add_r0.
DSP Report: operator y_add_r0 is absorbed into DSP y_add_r0.
DSP Report: operator y_add_r0 is absorbed into DSP y_add_r0.
INFO: [Synth 8-4471] merging register 'mul_i/z_r_reg[31:0]' into 'mul_i/z_r_reg[31:0]' [/home/eslam-elshokafy/Desktop/AIDAChip_Workshop_01/ztachip/HW/src/pcore/pcore.vhd:54]
DSP Report: Generating DSP y_add_r0, operation Mode is: (C+(A*B)') OR (C-(A*B)').
DSP Report: register mul_i/z_r_reg is absorbed into DSP y_add_r0.
DSP Report: operator mul_i/z is absorbed into DSP y_add_r0.
DSP Report: operator y_add_r0 is absorbed into DSP y_add_r0.
DSP Report: operator y_add_r0 is absorbed into DSP y_add_r0.
INFO: [Synth 8-4471] merging register 'mul_i/z_r_reg[31:0]' into 'mul_i/z_r_reg[31:0]' [/home/eslam-elshokafy/Desktop/AIDAChip_Workshop_01/ztachip/HW/src/pcore/pcore.vhd:54]
DSP Report: Generating DSP y_add_r0, operation Mode is: (C+(A*B)') OR (C-(A*B)').
DSP Report: register mul_i/z_r_reg is absorbed into DSP y_add_r0.
DSP Report: operator mul_i/z is absorbed into DSP y_add_r0.
DSP Report: operator y_add_r0 is absorbed into DSP y_add_r0.
DSP Report: operator y_add_r0 is absorbed into DSP y_add_r0.
INFO: [Synth 8-4471] merging register 'mul_i/z_r_reg[31:0]' into 'mul_i/z_r_reg[31:0]' [/home/eslam-elshokafy/Desktop/AIDAChip_Workshop_01/ztachip/HW/src/pcore/pcore.vhd:54]
DSP Report: Generating DSP y_add_r0, operation Mode is: (C+(A*B)') OR (C-(A*B)').
DSP Report: register mul_i/z_r_reg is absorbed into DSP y_add_r0.
DSP Report: operator mul_i/z is absorbed into DSP y_add_r0.
DSP Report: operator y_add_r0 is absorbed into DSP y_add_r0.
DSP Report: operator y_add_r0 is absorbed into DSP y_add_r0.
INFO: [Synth 8-4471] merging register 'mul_i/z_r_reg[31:0]' into 'mul_i/z_r_reg[31:0]' [/home/eslam-elshokafy/Desktop/AIDAChip_Workshop_01/ztachip/HW/src/pcore/pcore.vhd:54]
DSP Report: Generating DSP y_add_r0, operation Mode is: (C+(A*B)') OR (C-(A*B)').
DSP Report: register mul_i/z_r_reg is absorbed into DSP y_add_r0.
DSP Report: operator mul_i/z is absorbed into DSP y_add_r0.
DSP Report: operator y_add_r0 is absorbed into DSP y_add_r0.
DSP Report: operator y_add_r0 is absorbed into DSP y_add_r0.
INFO: [Synth 8-4471] merging register 'mul_i/z_r_reg[31:0]' into 'mul_i/z_r_reg[31:0]' [/home/eslam-elshokafy/Desktop/AIDAChip_Workshop_01/ztachip/HW/src/pcore/pcore.vhd:54]
DSP Report: Generating DSP y_add_r0, operation Mode is: (C+(A*B)') OR (C-(A*B)').
DSP Report: register mul_i/z_r_reg is absorbed into DSP y_add_r0.
DSP Report: operator mul_i/z is absorbed into DSP y_add_r0.
DSP Report: operator y_add_r0 is absorbed into DSP y_add_r0.
DSP Report: operator y_add_r0 is absorbed into DSP y_add_r0.
DSP Report: Generating DSP mult_i/z_r_reg, operation Mode is: (A*B)'.
DSP Report: register mult_i/z_r_reg is absorbed into DSP mult_i/z_r_reg.
DSP Report: operator mult_i/z is absorbed into DSP mult_i/z_r_reg.
INFO: [Common 17-14] Message 'Synth 8-3886' appears 100 times and further instances of the messages will be disabled. Use the Tcl command set_msg_config to change the current settings.
INFO: [Synth 8-4471] merging register 'mul_i/z_r_reg[31:0]' into 'mul_i/z_r_reg[31:0]' [/home/eslam-elshokafy/Desktop/AIDAChip_Workshop_01/ztachip/HW/src/pcore/pcore.vhd:54]
DSP Report: Generating DSP y_add_r0, operation Mode is: (C+(A*B)') OR (C-(A*B)').
DSP Report: register mul_i/z_r_reg is absorbed into DSP y_add_r0.
DSP Report: operator mul_i/z is absorbed into DSP y_add_r0.
DSP Report: operator y_add_r0 is absorbed into DSP y_add_r0.
DSP Report: operator y_add_r0 is absorbed into DSP y_add_r0.
INFO: [Synth 8-4471] merging register 'mul_i/z_r_reg[31:0]' into 'mul_i/z_r_reg[31:0]' [/home/eslam-elshokafy/Desktop/AIDAChip_Workshop_01/ztachip/HW/src/pcore/pcore.vhd:54]
DSP Report: Generating DSP y_add_r0, operation Mode is: (C+(A*B)') OR (C-(A*B)').
DSP Report: register mul_i/z_r_reg is absorbed into DSP y_add_r0.
DSP Report: operator mul_i/z is absorbed into DSP y_add_r0.
DSP Report: operator y_add_r0 is absorbed into DSP y_add_r0.
DSP Report: operator y_add_r0 is absorbed into DSP y_add_r0.
INFO: [Synth 8-4471] merging register 'mul_i/z_r_reg[31:0]' into 'mul_i/z_r_reg[31:0]' [/home/eslam-elshokafy/Desktop/AIDAChip_Workshop_01/ztachip/HW/src/pcore/pcore.vhd:54]
DSP Report: Generating DSP y_add_r0, operation Mode is: (C+(A*B)') OR (C-(A*B)').
DSP Report: register mul_i/z_r_reg is absorbed into DSP y_add_r0.
DSP Report: operator mul_i/z is absorbed into DSP y_add_r0.
DSP Report: operator y_add_r0 is absorbed into DSP y_add_r0.
DSP Report: operator y_add_r0 is absorbed into DSP y_add_r0.
INFO: [Synth 8-4471] merging register 'mul_i/z_r_reg[31:0]' into 'mul_i/z_r_reg[31:0]' [/home/eslam-elshokafy/Desktop/AIDAChip_Workshop_01/ztachip/HW/src/pcore/pcore.vhd:54]
DSP Report: Generating DSP y_add_r0, operation Mode is: (C+(A*B)') OR (C-(A*B)').
DSP Report: register mul_i/z_r_reg is absorbed into DSP y_add_r0.
DSP Report: operator mul_i/z is absorbed into DSP y_add_r0.
DSP Report: operator y_add_r0 is absorbed into DSP y_add_r0.
DSP Report: operator y_add_r0 is absorbed into DSP y_add_r0.
INFO: [Synth 8-4471] merging register 'mul_i/z_r_reg[31:0]' into 'mul_i/z_r_reg[31:0]' [/home/eslam-elshokafy/Desktop/AIDAChip_Workshop_01/ztachip/HW/src/pcore/pcore.vhd:54]
DSP Report: Generating DSP y_add_r0, operation Mode is: (C+(A*B)') OR (C-(A*B)').
DSP Report: register mul_i/z_r_reg is absorbed into DSP y_add_r0.
DSP Report: operator mul_i/z is absorbed into DSP y_add_r0.
DSP Report: operator y_add_r0 is absorbed into DSP y_add_r0.
DSP Report: operator y_add_r0 is absorbed into DSP y_add_r0.
INFO: [Synth 8-4471] merging register 'mul_i/z_r_reg[31:0]' into 'mul_i/z_r_reg[31:0]' [/home/eslam-elshokafy/Desktop/AIDAChip_Workshop_01/ztachip/HW/src/pcore/pcore.vhd:54]
DSP Report: Generating DSP y_add_r0, operation Mode is: (C+(A*B)') OR (C-(A*B)').
DSP Report: register mul_i/z_r_reg is absorbed into DSP y_add_r0.
DSP Report: operator mul_i/z is absorbed into DSP y_add_r0.
DSP Report: operator y_add_r0 is absorbed into DSP y_add_r0.
DSP Report: operator y_add_r0 is absorbed into DSP y_add_r0.
INFO: [Synth 8-4471] merging register 'mul_i/z_r_reg[31:0]' into 'mul_i/z_r_reg[31:0]' [/home/eslam-elshokafy/Desktop/AIDAChip_Workshop_01/ztachip/HW/src/pcore/pcore.vhd:54]
DSP Report: Generating DSP y_add_r0, operation Mode is: (C+(A*B)') OR (C-(A*B)').
DSP Report: register mul_i/z_r_reg is absorbed into DSP y_add_r0.
DSP Report: operator mul_i/z is absorbed into DSP y_add_r0.
DSP Report: operator y_add_r0 is absorbed into DSP y_add_r0.
DSP Report: operator y_add_r0 is absorbed into DSP y_add_r0.
INFO: [Synth 8-4471] merging register 'mul_i/z_r_reg[31:0]' into 'mul_i/z_r_reg[31:0]' [/home/eslam-elshokafy/Desktop/AIDAChip_Workshop_01/ztachip/HW/src/pcore/pcore.vhd:54]
DSP Report: Generating DSP y_add_r0, operation Mode is: (C+(A*B)') OR (C-(A*B)').
DSP Report: register mul_i/z_r_reg is absorbed into DSP y_add_r0.
DSP Report: operator mul_i/z is absorbed into DSP y_add_r0.
DSP Report: operator y_add_r0 is absorbed into DSP y_add_r0.
DSP Report: operator y_add_r0 is absorbed into DSP y_add_r0.
DSP Report: Generating DSP mult_i/z_r_reg, operation Mode is: (A*B)'.
DSP Report: register mult_i/z_r_reg is absorbed into DSP mult_i/z_r_reg.
DSP Report: operator mult_i/z is absorbed into DSP mult_i/z_r_reg.
INFO: [Common 17-14] Message 'Synth 8-3886' appears 100 times and further instances of the messages will be disabled. Use the Tcl command set_msg_config to change the current settings.
INFO: [Synth 8-4471] merging register 'mul_i/z_r_reg[31:0]' into 'mul_i/z_r_reg[31:0]' [/home/eslam-elshokafy/Desktop/AIDAChip_Workshop_01/ztachip/HW/src/pcore/pcore.vhd:54]
DSP Report: Generating DSP y_add_r0, operation Mode is: (C+(A*B)') OR (C-(A*B)').
DSP Report: register mul_i/z_r_reg is absorbed into DSP y_add_r0.
DSP Report: operator mul_i/z is absorbed into DSP y_add_r0.
DSP Report: operator y_add_r0 is absorbed into DSP y_add_r0.
DSP Report: operator y_add_r0 is absorbed into DSP y_add_r0.
INFO: [Synth 8-4471] merging register 'mul_i/z_r_reg[31:0]' into 'mul_i/z_r_reg[31:0]' [/home/eslam-elshokafy/Desktop/AIDAChip_Workshop_01/ztachip/HW/src/pcore/pcore.vhd:54]
DSP Report: Generating DSP y_add_r0, operation Mode is: (C+(A*B)') OR (C-(A*B)').
DSP Report: register mul_i/z_r_reg is absorbed into DSP y_add_r0.
DSP Report: operator mul_i/z is absorbed into DSP y_add_r0.
DSP Report: operator y_add_r0 is absorbed into DSP y_add_r0.
DSP Report: operator y_add_r0 is absorbed into DSP y_add_r0.
INFO: [Synth 8-4471] merging register 'mul_i/z_r_reg[31:0]' into 'mul_i/z_r_reg[31:0]' [/home/eslam-elshokafy/Desktop/AIDAChip_Workshop_01/ztachip/HW/src/pcore/pcore.vhd:54]
DSP Report: Generating DSP y_add_r0, operation Mode is: (C+(A*B)') OR (C-(A*B)').
DSP Report: register mul_i/z_r_reg is absorbed into DSP y_add_r0.
DSP Report: operator mul_i/z is absorbed into DSP y_add_r0.
DSP Report: operator y_add_r0 is absorbed into DSP y_add_r0.
DSP Report: operator y_add_r0 is absorbed into DSP y_add_r0.
INFO: [Synth 8-4471] merging register 'mul_i/z_r_reg[31:0]' into 'mul_i/z_r_reg[31:0]' [/home/eslam-elshokafy/Desktop/AIDAChip_Workshop_01/ztachip/HW/src/pcore/pcore.vhd:54]
DSP Report: Generating DSP y_add_r0, operation Mode is: (C+(A*B)') OR (C-(A*B)').
DSP Report: register mul_i/z_r_reg is absorbed into DSP y_add_r0.
DSP Report: operator mul_i/z is absorbed into DSP y_add_r0.
DSP Report: operator y_add_r0 is absorbed into DSP y_add_r0.
DSP Report: operator y_add_r0 is absorbed into DSP y_add_r0.
INFO: [Synth 8-4471] merging register 'mul_i/z_r_reg[31:0]' into 'mul_i/z_r_reg[31:0]' [/home/eslam-elshokafy/Desktop/AIDAChip_Workshop_01/ztachip/HW/src/pcore/pcore.vhd:54]
DSP Report: Generating DSP y_add_r0, operation Mode is: (C+(A*B)') OR (C-(A*B)').
DSP Report: register mul_i/z_r_reg is absorbed into DSP y_add_r0.
DSP Report: operator mul_i/z is absorbed into DSP y_add_r0.
DSP Report: operator y_add_r0 is absorbed into DSP y_add_r0.
DSP Report: operator y_add_r0 is absorbed into DSP y_add_r0.
INFO: [Synth 8-4471] merging register 'mul_i/z_r_reg[31:0]' into 'mul_i/z_r_reg[31:0]' [/home/eslam-elshokafy/Desktop/AIDAChip_Workshop_01/ztachip/HW/src/pcore/pcore.vhd:54]
DSP Report: Generating DSP y_add_r0, operation Mode is: (C+(A*B)') OR (C-(A*B)').
DSP Report: register mul_i/z_r_reg is absorbed into DSP y_add_r0.
DSP Report: operator mul_i/z is absorbed into DSP y_add_r0.
DSP Report: operator y_add_r0 is absorbed into DSP y_add_r0.
DSP Report: operator y_add_r0 is absorbed into DSP y_add_r0.
INFO: [Synth 8-4471] merging register 'mul_i/z_r_reg[31:0]' into 'mul_i/z_r_reg[31:0]' [/home/eslam-elshokafy/Desktop/AIDAChip_Workshop_01/ztachip/HW/src/pcore/pcore.vhd:54]
DSP Report: Generating DSP y_add_r0, operation Mode is: (C+(A*B)') OR (C-(A*B)').
DSP Report: register mul_i/z_r_reg is absorbed into DSP y_add_r0.
DSP Report: operator mul_i/z is absorbed into DSP y_add_r0.
DSP Report: operator y_add_r0 is absorbed into DSP y_add_r0.
DSP Report: operator y_add_r0 is absorbed into DSP y_add_r0.
INFO: [Synth 8-4471] merging register 'mul_i/z_r_reg[31:0]' into 'mul_i/z_r_reg[31:0]' [/home/eslam-elshokafy/Desktop/AIDAChip_Workshop_01/ztachip/HW/src/pcore/pcore.vhd:54]
DSP Report: Generating DSP y_add_r0, operation Mode is: (C+(A*B)') OR (C-(A*B)').
DSP Report: register mul_i/z_r_reg is absorbed into DSP y_add_r0.
DSP Report: operator mul_i/z is absorbed into DSP y_add_r0.
DSP Report: operator y_add_r0 is absorbed into DSP y_add_r0.
DSP Report: operator y_add_r0 is absorbed into DSP y_add_r0.
DSP Report: Generating DSP mult_i/z_r_reg, operation Mode is: (A*B)'.
DSP Report: register mult_i/z_r_reg is absorbed into DSP mult_i/z_r_reg.
DSP Report: operator mult_i/z is absorbed into DSP mult_i/z_r_reg.
INFO: [Common 17-14] Message 'Synth 8-3886' appears 100 times and further instances of the messages will be disabled. Use the Tcl command set_msg_config to change the current settings.
INFO: [Synth 8-4471] merging register 'mul_i/z_r_reg[31:0]' into 'mul_i/z_r_reg[31:0]' [/home/eslam-elshokafy/Desktop/AIDAChip_Workshop_01/ztachip/HW/src/pcore/pcore.vhd:54]
DSP Report: Generating DSP y_add_r0, operation Mode is: (C+(A*B)') OR (C-(A*B)').
DSP Report: register mul_i/z_r_reg is absorbed into DSP y_add_r0.
DSP Report: operator mul_i/z is absorbed into DSP y_add_r0.
DSP Report: operator y_add_r0 is absorbed into DSP y_add_r0.
DSP Report: operator y_add_r0 is absorbed into DSP y_add_r0.
INFO: [Synth 8-4471] merging register 'mul_i/z_r_reg[31:0]' into 'mul_i/z_r_reg[31:0]' [/home/eslam-elshokafy/Desktop/AIDAChip_Workshop_01/ztachip/HW/src/pcore/pcore.vhd:54]
DSP Report: Generating DSP y_add_r0, operation Mode is: (C+(A*B)') OR (C-(A*B)').
DSP Report: register mul_i/z_r_reg is absorbed into DSP y_add_r0.
DSP Report: operator mul_i/z is absorbed into DSP y_add_r0.
DSP Report: operator y_add_r0 is absorbed into DSP y_add_r0.
DSP Report: operator y_add_r0 is absorbed into DSP y_add_r0.
INFO: [Synth 8-4471] merging register 'mul_i/z_r_reg[31:0]' into 'mul_i/z_r_reg[31:0]' [/home/eslam-elshokafy/Desktop/AIDAChip_Workshop_01/ztachip/HW/src/pcore/pcore.vhd:54]
DSP Report: Generating DSP y_add_r0, operation Mode is: (C+(A*B)') OR (C-(A*B)').
DSP Report: register mul_i/z_r_reg is absorbed into DSP y_add_r0.
DSP Report: operator mul_i/z is absorbed into DSP y_add_r0.
DSP Report: operator y_add_r0 is absorbed into DSP y_add_r0.
DSP Report: operator y_add_r0 is absorbed into DSP y_add_r0.
INFO: [Synth 8-4471] merging register 'mul_i/z_r_reg[31:0]' into 'mul_i/z_r_reg[31:0]' [/home/eslam-elshokafy/Desktop/AIDAChip_Workshop_01/ztachip/HW/src/pcore/pcore.vhd:54]
DSP Report: Generating DSP y_add_r0, operation Mode is: (C+(A*B)') OR (C-(A*B)').
DSP Report: register mul_i/z_r_reg is absorbed into DSP y_add_r0.
DSP Report: operator mul_i/z is absorbed into DSP y_add_r0.
DSP Report: operator y_add_r0 is absorbed into DSP y_add_r0.
DSP Report: operator y_add_r0 is absorbed into DSP y_add_r0.
INFO: [Synth 8-4471] merging register 'mul_i/z_r_reg[31:0]' into 'mul_i/z_r_reg[31:0]' [/home/eslam-elshokafy/Desktop/AIDAChip_Workshop_01/ztachip/HW/src/pcore/pcore.vhd:54]
DSP Report: Generating DSP y_add_r0, operation Mode is: (C+(A*B)') OR (C-(A*B)').
DSP Report: register mul_i/z_r_reg is absorbed into DSP y_add_r0.
DSP Report: operator mul_i/z is absorbed into DSP y_add_r0.
DSP Report: operator y_add_r0 is absorbed into DSP y_add_r0.
DSP Report: operator y_add_r0 is absorbed into DSP y_add_r0.
INFO: [Synth 8-4471] merging register 'mul_i/z_r_reg[31:0]' into 'mul_i/z_r_reg[31:0]' [/home/eslam-elshokafy/Desktop/AIDAChip_Workshop_01/ztachip/HW/src/pcore/pcore.vhd:54]
DSP Report: Generating DSP y_add_r0, operation Mode is: (C+(A*B)') OR (C-(A*B)').
DSP Report: register mul_i/z_r_reg is absorbed into DSP y_add_r0.
DSP Report: operator mul_i/z is absorbed into DSP y_add_r0.
DSP Report: operator y_add_r0 is absorbed into DSP y_add_r0.
DSP Report: operator y_add_r0 is absorbed into DSP y_add_r0.
INFO: [Synth 8-4471] merging register 'mul_i/z_r_reg[31:0]' into 'mul_i/z_r_reg[31:0]' [/home/eslam-elshokafy/Desktop/AIDAChip_Workshop_01/ztachip/HW/src/pcore/pcore.vhd:54]
DSP Report: Generating DSP y_add_r0, operation Mode is: (C+(A*B)') OR (C-(A*B)').
DSP Report: register mul_i/z_r_reg is absorbed into DSP y_add_r0.
DSP Report: operator mul_i/z is absorbed into DSP y_add_r0.
DSP Report: operator y_add_r0 is absorbed into DSP y_add_r0.
DSP Report: operator y_add_r0 is absorbed into DSP y_add_r0.
INFO: [Synth 8-4471] merging register 'mul_i/z_r_reg[31:0]' into 'mul_i/z_r_reg[31:0]' [/home/eslam-elshokafy/Desktop/AIDAChip_Workshop_01/ztachip/HW/src/pcore/pcore.vhd:54]
DSP Report: Generating DSP y_add_r0, operation Mode is: (C+(A*B)') OR (C-(A*B)').
DSP Report: register mul_i/z_r_reg is absorbed into DSP y_add_r0.
DSP Report: operator mul_i/z is absorbed into DSP y_add_r0.
DSP Report: operator y_add_r0 is absorbed into DSP y_add_r0.
DSP Report: operator y_add_r0 is absorbed into DSP y_add_r0.
DSP Report: Generating DSP mult_i/z_r_reg, operation Mode is: (A*B)'.
DSP Report: register mult_i/z_r_reg is absorbed into DSP mult_i/z_r_reg.
DSP Report: operator mult_i/z is absorbed into DSP mult_i/z_r_reg.
INFO: [Common 17-14] Message 'Synth 8-3886' appears 100 times and further instances of the messages will be disabled. Use the Tcl command set_msg_config to change the current settings.
DSP Report: Generating DSP mul_i/z, operation Mode is: A*B.
DSP Report: operator mul_i/z is absorbed into DSP mul_i/z.
DSP Report: Generating DSP mul_i/z, operation Mode is: A*B.
DSP Report: operator mul_i/z is absorbed into DSP mul_i/z.
DSP Report: Generating DSP mul_i/z, operation Mode is: A*B.
DSP Report: operator mul_i/z is absorbed into DSP mul_i/z.
DSP Report: Generating DSP mul_i/z, operation Mode is: A*B.
DSP Report: operator mul_i/z is absorbed into DSP mul_i/z.
DSP Report: Generating DSP mul_i/z, operation Mode is: A*B.
DSP Report: operator mul_i/z is absorbed into DSP mul_i/z.
DSP Report: Generating DSP mul_i/z, operation Mode is: A*B.
DSP Report: operator mul_i/z is absorbed into DSP mul_i/z.
DSP Report: Generating DSP mul_i/z, operation Mode is: A*B.
DSP Report: operator mul_i/z is absorbed into DSP mul_i/z.
DSP Report: Generating DSP mul_i/z, operation Mode is: A*B.
DSP Report: operator mul_i/z is absorbed into DSP mul_i/z.
DSP Report: Generating DSP mul_i/z, operation Mode is: A*B.
DSP Report: operator mul_i/z is absorbed into DSP mul_i/z.
DSP Report: Generating DSP mul_i/z, operation Mode is: A*B.
DSP Report: operator mul_i/z is absorbed into DSP mul_i/z.
DSP Report: Generating DSP mul_i/z, operation Mode is: A*B.
DSP Report: operator mul_i/z is absorbed into DSP mul_i/z.
DSP Report: Generating DSP mul_i/z, operation Mode is: A*B.
DSP Report: operator mul_i/z is absorbed into DSP mul_i/z.
DSP Report: Generating DSP mul_i/z, operation Mode is: A*B.
DSP Report: operator mul_i/z is absorbed into DSP mul_i/z.
DSP Report: Generating DSP mul_i/z, operation Mode is: A*B.
DSP Report: operator mul_i/z is absorbed into DSP mul_i/z.
DSP Report: Generating DSP mul_i/z, operation Mode is: A*B.
DSP Report: operator mul_i/z is absorbed into DSP mul_i/z.
DSP Report: Generating DSP mul_i/z, operation Mode is: A*B.
DSP Report: operator mul_i/z is absorbed into DSP mul_i/z.
INFO: [Synth 8-5544] ROM "mask_v" won't be mapped to Block RAM because address size (4) smaller than threshold (5)
INFO: [Synth 8-4471] merging register 'decode_to_execute_IS_RS1_SIGNED_reg' into 'decode_to_execute_IS_RS2_SIGNED_reg' [/home/eslam-elshokafy/Desktop/AIDAChip_Workshop_01/ztachip/HW/src/util/shifter.vhd:3440]
DSP Report: Generating DSP memory_to_writeBack_MUL_HH_reg, operation Mode is: (A*B)'.
DSP Report: register memory_to_writeBack_MUL_HH_reg is absorbed into DSP memory_to_writeBack_MUL_HH_reg.
DSP Report: register execute_to_memory_MUL_HH_reg is absorbed into DSP memory_to_writeBack_MUL_HH_reg.
DSP Report: operator execute_MUL_HH is absorbed into DSP memory_to_writeBack_MUL_HH_reg.
DSP Report: Generating DSP execute_to_memory_MUL_LH_reg, operation Mode is: (A*B)'.
DSP Report: register execute_to_memory_MUL_LH_reg is absorbed into DSP execute_to_memory_MUL_LH_reg.
DSP Report: operator execute_MUL_LH is absorbed into DSP execute_to_memory_MUL_LH_reg.
DSP Report: Generating DSP execute_to_memory_MUL_HL_reg, operation Mode is: (A*B)'.
DSP Report: register execute_to_memory_MUL_HL_reg is absorbed into DSP execute_to_memory_MUL_HL_reg.
DSP Report: operator execute_MUL_HL is absorbed into DSP execute_to_memory_MUL_HL_reg.
DSP Report: Generating DSP execute_to_memory_MUL_LL_reg, operation Mode is: (A*B)'.
DSP Report: register execute_to_memory_MUL_LL_reg is absorbed into DSP execute_to_memory_MUL_LL_reg.
DSP Report: operator execute_MUL_LL is absorbed into DSP execute_to_memory_MUL_LL_reg.
INFO: [Synth 8-3971] The signal "\cpu_inst/system_cpu/RegFilePlugin_regFile_reg " was recognized as a true dual port RAM template.
INFO: [Synth 8-4652] Swapped enable and write-enable on 1 RAM instances of RAM gen_wr_a.gen_word_narrow.mem_reg to conserve power
INFO: [Synth 8-4652] Swapped enable and write-enable on 1 RAM instances of RAM gen_wr_a.gen_word_narrow.mem_reg to conserve power
INFO: [Synth 8-5784] Optimized 4 bits of RAM "gen_wr_a.gen_word_narrow.mem_reg" due to constant propagation. Old ram width 58 bits, new ram width 54 bits.
INFO: [Synth 8-4652] Swapped enable and write-enable on 1 RAM instances of RAM gen_wr_a.gen_word_narrow.mem_reg to conserve power
INFO: [Synth 8-4652] Swapped enable and write-enable on 1 RAM instances of RAM gen_wr_a.gen_word_narrow.mem_reg to conserve power
INFO: [Synth 8-4652] Swapped enable and write-enable on 2 RAM instances of RAM gen_wr_a.gen_word_narrow.mem_reg to conserve power
INFO: [Common 17-14] Message 'Synth 8-3886' appears 100 times and further instances of the messages will be disabled. Use the Tcl command set_msg_config to change the current settings.
INFO: [Synth 8-5544] ROM "p_0_out" won't be mapped to Block RAM because address size (2) smaller than threshold (5)
INFO: [Synth 8-4652] Swapped enable and write-enable on 2 RAM instances of RAM gen_wr_a.gen_word_narrow.mem_reg to conserve power
INFO: [Synth 8-4652] Swapped enable and write-enable on 1 RAM instances of RAM gen_wr_a.gen_word_narrow.mem_reg to conserve power
INFO: [Synth 8-4652] Swapped enable and write-enable on 1 RAM instances of RAM gen_wr_a.gen_word_narrow.mem_reg to conserve power
INFO: [Synth 8-4652] Swapped enable and write-enable on 1 RAM instances of RAM gen_wr_a.gen_word_narrow.mem_reg to conserve power
INFO: [Synth 8-4652] Swapped enable and write-enable on 1 RAM instances of RAM gen_wr_a.gen_word_narrow.mem_reg to conserve power
INFO: [Synth 8-4652] Swapped enable and write-enable on 1 RAM instances of RAM gen_wr_a.gen_word_narrow.mem_reg to conserve power
---------------------------------------------------------------------------------
Finished Cross Boundary and Area Optimization : Time (s): cpu = 00:01:36 ; elapsed = 00:01:55 . Memory (MB): peak = 4675.086 ; gain = 2908.062 ; free physical = 271 ; free virtual = 4595
---------------------------------------------------------------------------------
 Sort Area is soc_base__GCB0 memory_to_writeBack_MUL_HH_reg_5 : 0 0 : 2328 2328 : Used 1 time 0
 Sort Area is cell__GB0 y_add_r0_0 : 0 0 : 2318 2318 : Used 1 time 0
 Sort Area is pcore__parameterized5 y_add_r0_0 : 0 0 : 2318 2318 : Used 1 time 0
 Sort Area is pcore__parameterized3 y_add_r0_0 : 0 0 : 2318 2318 : Used 1 time 0
 Sort Area is pcore__parameterized1 y_add_r0_0 : 0 0 : 2318 2318 : Used 1 time 0
 Sort Area is cell__GB0 y_add_r0_2 : 0 0 : 2318 2318 : Used 1 time 0
 Sort Area is pcore__parameterized5 y_add_r0_2 : 0 0 : 2318 2318 : Used 1 time 0
 Sort Area is pcore__parameterized3 y_add_r0_2 : 0 0 : 2318 2318 : Used 1 time 0
 Sort Area is pcore__parameterized1 y_add_r0_2 : 0 0 : 2318 2318 : Used 1 time 0
 Sort Area is cell__GB0 y_add_r0_3 : 0 0 : 2318 2318 : Used 1 time 0
 Sort Area is pcore__parameterized5 y_add_r0_3 : 0 0 : 2318 2318 : Used 1 time 0
 Sort Area is pcore__parameterized3 y_add_r0_3 : 0 0 : 2318 2318 : Used 1 time 0
 Sort Area is pcore__parameterized1 y_add_r0_3 : 0 0 : 2318 2318 : Used 1 time 0
 Sort Area is cell__GB0 y_add_r0_4 : 0 0 : 2318 2318 : Used 1 time 0
 Sort Area is pcore__parameterized5 y_add_r0_4 : 0 0 : 2318 2318 : Used 1 time 0
 Sort Area is pcore__parameterized3 y_add_r0_4 : 0 0 : 2318 2318 : Used 1 time 0
 Sort Area is pcore__parameterized1 y_add_r0_4 : 0 0 : 2318 2318 : Used 1 time 0
 Sort Area is cell__GB0 y_add_r0_5 : 0 0 : 2318 2318 : Used 1 time 0
 Sort Area is pcore__parameterized5 y_add_r0_5 : 0 0 : 2318 2318 : Used 1 time 0
 Sort Area is pcore__parameterized3 y_add_r0_5 : 0 0 : 2318 2318 : Used 1 time 0
 Sort Area is pcore__parameterized1 y_add_r0_5 : 0 0 : 2318 2318 : Used 1 time 0
 Sort Area is cell__GB0 y_add_r0_6 : 0 0 : 2318 2318 : Used 1 time 0
 Sort Area is pcore__parameterized5 y_add_r0_6 : 0 0 : 2318 2318 : Used 1 time 0
 Sort Area is pcore__parameterized3 y_add_r0_6 : 0 0 : 2318 2318 : Used 1 time 0
 Sort Area is pcore__parameterized1 y_add_r0_6 : 0 0 : 2318 2318 : Used 1 time 0
 Sort Area is cell__GB0 y_add_r0_7 : 0 0 : 2318 2318 : Used 1 time 0
 Sort Area is pcore__parameterized5 y_add_r0_7 : 0 0 : 2318 2318 : Used 1 time 0
 Sort Area is pcore__parameterized3 y_add_r0_7 : 0 0 : 2318 2318 : Used 1 time 0
 Sort Area is pcore__parameterized1 y_add_r0_7 : 0 0 : 2318 2318 : Used 1 time 0
 Sort Area is cell__GB0 y_add_r0_8 : 0 0 : 2318 2318 : Used 1 time 0
 Sort Area is pcore__parameterized5 y_add_r0_8 : 0 0 : 2318 2318 : Used 1 time 0
 Sort Area is pcore__parameterized3 y_add_r0_8 : 0 0 : 2318 2318 : Used 1 time 0
 Sort Area is pcore__parameterized1 y_add_r0_8 : 0 0 : 2318 2318 : Used 1 time 0
 Sort Area is soc_base__GCB0 execute_to_memory_MUL_HL_reg_2 : 0 0 : 2298 2298 : Used 1 time 0
 Sort Area is soc_base__GCB0 execute_to_memory_MUL_LH_reg_4 : 0 0 : 2298 2298 : Used 1 time 0
 Sort Area is soc_base__GCB0 execute_to_memory_MUL_LL_reg_0 : 0 0 : 1978 1978 : Used 1 time 0
 Sort Area is cell__GB0 mult_i/z_r_reg_9 : 0 0 : 1280 1280 : Used 1 time 0
 Sort Area is pcore__parameterized5 mult_i/z_r_reg_9 : 0 0 : 1280 1280 : Used 1 time 0
 Sort Area is pcore__parameterized3 mult_i/z_r_reg_9 : 0 0 : 1280 1280 : Used 1 time 0
 Sort Area is pcore__parameterized1 mult_i/z_r_reg_9 : 0 0 : 1280 1280 : Used 1 time 0
 Sort Area is core__GC0 mul_i/z_0 : 0 0 : 1052 1052 : Used 1 time 0
 Sort Area is core__GC0 mul_i/z_10 : 0 0 : 1052 1052 : Used 1 time 0
 Sort Area is core__GC0 mul_i/z_2 : 0 0 : 1052 1052 : Used 1 time 0
 Sort Area is core__GC0 mul_i/z_3 : 0 0 : 1052 1052 : Used 1 time 0
 Sort Area is core__GC0 mul_i/z_4 : 0 0 : 1052 1052 : Used 1 time 0
 Sort Area is core__GC0 mul_i/z_5 : 0 0 : 1052 1052 : Used 1 time 0
 Sort Area is core__GC0 mul_i/z_6 : 0 0 : 1052 1052 : Used 1 time 0
 Sort Area is core__GC0 mul_i/z_7 : 0 0 : 1052 1052 : Used 1 time 0
 Sort Area is core__GC0 mul_i/z_8 : 0 0 : 1052 1052 : Used 1 time 0
 Sort Area is core__GC0 mul_i/z_9 : 0 0 : 1052 1052 : Used 1 time 0
 Sort Area is core__GC0 mul_i/z_a : 0 0 : 1052 1052 : Used 1 time 0
 Sort Area is core__GC0 mul_i/z_b : 0 0 : 1052 1052 : Used 1 time 0
 Sort Area is core__GC0 mul_i/z_c : 0 0 : 1052 1052 : Used 1 time 0
 Sort Area is core__GC0 mul_i/z_d : 0 0 : 1052 1052 : Used 1 time 0
 Sort Area is core__GC0 mul_i/z_e : 0 0 : 1052 1052 : Used 1 time 0
 Sort Area is core__GC0 mul_i/z_f : 0 0 : 1052 1052 : Used 1 time 0
---------------------------------------------------------------------------------
Start ROM, RAM, DSP, Shift Register and Retiming Reporting
---------------------------------------------------------------------------------

ROM: Preliminary Mapping Report
+------------+---------------+---------------+----------------+
|Module Name | RTL Object    | Depth x Width | Implemented As | 
+------------+---------------+---------------+----------------+
|fp_floor    | mantissa_mask | 32x23         | LUT            | 
+------------+---------------+---------------+----------------+


Block RAM: Preliminary Mapping Report (see note below)
+---------------------------------------------------------------------------------------------------------------------------------------+--------------------------------------------------+------------------------+---+---+------------------------+---+---+------------------+--------+--------+
|Module Name                                                                                                                            | RTL Object                                       | PORT A (Depth x Width) | W | R | PORT B (Depth x Width) | W | R | Ports driving FF | RAMB18 | RAMB36 | 
+---------------------------------------------------------------------------------------------------------------------------------------+--------------------------------------------------+------------------------+---+---+------------------------+---+---+------------------+--------+--------+
|cmd_fifo_i0/\ram_i/xpm_memory_sdpram_inst /xpm_memory_base_inst                                                                        | gen_wr_a.gen_word_narrow.mem_reg                 | 256 x 337(READ_FIRST)  | W |   | 256 x 337(WRITE_FIRST) |   | R | Port A and B     | 0      | 5      | 
|cmd_fifo_i1/\ram_i/xpm_memory_sdpram_inst /xpm_memory_base_inst                                                                        | gen_wr_a.gen_word_narrow.mem_reg                 | 256 x 337(READ_FIRST)  | W |   | 256 x 337(WRITE_FIRST) |   | R | Port A and B     | 0      | 5      | 
|B_fifo_i/\ram_i/xpm_memory_sdpram_inst /xpm_memory_base_inst                                                                           | gen_wr_a.gen_word_narrow.mem_reg                 | 16 x 128(READ_FIRST)   | W |   | 16 x 128(WRITE_FIRST)  |   | R | Port A and B     | 0      | 2      | 
|X_fifo_i/\ram_i/xpm_memory_sdpram_inst /xpm_memory_base_inst                                                                           | gen_wr_a.gen_word_narrow.mem_reg                 | 16 x 128(READ_FIRST)   | W |   | 16 x 128(WRITE_FIRST)  |   | R | Port A and B     | 0      | 2      | 
|Y_fifo_i/\ram_i/xpm_memory_sdpram_inst /xpm_memory_base_inst                                                                           | gen_wr_a.gen_word_narrow.mem_reg                 | 16 x 128(READ_FIRST)   | W |   | 16 x 128(WRITE_FIRST)  |   | R | Port A and B     | 0      | 2      | 
|dp_fetch_1_i/fifo_i/\GEN1.fifo_i/fifo_i/ram_i/xpm_memory_sdpram_inst /xpm_memory_base_inst                                             | gen_wr_a.gen_word_narrow.mem_reg                 | 512 x 408(READ_FIRST)  | W |   | 512 x 408(WRITE_FIRST) |   | R | Port A and B     | 0      | 6      | 
|dp_fetch_1_i/\GEN1.ram_i /\ram_i/xpm_memory_sdpram_inst /xpm_memory_base_inst                                                          | gen_wr_a.gen_word_narrow.mem_reg                 | 32 x 417(READ_FIRST)   | W |   | 32 x 417(WRITE_FIRST)  |   | R | Port A and B     | 0      | 6      | 
|dp_fetch_1_i/indication_i/\ram_i/xpm_memory_sdpram_inst /xpm_memory_base_inst                                                          | gen_wr_a.gen_word_narrow.mem_reg                 | 256 x 67(READ_FIRST)   | W |   | 256 x 67(WRITE_FIRST)  |   | R | Port A and B     | 0      | 1      | 
|\dp_sink1_i/dp_sink_fifo_i /\ram_i/xpm_memory_sdpram_inst /xpm_memory_base_inst                                                        | gen_wr_a.gen_word_narrow.mem_reg                 | 512 x 133(READ_FIRST)  | W |   | 512 x 133(WRITE_FIRST) |   | R | Port A and B     | 0      | 2      | 
|\dp_sink1_i/dp_sink_fifo_i2 /\ram_i/xpm_memory_sdpram_inst /xpm_memory_base_inst                                                       | gen_wr_a.gen_word_narrow.mem_reg                 | 512 x 64(READ_FIRST)   | W |   | 512 x 64(WRITE_FIRST)  |   | R | Port A and B     | 0      | 1      | 
|\dp_sink2_i/dp_sink_fifo_i /\ram_i/xpm_memory_sdpram_inst /xpm_memory_base_inst                                                        | gen_wr_a.gen_word_narrow.mem_reg                 | 512 x 133(READ_FIRST)  | W |   | 512 x 133(WRITE_FIRST) |   | R | Port A and B     | 0      | 2      | 
|\dp_sink2_i/dp_sink_fifo_i2 /\ram_i/xpm_memory_sdpram_inst /xpm_memory_base_inst                                                       | gen_wr_a.gen_word_narrow.mem_reg                 | 512 x 64(READ_FIRST)   | W |   | 512 x 64(WRITE_FIRST)  |   | R | Port A and B     | 0      | 1      | 
|\dp_sink3_i/dp_sink_fifo_i /\ram_i/xpm_memory_sdpram_inst /xpm_memory_base_inst                                                        | gen_wr_a.gen_word_narrow.mem_reg                 | 512 x 133(READ_FIRST)  | W |   | 512 x 133(WRITE_FIRST) |   | R | Port A and B     | 0      | 2      | 
|\dp_sink3_i/dp_sink_fifo_i2 /\ram_i/xpm_memory_sdpram_inst /xpm_memory_base_inst                                                       | gen_wr_a.gen_word_narrow.mem_reg                 | 512 x 64(READ_FIRST)   | W |   | 512 x 64(WRITE_FIRST)  |   | R | Port A and B     | 0      | 1      | 
|xregister_file_i/\GEN2.altsyncram_i/ram_i/xpm_memory_sdpram_inst /xpm_memory_base_inst                                                 | gen_wr_a.gen_byte_narrow.for_mem_cols[1].mem_reg | 512 x 136(READ_FIRST)  | W |   | 512 x 136(WRITE_FIRST) |   | R | Port A and B     | 1      | 2      | 
|iregister_i/\iregister_ram_i/altsyncram_i/ram_i/xpm_memory_sdpram_inst /xpm_memory_base_inst                                           | gen_wr_a.gen_byte_narrow.for_mem_cols[1].mem_reg | 64 x 72(READ_FIRST)    | W |   | 64 x 72(WRITE_FIRST)   |   | R | Port A and B     | 1      | 1      | 
|register_bank_i/\register_file_i/ram3_i/ram2_i/xpm_memory_sdpram_inst /xpm_memory_base_inst                                            | gen_wr_a.gen_byte_narrow.for_mem_cols[1].mem_reg | 256 x 128(READ_FIRST)  | W |   | 256 x 128(WRITE_FIRST) |   | R | Port A and B     | 0      | 2      | 
|register_bank_i/\register_file_i2/ram3_i/ram2_i/xpm_memory_sdpram_inst /xpm_memory_base_inst                                           | gen_wr_a.gen_byte_narrow.for_mem_cols[1].mem_reg | 256 x 128(READ_FIRST)  | W |   | 256 x 128(WRITE_FIRST) |   | R | Port A and B     | 0      | 2      | 
|xregister_file_i/\GEN2.altsyncram_i/ram_i/xpm_memory_sdpram_inst /xpm_memory_base_inst                                                 | gen_wr_a.gen_byte_narrow.for_mem_cols[1].mem_reg | 512 x 136(READ_FIRST)  | W |   | 512 x 136(WRITE_FIRST) |   | R | Port A and B     | 1      | 2      | 
|iregister_i/\iregister_ram_i/altsyncram_i/ram_i/xpm_memory_sdpram_inst /xpm_memory_base_inst                                           | gen_wr_a.gen_byte_narrow.for_mem_cols[1].mem_reg | 64 x 72(READ_FIRST)    | W |   | 64 x 72(WRITE_FIRST)   |   | R | Port A and B     | 1      | 1      | 
|register_bank_i/\register_file_i/ram3_i/ram2_i/xpm_memory_sdpram_inst /xpm_memory_base_inst                                            | gen_wr_a.gen_byte_narrow.for_mem_cols[1].mem_reg | 256 x 128(READ_FIRST)  | W |   | 256 x 128(WRITE_FIRST) |   | R | Port A and B     | 0      | 2      | 
|register_bank_i/\register_file_i2/ram3_i/ram2_i/xpm_memory_sdpram_inst /xpm_memory_base_inst                                           | gen_wr_a.gen_byte_narrow.for_mem_cols[1].mem_reg | 256 x 128(READ_FIRST)  | W |   | 256 x 128(WRITE_FIRST) |   | R | Port A and B     | 0      | 2      | 
|xregister_file_i/\GEN2.altsyncram_i/ram_i/xpm_memory_sdpram_inst /xpm_memory_base_inst                                                 | gen_wr_a.gen_byte_narrow.for_mem_cols[1].mem_reg | 512 x 136(READ_FIRST)  | W |   | 512 x 136(WRITE_FIRST) |   | R | Port A and B     | 1      | 2      | 
|iregister_i/\iregister_ram_i/altsyncram_i/ram_i/xpm_memory_sdpram_inst /xpm_memory_base_inst                                           | gen_wr_a.gen_byte_narrow.for_mem_cols[1].mem_reg | 64 x 72(READ_FIRST)    | W |   | 64 x 72(WRITE_FIRST)   |   | R | Port A and B     | 1      | 1      | 
|register_bank_i/\register_file_i/ram3_i/ram2_i/xpm_memory_sdpram_inst /xpm_memory_base_inst                                            | gen_wr_a.gen_byte_narrow.for_mem_cols[1].mem_reg | 256 x 128(READ_FIRST)  | W |   | 256 x 128(WRITE_FIRST) |   | R | Port A and B     | 0      | 2      | 
|register_bank_i/\register_file_i2/ram3_i/ram2_i/xpm_memory_sdpram_inst /xpm_memory_base_inst                                           | gen_wr_a.gen_byte_narrow.for_mem_cols[1].mem_reg | 256 x 128(READ_FIRST)  | W |   | 256 x 128(WRITE_FIRST) |   | R | Port A and B     | 0      | 2      | 
|\GEN_REG[0].GEN1.pcore_i /xregister_file_i/\GEN2.altsyncram_i/ram_i/xpm_memory_sdpram_inst /xpm_memory_base_inst                       | gen_wr_a.gen_byte_narrow.for_mem_cols[1].mem_reg | 512 x 136(READ_FIRST)  | W |   | 512 x 136(WRITE_FIRST) |   | R | Port A and B     | 1      | 2      | 
|\GEN_REG[0].GEN1.pcore_i /iregister_i/\iregister_ram_i/altsyncram_i/ram_i/xpm_memory_sdpram_inst /xpm_memory_base_inst                 | gen_wr_a.gen_byte_narrow.for_mem_cols[1].mem_reg | 64 x 72(READ_FIRST)    | W |   | 64 x 72(WRITE_FIRST)   |   | R | Port A and B     | 1      | 1      | 
|\GEN_REG[0].GEN1.pcore_i /register_bank_i/\register_file_i/ram3_i/ram2_i/xpm_memory_sdpram_inst /xpm_memory_base_inst                  | gen_wr_a.gen_byte_narrow.for_mem_cols[1].mem_reg | 256 x 128(READ_FIRST)  | W |   | 256 x 128(WRITE_FIRST) |   | R | Port A and B     | 0      | 2      | 
|\GEN_REG[0].GEN1.pcore_i /register_bank_i/\register_file_i2/ram3_i/ram2_i/xpm_memory_sdpram_inst /xpm_memory_base_inst                 | gen_wr_a.gen_byte_narrow.for_mem_cols[1].mem_reg | 256 x 128(READ_FIRST)  | W |   | 256 x 128(WRITE_FIRST) |   | R | Port A and B     | 0      | 2      | 
|\GEN_STREAM[0].stream_i /\lookup_i/xpm_memory_spram_inst/xpm_memory_base_inst                                                          | gen_wr_a.gen_word_narrow.mem_reg                 | 512 x 24(READ_FIRST)   | W | R |                        |   |   | Port A           | 1      | 0      | 
|\GEN_STREAM[1].stream_i /\lookup_i/xpm_memory_spram_inst/xpm_memory_base_inst                                                          | gen_wr_a.gen_word_narrow.mem_reg                 | 512 x 24(READ_FIRST)   | W | R |                        |   |   | Port A           | 1      | 0      | 
|\GEN_STREAM[2].stream_i /\lookup_i/xpm_memory_spram_inst/xpm_memory_base_inst                                                          | gen_wr_a.gen_word_narrow.mem_reg                 | 512 x 24(READ_FIRST)   | W | R |                        |   |   | Port A           | 1      | 0      | 
|\GEN_STREAM[3].stream_i /\lookup_i/xpm_memory_spram_inst/xpm_memory_base_inst                                                          | gen_wr_a.gen_word_narrow.mem_reg                 | 512 x 24(READ_FIRST)   | W | R |                        |   |   | Port A           | 1      | 0      | 
|\GEN_STREAM[4].stream_i /\lookup_i/xpm_memory_spram_inst/xpm_memory_base_inst                                                          | gen_wr_a.gen_word_narrow.mem_reg                 | 512 x 24(READ_FIRST)   | W | R |                        |   |   | Port A           | 1      | 0      | 
|\GEN_STREAM[5].stream_i /\lookup_i/xpm_memory_spram_inst/xpm_memory_base_inst                                                          | gen_wr_a.gen_word_narrow.mem_reg                 | 512 x 24(READ_FIRST)   | W | R |                        |   |   | Port A           | 1      | 0      | 
|\GEN_STREAM[6].stream_i /\lookup_i/xpm_memory_spram_inst/xpm_memory_base_inst                                                          | gen_wr_a.gen_word_narrow.mem_reg                 | 512 x 24(READ_FIRST)   | W | R |                        |   |   | Port A           | 1      | 0      | 
|\GEN_STREAM[7].stream_i /\lookup_i/xpm_memory_spram_inst/xpm_memory_base_inst                                                          | gen_wr_a.gen_word_narrow.mem_reg                 | 512 x 24(READ_FIRST)   | W | R |                        |   |   | Port A           | 1      | 0      | 
|\GEN_STREAM_1[0].stream_i1 /\lookup_i/xpm_memory_spram_inst/xpm_memory_base_inst                                                       | gen_wr_a.gen_word_narrow.mem_reg                 | 512 x 24(READ_FIRST)   | W | R |                        |   |   | Port A           | 1      | 0      | 
|\GEN_STREAM_1[1].stream_i1 /\lookup_i/xpm_memory_spram_inst/xpm_memory_base_inst                                                       | gen_wr_a.gen_word_narrow.mem_reg                 | 512 x 24(READ_FIRST)   | W | R |                        |   |   | Port A           | 1      | 0      | 
|\GEN_STREAM_1[2].stream_i1 /\lookup_i/xpm_memory_spram_inst/xpm_memory_base_inst                                                       | gen_wr_a.gen_word_narrow.mem_reg                 | 512 x 24(READ_FIRST)   | W | R |                        |   |   | Port A           | 1      | 0      | 
|\GEN_STREAM_1[3].stream_i1 /\lookup_i/xpm_memory_spram_inst/xpm_memory_base_inst                                                       | gen_wr_a.gen_word_narrow.mem_reg                 | 512 x 24(READ_FIRST)   | W | R |                        |   |   | Port A           | 1      | 0      | 
|\GEN_STREAM_1[4].stream_i1 /\lookup_i/xpm_memory_spram_inst/xpm_memory_base_inst                                                       | gen_wr_a.gen_word_narrow.mem_reg                 | 512 x 24(READ_FIRST)   | W | R |                        |   |   | Port A           | 1      | 0      | 
|\GEN_STREAM_1[5].stream_i1 /\lookup_i/xpm_memory_spram_inst/xpm_memory_base_inst                                                       | gen_wr_a.gen_word_narrow.mem_reg                 | 512 x 24(READ_FIRST)   | W | R |                        |   |   | Port A           | 1      | 0      | 
|\GEN_STREAM_1[6].stream_i1 /\lookup_i/xpm_memory_spram_inst/xpm_memory_base_inst                                                       | gen_wr_a.gen_word_narrow.mem_reg                 | 512 x 24(READ_FIRST)   | W | R |                        |   |   | Port A           | 1      | 0      | 
|\GEN_STREAM_1[7].stream_i1 /\lookup_i/xpm_memory_spram_inst/xpm_memory_base_inst                                                       | gen_wr_a.gen_word_narrow.mem_reg                 | 512 x 24(READ_FIRST)   | W | R |                        |   |   | Port A           | 1      | 0      | 
|instr_i/\rom_i/ram_i/xpm_memory_spram_inst/xpm_memory_base_inst                                                                        | gen_wr_a.gen_byte_narrow.for_mem_cols[1].mem_reg | 1 K x 128(READ_FIRST)  | W |   | 1 K x 128(WRITE_FIRST) |   | R | Port A and B     | 0      | 4      | 
|\axilite_i/waddr_fifo_i/ram_i/xpm_memory_sdpram_inst /xpm_memory_base_inst                                                             | gen_wr_a.gen_word_narrow.mem_reg                 | 64 x 24(READ_FIRST)    | W |   | 64 x 24(WRITE_FIRST)   |   | R | Port A and B     | 1      | 0      | 
|\axilite_i/wdata_fifo_i/ram_i/xpm_memory_sdpram_inst /xpm_memory_base_inst                                                             | gen_wr_a.gen_word_narrow.mem_reg                 | 64 x 32(READ_FIRST)    | W |   | 64 x 32(WRITE_FIRST)   |   | R | Port A and B     | 1      | 0      | 
|sram_i/sram_0_i/\altsyncram_i/xpm_memory_sdpram_inst /xpm_memory_base_inst                                                             | gen_wr_a.gen_byte_narrow.for_mem_cols[1].mem_reg | 1 K x 128(READ_FIRST)  | W |   | 1 K x 128(WRITE_FIRST) |   | R | Port A and B     | 0      | 4      | 
|sram_i/sram_1_i/\altsyncram_i/xpm_memory_sdpram_inst /xpm_memory_base_inst                                                             | gen_wr_a.gen_byte_narrow.for_mem_cols[1].mem_reg | 1 K x 128(READ_FIRST)  | W |   | 1 K x 128(WRITE_FIRST) |   | R | Port A and B     | 0      | 4      | 
|\ddr_rx_i/read_data_fifo_i/ram_i/xpm_memory_sdpram_inst /xpm_memory_base_inst                                                          | gen_wr_a.gen_word_narrow.mem_reg                 | 512 x 64(READ_FIRST)   | W |   | 512 x 64(WRITE_FIRST)  |   | R | Port A and B     | 0      | 1      | 
|\ddr_rx_i/read_record_fifo_i/ram_i/xpm_memory_sdpram_inst /xpm_memory_base_inst                                                        | gen_wr_a.gen_word_narrow.mem_reg                 | 128 x 35(READ_FIRST)   | W |   | 128 x 35(WRITE_FIRST)  |   | R | Port A and B     | 1      | 0      | 
|\cpu_inst/system_cpu /IBusCachedPlugin_cache                                                                                           | ways_1_tags_reg                                  | 128 x 22(READ_FIRST)   | W |   | 128 x 22(WRITE_FIRST)  |   | R | Port A and B     | 1      | 0      | 
|\cpu_inst/system_cpu /IBusCachedPlugin_cache                                                                                           | banks_1_reg                                      | 1 K x 32(READ_FIRST)   | W |   | 1 K x 32(WRITE_FIRST)  |   | R | Port A and B     | 0      | 1      | 
|\cpu_inst/system_cpu /IBusCachedPlugin_cache                                                                                           | banks_0_reg                                      | 1 K x 32(READ_FIRST)   | W |   | 1 K x 32(WRITE_FIRST)  |   | R | Port A and B     | 0      | 1      | 
|\cpu_inst/system_cpu /IBusCachedPlugin_cache                                                                                           | ways_0_tags_reg                                  | 128 x 22(READ_FIRST)   | W |   | 128 x 22(WRITE_FIRST)  |   | R | Port A and B     | 1      | 0      | 
|\cpu_inst/system_cpu /dataCache_1                                                                                                      | ways_0_tags_reg                                  | 256 x 21(READ_FIRST)   | W |   | 256 x 21(WRITE_FIRST)  |   | R | Port A and B     | 1      | 0      | 
|\cpu_inst/system_cpu /dataCache_1                                                                                                      | ways_0_data_symbol0_reg                          | 2 K x 8(READ_FIRST)    | W |   | 2 K x 8(WRITE_FIRST)   |   | R | Port A and B     | 1      | 0      | 
|\cpu_inst/system_cpu /dataCache_1                                                                                                      | ways_0_data_symbol1_reg                          | 2 K x 8(READ_FIRST)    | W |   | 2 K x 8(WRITE_FIRST)   |   | R | Port A and B     | 1      | 0      | 
|\cpu_inst/system_cpu /dataCache_1                                                                                                      | ways_0_data_symbol2_reg                          | 2 K x 8(READ_FIRST)    | W |   | 2 K x 8(WRITE_FIRST)   |   | R | Port A and B     | 1      | 0      | 
|\cpu_inst/system_cpu /dataCache_1                                                                                                      | ways_0_data_symbol3_reg                          | 2 K x 8(READ_FIRST)    | W |   | 2 K x 8(WRITE_FIRST)   |   | R | Port A and B     | 1      | 0      | 
|\axi_split_ibus_i/GEN1.axi_split_read_i/read_ifc_i/GEN1.slave_cmd_fifo/ram_i/xpm_memory_sdpram_inst /xpm_memory_base_inst              | gen_wr_a.gen_word_narrow.mem_reg                 | 32 x 58(READ_FIRST)    | W |   | 32 x 58(WRITE_FIRST)   |   | R | Port A and B     | 0      | 1      | 
|\axi_split_ibus_i/GEN1.axi_split_read_i/read_ifc_i/GEN2.slave_resp_fifo/ram_i/xpm_memory_sdpram_inst /xpm_memory_base_inst             | gen_wr_a.gen_word_narrow.mem_reg                 | 32 x 36(READ_FIRST)    | W |   | 32 x 36(WRITE_FIRST)   |   | R | Port A and B     | 1      | 0      | 
|\axi_split_ibus_i/GEN1.axi_split_read_i/pending_fifo/ram_i/xpm_memory_sdpram_inst /xpm_memory_base_inst                                | gen_wr_a.gen_word_narrow.mem_reg                 | 256 x 5(READ_FIRST)    | W |   | 256 x 5(WRITE_FIRST)   |   | R | Port A and B     | 1      | 0      | 
|axi_merge_inst/axi_merge_read_i/\GEN_SLAVE_NO_RESIZE.slave_i0/GEN1.slave_cmd_fifo/ram_i/xpm_memory_sdpram_inst /xpm_memory_base_inst   | gen_wr_a.gen_word_narrow.mem_reg                 | 32 x 58(READ_FIRST)    | W |   | 32 x 58(WRITE_FIRST)   |   | R | Port A and B     | 0      | 1      | 
|axi_merge_inst/axi_merge_read_i/\GEN_SLAVE_NO_RESIZE.slave_i0/GEN2.slave_resp_fifo/ram_i/xpm_memory_sdpram_inst /xpm_memory_base_inst  | gen_wr_a.gen_word_narrow.mem_reg                 | 128 x 68(READ_FIRST)   | W |   | 128 x 68(WRITE_FIRST)  |   | R | Port A and B     | 0      | 1      | 
|axi_merge_inst/axi_merge_read_i/\slave_i1/slave_cmd_pend_fifo/ram_i/xpm_memory_sdpram_inst /xpm_memory_base_inst                       | gen_wr_a.gen_word_narrow.mem_reg                 | 32 x 58(READ_FIRST)    | W |   | 32 x 58(WRITE_FIRST)   |   | R | Port A and B     | 0      | 1      | 
|axi_merge_inst/axi_merge_read_i/\slave_i1/GEN1.slave_cmd_fifo/ram_i/xpm_memory_sdpram_inst /xpm_memory_base_inst                       | gen_wr_a.gen_word_narrow.mem_reg                 | 32 x 58(READ_FIRST)    | W |   | 32 x 58(WRITE_FIRST)   |   | R | Port A and B     | 0      | 1      | 
|axi_merge_inst/axi_merge_read_i/\slave_i1/GEN2.slave_resp_fifo/ram_i/xpm_memory_sdpram_inst /xpm_memory_base_inst                      | gen_wr_a.gen_word_narrow.mem_reg                 | 32 x 68(READ_FIRST)    | W |   | 32 x 68(WRITE_FIRST)   |   | R | Port A and B     | 0      | 1      | 
|axi_merge_inst/axi_merge_read_i/\slave_i2/slave_cmd_pend_fifo/ram_i/xpm_memory_sdpram_inst /xpm_memory_base_inst                       | gen_wr_a.gen_word_narrow.mem_reg                 | 32 x 58(READ_FIRST)    | W |   | 32 x 58(WRITE_FIRST)   |   | R | Port A and B     | 0      | 1      | 
|axi_merge_inst/axi_merge_read_i/\slave_i2/GEN1.slave_cmd_fifo/ram_i/xpm_memory_sdpram_inst /xpm_memory_base_inst                       | gen_wr_a.gen_word_narrow.mem_reg                 | 32 x 58(READ_FIRST)    | W |   | 32 x 58(WRITE_FIRST)   |   | R | Port A and B     | 0      | 1      | 
|axi_merge_inst/axi_merge_read_i/\slave_i2/GEN2.slave_resp_fifo/ram_i/xpm_memory_sdpram_inst /xpm_memory_base_inst                      | gen_wr_a.gen_word_narrow.mem_reg                 | 32 x 68(READ_FIRST)    | W |   | 32 x 68(WRITE_FIRST)   |   | R | Port A and B     | 0      | 1      | 
|axi_merge_inst/axi_merge_read_i/\GEN1_NO_RESIZE.slavew_i/GEN1.slave_cmd_fifo/ram_i/xpm_memory_sdpram_inst /xpm_memory_base_inst        | gen_wr_a.gen_word_narrow.mem_reg                 | 64 x 58(READ_FIRST)    | W |   | 64 x 58(WRITE_FIRST)   |   | R | Port A and B     | 0      | 1      | 
|axi_merge_inst/axi_merge_read_i/\GEN1_NO_RESIZE.slavew_i/GEN2.slave_resp_fifo/ram_i/xpm_memory_sdpram_inst /xpm_memory_base_inst       | gen_wr_a.gen_word_narrow.mem_reg                 | 512 x 68(READ_FIRST)   | W |   | 512 x 68(WRITE_FIRST)  |   | R | Port A and B     | 0      | 1      | 
|axi_merge_inst/axi_merge_read_i/\pend_master_fifo_i/ram_i/xpm_memory_sdpram_inst /xpm_memory_base_inst                                 | gen_wr_a.gen_word_narrow.mem_reg                 | 256 x 6(READ_FIRST)    | W |   | 256 x 6(WRITE_FIRST)   |   | R | Port A and B     | 1      | 0      | 
|axi_merge_inst/axi_merge_write_i/\GEN1_NO_RESIZE.slavew_i/GEN1.slave_cmd_fifo/ram_i/xpm_memory_sdpram_inst /xpm_memory_base_inst       | gen_wr_a.gen_word_narrow.mem_reg                 | 256 x 58(READ_FIRST)   | W |   | 256 x 58(WRITE_FIRST)  |   | R | Port A and B     | 0      | 1      | 
|axi_merge_inst/axi_merge_write_i/\GEN1_NO_RESIZE.slavew_i/GEN2.slave_data_fifo/ram_i/xpm_memory_sdpram_inst /xpm_memory_base_inst      | gen_wr_a.gen_word_narrow.mem_reg                 | 256 x 73(READ_FIRST)   | W |   | 256 x 73(WRITE_FIRST)  |   | R | Port A and B     | 1      | 1      | 
|axi_merge_inst/axi_merge_write_i/\GEN_SLAVE_NO_RESIZE.slave_i0/GEN1.slave_cmd_fifo/ram_i/xpm_memory_sdpram_inst /xpm_memory_base_inst  | gen_wr_a.gen_word_narrow.mem_reg                 | 32 x 58(READ_FIRST)    | W |   | 32 x 58(WRITE_FIRST)   |   | R | Port A and B     | 0      | 1      | 
|axi_merge_inst/axi_merge_write_i/\GEN_SLAVE_NO_RESIZE.slave_i0/GEN2.slave_data_fifo/ram_i/xpm_memory_sdpram_inst /xpm_memory_base_inst | gen_wr_a.gen_word_narrow.mem_reg                 | 32 x 73(READ_FIRST)    | W |   | 32 x 73(WRITE_FIRST)   |   | R | Port A and B     | 1      | 1      | 
|axi_merge_inst/axi_merge_write_i/\slave_i1/GEN1.slave_cmd_fifo/ram_i/xpm_memory_sdpram_inst /xpm_memory_base_inst                      | gen_wr_a.gen_word_narrow.mem_reg                 | 32 x 58(READ_FIRST)    | W |   | 32 x 58(WRITE_FIRST)   |   | R | Port A and B     | 0      | 1      | 
|axi_merge_inst/axi_merge_write_i/\slave_i1/GEN2.slave_data_fifo/ram_i/xpm_memory_sdpram_inst /xpm_memory_base_inst                     | gen_wr_a.gen_word_narrow.mem_reg                 | 32 x 37(READ_FIRST)    | W |   | 32 x 37(WRITE_FIRST)   |   | R | Port A and B     | 0      | 1      | 
|axi_merge_inst/axi_merge_write_i/\slave_i2/GEN1.slave_cmd_fifo/ram_i/xpm_memory_sdpram_inst /xpm_memory_base_inst                      | gen_wr_a.gen_word_narrow.mem_reg                 | 32 x 58(READ_FIRST)    | W |   | 32 x 58(WRITE_FIRST)   |   | R | Port A and B     | 0      | 1      | 
|axi_merge_inst/axi_merge_write_i/\slave_i2/GEN2.slave_data_fifo/ram_i/xpm_memory_sdpram_inst /xpm_memory_base_inst                     | gen_wr_a.gen_word_narrow.mem_reg                 | 32 x 37(READ_FIRST)    | W |   | 32 x 37(WRITE_FIRST)   |   | R | Port A and B     | 0      | 1      | 
|axi_merge_inst/axi_merge_write_i/\pend_master_fifo_i/ram_i/xpm_memory_sdpram_inst /xpm_memory_base_inst                                | gen_wr_a.gen_word_narrow.mem_reg                 | 256 x 4(READ_FIRST)    | W |   | 256 x 4(WRITE_FIRST)   |   | R | Port A and B     | 1      | 0      | 
|axi_merge_inst/axi_merge_write_i/\pend_data_fifo_i/ram_i/xpm_memory_sdpram_inst /xpm_memory_base_inst                                  | gen_wr_a.gen_word_narrow.mem_reg                 | 256 x 6(READ_FIRST)    | W |   | 256 x 6(WRITE_FIRST)   |   | R | Port A and B     | 1      | 0      | 
|\TCM_i/ram_i/ram2_i/xpm_memory_sdpram_inst /xpm_memory_base_inst                                                                       | gen_wr_a.gen_byte_narrow.for_mem_cols[1].mem_reg | 4 K x 32(READ_FIRST)   | W |   | 4 K x 32(WRITE_FIRST)  |   | R | Port A and B     | 0      | 4      | 
|\axi_stream_write_inst/write_fifo2/ram_i/xpm_memory_sdpram_inst /xpm_memory_base_inst                                                  | gen_wr_a.gen_word_narrow.mem_reg                 | 1 K x 64(READ_FIRST)   | W |   | 1 K x 64(WRITE_FIRST)  |   | R | Port A and B     | 0      | 2      | 
|axi_stream_read_inst/\read_fifo2/ram_i/xpm_memory_sdpram_inst /xpm_memory_base_inst                                                    | gen_wr_a.gen_word_narrow.mem_reg                 | 1 K x 65(READ_FIRST)   | W |   | 1 K x 65(WRITE_FIRST)  |   | R | Port A and B     | 0      | 2      | 
|UART_INST/\txfifo_i/ram_i/xpm_memory_sdpram_inst /xpm_memory_base_inst                                                                 | gen_wr_a.gen_word_narrow.mem_reg                 | 256 x 8(READ_FIRST)    | W |   | 256 x 8(WRITE_FIRST)   |   | R | Port A and B     | 1      | 0      | 
|UART_INST/\rxfifo_i/ram_i/xpm_memory_sdpram_inst /xpm_memory_base_inst                                                                 | gen_wr_a.gen_word_narrow.mem_reg                 | 256 x 8(READ_FIRST)    | W |   | 256 x 8(WRITE_FIRST)   |   | R | Port A and B     | 1      | 0      | 
|axi_split_dbus_i/\GEN1.axi_split_read_i/read_ifc_i/GEN1.slave_cmd_fifo/ram_i/xpm_memory_sdpram_inst /xpm_memory_base_inst              | gen_wr_a.gen_word_narrow.mem_reg                 | 32 x 58(READ_FIRST)    | W |   | 32 x 58(WRITE_FIRST)   |   | R | Port A and B     | 0      | 1      | 
|axi_split_dbus_i/\GEN1.axi_split_read_i/read_ifc_i/GEN2.slave_resp_fifo/ram_i/xpm_memory_sdpram_inst /xpm_memory_base_inst             | gen_wr_a.gen_word_narrow.mem_reg                 | 32 x 36(READ_FIRST)    | W |   | 32 x 36(WRITE_FIRST)   |   | R | Port A and B     | 1      | 0      | 
|axi_split_dbus_i/\GEN1.axi_split_read_i/pending_fifo/ram_i/xpm_memory_sdpram_inst /xpm_memory_base_inst                                | gen_wr_a.gen_word_narrow.mem_reg                 | 256 x 5(READ_FIRST)    | W |   | 256 x 5(WRITE_FIRST)   |   | R | Port A and B     | 1      | 0      | 
|axi_split_dbus_i/\GEN2.axi_split_write_i/write_fifo_i/GEN1.slave_cmd_fifo/ram_i/xpm_memory_sdpram_inst /xpm_memory_base_inst           | gen_wr_a.gen_word_narrow.mem_reg                 | 32 x 58(READ_FIRST)    | W |   | 32 x 58(WRITE_FIRST)   |   | R | Port A and B     | 0      | 1      | 
|axi_split_dbus_i/\GEN2.axi_split_write_i/write_fifo_i/GEN2.slave_data_fifo/ram_i/xpm_memory_sdpram_inst /xpm_memory_base_inst          | gen_wr_a.gen_word_narrow.mem_reg                 | 32 x 37(READ_FIRST)    | W |   | 32 x 37(WRITE_FIRST)   |   | R | Port A and B     | 0      | 1      | 
|axi_split_dbus_i/\GEN2.axi_split_write_i/pending_resp_fifo/ram_i/xpm_memory_sdpram_inst /xpm_memory_base_inst                          | gen_wr_a.gen_word_narrow.mem_reg                 | 256 x 5(READ_FIRST)    | W |   | 256 x 5(WRITE_FIRST)   |   | R | Port A and B     | 1      | 0      | 
|axi_split_dbus_i/\GEN2.axi_split_write_i/pending_data_fifo/ram_i/xpm_memory_sdpram_inst /xpm_memory_base_inst                          | gen_wr_a.gen_word_narrow.mem_reg                 | 256 x 5(READ_FIRST)    | W |   | 256 x 5(WRITE_FIRST)   |   | R | Port A and B     | 1      | 0      | 
+---------------------------------------------------------------------------------------------------------------------------------------+--------------------------------------------------+------------------------+---+---+------------------------+---+---+------------------+--------+--------+

Note: The table above is a preliminary report that shows the Block RAMs at the current stage of the synthesis flow. Some Block RAMs may be reimplemented as non Block RAM primitives later in the synthesis flow. Multiple instantiated Block RAMs are reported only once. 

Distributed RAM: Preliminary Mapping Report (see note below)
+------------------------------------------------------------------------------------------------------------------------------+----------------------------------+----------------+----------------------+---------------+
|Module Name                                                                                                                   | RTL Object                       | Inference      | Size (Depth x Width) | Primitives    | 
+------------------------------------------------------------------------------------------------------------------------------+----------------------------------+----------------+----------------------+---------------+
|read_pending_i/\ram_i/xpm_memory_sdpram_inst /xpm_memory_base_inst                                                            | gen_wr_a.gen_word_narrow.mem_reg | Implied        | 8 x 5                | RAM32M x 1    | 
|sram_i/axi_ifc_i/\resp_fifo/ram_i/xpm_memory_sdpram_inst /xpm_memory_base_inst                                                | gen_wr_a.gen_word_narrow.mem_reg | Implied        | 16 x 33              | RAM32M x 6    | 
|\ddr_rx_i/ddr_rx_fifo_i/ram_i/xpm_memory_sdpram_inst /xpm_memory_base_inst                                                    | gen_wr_a.gen_word_narrow.mem_reg | Implied        | 16 x 38              | RAM32M x 7    | 
|axi_merge_inst/\read_i/GEN1_CCD.slave_cmd_fifo/GEN2.afifo_i/ram_i/xpm_memory_sdpram_inst /xpm_memory_base_inst                | gen_wr_a.gen_word_narrow.mem_reg | User Attribute | 32 x 58              | RAM32M x 10   | 
|axi_merge_inst/\read_i/GEN2_CCD.slave_resp_fifo/GEN2.afifo_i/ram_i/xpm_memory_sdpram_inst /xpm_memory_base_inst               | gen_wr_a.gen_word_narrow.mem_reg | User Attribute | 32 x 68              | RAM32M x 12   | 
|axi_merge_inst/\write_i/GEN1_CCD.slave_cmd_fifo/GEN2.afifo_i/ram_i/xpm_memory_sdpram_inst /xpm_memory_base_inst               | gen_wr_a.gen_word_narrow.mem_reg | User Attribute | 32 x 58              | RAM32M x 10   | 
|axi_merge_inst/\write_i/GEN2_CCD.slave_data_fifo/GEN2.afifo_i/ram_i/xpm_memory_sdpram_inst /xpm_memory_base_inst              | gen_wr_a.gen_word_narrow.mem_reg | User Attribute | 32 x 73              | RAM32M x 13   | 
|axi_merge_inst/\write_i/GEN3_CCD.slave_resp_fifo/GEN2.afifo_i/ram_i/xpm_memory_sdpram_inst /xpm_memory_base_inst              | gen_wr_a.gen_word_narrow.mem_reg | User Attribute | 32 x 3               | RAM32M x 1    | 
|axi_merge_inst/axi_merge_write_i/\slave_i2/GEN3.slave_resp_fifo/ram_i/xpm_memory_sdpram_inst /xpm_memory_base_inst            | gen_wr_a.gen_word_narrow.mem_reg | Implied        | 32 x 3               | RAM32M x 1    | 
|\TCM_i/TCM_read1_i/resp_fifo/ram_i/xpm_memory_sdpram_inst /xpm_memory_base_inst                                               | gen_wr_a.gen_word_narrow.mem_reg | Implied        | 16 x 33              | RAM32M x 6    | 
|\TCM_i/TCM_read2_i/resp_fifo/ram_i/xpm_memory_sdpram_inst /xpm_memory_base_inst                                               | gen_wr_a.gen_word_narrow.mem_reg | Implied        | 16 x 33              | RAM32M x 6    | 
|\axi_stream_write_inst/write_fifo/GEN2.afifo_i/ram_i/xpm_memory_sdpram_inst /xpm_memory_base_inst                             | gen_wr_a.gen_word_narrow.mem_reg | User Attribute | 32 x 64              | RAM32M x 11   | 
|axi_stream_read_inst/\read_fifo/GEN2.afifo_i/ram_i/xpm_memory_sdpram_inst /xpm_memory_base_inst                               | gen_wr_a.gen_word_narrow.mem_reg | User Attribute | 32 x 65              | RAM32M x 11   | 
|axi_apb_bridge_inst/\wcmd_i/ram_i/xpm_memory_sdpram_inst /xpm_memory_base_inst                                                | gen_wr_a.gen_word_narrow.mem_reg | Implied        | 8 x 33               | RAM32M x 6    | 
|axi_apb_bridge_inst/\wdata_i/ram_i/xpm_memory_sdpram_inst /xpm_memory_base_inst                                               | gen_wr_a.gen_word_narrow.mem_reg | Implied        | 8 x 32               | RAM32M x 6    | 
|axi_apb_bridge_inst/\wresp_i/ram_i/xpm_memory_sdpram_inst /xpm_memory_base_inst                                               | gen_wr_a.gen_word_narrow.mem_reg | Implied        | 8 x 1                | RAM16X1D x 1  | 
|axi_apb_bridge_inst/\rcmd_i/ram_i/xpm_memory_sdpram_inst /xpm_memory_base_inst                                                | gen_wr_a.gen_word_narrow.mem_reg | Implied        | 8 x 33               | RAM32M x 6    | 
|axi_apb_bridge_inst/\rresp_i/ram_i/xpm_memory_sdpram_inst /xpm_memory_base_inst                                               | gen_wr_a.gen_word_narrow.mem_reg | Implied        | 8 x 33               | RAM32M x 6    | 
|axi_split_dbus_i/\GEN2.axi_split_write_i/write_fifo_i/GEN3.slave_resp_fifo/ram_i/xpm_memory_sdpram_inst /xpm_memory_base_inst | gen_wr_a.gen_word_narrow.mem_reg | Implied        | 32 x 3               | RAM32M x 1    | 
+------------------------------------------------------------------------------------------------------------------------------+----------------------------------+----------------+----------------------+---------------+

Note: The table above is a preliminary report that shows the Distributed RAMs at the current stage of the synthesis flow. Some Distributed RAMs may be reimplemented as non Distributed RAM primitives later in the synthesis flow. Multiple instantiated RAMs are reported only once.

DSP: Preliminary Mapping Report (see note below. The ' indicates corresponding REG is set)
+------------+--------------------------+--------+--------+--------+--------+--------+------+------+------+------+-------+------+------+
|Module Name | DSP Mapping              | A Size | B Size | C Size | D Size | P Size | AREG | BREG | CREG | DREG | ADREG | MREG | PREG | 
+------------+--------------------------+--------+--------+--------+--------+--------+------+------+------+------+-------+------+------+
|multiplier  | (C+(A*B)') OR (C-(A*B)') | 16     | 16     | 32     | -      | 32     | 0    | 0    | 0    | -    | -     | 1    | 0    | 
|multiplier  | (C+(A*B)') OR (C-(A*B)') | 16     | 16     | 32     | -      | 32     | 0    | 0    | 0    | -    | -     | 1    | 0    | 
|multiplier  | (C+(A*B)') OR (C-(A*B)') | 16     | 16     | 32     | -      | 32     | 0    | 0    | 0    | -    | -     | 1    | 0    | 
|multiplier  | (C+(A*B)') OR (C-(A*B)') | 16     | 16     | 32     | -      | 32     | 0    | 0    | 0    | -    | -     | 1    | 0    | 
|multiplier  | (C+(A*B)') OR (C-(A*B)') | 16     | 16     | 32     | -      | 32     | 0    | 0    | 0    | -    | -     | 1    | 0    | 
|multiplier  | (C+(A*B)') OR (C-(A*B)') | 16     | 16     | 32     | -      | 32     | 0    | 0    | 0    | -    | -     | 1    | 0    | 
|multiplier  | (C+(A*B)') OR (C-(A*B)') | 16     | 16     | 32     | -      | 32     | 0    | 0    | 0    | -    | -     | 1    | 0    | 
|multiplier  | (C+(A*B)') OR (C-(A*B)') | 16     | 16     | 32     | -      | 32     | 0    | 0    | 0    | -    | -     | 1    | 0    | 
|multiplier  | (A*B)'                   | 13     | 13     | -      | -      | 26     | 0    | 0    | -    | -    | -     | 1    | 0    | 
|multiplier  | (C+(A*B)') OR (C-(A*B)') | 16     | 16     | 32     | -      | 32     | 0    | 0    | 0    | -    | -     | 1    | 0    | 
|multiplier  | (C+(A*B)') OR (C-(A*B)') | 16     | 16     | 32     | -      | 32     | 0    | 0    | 0    | -    | -     | 1    | 0    | 
|multiplier  | (C+(A*B)') OR (C-(A*B)') | 16     | 16     | 32     | -      | 32     | 0    | 0    | 0    | -    | -     | 1    | 0    | 
|multiplier  | (C+(A*B)') OR (C-(A*B)') | 16     | 16     | 32     | -      | 32     | 0    | 0    | 0    | -    | -     | 1    | 0    | 
|multiplier  | (C+(A*B)') OR (C-(A*B)') | 16     | 16     | 32     | -      | 32     | 0    | 0    | 0    | -    | -     | 1    | 0    | 
|multiplier  | (C+(A*B)') OR (C-(A*B)') | 16     | 16     | 32     | -      | 32     | 0    | 0    | 0    | -    | -     | 1    | 0    | 
|multiplier  | (C+(A*B)') OR (C-(A*B)') | 16     | 16     | 32     | -      | 32     | 0    | 0    | 0    | -    | -     | 1    | 0    | 
|multiplier  | (C+(A*B)') OR (C-(A*B)') | 16     | 16     | 32     | -      | 32     | 0    | 0    | 0    | -    | -     | 1    | 0    | 
|multiplier  | (A*B)'                   | 13     | 13     | -      | -      | 26     | 0    | 0    | -    | -    | -     | 1    | 0    | 
|multiplier  | (C+(A*B)') OR (C-(A*B)') | 16     | 16     | 32     | -      | 32     | 0    | 0    | 0    | -    | -     | 1    | 0    | 
|multiplier  | (C+(A*B)') OR (C-(A*B)') | 16     | 16     | 32     | -      | 32     | 0    | 0    | 0    | -    | -     | 1    | 0    | 
|multiplier  | (C+(A*B)') OR (C-(A*B)') | 16     | 16     | 32     | -      | 32     | 0    | 0    | 0    | -    | -     | 1    | 0    | 
|multiplier  | (C+(A*B)') OR (C-(A*B)') | 16     | 16     | 32     | -      | 32     | 0    | 0    | 0    | -    | -     | 1    | 0    | 
|multiplier  | (C+(A*B)') OR (C-(A*B)') | 16     | 16     | 32     | -      | 32     | 0    | 0    | 0    | -    | -     | 1    | 0    | 
|multiplier  | (C+(A*B)') OR (C-(A*B)') | 16     | 16     | 32     | -      | 32     | 0    | 0    | 0    | -    | -     | 1    | 0    | 
|multiplier  | (C+(A*B)') OR (C-(A*B)') | 16     | 16     | 32     | -      | 32     | 0    | 0    | 0    | -    | -     | 1    | 0    | 
|multiplier  | (C+(A*B)') OR (C-(A*B)') | 16     | 16     | 32     | -      | 32     | 0    | 0    | 0    | -    | -     | 1    | 0    | 
|multiplier  | (A*B)'                   | 13     | 13     | -      | -      | 26     | 0    | 0    | -    | -    | -     | 1    | 0    | 
|multiplier  | (C+(A*B)') OR (C-(A*B)') | 16     | 16     | 32     | -      | 32     | 0    | 0    | 0    | -    | -     | 1    | 0    | 
|multiplier  | (C+(A*B)') OR (C-(A*B)') | 16     | 16     | 32     | -      | 32     | 0    | 0    | 0    | -    | -     | 1    | 0    | 
|multiplier  | (C+(A*B)') OR (C-(A*B)') | 16     | 16     | 32     | -      | 32     | 0    | 0    | 0    | -    | -     | 1    | 0    | 
|multiplier  | (C+(A*B)') OR (C-(A*B)') | 16     | 16     | 32     | -      | 32     | 0    | 0    | 0    | -    | -     | 1    | 0    | 
|multiplier  | (C+(A*B)') OR (C-(A*B)') | 16     | 16     | 32     | -      | 32     | 0    | 0    | 0    | -    | -     | 1    | 0    | 
|multiplier  | (C+(A*B)') OR (C-(A*B)') | 16     | 16     | 32     | -      | 32     | 0    | 0    | 0    | -    | -     | 1    | 0    | 
|multiplier  | (C+(A*B)') OR (C-(A*B)') | 16     | 16     | 32     | -      | 32     | 0    | 0    | 0    | -    | -     | 1    | 0    | 
|multiplier  | (C+(A*B)') OR (C-(A*B)') | 16     | 16     | 32     | -      | 32     | 0    | 0    | 0    | -    | -     | 1    | 0    | 
|multiplier  | (A*B)'                   | 13     | 13     | -      | -      | 26     | 0    | 0    | -    | -    | -     | 1    | 0    | 
|multiplier  | A*B                      | 12     | 12     | -      | -      | 24     | 0    | 0    | -    | -    | -     | 0    | 0    | 
|multiplier  | A*B                      | 12     | 12     | -      | -      | 24     | 0    | 0    | -    | -    | -     | 0    | 0    | 
|multiplier  | A*B                      | 12     | 12     | -      | -      | 24     | 0    | 0    | -    | -    | -     | 0    | 0    | 
|multiplier  | A*B                      | 12     | 12     | -      | -      | 24     | 0    | 0    | -    | -    | -     | 0    | 0    | 
|multiplier  | A*B                      | 12     | 12     | -      | -      | 24     | 0    | 0    | -    | -    | -     | 0    | 0    | 
|multiplier  | A*B                      | 12     | 12     | -      | -      | 24     | 0    | 0    | -    | -    | -     | 0    | 0    | 
|multiplier  | A*B                      | 12     | 12     | -      | -      | 24     | 0    | 0    | -    | -    | -     | 0    | 0    | 
|multiplier  | A*B                      | 12     | 12     | -      | -      | 24     | 0    | 0    | -    | -    | -     | 0    | 0    | 
|multiplier  | A*B                      | 12     | 12     | -      | -      | 24     | 0    | 0    | -    | -    | -     | 0    | 0    | 
|multiplier  | A*B                      | 12     | 12     | -      | -      | 24     | 0    | 0    | -    | -    | -     | 0    | 0    | 
|multiplier  | A*B                      | 12     | 12     | -      | -      | 24     | 0    | 0    | -    | -    | -     | 0    | 0    | 
|multiplier  | A*B                      | 12     | 12     | -      | -      | 24     | 0    | 0    | -    | -    | -     | 0    | 0    | 
|multiplier  | A*B                      | 12     | 12     | -      | -      | 24     | 0    | 0    | -    | -    | -     | 0    | 0    | 
|multiplier  | A*B                      | 12     | 12     | -      | -      | 24     | 0    | 0    | -    | -    | -     | 0    | 0    | 
|multiplier  | A*B                      | 12     | 12     | -      | -      | 24     | 0    | 0    | -    | -    | -     | 0    | 0    | 
|multiplier  | A*B                      | 12     | 12     | -      | -      | 24     | 0    | 0    | -    | -    | -     | 0    | 0    | 
|VexRiscv    | (A*B)'                   | 17     | 17     | -      | -      | 34     | 0    | 0    | -    | -    | -     | 1    | 1    | 
|VexRiscv    | (A*B)'                   | 17     | 17     | -      | -      | 34     | 0    | 0    | -    | -    | -     | 1    | 0    | 
|VexRiscv    | (A*B)'                   | 17     | 17     | -      | -      | 34     | 0    | 0    | -    | -    | -     | 1    | 0    | 
|VexRiscv    | (A*B)'                   | 16     | 16     | -      | -      | 32     | 0    | 0    | -    | -    | -     | 1    | 0    | 
+------------+--------------------------+--------+--------+--------+--------+--------+------+------+------+------+-------+------+------+

Note: The table above is a preliminary report that shows the DSPs inferred at the current stage of the synthesis flow. Some DSP may be reimplemented as non DSP primitives later in the synthesis flow. Multiple instantiated DSPs are reported only once.
---------------------------------------------------------------------------------
Finished ROM, RAM, DSP, Shift Register and Retiming Reporting
---------------------------------------------------------------------------------
---------------------------------------------------------------------------------
Start Applying XDC Timing Constraints
---------------------------------------------------------------------------------
---------------------------------------------------------------------------------
Finished Applying XDC Timing Constraints : Time (s): cpu = 00:03:54 ; elapsed = 00:02:06 . Memory (MB): peak = 4950.102 ; gain = 3183.078 ; free physical = 1480 ; free virtual = 5899
---------------------------------------------------------------------------------
---------------------------------------------------------------------------------
Start Timing Optimization
---------------------------------------------------------------------------------
---------------------------------------------------------------------------------
Finished Timing Optimization : Time (s): cpu = 00:04:26 ; elapsed = 00:02:38 . Memory (MB): peak = 5151.180 ; gain = 3384.156 ; free physical = 1324 ; free virtual = 5750
---------------------------------------------------------------------------------
---------------------------------------------------------------------------------
Start ROM, RAM, DSP, Shift Register and Retiming Reporting
---------------------------------------------------------------------------------

Block RAM: Final Mapping Report
+---------------------------------------------------------------------------------------------------------------------------------------+--------------------------------------------------+------------------------+---+---+------------------------+---+---+------------------+--------+--------+
|Module Name                                                                                                                            | RTL Object                                       | PORT A (Depth x Width) | W | R | PORT B (Depth x Width) | W | R | Ports driving FF | RAMB18 | RAMB36 | 
+---------------------------------------------------------------------------------------------------------------------------------------+--------------------------------------------------+------------------------+---+---+------------------------+---+---+------------------+--------+--------+
|cmd_fifo_i0/\ram_i/xpm_memory_sdpram_inst /xpm_memory_base_inst                                                                        | gen_wr_a.gen_word_narrow.mem_reg                 | 256 x 337(READ_FIRST)  | W |   | 256 x 337(WRITE_FIRST) |   | R | Port A and B     | 0      | 5      | 
|cmd_fifo_i1/\ram_i/xpm_memory_sdpram_inst /xpm_memory_base_inst                                                                        | gen_wr_a.gen_word_narrow.mem_reg                 | 256 x 337(READ_FIRST)  | W |   | 256 x 337(WRITE_FIRST) |   | R | Port A and B     | 0      | 5      | 
|B_fifo_i/\ram_i/xpm_memory_sdpram_inst /xpm_memory_base_inst                                                                           | gen_wr_a.gen_word_narrow.mem_reg                 | 16 x 128(READ_FIRST)   | W |   | 16 x 128(WRITE_FIRST)  |   | R | Port A and B     | 0      | 2      | 
|X_fifo_i/\ram_i/xpm_memory_sdpram_inst /xpm_memory_base_inst                                                                           | gen_wr_a.gen_word_narrow.mem_reg                 | 16 x 128(READ_FIRST)   | W |   | 16 x 128(WRITE_FIRST)  |   | R | Port A and B     | 0      | 2      | 
|Y_fifo_i/\ram_i/xpm_memory_sdpram_inst /xpm_memory_base_inst                                                                           | gen_wr_a.gen_word_narrow.mem_reg                 | 16 x 128(READ_FIRST)   | W |   | 16 x 128(WRITE_FIRST)  |   | R | Port A and B     | 0      | 2      | 
|dp_fetch_1_i/fifo_i/\GEN1.fifo_i/fifo_i/ram_i/xpm_memory_sdpram_inst /xpm_memory_base_inst                                             | gen_wr_a.gen_word_narrow.mem_reg                 | 512 x 408(READ_FIRST)  | W |   | 512 x 408(WRITE_FIRST) |   | R | Port A and B     | 0      | 6      | 
|dp_fetch_1_i/\GEN1.ram_i /\ram_i/xpm_memory_sdpram_inst /xpm_memory_base_inst                                                          | gen_wr_a.gen_word_narrow.mem_reg                 | 32 x 417(READ_FIRST)   | W |   | 32 x 417(WRITE_FIRST)  |   | R | Port A and B     | 0      | 6      | 
|dp_fetch_1_i/indication_i/\ram_i/xpm_memory_sdpram_inst /xpm_memory_base_inst                                                          | gen_wr_a.gen_word_narrow.mem_reg                 | 256 x 67(READ_FIRST)   | W |   | 256 x 67(WRITE_FIRST)  |   | R | Port A and B     | 0      | 1      | 
|\dp_sink1_i/dp_sink_fifo_i /\ram_i/xpm_memory_sdpram_inst /xpm_memory_base_inst                                                        | gen_wr_a.gen_word_narrow.mem_reg                 | 512 x 133(READ_FIRST)  | W |   | 512 x 133(WRITE_FIRST) |   | R | Port A and B     | 0      | 2      | 
|\dp_sink1_i/dp_sink_fifo_i2 /\ram_i/xpm_memory_sdpram_inst /xpm_memory_base_inst                                                       | gen_wr_a.gen_word_narrow.mem_reg                 | 512 x 64(READ_FIRST)   | W |   | 512 x 64(WRITE_FIRST)  |   | R | Port A and B     | 0      | 1      | 
|\dp_sink2_i/dp_sink_fifo_i /\ram_i/xpm_memory_sdpram_inst /xpm_memory_base_inst                                                        | gen_wr_a.gen_word_narrow.mem_reg                 | 512 x 133(READ_FIRST)  | W |   | 512 x 133(WRITE_FIRST) |   | R | Port A and B     | 0      | 2      | 
|\dp_sink2_i/dp_sink_fifo_i2 /\ram_i/xpm_memory_sdpram_inst /xpm_memory_base_inst                                                       | gen_wr_a.gen_word_narrow.mem_reg                 | 512 x 64(READ_FIRST)   | W |   | 512 x 64(WRITE_FIRST)  |   | R | Port A and B     | 0      | 1      | 
|\dp_sink3_i/dp_sink_fifo_i /\ram_i/xpm_memory_sdpram_inst /xpm_memory_base_inst                                                        | gen_wr_a.gen_word_narrow.mem_reg                 | 512 x 133(READ_FIRST)  | W |   | 512 x 133(WRITE_FIRST) |   | R | Port A and B     | 0      | 2      | 
|\dp_sink3_i/dp_sink_fifo_i2 /\ram_i/xpm_memory_sdpram_inst /xpm_memory_base_inst                                                       | gen_wr_a.gen_word_narrow.mem_reg                 | 512 x 64(READ_FIRST)   | W |   | 512 x 64(WRITE_FIRST)  |   | R | Port A and B     | 0      | 1      | 
|xregister_file_i/\GEN2.altsyncram_i/ram_i/xpm_memory_sdpram_inst /xpm_memory_base_inst                                                 | gen_wr_a.gen_byte_narrow.for_mem_cols[1].mem_reg | 512 x 136(READ_FIRST)  | W |   | 512 x 136(WRITE_FIRST) |   | R | Port A and B     | 1      | 2      | 
|iregister_i/\iregister_ram_i/altsyncram_i/ram_i/xpm_memory_sdpram_inst /xpm_memory_base_inst                                           | gen_wr_a.gen_byte_narrow.for_mem_cols[1].mem_reg | 64 x 72(READ_FIRST)    | W |   | 64 x 72(WRITE_FIRST)   |   | R | Port A and B     | 1      | 1      | 
|register_bank_i/\register_file_i/ram3_i/ram2_i/xpm_memory_sdpram_inst /xpm_memory_base_inst                                            | gen_wr_a.gen_byte_narrow.for_mem_cols[1].mem_reg | 256 x 128(READ_FIRST)  | W |   | 256 x 128(WRITE_FIRST) |   | R | Port A and B     | 0      | 2      | 
|register_bank_i/\register_file_i2/ram3_i/ram2_i/xpm_memory_sdpram_inst /xpm_memory_base_inst                                           | gen_wr_a.gen_byte_narrow.for_mem_cols[1].mem_reg | 256 x 128(READ_FIRST)  | W |   | 256 x 128(WRITE_FIRST) |   | R | Port A and B     | 0      | 2      | 
|xregister_file_i/\GEN2.altsyncram_i/ram_i/xpm_memory_sdpram_inst /xpm_memory_base_inst                                                 | gen_wr_a.gen_byte_narrow.for_mem_cols[1].mem_reg | 512 x 136(READ_FIRST)  | W |   | 512 x 136(WRITE_FIRST) |   | R | Port A and B     | 1      | 2      | 
|iregister_i/\iregister_ram_i/altsyncram_i/ram_i/xpm_memory_sdpram_inst /xpm_memory_base_inst                                           | gen_wr_a.gen_byte_narrow.for_mem_cols[1].mem_reg | 64 x 72(READ_FIRST)    | W |   | 64 x 72(WRITE_FIRST)   |   | R | Port A and B     | 1      | 1      | 
|register_bank_i/\register_file_i/ram3_i/ram2_i/xpm_memory_sdpram_inst /xpm_memory_base_inst                                            | gen_wr_a.gen_byte_narrow.for_mem_cols[1].mem_reg | 256 x 128(READ_FIRST)  | W |   | 256 x 128(WRITE_FIRST) |   | R | Port A and B     | 0      | 2      | 
|register_bank_i/\register_file_i2/ram3_i/ram2_i/xpm_memory_sdpram_inst /xpm_memory_base_inst                                           | gen_wr_a.gen_byte_narrow.for_mem_cols[1].mem_reg | 256 x 128(READ_FIRST)  | W |   | 256 x 128(WRITE_FIRST) |   | R | Port A and B     | 0      | 2      | 
|xregister_file_i/\GEN2.altsyncram_i/ram_i/xpm_memory_sdpram_inst /xpm_memory_base_inst                                                 | gen_wr_a.gen_byte_narrow.for_mem_cols[1].mem_reg | 512 x 136(READ_FIRST)  | W |   | 512 x 136(WRITE_FIRST) |   | R | Port A and B     | 1      | 2      | 
|iregister_i/\iregister_ram_i/altsyncram_i/ram_i/xpm_memory_sdpram_inst /xpm_memory_base_inst                                           | gen_wr_a.gen_byte_narrow.for_mem_cols[1].mem_reg | 64 x 72(READ_FIRST)    | W |   | 64 x 72(WRITE_FIRST)   |   | R | Port A and B     | 1      | 1      | 
|register_bank_i/\register_file_i/ram3_i/ram2_i/xpm_memory_sdpram_inst /xpm_memory_base_inst                                            | gen_wr_a.gen_byte_narrow.for_mem_cols[1].mem_reg | 256 x 128(READ_FIRST)  | W |   | 256 x 128(WRITE_FIRST) |   | R | Port A and B     | 0      | 2      | 
|register_bank_i/\register_file_i2/ram3_i/ram2_i/xpm_memory_sdpram_inst /xpm_memory_base_inst                                           | gen_wr_a.gen_byte_narrow.for_mem_cols[1].mem_reg | 256 x 128(READ_FIRST)  | W |   | 256 x 128(WRITE_FIRST) |   | R | Port A and B     | 0      | 2      | 
|\GEN_REG[0].GEN1.pcore_i /xregister_file_i/\GEN2.altsyncram_i/ram_i/xpm_memory_sdpram_inst /xpm_memory_base_inst                       | gen_wr_a.gen_byte_narrow.for_mem_cols[1].mem_reg | 512 x 136(READ_FIRST)  | W |   | 512 x 136(WRITE_FIRST) |   | R | Port A and B     | 1      | 2      | 
|\GEN_REG[0].GEN1.pcore_i /iregister_i/\iregister_ram_i/altsyncram_i/ram_i/xpm_memory_sdpram_inst /xpm_memory_base_inst                 | gen_wr_a.gen_byte_narrow.for_mem_cols[1].mem_reg | 64 x 72(READ_FIRST)    | W |   | 64 x 72(WRITE_FIRST)   |   | R | Port A and B     | 1      | 1      | 
|\GEN_REG[0].GEN1.pcore_i /register_bank_i/\register_file_i/ram3_i/ram2_i/xpm_memory_sdpram_inst /xpm_memory_base_inst                  | gen_wr_a.gen_byte_narrow.for_mem_cols[1].mem_reg | 256 x 128(READ_FIRST)  | W |   | 256 x 128(WRITE_FIRST) |   | R | Port A and B     | 0      | 2      | 
|\GEN_REG[0].GEN1.pcore_i /register_bank_i/\register_file_i2/ram3_i/ram2_i/xpm_memory_sdpram_inst /xpm_memory_base_inst                 | gen_wr_a.gen_byte_narrow.for_mem_cols[1].mem_reg | 256 x 128(READ_FIRST)  | W |   | 256 x 128(WRITE_FIRST) |   | R | Port A and B     | 0      | 2      | 
|\GEN_STREAM[0].stream_i /\lookup_i/xpm_memory_spram_inst/xpm_memory_base_inst                                                          | gen_wr_a.gen_word_narrow.mem_reg                 | 512 x 24(READ_FIRST)   | W | R |                        |   |   | Port A           | 1      | 0      | 
|\GEN_STREAM[1].stream_i /\lookup_i/xpm_memory_spram_inst/xpm_memory_base_inst                                                          | gen_wr_a.gen_word_narrow.mem_reg                 | 512 x 24(READ_FIRST)   | W | R |                        |   |   | Port A           | 1      | 0      | 
|\GEN_STREAM[2].stream_i /\lookup_i/xpm_memory_spram_inst/xpm_memory_base_inst                                                          | gen_wr_a.gen_word_narrow.mem_reg                 | 512 x 24(READ_FIRST)   | W | R |                        |   |   | Port A           | 1      | 0      | 
|\GEN_STREAM[3].stream_i /\lookup_i/xpm_memory_spram_inst/xpm_memory_base_inst                                                          | gen_wr_a.gen_word_narrow.mem_reg                 | 512 x 24(READ_FIRST)   | W | R |                        |   |   | Port A           | 1      | 0      | 
|\GEN_STREAM[4].stream_i /\lookup_i/xpm_memory_spram_inst/xpm_memory_base_inst                                                          | gen_wr_a.gen_word_narrow.mem_reg                 | 512 x 24(READ_FIRST)   | W | R |                        |   |   | Port A           | 1      | 0      | 
|\GEN_STREAM[5].stream_i /\lookup_i/xpm_memory_spram_inst/xpm_memory_base_inst                                                          | gen_wr_a.gen_word_narrow.mem_reg                 | 512 x 24(READ_FIRST)   | W | R |                        |   |   | Port A           | 1      | 0      | 
|\GEN_STREAM[6].stream_i /\lookup_i/xpm_memory_spram_inst/xpm_memory_base_inst                                                          | gen_wr_a.gen_word_narrow.mem_reg                 | 512 x 24(READ_FIRST)   | W | R |                        |   |   | Port A           | 1      | 0      | 
|\GEN_STREAM[7].stream_i /\lookup_i/xpm_memory_spram_inst/xpm_memory_base_inst                                                          | gen_wr_a.gen_word_narrow.mem_reg                 | 512 x 24(READ_FIRST)   | W | R |                        |   |   | Port A           | 1      | 0      | 
|\GEN_STREAM_1[0].stream_i1 /\lookup_i/xpm_memory_spram_inst/xpm_memory_base_inst                                                       | gen_wr_a.gen_word_narrow.mem_reg                 | 512 x 24(READ_FIRST)   | W | R |                        |   |   | Port A           | 1      | 0      | 
|\GEN_STREAM_1[1].stream_i1 /\lookup_i/xpm_memory_spram_inst/xpm_memory_base_inst                                                       | gen_wr_a.gen_word_narrow.mem_reg                 | 512 x 24(READ_FIRST)   | W | R |                        |   |   | Port A           | 1      | 0      | 
|\GEN_STREAM_1[2].stream_i1 /\lookup_i/xpm_memory_spram_inst/xpm_memory_base_inst                                                       | gen_wr_a.gen_word_narrow.mem_reg                 | 512 x 24(READ_FIRST)   | W | R |                        |   |   | Port A           | 1      | 0      | 
|\GEN_STREAM_1[3].stream_i1 /\lookup_i/xpm_memory_spram_inst/xpm_memory_base_inst                                                       | gen_wr_a.gen_word_narrow.mem_reg                 | 512 x 24(READ_FIRST)   | W | R |                        |   |   | Port A           | 1      | 0      | 
|\GEN_STREAM_1[4].stream_i1 /\lookup_i/xpm_memory_spram_inst/xpm_memory_base_inst                                                       | gen_wr_a.gen_word_narrow.mem_reg                 | 512 x 24(READ_FIRST)   | W | R |                        |   |   | Port A           | 1      | 0      | 
|\GEN_STREAM_1[5].stream_i1 /\lookup_i/xpm_memory_spram_inst/xpm_memory_base_inst                                                       | gen_wr_a.gen_word_narrow.mem_reg                 | 512 x 24(READ_FIRST)   | W | R |                        |   |   | Port A           | 1      | 0      | 
|\GEN_STREAM_1[6].stream_i1 /\lookup_i/xpm_memory_spram_inst/xpm_memory_base_inst                                                       | gen_wr_a.gen_word_narrow.mem_reg                 | 512 x 24(READ_FIRST)   | W | R |                        |   |   | Port A           | 1      | 0      | 
|\GEN_STREAM_1[7].stream_i1 /\lookup_i/xpm_memory_spram_inst/xpm_memory_base_inst                                                       | gen_wr_a.gen_word_narrow.mem_reg                 | 512 x 24(READ_FIRST)   | W | R |                        |   |   | Port A           | 1      | 0      | 
|instr_i/\rom_i/ram_i/xpm_memory_spram_inst/xpm_memory_base_inst                                                                        | gen_wr_a.gen_byte_narrow.for_mem_cols[1].mem_reg | 1 K x 128(READ_FIRST)  | W |   | 1 K x 128(WRITE_FIRST) |   | R | Port A and B     | 0      | 4      | 
|\cpu_inst/system_cpu /IBusCachedPlugin_cache                                                                                           | ways_1_tags_reg                                  | 128 x 22(READ_FIRST)   | W |   | 128 x 22(WRITE_FIRST)  |   | R | Port A and B     | 1      | 0      | 
|\cpu_inst/system_cpu /IBusCachedPlugin_cache                                                                                           | banks_1_reg                                      | 1 K x 32(READ_FIRST)   | W |   | 1 K x 32(WRITE_FIRST)  |   | R | Port A and B     | 0      | 1      | 
|\cpu_inst/system_cpu /IBusCachedPlugin_cache                                                                                           | banks_0_reg                                      | 1 K x 32(READ_FIRST)   | W |   | 1 K x 32(WRITE_FIRST)  |   | R | Port A and B     | 0      | 1      | 
|\cpu_inst/system_cpu /IBusCachedPlugin_cache                                                                                           | ways_0_tags_reg                                  | 128 x 22(READ_FIRST)   | W |   | 128 x 22(WRITE_FIRST)  |   | R | Port A and B     | 1      | 0      | 
|\cpu_inst/system_cpu /dataCache_1                                                                                                      | ways_0_tags_reg                                  | 256 x 21(READ_FIRST)   | W |   | 256 x 21(WRITE_FIRST)  |   | R | Port A and B     | 1      | 0      | 
|\cpu_inst/system_cpu /dataCache_1                                                                                                      | ways_0_data_symbol0_reg                          | 2 K x 8(READ_FIRST)    | W |   | 2 K x 8(WRITE_FIRST)   |   | R | Port A and B     | 1      | 0      | 
|\cpu_inst/system_cpu /dataCache_1                                                                                                      | ways_0_data_symbol1_reg                          | 2 K x 8(READ_FIRST)    | W |   | 2 K x 8(WRITE_FIRST)   |   | R | Port A and B     | 1      | 0      | 
|\cpu_inst/system_cpu /dataCache_1                                                                                                      | ways_0_data_symbol2_reg                          | 2 K x 8(READ_FIRST)    | W |   | 2 K x 8(WRITE_FIRST)   |   | R | Port A and B     | 1      | 0      | 
|\cpu_inst/system_cpu /dataCache_1                                                                                                      | ways_0_data_symbol3_reg                          | 2 K x 8(READ_FIRST)    | W |   | 2 K x 8(WRITE_FIRST)   |   | R | Port A and B     | 1      | 0      | 
|\axi_split_ibus_i/GEN1.axi_split_read_i/read_ifc_i/GEN1.slave_cmd_fifo/ram_i/xpm_memory_sdpram_inst /xpm_memory_base_inst              | gen_wr_a.gen_word_narrow.mem_reg                 | 32 x 58(READ_FIRST)    | W |   | 32 x 58(WRITE_FIRST)   |   | R | Port A and B     | 0      | 1      | 
|\axi_split_ibus_i/GEN1.axi_split_read_i/read_ifc_i/GEN2.slave_resp_fifo/ram_i/xpm_memory_sdpram_inst /xpm_memory_base_inst             | gen_wr_a.gen_word_narrow.mem_reg                 | 32 x 36(READ_FIRST)    | W |   | 32 x 36(WRITE_FIRST)   |   | R | Port A and B     | 1      | 0      | 
|\axi_split_ibus_i/GEN1.axi_split_read_i/pending_fifo/ram_i/xpm_memory_sdpram_inst /xpm_memory_base_inst                                | gen_wr_a.gen_word_narrow.mem_reg                 | 256 x 5(READ_FIRST)    | W |   | 256 x 5(WRITE_FIRST)   |   | R | Port A and B     | 1      | 0      | 
|axi_merge_inst/axi_merge_read_i/\GEN_SLAVE_NO_RESIZE.slave_i0/GEN1.slave_cmd_fifo/ram_i/xpm_memory_sdpram_inst /xpm_memory_base_inst   | gen_wr_a.gen_word_narrow.mem_reg                 | 32 x 58(READ_FIRST)    | W |   | 32 x 58(WRITE_FIRST)   |   | R | Port A and B     | 0      | 1      | 
|axi_merge_inst/axi_merge_read_i/\GEN_SLAVE_NO_RESIZE.slave_i0/GEN2.slave_resp_fifo/ram_i/xpm_memory_sdpram_inst /xpm_memory_base_inst  | gen_wr_a.gen_word_narrow.mem_reg                 | 128 x 68(READ_FIRST)   | W |   | 128 x 68(WRITE_FIRST)  |   | R | Port A and B     | 0      | 1      | 
|axi_merge_inst/axi_merge_read_i/\slave_i1/slave_cmd_pend_fifo/ram_i/xpm_memory_sdpram_inst /xpm_memory_base_inst                       | gen_wr_a.gen_word_narrow.mem_reg                 | 32 x 58(READ_FIRST)    | W |   | 32 x 58(WRITE_FIRST)   |   | R | Port A and B     | 0      | 1      | 
|axi_merge_inst/axi_merge_read_i/\slave_i1/GEN1.slave_cmd_fifo/ram_i/xpm_memory_sdpram_inst /xpm_memory_base_inst                       | gen_wr_a.gen_word_narrow.mem_reg                 | 32 x 58(READ_FIRST)    | W |   | 32 x 58(WRITE_FIRST)   |   | R | Port A and B     | 0      | 1      | 
|axi_merge_inst/axi_merge_read_i/\slave_i1/GEN2.slave_resp_fifo/ram_i/xpm_memory_sdpram_inst /xpm_memory_base_inst                      | gen_wr_a.gen_word_narrow.mem_reg                 | 32 x 68(READ_FIRST)    | W |   | 32 x 68(WRITE_FIRST)   |   | R | Port A and B     | 0      | 1      | 
|axi_merge_inst/axi_merge_read_i/\slave_i2/slave_cmd_pend_fifo/ram_i/xpm_memory_sdpram_inst /xpm_memory_base_inst                       | gen_wr_a.gen_word_narrow.mem_reg                 | 32 x 58(READ_FIRST)    | W |   | 32 x 58(WRITE_FIRST)   |   | R | Port A and B     | 0      | 1      | 
|axi_merge_inst/axi_merge_read_i/\slave_i2/GEN1.slave_cmd_fifo/ram_i/xpm_memory_sdpram_inst /xpm_memory_base_inst                       | gen_wr_a.gen_word_narrow.mem_reg                 | 32 x 58(READ_FIRST)    | W |   | 32 x 58(WRITE_FIRST)   |   | R | Port A and B     | 0      | 1      | 
|axi_merge_inst/axi_merge_read_i/\slave_i2/GEN2.slave_resp_fifo/ram_i/xpm_memory_sdpram_inst /xpm_memory_base_inst                      | gen_wr_a.gen_word_narrow.mem_reg                 | 32 x 68(READ_FIRST)    | W |   | 32 x 68(WRITE_FIRST)   |   | R | Port A and B     | 0      | 1      | 
|axi_merge_inst/axi_merge_read_i/\GEN1_NO_RESIZE.slavew_i/GEN1.slave_cmd_fifo/ram_i/xpm_memory_sdpram_inst /xpm_memory_base_inst        | gen_wr_a.gen_word_narrow.mem_reg                 | 64 x 58(READ_FIRST)    | W |   | 64 x 58(WRITE_FIRST)   |   | R | Port A and B     | 0      | 1      | 
|axi_merge_inst/axi_merge_read_i/\GEN1_NO_RESIZE.slavew_i/GEN2.slave_resp_fifo/ram_i/xpm_memory_sdpram_inst /xpm_memory_base_inst       | gen_wr_a.gen_word_narrow.mem_reg                 | 512 x 68(READ_FIRST)   | W |   | 512 x 68(WRITE_FIRST)  |   | R | Port A and B     | 0      | 1      | 
|axi_merge_inst/axi_merge_read_i/\pend_master_fifo_i/ram_i/xpm_memory_sdpram_inst /xpm_memory_base_inst                                 | gen_wr_a.gen_word_narrow.mem_reg                 | 256 x 6(READ_FIRST)    | W |   | 256 x 6(WRITE_FIRST)   |   | R | Port A and B     | 1      | 0      | 
|axi_merge_inst/axi_merge_write_i/\GEN1_NO_RESIZE.slavew_i/GEN1.slave_cmd_fifo/ram_i/xpm_memory_sdpram_inst /xpm_memory_base_inst       | gen_wr_a.gen_word_narrow.mem_reg                 | 256 x 58(READ_FIRST)   | W |   | 256 x 58(WRITE_FIRST)  |   | R | Port A and B     | 0      | 1      | 
|axi_merge_inst/axi_merge_write_i/\GEN1_NO_RESIZE.slavew_i/GEN2.slave_data_fifo/ram_i/xpm_memory_sdpram_inst /xpm_memory_base_inst      | gen_wr_a.gen_word_narrow.mem_reg                 | 256 x 73(READ_FIRST)   | W |   | 256 x 73(WRITE_FIRST)  |   | R | Port A and B     | 1      | 1      | 
|axi_merge_inst/axi_merge_write_i/\GEN_SLAVE_NO_RESIZE.slave_i0/GEN1.slave_cmd_fifo/ram_i/xpm_memory_sdpram_inst /xpm_memory_base_inst  | gen_wr_a.gen_word_narrow.mem_reg                 | 32 x 58(READ_FIRST)    | W |   | 32 x 58(WRITE_FIRST)   |   | R | Port A and B     | 0      | 1      | 
|axi_merge_inst/axi_merge_write_i/\GEN_SLAVE_NO_RESIZE.slave_i0/GEN2.slave_data_fifo/ram_i/xpm_memory_sdpram_inst /xpm_memory_base_inst | gen_wr_a.gen_word_narrow.mem_reg                 | 32 x 73(READ_FIRST)    | W |   | 32 x 73(WRITE_FIRST)   |   | R | Port A and B     | 1      | 1      | 
|axi_merge_inst/axi_merge_write_i/\slave_i1/GEN1.slave_cmd_fifo/ram_i/xpm_memory_sdpram_inst /xpm_memory_base_inst                      | gen_wr_a.gen_word_narrow.mem_reg                 | 32 x 58(READ_FIRST)    | W |   | 32 x 58(WRITE_FIRST)   |   | R | Port A and B     | 0      | 1      | 
|axi_merge_inst/axi_merge_write_i/\slave_i1/GEN2.slave_data_fifo/ram_i/xpm_memory_sdpram_inst /xpm_memory_base_inst                     | gen_wr_a.gen_word_narrow.mem_reg                 | 32 x 37(READ_FIRST)    | W |   | 32 x 37(WRITE_FIRST)   |   | R | Port A and B     | 0      | 1      | 
|axi_merge_inst/axi_merge_write_i/\slave_i2/GEN1.slave_cmd_fifo/ram_i/xpm_memory_sdpram_inst /xpm_memory_base_inst                      | gen_wr_a.gen_word_narrow.mem_reg                 | 32 x 58(READ_FIRST)    | W |   | 32 x 58(WRITE_FIRST)   |   | R | Port A and B     | 0      | 1      | 
|axi_merge_inst/axi_merge_write_i/\slave_i2/GEN2.slave_data_fifo/ram_i/xpm_memory_sdpram_inst /xpm_memory_base_inst                     | gen_wr_a.gen_word_narrow.mem_reg                 | 32 x 37(READ_FIRST)    | W |   | 32 x 37(WRITE_FIRST)   |   | R | Port A and B     | 0      | 1      | 
|axi_merge_inst/axi_merge_write_i/\pend_master_fifo_i/ram_i/xpm_memory_sdpram_inst /xpm_memory_base_inst                                | gen_wr_a.gen_word_narrow.mem_reg                 | 256 x 4(READ_FIRST)    | W |   | 256 x 4(WRITE_FIRST)   |   | R | Port A and B     | 1      | 0      | 
|axi_merge_inst/axi_merge_write_i/\pend_data_fifo_i/ram_i/xpm_memory_sdpram_inst /xpm_memory_base_inst                                  | gen_wr_a.gen_word_narrow.mem_reg                 | 256 x 6(READ_FIRST)    | W |   | 256 x 6(WRITE_FIRST)   |   | R | Port A and B     | 1      | 0      | 
|axi_split_dbus_i/\GEN1.axi_split_read_i/read_ifc_i/GEN1.slave_cmd_fifo/ram_i/xpm_memory_sdpram_inst /xpm_memory_base_inst              | gen_wr_a.gen_word_narrow.mem_reg                 | 32 x 58(READ_FIRST)    | W |   | 32 x 58(WRITE_FIRST)   |   | R | Port A and B     | 0      | 1      | 
|axi_split_dbus_i/\GEN1.axi_split_read_i/read_ifc_i/GEN2.slave_resp_fifo/ram_i/xpm_memory_sdpram_inst /xpm_memory_base_inst             | gen_wr_a.gen_word_narrow.mem_reg                 | 32 x 36(READ_FIRST)    | W |   | 32 x 36(WRITE_FIRST)   |   | R | Port A and B     | 1      | 0      | 
|axi_split_dbus_i/\GEN1.axi_split_read_i/pending_fifo/ram_i/xpm_memory_sdpram_inst /xpm_memory_base_inst                                | gen_wr_a.gen_word_narrow.mem_reg                 | 256 x 5(READ_FIRST)    | W |   | 256 x 5(WRITE_FIRST)   |   | R | Port A and B     | 1      | 0      | 
|axi_split_dbus_i/\GEN2.axi_split_write_i/write_fifo_i/GEN1.slave_cmd_fifo/ram_i/xpm_memory_sdpram_inst /xpm_memory_base_inst           | gen_wr_a.gen_word_narrow.mem_reg                 | 32 x 58(READ_FIRST)    | W |   | 32 x 58(WRITE_FIRST)   |   | R | Port A and B     | 0      | 1      | 
|axi_split_dbus_i/\GEN2.axi_split_write_i/write_fifo_i/GEN2.slave_data_fifo/ram_i/xpm_memory_sdpram_inst /xpm_memory_base_inst          | gen_wr_a.gen_word_narrow.mem_reg                 | 32 x 37(READ_FIRST)    | W |   | 32 x 37(WRITE_FIRST)   |   | R | Port A and B     | 0      | 1      | 
|axi_split_dbus_i/\GEN2.axi_split_write_i/pending_resp_fifo/ram_i/xpm_memory_sdpram_inst /xpm_memory_base_inst                          | gen_wr_a.gen_word_narrow.mem_reg                 | 256 x 5(READ_FIRST)    | W |   | 256 x 5(WRITE_FIRST)   |   | R | Port A and B     | 1      | 0      | 
|axi_split_dbus_i/\GEN2.axi_split_write_i/pending_data_fifo/ram_i/xpm_memory_sdpram_inst /xpm_memory_base_inst                          | gen_wr_a.gen_word_narrow.mem_reg                 | 256 x 5(READ_FIRST)    | W |   | 256 x 5(WRITE_FIRST)   |   | R | Port A and B     | 1      | 0      | 
|\TCM_i/ram_i/ram2_i/xpm_memory_sdpram_inst /xpm_memory_base_inst                                                                       | gen_wr_a.gen_byte_narrow.for_mem_cols[1].mem_reg | 4 K x 32(READ_FIRST)   | W |   | 4 K x 32(WRITE_FIRST)  |   | R | Port A and B     | 0      | 4      | 
|\axi_stream_write_inst/write_fifo2/ram_i/xpm_memory_sdpram_inst /xpm_memory_base_inst                                                  | gen_wr_a.gen_word_narrow.mem_reg                 | 1 K x 64(READ_FIRST)   | W |   | 1 K x 64(WRITE_FIRST)  |   | R | Port A and B     | 0      | 2      | 
|\axilite_i/waddr_fifo_i/ram_i/xpm_memory_sdpram_inst /xpm_memory_base_inst                                                             | gen_wr_a.gen_word_narrow.mem_reg                 | 64 x 24(READ_FIRST)    | W |   | 64 x 24(WRITE_FIRST)   |   | R | Port A and B     | 1      | 0      | 
|\axilite_i/wdata_fifo_i/ram_i/xpm_memory_sdpram_inst /xpm_memory_base_inst                                                             | gen_wr_a.gen_word_narrow.mem_reg                 | 64 x 32(READ_FIRST)    | W |   | 64 x 32(WRITE_FIRST)   |   | R | Port A and B     | 1      | 0      | 
|sram_i/sram_0_i/\altsyncram_i/xpm_memory_sdpram_inst /xpm_memory_base_inst                                                             | gen_wr_a.gen_byte_narrow.for_mem_cols[1].mem_reg | 1 K x 128(READ_FIRST)  | W |   | 1 K x 128(WRITE_FIRST) |   | R | Port A and B     | 0      | 4      | 
|sram_i/sram_1_i/\altsyncram_i/xpm_memory_sdpram_inst /xpm_memory_base_inst                                                             | gen_wr_a.gen_byte_narrow.for_mem_cols[1].mem_reg | 1 K x 128(READ_FIRST)  | W |   | 1 K x 128(WRITE_FIRST) |   | R | Port A and B     | 0      | 4      | 
|\ddr_rx_i/read_data_fifo_i/ram_i/xpm_memory_sdpram_inst /xpm_memory_base_inst                                                          | gen_wr_a.gen_word_narrow.mem_reg                 | 512 x 64(READ_FIRST)   | W |   | 512 x 64(WRITE_FIRST)  |   | R | Port A and B     | 0      | 1      | 
|\ddr_rx_i/read_record_fifo_i/ram_i/xpm_memory_sdpram_inst /xpm_memory_base_inst                                                        | gen_wr_a.gen_word_narrow.mem_reg                 | 128 x 35(READ_FIRST)   | W |   | 128 x 35(WRITE_FIRST)  |   | R | Port A and B     | 1      | 0      | 
|UART_INST/\txfifo_i/ram_i/xpm_memory_sdpram_inst /xpm_memory_base_inst                                                                 | gen_wr_a.gen_word_narrow.mem_reg                 | 256 x 8(READ_FIRST)    | W |   | 256 x 8(WRITE_FIRST)   |   | R | Port A and B     | 1      | 0      | 
+---------------------------------------------------------------------------------------------------------------------------------------+--------------------------------------------------+------------------------+---+---+------------------------+---+---+------------------+--------+--------+


Distributed RAM: Final Mapping Report
+-----------------------------------------------------------------------------------------------------------------+----------------------------------+----------------+----------------------+--------------+
|Module Name                                                                                                      | RTL Object                       | Inference      | Size (Depth x Width) | Primitives   | 
+-----------------------------------------------------------------------------------------------------------------+----------------------------------+----------------+----------------------+--------------+
|read_pending_i/\ram_i/xpm_memory_sdpram_inst /xpm_memory_base_inst                                               | gen_wr_a.gen_word_narrow.mem_reg | Implied        | 8 x 5                | RAM32M x 1   | 
|axi_merge_inst/\read_i/GEN1_CCD.slave_cmd_fifo/GEN2.afifo_i/ram_i/xpm_memory_sdpram_inst /xpm_memory_base_inst   | gen_wr_a.gen_word_narrow.mem_reg | User Attribute | 32 x 58              | RAM32M x 10  | 
|axi_merge_inst/\read_i/GEN2_CCD.slave_resp_fifo/GEN2.afifo_i/ram_i/xpm_memory_sdpram_inst /xpm_memory_base_inst  | gen_wr_a.gen_word_narrow.mem_reg | User Attribute | 32 x 68              | RAM32M x 12  | 
|axi_merge_inst/\write_i/GEN1_CCD.slave_cmd_fifo/GEN2.afifo_i/ram_i/xpm_memory_sdpram_inst /xpm_memory_base_inst  | gen_wr_a.gen_word_narrow.mem_reg | User Attribute | 32 x 58              | RAM32M x 10  | 
|axi_merge_inst/\write_i/GEN2_CCD.slave_data_fifo/GEN2.afifo_i/ram_i/xpm_memory_sdpram_inst /xpm_memory_base_inst | gen_wr_a.gen_word_narrow.mem_reg | User Attribute | 32 x 73              | RAM32M x 13  | 
|\TCM_i/TCM_read1_i/resp_fifo/ram_i/xpm_memory_sdpram_inst /xpm_memory_base_inst                                  | gen_wr_a.gen_word_narrow.mem_reg | Implied        | 16 x 33              | RAM32M x 6   | 
|\TCM_i/TCM_read2_i/resp_fifo/ram_i/xpm_memory_sdpram_inst /xpm_memory_base_inst                                  | gen_wr_a.gen_word_narrow.mem_reg | Implied        | 16 x 33              | RAM32M x 6   | 
|\axi_stream_write_inst/write_fifo/GEN2.afifo_i/ram_i/xpm_memory_sdpram_inst /xpm_memory_base_inst                | gen_wr_a.gen_word_narrow.mem_reg | User Attribute | 32 x 64              | RAM32M x 11  | 
|sram_i/axi_ifc_i/\resp_fifo/ram_i/xpm_memory_sdpram_inst /xpm_memory_base_inst                                   | gen_wr_a.gen_word_narrow.mem_reg | Implied        | 16 x 33              | RAM32M x 6   | 
|\ddr_rx_i/ddr_rx_fifo_i/ram_i/xpm_memory_sdpram_inst /xpm_memory_base_inst                                       | gen_wr_a.gen_word_narrow.mem_reg | Implied        | 16 x 38              | RAM32M x 7   | 
|axi_apb_bridge_inst/\wcmd_i/ram_i/xpm_memory_sdpram_inst /xpm_memory_base_inst                                   | gen_wr_a.gen_word_narrow.mem_reg | Implied        | 8 x 33               | RAM32M x 6   | 
|axi_apb_bridge_inst/\wdata_i/ram_i/xpm_memory_sdpram_inst /xpm_memory_base_inst                                  | gen_wr_a.gen_word_narrow.mem_reg | Implied        | 8 x 32               | RAM32M x 6   | 
|axi_apb_bridge_inst/\rcmd_i/ram_i/xpm_memory_sdpram_inst /xpm_memory_base_inst                                   | gen_wr_a.gen_word_narrow.mem_reg | Implied        | 8 x 33               | RAM32M x 6   | 
|axi_apb_bridge_inst/\rresp_i/ram_i/xpm_memory_sdpram_inst /xpm_memory_base_inst                                  | gen_wr_a.gen_word_narrow.mem_reg | Implied        | 8 x 33               | RAM32M x 6   | 
+-----------------------------------------------------------------------------------------------------------------+----------------------------------+----------------+----------------------+--------------+

---------------------------------------------------------------------------------
Finished ROM, RAM, DSP, Shift Register and Retiming Reporting
---------------------------------------------------------------------------------
---------------------------------------------------------------------------------
Start Technology Mapping
---------------------------------------------------------------------------------
INFO: [Synth 8-7052] The timing for the instance dp0_ii_5/dp_sink1_i/dp_sink_fifo_i/ram_i/xpm_memory_sdpram_inst/xpm_memory_base_inst/gen_wr_a.gen_word_narrow.mem_reg_0 (implemented as a Block RAM) might be sub-optimal as no optional output register could be merged into the ram block. Providing additional output register may help in improving timing.
INFO: [Synth 8-7052] The timing for the instance dp0_ii_5/dp_sink1_i/dp_sink_fifo_i/ram_i/xpm_memory_sdpram_inst/xpm_memory_base_inst/gen_wr_a.gen_word_narrow.mem_reg_1 (implemented as a Block RAM) might be sub-optimal as no optional output register could be merged into the ram block. Providing additional output register may help in improving timing.
INFO: [Synth 8-7052] The timing for the instance dp0_ii_5/dp_sink1_i/dp_sink_fifo_i2/ram_i/xpm_memory_sdpram_inst/xpm_memory_base_inst/gen_wr_a.gen_word_narrow.mem_reg (implemented as a Block RAM) might be sub-optimal as no optional output register could be merged into the ram block. Providing additional output register may help in improving timing.
INFO: [Synth 8-7052] The timing for the instance dp0_ii_5/dp_sink2_i/dp_sink_fifo_i/ram_i/xpm_memory_sdpram_inst/xpm_memory_base_inst/gen_wr_a.gen_word_narrow.mem_reg_0 (implemented as a Block RAM) might be sub-optimal as no optional output register could be merged into the ram block. Providing additional output register may help in improving timing.
INFO: [Synth 8-7052] The timing for the instance dp0_ii_5/dp_sink2_i/dp_sink_fifo_i/ram_i/xpm_memory_sdpram_inst/xpm_memory_base_inst/gen_wr_a.gen_word_narrow.mem_reg_1 (implemented as a Block RAM) might be sub-optimal as no optional output register could be merged into the ram block. Providing additional output register may help in improving timing.
INFO: [Synth 8-7052] The timing for the instance dp0_ii_5/dp_sink2_i/dp_sink_fifo_i2/ram_i/xpm_memory_sdpram_inst/xpm_memory_base_inst/gen_wr_a.gen_word_narrow.mem_reg (implemented as a Block RAM) might be sub-optimal as no optional output register could be merged into the ram block. Providing additional output register may help in improving timing.
INFO: [Synth 8-7052] The timing for the instance dp0_ii_5/dp_sink3_i/dp_sink_fifo_i/ram_i/xpm_memory_sdpram_inst/xpm_memory_base_inst/gen_wr_a.gen_word_narrow.mem_reg_0 (implemented as a Block RAM) might be sub-optimal as no optional output register could be merged into the ram block. Providing additional output register may help in improving timing.
INFO: [Synth 8-7052] The timing for the instance dp0_ii_5/dp_sink3_i/dp_sink_fifo_i/ram_i/xpm_memory_sdpram_inst/xpm_memory_base_inst/gen_wr_a.gen_word_narrow.mem_reg_1 (implemented as a Block RAM) might be sub-optimal as no optional output register could be merged into the ram block. Providing additional output register may help in improving timing.
INFO: [Synth 8-7052] The timing for the instance dp0_ii_5/dp_sink3_i/dp_sink_fifo_i2/ram_i/xpm_memory_sdpram_inst/xpm_memory_base_inst/gen_wr_a.gen_word_narrow.mem_reg (implemented as a Block RAM) might be sub-optimal as no optional output register could be merged into the ram block. Providing additional output register may help in improving timing.
INFO: [Synth 8-7052] The timing for the instance GEN1.fpu_ii_1/soc_base_inst/ztachip_inst/GEN1.fpu_i/cmd_fifo_i0/ram_i/xpm_memory_sdpram_inst/xpm_memory_base_inst/gen_wr_a.gen_word_narrow.mem_reg_0 (implemented as a Block RAM) might be sub-optimal as no optional output register could be merged into the ram block. Providing additional output register may help in improving timing.
INFO: [Synth 8-7052] The timing for the instance GEN1.fpu_ii_1/soc_base_inst/ztachip_inst/GEN1.fpu_i/cmd_fifo_i0/ram_i/xpm_memory_sdpram_inst/xpm_memory_base_inst/gen_wr_a.gen_word_narrow.mem_reg_1 (implemented as a Block RAM) might be sub-optimal as no optional output register could be merged into the ram block. Providing additional output register may help in improving timing.
INFO: [Synth 8-7052] The timing for the instance GEN1.fpu_ii_1/soc_base_inst/ztachip_inst/GEN1.fpu_i/cmd_fifo_i0/ram_i/xpm_memory_sdpram_inst/xpm_memory_base_inst/gen_wr_a.gen_word_narrow.mem_reg_2 (implemented as a Block RAM) might be sub-optimal as no optional output register could be merged into the ram block. Providing additional output register may help in improving timing.
INFO: [Synth 8-7052] The timing for the instance GEN1.fpu_ii_1/soc_base_inst/ztachip_inst/GEN1.fpu_i/cmd_fifo_i0/ram_i/xpm_memory_sdpram_inst/xpm_memory_base_inst/gen_wr_a.gen_word_narrow.mem_reg_3 (implemented as a Block RAM) might be sub-optimal as no optional output register could be merged into the ram block. Providing additional output register may help in improving timing.
INFO: [Synth 8-7052] The timing for the instance GEN1.fpu_ii_1/soc_base_inst/ztachip_inst/GEN1.fpu_i/cmd_fifo_i0/ram_i/xpm_memory_sdpram_inst/xpm_memory_base_inst/gen_wr_a.gen_word_narrow.mem_reg_4 (implemented as a Block RAM) might be sub-optimal as no optional output register could be merged into the ram block. Providing additional output register may help in improving timing.
INFO: [Synth 8-7052] The timing for the instance GEN1.fpu_ii_1/soc_base_inst/ztachip_inst/GEN1.fpu_i/cmd_fifo_i1/ram_i/xpm_memory_sdpram_inst/xpm_memory_base_inst/gen_wr_a.gen_word_narrow.mem_reg_0 (implemented as a Block RAM) might be sub-optimal as no optional output register could be merged into the ram block. Providing additional output register may help in improving timing.
INFO: [Synth 8-7052] The timing for the instance GEN1.fpu_ii_1/soc_base_inst/ztachip_inst/GEN1.fpu_i/cmd_fifo_i1/ram_i/xpm_memory_sdpram_inst/xpm_memory_base_inst/gen_wr_a.gen_word_narrow.mem_reg_1 (implemented as a Block RAM) might be sub-optimal as no optional output register could be merged into the ram block. Providing additional output register may help in improving timing.
INFO: [Synth 8-7052] The timing for the instance GEN1.fpu_ii_1/soc_base_inst/ztachip_inst/GEN1.fpu_i/cmd_fifo_i1/ram_i/xpm_memory_sdpram_inst/xpm_memory_base_inst/gen_wr_a.gen_word_narrow.mem_reg_2 (implemented as a Block RAM) might be sub-optimal as no optional output register could be merged into the ram block. Providing additional output register may help in improving timing.
INFO: [Synth 8-7052] The timing for the instance GEN1.fpu_ii_1/soc_base_inst/ztachip_inst/GEN1.fpu_i/cmd_fifo_i1/ram_i/xpm_memory_sdpram_inst/xpm_memory_base_inst/gen_wr_a.gen_word_narrow.mem_reg_3 (implemented as a Block RAM) might be sub-optimal as no optional output register could be merged into the ram block. Providing additional output register may help in improving timing.
INFO: [Synth 8-7052] The timing for the instance GEN1.fpu_ii_1/soc_base_inst/ztachip_inst/GEN1.fpu_i/cmd_fifo_i1/ram_i/xpm_memory_sdpram_inst/xpm_memory_base_inst/gen_wr_a.gen_word_narrow.mem_reg_4 (implemented as a Block RAM) might be sub-optimal as no optional output register could be merged into the ram block. Providing additional output register may help in improving timing.
INFO: [Synth 8-7052] The timing for the instance GEN1.fpu_ii_1/soc_base_inst/ztachip_inst/GEN1.fpu_i/B_fifo_i/ram_i/xpm_memory_sdpram_inst/xpm_memory_base_inst/gen_wr_a.gen_word_narrow.mem_reg_0 (implemented as a Block RAM) might be sub-optimal as no optional output register could be merged into the ram block. Providing additional output register may help in improving timing.
INFO: [Synth 8-7052] The timing for the instance GEN1.fpu_ii_1/soc_base_inst/ztachip_inst/GEN1.fpu_i/B_fifo_i/ram_i/xpm_memory_sdpram_inst/xpm_memory_base_inst/gen_wr_a.gen_word_narrow.mem_reg_1 (implemented as a Block RAM) might be sub-optimal as no optional output register could be merged into the ram block. Providing additional output register may help in improving timing.
INFO: [Synth 8-7052] The timing for the instance GEN1.fpu_ii_1/soc_base_inst/ztachip_inst/GEN1.fpu_i/X_fifo_i/ram_i/xpm_memory_sdpram_inst/xpm_memory_base_inst/gen_wr_a.gen_word_narrow.mem_reg_0 (implemented as a Block RAM) might be sub-optimal as no optional output register could be merged into the ram block. Providing additional output register may help in improving timing.
INFO: [Synth 8-7052] The timing for the instance GEN1.fpu_ii_1/soc_base_inst/ztachip_inst/GEN1.fpu_i/X_fifo_i/ram_i/xpm_memory_sdpram_inst/xpm_memory_base_inst/gen_wr_a.gen_word_narrow.mem_reg_1 (implemented as a Block RAM) might be sub-optimal as no optional output register could be merged into the ram block. Providing additional output register may help in improving timing.
INFO: [Synth 8-7052] The timing for the instance GEN1.fpu_ii_1/soc_base_inst/ztachip_inst/GEN1.fpu_i/Y_fifo_i/ram_i/xpm_memory_sdpram_inst/xpm_memory_base_inst/gen_wr_a.gen_word_narrow.mem_reg_0 (implemented as a Block RAM) might be sub-optimal as no optional output register could be merged into the ram block. Providing additional output register may help in improving timing.
INFO: [Synth 8-7052] The timing for the instance GEN1.fpu_ii_1/soc_base_inst/ztachip_inst/GEN1.fpu_i/Y_fifo_i/ram_i/xpm_memory_sdpram_inst/xpm_memory_base_inst/gen_wr_a.gen_word_narrow.mem_reg_1 (implemented as a Block RAM) might be sub-optimal as no optional output register could be merged into the ram block. Providing additional output register may help in improving timing.
INFO: [Synth 8-7052] The timing for the instance dp0_ii_4/soc_base_inst/ztachip_inst/dp_1_i/dp0_i/dp_fetch_1_i/fifo_i/GEN1.fifo_i/fifo_i/ram_i/xpm_memory_sdpram_inst/xpm_memory_base_inst/gen_wr_a.gen_word_narrow.mem_reg_0 (implemented as a Block RAM) might be sub-optimal as no optional output register could be merged into the ram block. Providing additional output register may help in improving timing.
INFO: [Synth 8-7052] The timing for the instance dp0_ii_4/soc_base_inst/ztachip_inst/dp_1_i/dp0_i/dp_fetch_1_i/fifo_i/GEN1.fifo_i/fifo_i/ram_i/xpm_memory_sdpram_inst/xpm_memory_base_inst/gen_wr_a.gen_word_narrow.mem_reg_1 (implemented as a Block RAM) might be sub-optimal as no optional output register could be merged into the ram block. Providing additional output register may help in improving timing.
INFO: [Synth 8-7052] The timing for the instance dp0_ii_4/soc_base_inst/ztachip_inst/dp_1_i/dp0_i/dp_fetch_1_i/fifo_i/GEN1.fifo_i/fifo_i/ram_i/xpm_memory_sdpram_inst/xpm_memory_base_inst/gen_wr_a.gen_word_narrow.mem_reg_2 (implemented as a Block RAM) might be sub-optimal as no optional output register could be merged into the ram block. Providing additional output register may help in improving timing.
INFO: [Synth 8-7052] The timing for the instance dp0_ii_4/soc_base_inst/ztachip_inst/dp_1_i/dp0_i/dp_fetch_1_i/fifo_i/GEN1.fifo_i/fifo_i/ram_i/xpm_memory_sdpram_inst/xpm_memory_base_inst/gen_wr_a.gen_word_narrow.mem_reg_3 (implemented as a Block RAM) might be sub-optimal as no optional output register could be merged into the ram block. Providing additional output register may help in improving timing.
INFO: [Synth 8-7052] The timing for the instance dp0_ii_4/soc_base_inst/ztachip_inst/dp_1_i/dp0_i/dp_fetch_1_i/fifo_i/GEN1.fifo_i/fifo_i/ram_i/xpm_memory_sdpram_inst/xpm_memory_base_inst/gen_wr_a.gen_word_narrow.mem_reg_4 (implemented as a Block RAM) might be sub-optimal as no optional output register could be merged into the ram block. Providing additional output register may help in improving timing.
INFO: [Synth 8-7052] The timing for the instance dp0_ii_4/soc_base_inst/ztachip_inst/dp_1_i/dp0_i/dp_fetch_1_i/fifo_i/GEN1.fifo_i/fifo_i/ram_i/xpm_memory_sdpram_inst/xpm_memory_base_inst/gen_wr_a.gen_word_narrow.mem_reg_5 (implemented as a Block RAM) might be sub-optimal as no optional output register could be merged into the ram block. Providing additional output register may help in improving timing.
INFO: [Synth 8-7052] The timing for the instance dp0_ii_4/soc_base_inst/ztachip_inst/dp_1_i/dp0_i/dp_fetch_1_i/GEN1.ram_i/ram_i/xpm_memory_sdpram_inst/xpm_memory_base_inst/gen_wr_a.gen_word_narrow.mem_reg_0 (implemented as a Block RAM) might be sub-optimal as no optional output register could be merged into the ram block. Providing additional output register may help in improving timing.
INFO: [Synth 8-7052] The timing for the instance dp0_ii_4/soc_base_inst/ztachip_inst/dp_1_i/dp0_i/dp_fetch_1_i/GEN1.ram_i/ram_i/xpm_memory_sdpram_inst/xpm_memory_base_inst/gen_wr_a.gen_word_narrow.mem_reg_1 (implemented as a Block RAM) might be sub-optimal as no optional output register could be merged into the ram block. Providing additional output register may help in improving timing.
INFO: [Synth 8-7052] The timing for the instance dp0_ii_4/soc_base_inst/ztachip_inst/dp_1_i/dp0_i/dp_fetch_1_i/GEN1.ram_i/ram_i/xpm_memory_sdpram_inst/xpm_memory_base_inst/gen_wr_a.gen_word_narrow.mem_reg_2 (implemented as a Block RAM) might be sub-optimal as no optional output register could be merged into the ram block. Providing additional output register may help in improving timing.
INFO: [Synth 8-7052] The timing for the instance dp0_ii_4/soc_base_inst/ztachip_inst/dp_1_i/dp0_i/dp_fetch_1_i/GEN1.ram_i/ram_i/xpm_memory_sdpram_inst/xpm_memory_base_inst/gen_wr_a.gen_word_narrow.mem_reg_3 (implemented as a Block RAM) might be sub-optimal as no optional output register could be merged into the ram block. Providing additional output register may help in improving timing.
INFO: [Synth 8-7052] The timing for the instance dp0_ii_4/soc_base_inst/ztachip_inst/dp_1_i/dp0_i/dp_fetch_1_i/GEN1.ram_i/ram_i/xpm_memory_sdpram_inst/xpm_memory_base_inst/gen_wr_a.gen_word_narrow.mem_reg_4 (implemented as a Block RAM) might be sub-optimal as no optional output register could be merged into the ram block. Providing additional output register may help in improving timing.
INFO: [Synth 8-7052] The timing for the instance dp0_ii_4/soc_base_inst/ztachip_inst/dp_1_i/dp0_i/dp_fetch_1_i/GEN1.ram_i/ram_i/xpm_memory_sdpram_inst/xpm_memory_base_inst/gen_wr_a.gen_word_narrow.mem_reg_5 (implemented as a Block RAM) might be sub-optimal as no optional output register could be merged into the ram block. Providing additional output register may help in improving timing.
INFO: [Synth 8-7052] The timing for the instance dp0_ii_4/soc_base_inst/ztachip_inst/dp_1_i/dp0_i/dp_fetch_1_i/indication_i/ram_i/xpm_memory_sdpram_inst/xpm_memory_base_inst/gen_wr_a.gen_word_narrow.mem_reg (implemented as a Block RAM) might be sub-optimal as no optional output register could be merged into the ram block. Providing additional output register may help in improving timing.
INFO: [Synth 8-5844] Detected registers with asynchronous reset at DSP/BRAM block boundary. Consider using synchronous reset for optimal packing [/home/eslam-elshokafy/Desktop/AIDAChip_Workshop_01/ztachip/HW/src/util/arbiter.vhd:248]
INFO: [Synth 8-5844] Detected registers with asynchronous reset at DSP/BRAM block boundary. Consider using synchronous reset for optimal packing [/home/eslam-elshokafy/Desktop/AIDAChip_Workshop_01/ztachip/HW/src/util/arbiter.vhd:248]
INFO: [Synth 8-5844] Detected registers with asynchronous reset at DSP/BRAM block boundary. Consider using synchronous reset for optimal packing [/home/eslam-elshokafy/Desktop/AIDAChip_Workshop_01/ztachip/HW/src/util/arbiter.vhd:248]
INFO: [Synth 8-5844] Detected registers with asynchronous reset at DSP/BRAM block boundary. Consider using synchronous reset for optimal packing [/home/eslam-elshokafy/Desktop/AIDAChip_Workshop_01/ztachip/HW/src/util/arbiter.vhd:248]
INFO: [Synth 8-5844] Detected registers with asynchronous reset at DSP/BRAM block boundary. Consider using synchronous reset for optimal packing [/home/eslam-elshokafy/Desktop/AIDAChip_Workshop_01/ztachip/HW/src/util/arbiter.vhd:248]
INFO: [Synth 8-5844] Detected registers with asynchronous reset at DSP/BRAM block boundary. Consider using synchronous reset for optimal packing [/home/eslam-elshokafy/Desktop/AIDAChip_Workshop_01/ztachip/HW/src/util/arbiter.vhd:248]
INFO: [Synth 8-5844] Detected registers with asynchronous reset at DSP/BRAM block boundary. Consider using synchronous reset for optimal packing [/home/eslam-elshokafy/Desktop/AIDAChip_Workshop_01/ztachip/HW/src/util/arbiter.vhd:248]
INFO: [Synth 8-5844] Detected registers with asynchronous reset at DSP/BRAM block boundary. Consider using synchronous reset for optimal packing [/home/eslam-elshokafy/Desktop/AIDAChip_Workshop_01/ztachip/HW/src/util/arbiter.vhd:248]
INFO: [Synth 8-7052] The timing for the instance GEN_CELL[0].cell_ii_7/soc_base_inst/ztachip_inst/core_i/GEN_CELL[0].cell_i/GEN_REG[0].GEN1.pcore_i/xregister_file_i/GEN2.altsyncram_i/ram_i/xpm_memory_sdpram_inst/xpm_memory_base_inst/gen_wr_a.gen_byte_narrow.for_mem_cols[1].mem_reg_0 (implemented as a Block RAM) might be sub-optimal as no optional output register could be merged into the ram block. Providing additional output register may help in improving timing.
INFO: [Synth 8-7052] The timing for the instance GEN_CELL[0].cell_ii_7/soc_base_inst/ztachip_inst/core_i/GEN_CELL[0].cell_i/GEN_REG[0].GEN1.pcore_i/xregister_file_i/GEN2.altsyncram_i/ram_i/xpm_memory_sdpram_inst/xpm_memory_base_inst/gen_wr_a.gen_byte_narrow.for_mem_cols[1].mem_reg_1 (implemented as a Block RAM) might be sub-optimal as no optional output register could be merged into the ram block. Providing additional output register may help in improving timing.
INFO: [Synth 8-7052] The timing for the instance GEN_CELL[0].cell_ii_7/soc_base_inst/ztachip_inst/core_i/GEN_CELL[0].cell_i/GEN_REG[0].GEN1.pcore_i/xregister_file_i/GEN2.altsyncram_i/ram_i/xpm_memory_sdpram_inst/xpm_memory_base_inst/gen_wr_a.gen_byte_narrow.for_mem_cols[1].mem_reg_2 (implemented as a Block RAM) might be sub-optimal as no optional output register could be merged into the ram block. Providing additional output register may help in improving timing.
INFO: [Synth 8-7052] The timing for the instance GEN_CELL[0].cell_ii_7/soc_base_inst/ztachip_inst/core_i/GEN_CELL[0].cell_i/GEN_REG[0].GEN1.pcore_i/iregister_i/iregister_ram_i/altsyncram_i/ram_i/xpm_memory_sdpram_inst/xpm_memory_base_inst/gen_wr_a.gen_byte_narrow.for_mem_cols[1].mem_reg_0 (implemented as a Block RAM) might be sub-optimal as no optional output register could be merged into the ram block. Providing additional output register may help in improving timing.
INFO: [Synth 8-7052] The timing for the instance GEN_CELL[0].cell_ii_7/soc_base_inst/ztachip_inst/core_i/GEN_CELL[0].cell_i/GEN_REG[0].GEN1.pcore_i/iregister_i/iregister_ram_i/altsyncram_i/ram_i/xpm_memory_sdpram_inst/xpm_memory_base_inst/gen_wr_a.gen_byte_narrow.for_mem_cols[1].mem_reg_1 (implemented as a Block RAM) might be sub-optimal as no optional output register could be merged into the ram block. Providing additional output register may help in improving timing.
INFO: [Synth 8-7052] The timing for the instance GEN_CELL[0].cell_ii_7/soc_base_inst/ztachip_inst/core_i/GEN_CELL[0].cell_i/GEN_REG[0].GEN1.pcore_i/register_bank_i/register_file_i/ram3_i/ram2_i/xpm_memory_sdpram_inst/xpm_memory_base_inst/gen_wr_a.gen_byte_narrow.for_mem_cols[1].mem_reg_0 (implemented as a Block RAM) might be sub-optimal as no optional output register could be merged into the ram block. Providing additional output register may help in improving timing.
INFO: [Synth 8-7052] The timing for the instance GEN_CELL[0].cell_ii_7/soc_base_inst/ztachip_inst/core_i/GEN_CELL[0].cell_i/GEN_REG[0].GEN1.pcore_i/register_bank_i/register_file_i/ram3_i/ram2_i/xpm_memory_sdpram_inst/xpm_memory_base_inst/gen_wr_a.gen_byte_narrow.for_mem_cols[1].mem_reg_1 (implemented as a Block RAM) might be sub-optimal as no optional output register could be merged into the ram block. Providing additional output register may help in improving timing.
INFO: [Synth 8-7052] The timing for the instance GEN_CELL[0].cell_ii_7/soc_base_inst/ztachip_inst/core_i/GEN_CELL[0].cell_i/GEN_REG[0].GEN1.pcore_i/register_bank_i/register_file_i2/ram3_i/ram2_i/xpm_memory_sdpram_inst/xpm_memory_base_inst/gen_wr_a.gen_byte_narrow.for_mem_cols[1].mem_reg_0 (implemented as a Block RAM) might be sub-optimal as no optional output register could be merged into the ram block. Providing additional output register may help in improving timing.
INFO: [Synth 8-7052] The timing for the instance GEN_CELL[0].cell_ii_7/soc_base_inst/ztachip_inst/core_i/GEN_CELL[0].cell_i/GEN_REG[0].GEN1.pcore_i/register_bank_i/register_file_i2/ram3_i/ram2_i/xpm_memory_sdpram_inst/xpm_memory_base_inst/gen_wr_a.gen_byte_narrow.for_mem_cols[1].mem_reg_1 (implemented as a Block RAM) might be sub-optimal as no optional output register could be merged into the ram block. Providing additional output register may help in improving timing.
INFO: [Synth 8-5844] Detected registers with asynchronous reset at DSP/BRAM block boundary. Consider using synchronous reset for optimal packing [/home/eslam-elshokafy/Desktop/AIDAChip_Workshop_01/ztachip/HW/src/util/arbiter.vhd:219]
INFO: [Synth 8-5844] Detected registers with asynchronous reset at DSP/BRAM block boundary. Consider using synchronous reset for optimal packing [/home/eslam-elshokafy/Desktop/AIDAChip_Workshop_01/ztachip/HW/src/util/arbiter.vhd:220]
INFO: [Synth 8-5844] Detected registers with asynchronous reset at DSP/BRAM block boundary. Consider using synchronous reset for optimal packing [/home/eslam-elshokafy/Desktop/AIDAChip_Workshop_01/ztachip/HW/src/util/arbiter.vhd:231]
INFO: [Synth 8-5844] Detected registers with asynchronous reset at DSP/BRAM block boundary. Consider using synchronous reset for optimal packing [/home/eslam-elshokafy/Desktop/AIDAChip_Workshop_01/ztachip/HW/src/util/arbiter.vhd:219]
INFO: [Synth 8-5844] Detected registers with asynchronous reset at DSP/BRAM block boundary. Consider using synchronous reset for optimal packing [/home/eslam-elshokafy/Desktop/AIDAChip_Workshop_01/ztachip/HW/src/util/arbiter.vhd:220]
INFO: [Synth 8-5844] Detected registers with asynchronous reset at DSP/BRAM block boundary. Consider using synchronous reset for optimal packing [/home/eslam-elshokafy/Desktop/AIDAChip_Workshop_01/ztachip/HW/src/util/arbiter.vhd:231]
INFO: [Synth 8-5844] Detected registers with asynchronous reset at DSP/BRAM block boundary. Consider using synchronous reset for optimal packing [/home/eslam-elshokafy/Desktop/AIDAChip_Workshop_01/ztachip/HW/src/util/arbiter.vhd:219]
INFO: [Synth 8-5844] Detected registers with asynchronous reset at DSP/BRAM block boundary. Consider using synchronous reset for optimal packing [/home/eslam-elshokafy/Desktop/AIDAChip_Workshop_01/ztachip/HW/src/util/arbiter.vhd:220]
INFO: [Synth 8-5844] Detected registers with asynchronous reset at DSP/BRAM block boundary. Consider using synchronous reset for optimal packing [/home/eslam-elshokafy/Desktop/AIDAChip_Workshop_01/ztachip/HW/src/util/arbiter.vhd:231]
INFO: [Synth 8-5844] Detected registers with asynchronous reset at DSP/BRAM block boundary. Consider using synchronous reset for optimal packing [/home/eslam-elshokafy/Desktop/AIDAChip_Workshop_01/ztachip/HW/src/util/arbiter.vhd:219]
INFO: [Synth 8-5844] Detected registers with asynchronous reset at DSP/BRAM block boundary. Consider using synchronous reset for optimal packing [/home/eslam-elshokafy/Desktop/AIDAChip_Workshop_01/ztachip/HW/src/util/arbiter.vhd:220]
INFO: [Synth 8-5844] Detected registers with asynchronous reset at DSP/BRAM block boundary. Consider using synchronous reset for optimal packing [/home/eslam-elshokafy/Desktop/AIDAChip_Workshop_01/ztachip/HW/src/util/arbiter.vhd:231]
INFO: [Synth 8-5844] Detected registers with asynchronous reset at DSP/BRAM block boundary. Consider using synchronous reset for optimal packing [/home/eslam-elshokafy/Desktop/AIDAChip_Workshop_01/ztachip/HW/src/util/arbiter.vhd:219]
INFO: [Synth 8-5844] Detected registers with asynchronous reset at DSP/BRAM block boundary. Consider using synchronous reset for optimal packing [/home/eslam-elshokafy/Desktop/AIDAChip_Workshop_01/ztachip/HW/src/util/arbiter.vhd:220]
INFO: [Synth 8-5844] Detected registers with asynchronous reset at DSP/BRAM block boundary. Consider using synchronous reset for optimal packing [/home/eslam-elshokafy/Desktop/AIDAChip_Workshop_01/ztachip/HW/src/util/arbiter.vhd:231]
INFO: [Synth 8-5844] Detected registers with asynchronous reset at DSP/BRAM block boundary. Consider using synchronous reset for optimal packing [/home/eslam-elshokafy/Desktop/AIDAChip_Workshop_01/ztachip/HW/src/util/arbiter.vhd:219]
INFO: [Synth 8-5844] Detected registers with asynchronous reset at DSP/BRAM block boundary. Consider using synchronous reset for optimal packing [/home/eslam-elshokafy/Desktop/AIDAChip_Workshop_01/ztachip/HW/src/util/arbiter.vhd:220]
INFO: [Synth 8-5844] Detected registers with asynchronous reset at DSP/BRAM block boundary. Consider using synchronous reset for optimal packing [/home/eslam-elshokafy/Desktop/AIDAChip_Workshop_01/ztachip/HW/src/util/arbiter.vhd:231]
INFO: [Synth 8-5844] Detected registers with asynchronous reset at DSP/BRAM block boundary. Consider using synchronous reset for optimal packing [/home/eslam-elshokafy/Desktop/AIDAChip_Workshop_01/ztachip/HW/src/util/arbiter.vhd:219]
INFO: [Synth 8-5844] Detected registers with asynchronous reset at DSP/BRAM block boundary. Consider using synchronous reset for optimal packing [/home/eslam-elshokafy/Desktop/AIDAChip_Workshop_01/ztachip/HW/src/util/arbiter.vhd:220]
INFO: [Synth 8-5844] Detected registers with asynchronous reset at DSP/BRAM block boundary. Consider using synchronous reset for optimal packing [/home/eslam-elshokafy/Desktop/AIDAChip_Workshop_01/ztachip/HW/src/util/arbiter.vhd:231]
INFO: [Synth 8-5844] Detected registers with asynchronous reset at DSP/BRAM block boundary. Consider using synchronous reset for optimal packing [/home/eslam-elshokafy/Desktop/AIDAChip_Workshop_01/ztachip/HW/src/util/arbiter.vhd:219]
INFO: [Synth 8-5844] Detected registers with asynchronous reset at DSP/BRAM block boundary. Consider using synchronous reset for optimal packing [/home/eslam-elshokafy/Desktop/AIDAChip_Workshop_01/ztachip/HW/src/util/arbiter.vhd:220]
INFO: [Synth 8-5844] Detected registers with asynchronous reset at DSP/BRAM block boundary. Consider using synchronous reset for optimal packing [/home/eslam-elshokafy/Desktop/AIDAChip_Workshop_01/ztachip/HW/src/util/arbiter.vhd:231]
INFO: [Synth 8-5844] Detected registers with asynchronous reset at DSP/BRAM block boundary. Consider using synchronous reset for optimal packing [/home/eslam-elshokafy/Desktop/AIDAChip_Workshop_01/ztachip/HW/src/pcore/instr.vhd:65]
INFO: [Synth 8-5844] Detected registers with asynchronous reset at DSP/BRAM block boundary. Consider using synchronous reset for optimal packing [/home/eslam-elshokafy/Desktop/AIDAChip_Workshop_01/ztachip/HW/src/pcore/instr.vhd:66]
INFO: [Synth 8-5844] Detected registers with asynchronous reset at DSP/BRAM block boundary. Consider using synchronous reset for optimal packing [/home/eslam-elshokafy/Desktop/AIDAChip_Workshop_01/ztachip/HW/src/util/arbiter.vhd:248]
INFO: [Synth 8-5844] Detected registers with asynchronous reset at DSP/BRAM block boundary. Consider using synchronous reset for optimal packing [/home/eslam-elshokafy/Desktop/AIDAChip_Workshop_01/ztachip/HW/src/util/arbiter.vhd:248]
INFO: [Synth 8-5844] Detected registers with asynchronous reset at DSP/BRAM block boundary. Consider using synchronous reset for optimal packing [/home/eslam-elshokafy/Desktop/AIDAChip_Workshop_01/ztachip/HW/src/util/arbiter.vhd:248]
INFO: [Synth 8-5844] Detected registers with asynchronous reset at DSP/BRAM block boundary. Consider using synchronous reset for optimal packing [/home/eslam-elshokafy/Desktop/AIDAChip_Workshop_01/ztachip/HW/src/util/arbiter.vhd:248]
INFO: [Synth 8-5844] Detected registers with asynchronous reset at DSP/BRAM block boundary. Consider using synchronous reset for optimal packing [/home/eslam-elshokafy/Desktop/AIDAChip_Workshop_01/ztachip/HW/src/util/arbiter.vhd:248]
INFO: [Synth 8-5844] Detected registers with asynchronous reset at DSP/BRAM block boundary. Consider using synchronous reset for optimal packing [/home/eslam-elshokafy/Desktop/AIDAChip_Workshop_01/ztachip/HW/src/util/arbiter.vhd:248]
INFO: [Synth 8-5844] Detected registers with asynchronous reset at DSP/BRAM block boundary. Consider using synchronous reset for optimal packing [/home/eslam-elshokafy/Desktop/AIDAChip_Workshop_01/ztachip/HW/src/util/arbiter.vhd:248]
INFO: [Synth 8-5844] Detected registers with asynchronous reset at DSP/BRAM block boundary. Consider using synchronous reset for optimal packing [/home/eslam-elshokafy/Desktop/AIDAChip_Workshop_01/ztachip/HW/src/util/arbiter.vhd:248]
INFO: [Synth 8-7052] The timing for the instance soc_base_inst/ztachip_inst/core_i/GEN_CELL[0].cell_i/GEN_REG[1].GEN1.pcore_i/xregister_file_i/GEN2.altsyncram_i/ram_i/xpm_memory_sdpram_inst/xpm_memory_base_inst/gen_wr_a.gen_byte_narrow.for_mem_cols[1].mem_reg_0 (implemented as a Block RAM) might be sub-optimal as no optional output register could be merged into the ram block. Providing additional output register may help in improving timing.
INFO: [Synth 8-7052] The timing for the instance soc_base_inst/ztachip_inst/core_i/GEN_CELL[0].cell_i/GEN_REG[1].GEN1.pcore_i/xregister_file_i/GEN2.altsyncram_i/ram_i/xpm_memory_sdpram_inst/xpm_memory_base_inst/gen_wr_a.gen_byte_narrow.for_mem_cols[1].mem_reg_1 (implemented as a Block RAM) might be sub-optimal as no optional output register could be merged into the ram block. Providing additional output register may help in improving timing.
INFO: [Synth 8-7052] The timing for the instance soc_base_inst/ztachip_inst/core_i/GEN_CELL[0].cell_i/GEN_REG[1].GEN1.pcore_i/xregister_file_i/GEN2.altsyncram_i/ram_i/xpm_memory_sdpram_inst/xpm_memory_base_inst/gen_wr_a.gen_byte_narrow.for_mem_cols[1].mem_reg_2 (implemented as a Block RAM) might be sub-optimal as no optional output register could be merged into the ram block. Providing additional output register may help in improving timing.
INFO: [Synth 8-7052] The timing for the instance soc_base_inst/ztachip_inst/core_i/GEN_CELL[0].cell_i/GEN_REG[1].GEN1.pcore_i/iregister_i/iregister_ram_i/altsyncram_i/ram_i/xpm_memory_sdpram_inst/xpm_memory_base_inst/gen_wr_a.gen_byte_narrow.for_mem_cols[1].mem_reg_0 (implemented as a Block RAM) might be sub-optimal as no optional output register could be merged into the ram block. Providing additional output register may help in improving timing.
INFO: [Synth 8-7052] The timing for the instance soc_base_inst/ztachip_inst/core_i/GEN_CELL[0].cell_i/GEN_REG[1].GEN1.pcore_i/iregister_i/iregister_ram_i/altsyncram_i/ram_i/xpm_memory_sdpram_inst/xpm_memory_base_inst/gen_wr_a.gen_byte_narrow.for_mem_cols[1].mem_reg_1 (implemented as a Block RAM) might be sub-optimal as no optional output register could be merged into the ram block. Providing additional output register may help in improving timing.
INFO: [Synth 8-7052] The timing for the instance soc_base_inst/ztachip_inst/core_i/GEN_CELL[0].cell_i/GEN_REG[1].GEN1.pcore_i/register_bank_i/register_file_i/ram3_i/ram2_i/xpm_memory_sdpram_inst/xpm_memory_base_inst/gen_wr_a.gen_byte_narrow.for_mem_cols[1].mem_reg_0 (implemented as a Block RAM) might be sub-optimal as no optional output register could be merged into the ram block. Providing additional output register may help in improving timing.
INFO: [Synth 8-7052] The timing for the instance soc_base_inst/ztachip_inst/core_i/GEN_CELL[0].cell_i/GEN_REG[1].GEN1.pcore_i/register_bank_i/register_file_i/ram3_i/ram2_i/xpm_memory_sdpram_inst/xpm_memory_base_inst/gen_wr_a.gen_byte_narrow.for_mem_cols[1].mem_reg_1 (implemented as a Block RAM) might be sub-optimal as no optional output register could be merged into the ram block. Providing additional output register may help in improving timing.
INFO: [Synth 8-7052] The timing for the instance soc_base_inst/ztachip_inst/core_i/GEN_CELL[0].cell_i/GEN_REG[1].GEN1.pcore_i/register_bank_i/register_file_i2/ram3_i/ram2_i/xpm_memory_sdpram_inst/xpm_memory_base_inst/gen_wr_a.gen_byte_narrow.for_mem_cols[1].mem_reg_0 (implemented as a Block RAM) might be sub-optimal as no optional output register could be merged into the ram block. Providing additional output register may help in improving timing.
INFO: [Synth 8-7052] The timing for the instance soc_base_inst/ztachip_inst/core_i/GEN_CELL[0].cell_i/GEN_REG[1].GEN1.pcore_i/register_bank_i/register_file_i2/ram3_i/ram2_i/xpm_memory_sdpram_inst/xpm_memory_base_inst/gen_wr_a.gen_byte_narrow.for_mem_cols[1].mem_reg_1 (implemented as a Block RAM) might be sub-optimal as no optional output register could be merged into the ram block. Providing additional output register may help in improving timing.
INFO: [Synth 8-5844] Detected registers with asynchronous reset at DSP/BRAM block boundary. Consider using synchronous reset for optimal packing [/home/eslam-elshokafy/Desktop/AIDAChip_Workshop_01/ztachip/HW/src/util/arbiter.vhd:219]
INFO: [Synth 8-5844] Detected registers with asynchronous reset at DSP/BRAM block boundary. Consider using synchronous reset for optimal packing [/home/eslam-elshokafy/Desktop/AIDAChip_Workshop_01/ztachip/HW/src/util/arbiter.vhd:220]
INFO: [Synth 8-5844] Detected registers with asynchronous reset at DSP/BRAM block boundary. Consider using synchronous reset for optimal packing [/home/eslam-elshokafy/Desktop/AIDAChip_Workshop_01/ztachip/HW/src/util/arbiter.vhd:231]
INFO: [Synth 8-5844] Detected registers with asynchronous reset at DSP/BRAM block boundary. Consider using synchronous reset for optimal packing [/home/eslam-elshokafy/Desktop/AIDAChip_Workshop_01/ztachip/HW/src/util/arbiter.vhd:219]
INFO: [Synth 8-5844] Detected registers with asynchronous reset at DSP/BRAM block boundary. Consider using synchronous reset for optimal packing [/home/eslam-elshokafy/Desktop/AIDAChip_Workshop_01/ztachip/HW/src/util/arbiter.vhd:220]
INFO: [Synth 8-5844] Detected registers with asynchronous reset at DSP/BRAM block boundary. Consider using synchronous reset for optimal packing [/home/eslam-elshokafy/Desktop/AIDAChip_Workshop_01/ztachip/HW/src/util/arbiter.vhd:231]
INFO: [Synth 8-5844] Detected registers with asynchronous reset at DSP/BRAM block boundary. Consider using synchronous reset for optimal packing [/home/eslam-elshokafy/Desktop/AIDAChip_Workshop_01/ztachip/HW/src/util/arbiter.vhd:219]
INFO: [Synth 8-5844] Detected registers with asynchronous reset at DSP/BRAM block boundary. Consider using synchronous reset for optimal packing [/home/eslam-elshokafy/Desktop/AIDAChip_Workshop_01/ztachip/HW/src/util/arbiter.vhd:220]
INFO: [Synth 8-5844] Detected registers with asynchronous reset at DSP/BRAM block boundary. Consider using synchronous reset for optimal packing [/home/eslam-elshokafy/Desktop/AIDAChip_Workshop_01/ztachip/HW/src/util/arbiter.vhd:231]
INFO: [Synth 8-5844] Detected registers with asynchronous reset at DSP/BRAM block boundary. Consider using synchronous reset for optimal packing [/home/eslam-elshokafy/Desktop/AIDAChip_Workshop_01/ztachip/HW/src/util/arbiter.vhd:219]
INFO: [Synth 8-5844] Detected registers with asynchronous reset at DSP/BRAM block boundary. Consider using synchronous reset for optimal packing [/home/eslam-elshokafy/Desktop/AIDAChip_Workshop_01/ztachip/HW/src/util/arbiter.vhd:220]
INFO: [Synth 8-5844] Detected registers with asynchronous reset at DSP/BRAM block boundary. Consider using synchronous reset for optimal packing [/home/eslam-elshokafy/Desktop/AIDAChip_Workshop_01/ztachip/HW/src/util/arbiter.vhd:231]
INFO: [Synth 8-5844] Detected registers with asynchronous reset at DSP/BRAM block boundary. Consider using synchronous reset for optimal packing [/home/eslam-elshokafy/Desktop/AIDAChip_Workshop_01/ztachip/HW/src/util/arbiter.vhd:219]
INFO: [Synth 8-5844] Detected registers with asynchronous reset at DSP/BRAM block boundary. Consider using synchronous reset for optimal packing [/home/eslam-elshokafy/Desktop/AIDAChip_Workshop_01/ztachip/HW/src/util/arbiter.vhd:220]
INFO: [Synth 8-5844] Detected registers with asynchronous reset at DSP/BRAM block boundary. Consider using synchronous reset for optimal packing [/home/eslam-elshokafy/Desktop/AIDAChip_Workshop_01/ztachip/HW/src/util/arbiter.vhd:231]
INFO: [Synth 8-5844] Detected registers with asynchronous reset at DSP/BRAM block boundary. Consider using synchronous reset for optimal packing [/home/eslam-elshokafy/Desktop/AIDAChip_Workshop_01/ztachip/HW/src/util/arbiter.vhd:219]
INFO: [Synth 8-5844] Detected registers with asynchronous reset at DSP/BRAM block boundary. Consider using synchronous reset for optimal packing [/home/eslam-elshokafy/Desktop/AIDAChip_Workshop_01/ztachip/HW/src/util/arbiter.vhd:220]
INFO: [Synth 8-5844] Detected registers with asynchronous reset at DSP/BRAM block boundary. Consider using synchronous reset for optimal packing [/home/eslam-elshokafy/Desktop/AIDAChip_Workshop_01/ztachip/HW/src/util/arbiter.vhd:231]
INFO: [Synth 8-5844] Detected registers with asynchronous reset at DSP/BRAM block boundary. Consider using synchronous reset for optimal packing [/home/eslam-elshokafy/Desktop/AIDAChip_Workshop_01/ztachip/HW/src/util/arbiter.vhd:219]
INFO: [Synth 8-5844] Detected registers with asynchronous reset at DSP/BRAM block boundary. Consider using synchronous reset for optimal packing [/home/eslam-elshokafy/Desktop/AIDAChip_Workshop_01/ztachip/HW/src/util/arbiter.vhd:220]
INFO: [Synth 8-5844] Detected registers with asynchronous reset at DSP/BRAM block boundary. Consider using synchronous reset for optimal packing [/home/eslam-elshokafy/Desktop/AIDAChip_Workshop_01/ztachip/HW/src/util/arbiter.vhd:231]
INFO: [Synth 8-5844] Detected registers with asynchronous reset at DSP/BRAM block boundary. Consider using synchronous reset for optimal packing [/home/eslam-elshokafy/Desktop/AIDAChip_Workshop_01/ztachip/HW/src/util/arbiter.vhd:219]
INFO: [Synth 8-5844] Detected registers with asynchronous reset at DSP/BRAM block boundary. Consider using synchronous reset for optimal packing [/home/eslam-elshokafy/Desktop/AIDAChip_Workshop_01/ztachip/HW/src/util/arbiter.vhd:220]
INFO: [Synth 8-5844] Detected registers with asynchronous reset at DSP/BRAM block boundary. Consider using synchronous reset for optimal packing [/home/eslam-elshokafy/Desktop/AIDAChip_Workshop_01/ztachip/HW/src/util/arbiter.vhd:231]
INFO: [Synth 8-5844] Detected registers with asynchronous reset at DSP/BRAM block boundary. Consider using synchronous reset for optimal packing [/home/eslam-elshokafy/Desktop/AIDAChip_Workshop_01/ztachip/HW/src/pcore/instr.vhd:65]
INFO: [Synth 8-5844] Detected registers with asynchronous reset at DSP/BRAM block boundary. Consider using synchronous reset for optimal packing [/home/eslam-elshokafy/Desktop/AIDAChip_Workshop_01/ztachip/HW/src/pcore/instr.vhd:66]
INFO: [Synth 8-5844] Detected registers with asynchronous reset at DSP/BRAM block boundary. Consider using synchronous reset for optimal packing [/home/eslam-elshokafy/Desktop/AIDAChip_Workshop_01/ztachip/HW/src/util/arbiter.vhd:248]
INFO: [Synth 8-5844] Detected registers with asynchronous reset at DSP/BRAM block boundary. Consider using synchronous reset for optimal packing [/home/eslam-elshokafy/Desktop/AIDAChip_Workshop_01/ztachip/HW/src/util/arbiter.vhd:248]
INFO: [Synth 8-5844] Detected registers with asynchronous reset at DSP/BRAM block boundary. Consider using synchronous reset for optimal packing [/home/eslam-elshokafy/Desktop/AIDAChip_Workshop_01/ztachip/HW/src/util/arbiter.vhd:248]
INFO: [Synth 8-5844] Detected registers with asynchronous reset at DSP/BRAM block boundary. Consider using synchronous reset for optimal packing [/home/eslam-elshokafy/Desktop/AIDAChip_Workshop_01/ztachip/HW/src/util/arbiter.vhd:248]
INFO: [Synth 8-5844] Detected registers with asynchronous reset at DSP/BRAM block boundary. Consider using synchronous reset for optimal packing [/home/eslam-elshokafy/Desktop/AIDAChip_Workshop_01/ztachip/HW/src/util/arbiter.vhd:248]
INFO: [Synth 8-5844] Detected registers with asynchronous reset at DSP/BRAM block boundary. Consider using synchronous reset for optimal packing [/home/eslam-elshokafy/Desktop/AIDAChip_Workshop_01/ztachip/HW/src/util/arbiter.vhd:248]
INFO: [Synth 8-5844] Detected registers with asynchronous reset at DSP/BRAM block boundary. Consider using synchronous reset for optimal packing [/home/eslam-elshokafy/Desktop/AIDAChip_Workshop_01/ztachip/HW/src/util/arbiter.vhd:248]
INFO: [Synth 8-5844] Detected registers with asynchronous reset at DSP/BRAM block boundary. Consider using synchronous reset for optimal packing [/home/eslam-elshokafy/Desktop/AIDAChip_Workshop_01/ztachip/HW/src/util/arbiter.vhd:248]
INFO: [Synth 8-7052] The timing for the instance soc_base_inst/ztachip_inst/core_i/GEN_CELL[0].cell_i/GEN_REG[2].GEN1.pcore_i/xregister_file_i/GEN2.altsyncram_i/ram_i/xpm_memory_sdpram_inst/xpm_memory_base_inst/gen_wr_a.gen_byte_narrow.for_mem_cols[1].mem_reg_0 (implemented as a Block RAM) might be sub-optimal as no optional output register could be merged into the ram block. Providing additional output register may help in improving timing.
INFO: [Synth 8-7052] The timing for the instance soc_base_inst/ztachip_inst/core_i/GEN_CELL[0].cell_i/GEN_REG[2].GEN1.pcore_i/xregister_file_i/GEN2.altsyncram_i/ram_i/xpm_memory_sdpram_inst/xpm_memory_base_inst/gen_wr_a.gen_byte_narrow.for_mem_cols[1].mem_reg_1 (implemented as a Block RAM) might be sub-optimal as no optional output register could be merged into the ram block. Providing additional output register may help in improving timing.
INFO: [Synth 8-7052] The timing for the instance soc_base_inst/ztachip_inst/core_i/GEN_CELL[0].cell_i/GEN_REG[2].GEN1.pcore_i/xregister_file_i/GEN2.altsyncram_i/ram_i/xpm_memory_sdpram_inst/xpm_memory_base_inst/gen_wr_a.gen_byte_narrow.for_mem_cols[1].mem_reg_2 (implemented as a Block RAM) might be sub-optimal as no optional output register could be merged into the ram block. Providing additional output register may help in improving timing.
INFO: [Synth 8-7052] The timing for the instance soc_base_inst/ztachip_inst/core_i/GEN_CELL[0].cell_i/GEN_REG[2].GEN1.pcore_i/iregister_i/iregister_ram_i/altsyncram_i/ram_i/xpm_memory_sdpram_inst/xpm_memory_base_inst/gen_wr_a.gen_byte_narrow.for_mem_cols[1].mem_reg_0 (implemented as a Block RAM) might be sub-optimal as no optional output register could be merged into the ram block. Providing additional output register may help in improving timing.
INFO: [Synth 8-7052] The timing for the instance soc_base_inst/ztachip_inst/core_i/GEN_CELL[0].cell_i/GEN_REG[2].GEN1.pcore_i/iregister_i/iregister_ram_i/altsyncram_i/ram_i/xpm_memory_sdpram_inst/xpm_memory_base_inst/gen_wr_a.gen_byte_narrow.for_mem_cols[1].mem_reg_1 (implemented as a Block RAM) might be sub-optimal as no optional output register could be merged into the ram block. Providing additional output register may help in improving timing.
INFO: [Synth 8-7052] The timing for the instance soc_base_inst/ztachip_inst/core_i/GEN_CELL[0].cell_i/GEN_REG[2].GEN1.pcore_i/register_bank_i/register_file_i/ram3_i/ram2_i/xpm_memory_sdpram_inst/xpm_memory_base_inst/gen_wr_a.gen_byte_narrow.for_mem_cols[1].mem_reg_0 (implemented as a Block RAM) might be sub-optimal as no optional output register could be merged into the ram block. Providing additional output register may help in improving timing.
INFO: [Synth 8-7052] The timing for the instance soc_base_inst/ztachip_inst/core_i/GEN_CELL[0].cell_i/GEN_REG[2].GEN1.pcore_i/register_bank_i/register_file_i/ram3_i/ram2_i/xpm_memory_sdpram_inst/xpm_memory_base_inst/gen_wr_a.gen_byte_narrow.for_mem_cols[1].mem_reg_1 (implemented as a Block RAM) might be sub-optimal as no optional output register could be merged into the ram block. Providing additional output register may help in improving timing.
INFO: [Synth 8-7052] The timing for the instance soc_base_inst/ztachip_inst/core_i/GEN_CELL[0].cell_i/GEN_REG[2].GEN1.pcore_i/register_bank_i/register_file_i2/ram3_i/ram2_i/xpm_memory_sdpram_inst/xpm_memory_base_inst/gen_wr_a.gen_byte_narrow.for_mem_cols[1].mem_reg_0 (implemented as a Block RAM) might be sub-optimal as no optional output register could be merged into the ram block. Providing additional output register may help in improving timing.
INFO: [Synth 8-7052] The timing for the instance soc_base_inst/ztachip_inst/core_i/GEN_CELL[0].cell_i/GEN_REG[2].GEN1.pcore_i/register_bank_i/register_file_i2/ram3_i/ram2_i/xpm_memory_sdpram_inst/xpm_memory_base_inst/gen_wr_a.gen_byte_narrow.for_mem_cols[1].mem_reg_1 (implemented as a Block RAM) might be sub-optimal as no optional output register could be merged into the ram block. Providing additional output register may help in improving timing.
INFO: [Synth 8-5844] Detected registers with asynchronous reset at DSP/BRAM block boundary. Consider using synchronous reset for optimal packing [/home/eslam-elshokafy/Desktop/AIDAChip_Workshop_01/ztachip/HW/src/util/arbiter.vhd:219]
INFO: [Synth 8-5844] Detected registers with asynchronous reset at DSP/BRAM block boundary. Consider using synchronous reset for optimal packing [/home/eslam-elshokafy/Desktop/AIDAChip_Workshop_01/ztachip/HW/src/util/arbiter.vhd:220]
INFO: [Synth 8-5844] Detected registers with asynchronous reset at DSP/BRAM block boundary. Consider using synchronous reset for optimal packing [/home/eslam-elshokafy/Desktop/AIDAChip_Workshop_01/ztachip/HW/src/util/arbiter.vhd:231]
INFO: [Synth 8-5844] Detected registers with asynchronous reset at DSP/BRAM block boundary. Consider using synchronous reset for optimal packing [/home/eslam-elshokafy/Desktop/AIDAChip_Workshop_01/ztachip/HW/src/util/arbiter.vhd:219]
INFO: [Synth 8-5844] Detected registers with asynchronous reset at DSP/BRAM block boundary. Consider using synchronous reset for optimal packing [/home/eslam-elshokafy/Desktop/AIDAChip_Workshop_01/ztachip/HW/src/util/arbiter.vhd:220]
INFO: [Synth 8-5844] Detected registers with asynchronous reset at DSP/BRAM block boundary. Consider using synchronous reset for optimal packing [/home/eslam-elshokafy/Desktop/AIDAChip_Workshop_01/ztachip/HW/src/util/arbiter.vhd:231]
INFO: [Synth 8-5844] Detected registers with asynchronous reset at DSP/BRAM block boundary. Consider using synchronous reset for optimal packing [/home/eslam-elshokafy/Desktop/AIDAChip_Workshop_01/ztachip/HW/src/util/arbiter.vhd:219]
INFO: [Synth 8-5844] Detected registers with asynchronous reset at DSP/BRAM block boundary. Consider using synchronous reset for optimal packing [/home/eslam-elshokafy/Desktop/AIDAChip_Workshop_01/ztachip/HW/src/util/arbiter.vhd:220]
INFO: [Synth 8-5844] Detected registers with asynchronous reset at DSP/BRAM block boundary. Consider using synchronous reset for optimal packing [/home/eslam-elshokafy/Desktop/AIDAChip_Workshop_01/ztachip/HW/src/util/arbiter.vhd:231]
INFO: [Synth 8-5844] Detected registers with asynchronous reset at DSP/BRAM block boundary. Consider using synchronous reset for optimal packing [/home/eslam-elshokafy/Desktop/AIDAChip_Workshop_01/ztachip/HW/src/util/arbiter.vhd:219]
INFO: [Synth 8-5844] Detected registers with asynchronous reset at DSP/BRAM block boundary. Consider using synchronous reset for optimal packing [/home/eslam-elshokafy/Desktop/AIDAChip_Workshop_01/ztachip/HW/src/util/arbiter.vhd:220]
INFO: [Synth 8-5844] Detected registers with asynchronous reset at DSP/BRAM block boundary. Consider using synchronous reset for optimal packing [/home/eslam-elshokafy/Desktop/AIDAChip_Workshop_01/ztachip/HW/src/util/arbiter.vhd:231]
INFO: [Synth 8-5844] Detected registers with asynchronous reset at DSP/BRAM block boundary. Consider using synchronous reset for optimal packing [/home/eslam-elshokafy/Desktop/AIDAChip_Workshop_01/ztachip/HW/src/util/arbiter.vhd:219]
INFO: [Synth 8-5844] Detected registers with asynchronous reset at DSP/BRAM block boundary. Consider using synchronous reset for optimal packing [/home/eslam-elshokafy/Desktop/AIDAChip_Workshop_01/ztachip/HW/src/util/arbiter.vhd:220]
INFO: [Synth 8-5844] Detected registers with asynchronous reset at DSP/BRAM block boundary. Consider using synchronous reset for optimal packing [/home/eslam-elshokafy/Desktop/AIDAChip_Workshop_01/ztachip/HW/src/util/arbiter.vhd:231]
INFO: [Synth 8-5844] Detected registers with asynchronous reset at DSP/BRAM block boundary. Consider using synchronous reset for optimal packing [/home/eslam-elshokafy/Desktop/AIDAChip_Workshop_01/ztachip/HW/src/util/arbiter.vhd:219]
INFO: [Synth 8-5844] Detected registers with asynchronous reset at DSP/BRAM block boundary. Consider using synchronous reset for optimal packing [/home/eslam-elshokafy/Desktop/AIDAChip_Workshop_01/ztachip/HW/src/util/arbiter.vhd:220]
INFO: [Synth 8-5844] Detected registers with asynchronous reset at DSP/BRAM block boundary. Consider using synchronous reset for optimal packing [/home/eslam-elshokafy/Desktop/AIDAChip_Workshop_01/ztachip/HW/src/util/arbiter.vhd:231]
INFO: [Synth 8-5844] Detected registers with asynchronous reset at DSP/BRAM block boundary. Consider using synchronous reset for optimal packing [/home/eslam-elshokafy/Desktop/AIDAChip_Workshop_01/ztachip/HW/src/util/arbiter.vhd:219]
INFO: [Synth 8-5844] Detected registers with asynchronous reset at DSP/BRAM block boundary. Consider using synchronous reset for optimal packing [/home/eslam-elshokafy/Desktop/AIDAChip_Workshop_01/ztachip/HW/src/util/arbiter.vhd:220]
INFO: [Synth 8-5844] Detected registers with asynchronous reset at DSP/BRAM block boundary. Consider using synchronous reset for optimal packing [/home/eslam-elshokafy/Desktop/AIDAChip_Workshop_01/ztachip/HW/src/util/arbiter.vhd:231]
INFO: [Synth 8-5844] Detected registers with asynchronous reset at DSP/BRAM block boundary. Consider using synchronous reset for optimal packing [/home/eslam-elshokafy/Desktop/AIDAChip_Workshop_01/ztachip/HW/src/util/arbiter.vhd:219]
INFO: [Synth 8-5844] Detected registers with asynchronous reset at DSP/BRAM block boundary. Consider using synchronous reset for optimal packing [/home/eslam-elshokafy/Desktop/AIDAChip_Workshop_01/ztachip/HW/src/util/arbiter.vhd:220]
INFO: [Synth 8-5844] Detected registers with asynchronous reset at DSP/BRAM block boundary. Consider using synchronous reset for optimal packing [/home/eslam-elshokafy/Desktop/AIDAChip_Workshop_01/ztachip/HW/src/util/arbiter.vhd:231]
INFO: [Common 17-14] Message 'Synth 8-5844' appears 100 times and further instances of the messages will be disabled. Use the Tcl command set_msg_config to change the current settings.
INFO: [Synth 8-7052] The timing for the instance soc_base_inst/ztachip_inst/core_i/GEN_CELL[0].cell_i/GEN_REG[3].GEN1.pcore_i/xregister_file_i/GEN2.altsyncram_i/ram_i/xpm_memory_sdpram_inst/xpm_memory_base_inst/gen_wr_a.gen_byte_narrow.for_mem_cols[1].mem_reg_0 (implemented as a Block RAM) might be sub-optimal as no optional output register could be merged into the ram block. Providing additional output register may help in improving timing.
INFO: [Synth 8-7052] The timing for the instance soc_base_inst/ztachip_inst/core_i/GEN_CELL[0].cell_i/GEN_REG[3].GEN1.pcore_i/xregister_file_i/GEN2.altsyncram_i/ram_i/xpm_memory_sdpram_inst/xpm_memory_base_inst/gen_wr_a.gen_byte_narrow.for_mem_cols[1].mem_reg_1 (implemented as a Block RAM) might be sub-optimal as no optional output register could be merged into the ram block. Providing additional output register may help in improving timing.
INFO: [Synth 8-7052] The timing for the instance soc_base_inst/ztachip_inst/core_i/GEN_CELL[0].cell_i/GEN_REG[3].GEN1.pcore_i/xregister_file_i/GEN2.altsyncram_i/ram_i/xpm_memory_sdpram_inst/xpm_memory_base_inst/gen_wr_a.gen_byte_narrow.for_mem_cols[1].mem_reg_2 (implemented as a Block RAM) might be sub-optimal as no optional output register could be merged into the ram block. Providing additional output register may help in improving timing.
INFO: [Synth 8-7052] The timing for the instance soc_base_inst/ztachip_inst/core_i/GEN_CELL[0].cell_i/GEN_REG[3].GEN1.pcore_i/iregister_i/iregister_ram_i/altsyncram_i/ram_i/xpm_memory_sdpram_inst/xpm_memory_base_inst/gen_wr_a.gen_byte_narrow.for_mem_cols[1].mem_reg_0 (implemented as a Block RAM) might be sub-optimal as no optional output register could be merged into the ram block. Providing additional output register may help in improving timing.
INFO: [Synth 8-7052] The timing for the instance soc_base_inst/ztachip_inst/core_i/GEN_CELL[0].cell_i/GEN_REG[3].GEN1.pcore_i/iregister_i/iregister_ram_i/altsyncram_i/ram_i/xpm_memory_sdpram_inst/xpm_memory_base_inst/gen_wr_a.gen_byte_narrow.for_mem_cols[1].mem_reg_1 (implemented as a Block RAM) might be sub-optimal as no optional output register could be merged into the ram block. Providing additional output register may help in improving timing.
INFO: [Synth 8-7052] The timing for the instance soc_base_inst/ztachip_inst/core_i/GEN_CELL[0].cell_i/GEN_REG[3].GEN1.pcore_i/register_bank_i/register_file_i/ram3_i/ram2_i/xpm_memory_sdpram_inst/xpm_memory_base_inst/gen_wr_a.gen_byte_narrow.for_mem_cols[1].mem_reg_0 (implemented as a Block RAM) might be sub-optimal as no optional output register could be merged into the ram block. Providing additional output register may help in improving timing.
INFO: [Synth 8-7052] The timing for the instance soc_base_inst/ztachip_inst/core_i/GEN_CELL[0].cell_i/GEN_REG[3].GEN1.pcore_i/register_bank_i/register_file_i/ram3_i/ram2_i/xpm_memory_sdpram_inst/xpm_memory_base_inst/gen_wr_a.gen_byte_narrow.for_mem_cols[1].mem_reg_1 (implemented as a Block RAM) might be sub-optimal as no optional output register could be merged into the ram block. Providing additional output register may help in improving timing.
INFO: [Synth 8-7052] The timing for the instance soc_base_inst/ztachip_inst/core_i/GEN_CELL[0].cell_i/GEN_REG[3].GEN1.pcore_i/register_bank_i/register_file_i2/ram3_i/ram2_i/xpm_memory_sdpram_inst/xpm_memory_base_inst/gen_wr_a.gen_byte_narrow.for_mem_cols[1].mem_reg_0 (implemented as a Block RAM) might be sub-optimal as no optional output register could be merged into the ram block. Providing additional output register may help in improving timing.
INFO: [Synth 8-7052] The timing for the instance soc_base_inst/ztachip_inst/core_i/GEN_CELL[0].cell_i/GEN_REG[3].GEN1.pcore_i/register_bank_i/register_file_i2/ram3_i/ram2_i/xpm_memory_sdpram_inst/xpm_memory_base_inst/gen_wr_a.gen_byte_narrow.for_mem_cols[1].mem_reg_1 (implemented as a Block RAM) might be sub-optimal as no optional output register could be merged into the ram block. Providing additional output register may help in improving timing.
INFO: [Synth 8-7052] The timing for the instance core_ii_8/soc_base_inst/ztachip_inst/core_i/GEN_STREAM[0].stream_i/lookup_i/xpm_memory_spram_inst/xpm_memory_base_inst/gen_wr_a.gen_word_narrow.mem_reg (implemented as a Block RAM) might be sub-optimal as no optional output register could be merged into the ram block. Providing additional output register may help in improving timing.
INFO: [Synth 8-7052] The timing for the instance core_ii_8/soc_base_inst/ztachip_inst/core_i/GEN_STREAM[0].stream_i/lookup_i/xpm_memory_spram_inst/xpm_memory_base_inst/gen_wr_a.gen_word_narrow.mem_reg (implemented as a Block RAM) might be sub-optimal as no optional output register could be merged into the ram block. Providing additional output register may help in improving timing.
INFO: [Synth 8-7052] The timing for the instance core_ii_8/soc_base_inst/ztachip_inst/core_i/GEN_STREAM[1].stream_i/lookup_i/xpm_memory_spram_inst/xpm_memory_base_inst/gen_wr_a.gen_word_narrow.mem_reg (implemented as a Block RAM) might be sub-optimal as no optional output register could be merged into the ram block. Providing additional output register may help in improving timing.
INFO: [Synth 8-7052] The timing for the instance core_ii_8/soc_base_inst/ztachip_inst/core_i/GEN_STREAM[1].stream_i/lookup_i/xpm_memory_spram_inst/xpm_memory_base_inst/gen_wr_a.gen_word_narrow.mem_reg (implemented as a Block RAM) might be sub-optimal as no optional output register could be merged into the ram block. Providing additional output register may help in improving timing.
INFO: [Synth 8-7052] The timing for the instance core_ii_8/soc_base_inst/ztachip_inst/core_i/GEN_STREAM[2].stream_i/lookup_i/xpm_memory_spram_inst/xpm_memory_base_inst/gen_wr_a.gen_word_narrow.mem_reg (implemented as a Block RAM) might be sub-optimal as no optional output register could be merged into the ram block. Providing additional output register may help in improving timing.
INFO: [Synth 8-7052] The timing for the instance core_ii_8/soc_base_inst/ztachip_inst/core_i/GEN_STREAM[2].stream_i/lookup_i/xpm_memory_spram_inst/xpm_memory_base_inst/gen_wr_a.gen_word_narrow.mem_reg (implemented as a Block RAM) might be sub-optimal as no optional output register could be merged into the ram block. Providing additional output register may help in improving timing.
INFO: [Synth 8-7052] The timing for the instance core_ii_8/soc_base_inst/ztachip_inst/core_i/GEN_STREAM[3].stream_i/lookup_i/xpm_memory_spram_inst/xpm_memory_base_inst/gen_wr_a.gen_word_narrow.mem_reg (implemented as a Block RAM) might be sub-optimal as no optional output register could be merged into the ram block. Providing additional output register may help in improving timing.
INFO: [Synth 8-7052] The timing for the instance core_ii_8/soc_base_inst/ztachip_inst/core_i/GEN_STREAM[3].stream_i/lookup_i/xpm_memory_spram_inst/xpm_memory_base_inst/gen_wr_a.gen_word_narrow.mem_reg (implemented as a Block RAM) might be sub-optimal as no optional output register could be merged into the ram block. Providing additional output register may help in improving timing.
INFO: [Synth 8-7052] The timing for the instance core_ii_8/soc_base_inst/ztachip_inst/core_i/GEN_STREAM[4].stream_i/lookup_i/xpm_memory_spram_inst/xpm_memory_base_inst/gen_wr_a.gen_word_narrow.mem_reg (implemented as a Block RAM) might be sub-optimal as no optional output register could be merged into the ram block. Providing additional output register may help in improving timing.
INFO: [Synth 8-7052] The timing for the instance core_ii_8/soc_base_inst/ztachip_inst/core_i/GEN_STREAM[4].stream_i/lookup_i/xpm_memory_spram_inst/xpm_memory_base_inst/gen_wr_a.gen_word_narrow.mem_reg (implemented as a Block RAM) might be sub-optimal as no optional output register could be merged into the ram block. Providing additional output register may help in improving timing.
INFO: [Synth 8-7052] The timing for the instance core_ii_8/soc_base_inst/ztachip_inst/core_i/GEN_STREAM[5].stream_i/lookup_i/xpm_memory_spram_inst/xpm_memory_base_inst/gen_wr_a.gen_word_narrow.mem_reg (implemented as a Block RAM) might be sub-optimal as no optional output register could be merged into the ram block. Providing additional output register may help in improving timing.
INFO: [Synth 8-7052] The timing for the instance core_ii_8/soc_base_inst/ztachip_inst/core_i/GEN_STREAM[5].stream_i/lookup_i/xpm_memory_spram_inst/xpm_memory_base_inst/gen_wr_a.gen_word_narrow.mem_reg (implemented as a Block RAM) might be sub-optimal as no optional output register could be merged into the ram block. Providing additional output register may help in improving timing.
INFO: [Synth 8-7052] The timing for the instance core_ii_8/soc_base_inst/ztachip_inst/core_i/GEN_STREAM[6].stream_i/lookup_i/xpm_memory_spram_inst/xpm_memory_base_inst/gen_wr_a.gen_word_narrow.mem_reg (implemented as a Block RAM) might be sub-optimal as no optional output register could be merged into the ram block. Providing additional output register may help in improving timing.
INFO: [Synth 8-7052] The timing for the instance core_ii_8/soc_base_inst/ztachip_inst/core_i/GEN_STREAM[6].stream_i/lookup_i/xpm_memory_spram_inst/xpm_memory_base_inst/gen_wr_a.gen_word_narrow.mem_reg (implemented as a Block RAM) might be sub-optimal as no optional output register could be merged into the ram block. Providing additional output register may help in improving timing.
INFO: [Synth 8-7052] The timing for the instance core_ii_8/soc_base_inst/ztachip_inst/core_i/GEN_STREAM[7].stream_i/lookup_i/xpm_memory_spram_inst/xpm_memory_base_inst/gen_wr_a.gen_word_narrow.mem_reg (implemented as a Block RAM) might be sub-optimal as no optional output register could be merged into the ram block. Providing additional output register may help in improving timing.
INFO: [Synth 8-7052] The timing for the instance core_ii_8/soc_base_inst/ztachip_inst/core_i/GEN_STREAM[7].stream_i/lookup_i/xpm_memory_spram_inst/xpm_memory_base_inst/gen_wr_a.gen_word_narrow.mem_reg (implemented as a Block RAM) might be sub-optimal as no optional output register could be merged into the ram block. Providing additional output register may help in improving timing.
INFO: [Synth 8-7052] The timing for the instance core_ii_8/soc_base_inst/ztachip_inst/core_i/GEN_STREAM_1[0].stream_i1/lookup_i/xpm_memory_spram_inst/xpm_memory_base_inst/gen_wr_a.gen_word_narrow.mem_reg (implemented as a Block RAM) might be sub-optimal as no optional output register could be merged into the ram block. Providing additional output register may help in improving timing.
INFO: [Synth 8-7052] The timing for the instance core_ii_8/soc_base_inst/ztachip_inst/core_i/GEN_STREAM_1[0].stream_i1/lookup_i/xpm_memory_spram_inst/xpm_memory_base_inst/gen_wr_a.gen_word_narrow.mem_reg (implemented as a Block RAM) might be sub-optimal as no optional output register could be merged into the ram block. Providing additional output register may help in improving timing.
INFO: [Synth 8-7052] The timing for the instance core_ii_8/soc_base_inst/ztachip_inst/core_i/GEN_STREAM_1[1].stream_i1/lookup_i/xpm_memory_spram_inst/xpm_memory_base_inst/gen_wr_a.gen_word_narrow.mem_reg (implemented as a Block RAM) might be sub-optimal as no optional output register could be merged into the ram block. Providing additional output register may help in improving timing.
INFO: [Synth 8-7052] The timing for the instance core_ii_8/soc_base_inst/ztachip_inst/core_i/GEN_STREAM_1[1].stream_i1/lookup_i/xpm_memory_spram_inst/xpm_memory_base_inst/gen_wr_a.gen_word_narrow.mem_reg (implemented as a Block RAM) might be sub-optimal as no optional output register could be merged into the ram block. Providing additional output register may help in improving timing.
INFO: [Synth 8-7052] The timing for the instance core_ii_8/soc_base_inst/ztachip_inst/core_i/GEN_STREAM_1[2].stream_i1/lookup_i/xpm_memory_spram_inst/xpm_memory_base_inst/gen_wr_a.gen_word_narrow.mem_reg (implemented as a Block RAM) might be sub-optimal as no optional output register could be merged into the ram block. Providing additional output register may help in improving timing.
INFO: [Synth 8-7052] The timing for the instance core_ii_8/soc_base_inst/ztachip_inst/core_i/GEN_STREAM_1[2].stream_i1/lookup_i/xpm_memory_spram_inst/xpm_memory_base_inst/gen_wr_a.gen_word_narrow.mem_reg (implemented as a Block RAM) might be sub-optimal as no optional output register could be merged into the ram block. Providing additional output register may help in improving timing.
INFO: [Synth 8-7052] The timing for the instance core_ii_8/soc_base_inst/ztachip_inst/core_i/GEN_STREAM_1[3].stream_i1/lookup_i/xpm_memory_spram_inst/xpm_memory_base_inst/gen_wr_a.gen_word_narrow.mem_reg (implemented as a Block RAM) might be sub-optimal as no optional output register could be merged into the ram block. Providing additional output register may help in improving timing.
INFO: [Synth 8-7052] The timing for the instance core_ii_8/soc_base_inst/ztachip_inst/core_i/GEN_STREAM_1[3].stream_i1/lookup_i/xpm_memory_spram_inst/xpm_memory_base_inst/gen_wr_a.gen_word_narrow.mem_reg (implemented as a Block RAM) might be sub-optimal as no optional output register could be merged into the ram block. Providing additional output register may help in improving timing.
INFO: [Synth 8-7052] The timing for the instance core_ii_8/soc_base_inst/ztachip_inst/core_i/GEN_STREAM_1[4].stream_i1/lookup_i/xpm_memory_spram_inst/xpm_memory_base_inst/gen_wr_a.gen_word_narrow.mem_reg (implemented as a Block RAM) might be sub-optimal as no optional output register could be merged into the ram block. Providing additional output register may help in improving timing.
INFO: [Synth 8-7052] The timing for the instance core_ii_8/soc_base_inst/ztachip_inst/core_i/GEN_STREAM_1[4].stream_i1/lookup_i/xpm_memory_spram_inst/xpm_memory_base_inst/gen_wr_a.gen_word_narrow.mem_reg (implemented as a Block RAM) might be sub-optimal as no optional output register could be merged into the ram block. Providing additional output register may help in improving timing.
INFO: [Common 17-14] Message 'Synth 8-7052' appears 100 times and further instances of the messages will be disabled. Use the Tcl command set_msg_config to change the current settings.
---------------------------------------------------------------------------------
Finished Technology Mapping : Time (s): cpu = 00:04:34 ; elapsed = 00:02:53 . Memory (MB): peak = 5171.113 ; gain = 3404.090 ; free physical = 223 ; free virtual = 4122
---------------------------------------------------------------------------------
---------------------------------------------------------------------------------
Start IO Insertion
---------------------------------------------------------------------------------
---------------------------------------------------------------------------------
Start Flattening Before IO Insertion
---------------------------------------------------------------------------------
---------------------------------------------------------------------------------
Finished Flattening Before IO Insertion
---------------------------------------------------------------------------------
---------------------------------------------------------------------------------
Start Final Netlist Cleanup
---------------------------------------------------------------------------------
---------------------------------------------------------------------------------
Finished Final Netlist Cleanup
---------------------------------------------------------------------------------
---------------------------------------------------------------------------------
Finished IO Insertion : Time (s): cpu = 00:04:47 ; elapsed = 00:03:05 . Memory (MB): peak = 5241.160 ; gain = 3474.137 ; free physical = 195 ; free virtual = 4069
---------------------------------------------------------------------------------
---------------------------------------------------------------------------------
Start Renaming Generated Instances
---------------------------------------------------------------------------------
---------------------------------------------------------------------------------
Finished Renaming Generated Instances : Time (s): cpu = 00:04:47 ; elapsed = 00:03:05 . Memory (MB): peak = 5241.160 ; gain = 3474.137 ; free physical = 195 ; free virtual = 4069
---------------------------------------------------------------------------------
---------------------------------------------------------------------------------
Start Rebuilding User Hierarchy
---------------------------------------------------------------------------------
---------------------------------------------------------------------------------
Finished Rebuilding User Hierarchy : Time (s): cpu = 00:04:58 ; elapsed = 00:03:16 . Memory (MB): peak = 5331.996 ; gain = 3564.973 ; free physical = 202 ; free virtual = 3966
---------------------------------------------------------------------------------
---------------------------------------------------------------------------------
Start Renaming Generated Ports
---------------------------------------------------------------------------------
---------------------------------------------------------------------------------
Finished Renaming Generated Ports : Time (s): cpu = 00:04:58 ; elapsed = 00:03:17 . Memory (MB): peak = 5331.996 ; gain = 3564.973 ; free physical = 202 ; free virtual = 3966
---------------------------------------------------------------------------------
---------------------------------------------------------------------------------
Start Handling Custom Attributes
---------------------------------------------------------------------------------
---------------------------------------------------------------------------------
Finished Handling Custom Attributes : Time (s): cpu = 00:05:00 ; elapsed = 00:03:19 . Memory (MB): peak = 5349.840 ; gain = 3582.816 ; free physical = 195 ; free virtual = 3960
---------------------------------------------------------------------------------
---------------------------------------------------------------------------------
Start Renaming Generated Nets
---------------------------------------------------------------------------------
---------------------------------------------------------------------------------
Finished Renaming Generated Nets : Time (s): cpu = 00:05:00 ; elapsed = 00:03:19 . Memory (MB): peak = 5349.840 ; gain = 3582.816 ; free physical = 195 ; free virtual = 3960
---------------------------------------------------------------------------------
---------------------------------------------------------------------------------
Start ROM, RAM, DSP, Shift Register and Retiming Reporting
---------------------------------------------------------------------------------

Static Shift Register Report:
+------------+---------------------------------------------------------------------------------------------------------------------+--------+-------+--------------+--------------------+-------------------+--------+---------+
|Module Name | RTL Name                                                                                                            | Length | Width | Reset Signal | Pull out first Reg | Pull out last Reg | SRL16E | SRLC32E | 
+------------+---------------------------------------------------------------------------------------------------------------------+--------+-------+--------------+--------------------+-------------------+--------+---------+
|main_zc702  | soc_base_inst/ztachip_inst/core_i/dp_wr_mcast_rrrrr_reg[5]                                                          | 5      | 6     | YES          | NO                 | YES               | 6      | 0       | 
|main_zc702  | soc_base_inst/ztachip_inst/GEN1.fpu_i/falu_vector_i/GEN_FPU[0].falu_core_i/falu_i/delay_i/fifo_r_reg[0]             | 12     | 122   | YES          | NO                 | YES               | 122    | 0       | 
|main_zc702  | soc_base_inst/ztachip_inst/GEN1.fpu_i/falu_vector_i/GEN_FPU[0].falu_core_i/falu_i/delay3_i/fifo_r_reg[0]            | 16     | 71    | YES          | NO                 | YES               | 71     | 0       | 
|main_zc702  | soc_base_inst/ztachip_inst/GEN1.fpu_i/falu_vector_i/GEN_FPU[0].falu_core_i/falu_i/output_delay2_i/fifo_r_reg[0]     | 4      | 40    | YES          | NO                 | YES               | 40     | 0       | 
|main_zc702  | soc_base_inst/ztachip_inst/GEN1.fpu_i/falu_vector_i/GEN_FPU[0].falu_core_i/falu_i/delay8_i/fifo_r_reg[0][31]        | 17     | 34    | YES          | NO                 | YES               | 34     | 0       | 
|main_zc702  | soc_base_inst/ztachip_inst/GEN1.fpu_i/falu_vector_i/GEN_FPU[0].falu_core_i/falu_i/B_delay_i/fifo_r_reg[0][31]       | 8      | 222   | YES          | NO                 | YES               | 222    | 0       | 
|main_zc702  | soc_base_inst/ztachip_inst/GEN1.fpu_i/falu_vector_i/GEN_FPU[0].falu_core_i/falu2_i/delay3_i/fifo_r_reg[0]           | 13     | 40    | YES          | NO                 | YES               | 40     | 0       | 
|main_zc702  | soc_base_inst/ztachip_inst/GEN1.fpu_i/falu_vector_i/GEN_FPU[0].falu_core_i/falu2_i/opcode_delay_i/fifo_r_reg[0][2]  | 9      | 6     | YES          | NO                 | YES               | 6      | 0       | 
|main_zc702  | soc_base_inst/ztachip_inst/GEN1.fpu_i/falu_vector_i/delay1_i/fifo_r_reg[0]                                          | 4      | 1     | YES          | NO                 | YES               | 1      | 0       | 
|main_zc702  | soc_base_inst/ztachip_inst/GEN1.fpu_i/falu_vector_i/delay7_i/fifo_r_reg[0][14]                                      | 4      | 15    | YES          | NO                 | YES               | 15     | 0       | 
|main_zc702  | soc_base_inst/ztachip_inst/GEN1.fpu_i/falu_vector_i/delay2_i/fifo_r_reg[0]                                          | 4      | 1     | YES          | NO                 | YES               | 1      | 0       | 
|main_zc702  | soc_base_inst/ztachip_inst/GEN1.fpu_i/falu_vector_i/delay3_i/fifo_r_reg[0]                                          | 4      | 1     | YES          | NO                 | YES               | 1      | 0       | 
|main_zc702  | soc_base_inst/ztachip_inst/GEN1.fpu_i/falu_vector_i/delay5_i/fifo_r_reg[0]                                          | 4      | 1     | YES          | NO                 | YES               | 1      | 0       | 
|main_zc702  | soc_base_inst/ztachip_inst/GEN1.fpu_i/falu_vector_i/delay6_i/fifo_r_reg[0][2]                                       | 4      | 3     | YES          | NO                 | YES               | 3      | 0       | 
|main_zc702  | soc_base_inst/ztachip_inst/GEN1.fpu_i/falu_vector_i/delay10_i/fifo_r_reg[0][3]                                      | 4      | 4     | YES          | NO                 | YES               | 4      | 0       | 
|main_zc702  | soc_base_inst/ztachip_inst/GEN1.fpu_i/falu_vector_i/delay4_i/fifo_r_reg[0][15]                                      | 4      | 16    | YES          | NO                 | YES               | 16     | 0       | 
|main_zc702  | soc_base_inst/ztachip_inst/GEN1.fpu_i/falu_vector_i/delay8_i/fifo_r_reg[0][2]                                       | 4      | 3     | YES          | NO                 | YES               | 3      | 0       | 
|main_zc702  | soc_base_inst/ztachip_inst/core_i/GEN_CELL[0].cell_i/GEN_REG[1].GEN1.pcore_i/instr_decoder2_i/mu_lane_rrrrrr_reg[7] | 6      | 48    | YES          | NO                 | YES               | 48     | 0       | 
|main_zc702  | soc_base_inst/ztachip_inst/core_i/GEN_CELL[0].cell_i/GEN_REG[1].GEN1.pcore_i/instr_decoder2_i/lane_rrr_reg[12]      | 4      | 50    | YES          | NO                 | YES               | 50     | 0       | 
|main_zc702  | soc_base_inst/ztachip_inst/core_i/GEN_CELL[0].cell_i/GEN_REG[1].GEN1.pcore_i/instr_dispatch2_i1/wr_en_delay_r_reg   | 7      | 97    | YES          | NO                 | YES               | 97     | 0       | 
|main_zc702  | soc_base_inst/ztachip_inst/core_i/GEN_CELL[0].cell_i/GEN_REG[1].GEN1.pcore_i/instr_decoder2_i/imu_const_rrr_reg[11] | 5      | 17    | YES          | NO                 | YES               | 17     | 0       | 
|main_zc702  | soc_base_inst/ztachip_inst/core_i/instr_i/instr_fetch_i/tid_rrrrrrrrrrr_reg[15]                                     | 4      | 16    | YES          | NO                 | YES               | 16     | 0       | 
|main_zc702  | soc_base_inst/ztachip_inst/core_i/instr_i/instr_fetch_i/ctrl_opcode_rrrrrrrr_reg[4]                                 | 7      | 5     | YES          | NO                 | YES               | 5      | 0       | 
|main_zc702  | soc_base_inst/ztachip_inst/core_i/instr_i/instr_fetch_i/got_control_rrrrrrrr_reg                                    | 7      | 1     | YES          | NO                 | YES               | 1      | 0       | 
|main_zc702  | soc_base_inst/ztachip_inst/core_i/instr_i/instr_fetch_i/instruction_addr_rr_reg[10]                                 | 4      | 10    | YES          | NO                 | YES               | 10     | 0       | 
|main_zc702  | soc_base_inst/ztachip_inst/core_i/instr_i/instr_fetch_i/ctrl_next_addr_rrrrr_reg[10]                                | 5      | 10    | YES          | NO                 | YES               | 10     | 0       | 
|main_zc702  | soc_base_inst/ztachip_inst/core_i/instr_i/instr_fetch_i/ctrl_goto_addr_rrrrrrrr_reg[10]                             | 7      | 10    | YES          | NO                 | YES               | 10     | 0       | 
|main_zc702  | soc_base_inst/ztachip_inst/core_i/dp_readdatavalid2_rrrrrr_reg                                                      | 6      | 1     | YES          | NO                 | YES               | 1      | 0       | 
|main_zc702  | soc_base_inst/ztachip_inst/core_i/dp_read_gen_valid2_rrrrrr_reg                                                     | 6      | 1     | YES          | NO                 | YES               | 1      | 0       | 
|main_zc702  | soc_base_inst/ztachip_inst/core_i/dp_read_stream2_rrrrr_reg                                                         | 4      | 1     | YES          | NO                 | YES               | 1      | 0       | 
|main_zc702  | soc_base_inst/ztachip_inst/core_i/dp_readdata2_rrrrr_reg[119]                                                       | 4      | 96    | YES          | NO                 | YES               | 96     | 0       | 
|main_zc702  | soc_base_inst/ztachip_inst/core_i/dp_read_data_flow2_rrrrr_reg[1]                                                   | 5      | 2     | YES          | NO                 | YES               | 2      | 0       | 
|main_zc702  | soc_base_inst/ztachip_inst/core_i/dp_readdata_vm_rrrrrr_reg                                                         | 6      | 1     | YES          | NO                 | YES               | 1      | 0       | 
|main_zc702  | soc_base_inst/ztachip_inst/core_i/dp_write_stream_rrrrr_reg                                                         | 5      | 1     | YES          | NO                 | YES               | 1      | 0       | 
|main_zc702  | soc_base_inst/ztachip_inst/core_i/dp_writedata_rrrrr_reg[127]                                                       | 4      | 64    | YES          | NO                 | YES               | 64     | 0       | 
|main_zc702  | soc_base_inst/ztachip_inst/sram_i/axi_ifc_i/delay_i1/fifo_r_reg[0]                                                  | 4      | 1     | YES          | NO                 | YES               | 1      | 0       | 
|main_zc702  | soc_base_inst/ztachip_inst/sram_i/axi_ifc_i/delay_i2/fifo_r_reg[0]                                                  | 4      | 1     | YES          | NO                 | YES               | 1      | 0       | 
|main_zc702  | soc_base_inst/ztachip_inst/sram_i/read_source_1_rrrr_reg[1]                                                         | 4      | 2     | YES          | NO                 | YES               | 2      | 0       | 
|main_zc702  | soc_base_inst/ztachip_inst/sram_i/read_source_0_rrrr_reg[1]                                                         | 4      | 2     | YES          | NO                 | YES               | 2      | 0       | 
|main_zc702  | soc_base_inst/ztachip_inst/sram_i/dp_read_vm_rrrr_reg                                                               | 4      | 1     | YES          | NO                 | YES               | 1      | 0       | 
+------------+---------------------------------------------------------------------------------------------------------------------+--------+-------+--------------+--------------------+-------------------+--------+---------+

---------------------------------------------------------------------------------
Finished ROM, RAM, DSP, Shift Register and Retiming Reporting
---------------------------------------------------------------------------------
---------------------------------------------------------------------------------
Start Writing Synthesis Report
---------------------------------------------------------------------------------

DSP Final Report (the ' indicates corresponding REG is set)
+------------+-------------+--------+--------+--------+--------+--------+------+------+------+------+-------+------+------+
|Module Name | DSP Mapping | A Size | B Size | C Size | D Size | P Size | AREG | BREG | CREG | DREG | ADREG | MREG | PREG | 
+------------+-------------+--------+--------+--------+--------+--------+------+------+------+------+-------+------+------+
|VexRiscv    | ((A*B)')'   | 30     | 18     | -      | -      | 32     | 0    | 0    | -    | -    | -     | 1    | 1    | 
|VexRiscv    | (A*B)'      | 16     | 18     | -      | -      | 34     | 0    | 0    | -    | -    | -     | 1    | 0    | 
|VexRiscv    | (A*B)'      | 30     | 16     | -      | -      | 34     | 0    | 0    | -    | -    | -     | 1    | 0    | 
|VexRiscv    | (A*B)'      | 16     | 16     | -      | -      | 32     | 0    | 0    | -    | -    | -     | 1    | 0    | 
|multiplier  | Dynamic     | -      | -      | -      | -      | 32     | -    | -    | -    | -    | -     | 1    | 1    | 
|multiplier  | Dynamic     | -      | -      | -      | -      | 32     | -    | -    | -    | -    | -     | 1    | 1    | 
|multiplier  | Dynamic     | -      | -      | -      | -      | 32     | -    | -    | -    | -    | -     | 1    | 1    | 
|multiplier  | Dynamic     | -      | -      | -      | -      | 32     | -    | -    | -    | -    | -     | 1    | 1    | 
|multiplier  | Dynamic     | -      | -      | -      | -      | 32     | -    | -    | -    | -    | -     | 1    | 1    | 
|multiplier  | Dynamic     | -      | -      | -      | -      | 32     | -    | -    | -    | -    | -     | 1    | 1    | 
|multiplier  | Dynamic     | -      | -      | -      | -      | 32     | -    | -    | -    | -    | -     | 1    | 1    | 
|multiplier  | Dynamic     | -      | -      | -      | -      | 32     | -    | -    | -    | -    | -     | 1    | 1    | 
|multiplier  | (A*B)'      | 30     | 18     | -      | -      | 13     | 0    | 0    | -    | -    | -     | 1    | 0    | 
|multiplier  | Dynamic     | -      | -      | -      | -      | 32     | -    | -    | -    | -    | -     | 1    | 1    | 
|multiplier  | Dynamic     | -      | -      | -      | -      | 32     | -    | -    | -    | -    | -     | 1    | 1    | 
|multiplier  | Dynamic     | -      | -      | -      | -      | 32     | -    | -    | -    | -    | -     | 1    | 1    | 
|multiplier  | Dynamic     | -      | -      | -      | -      | 32     | -    | -    | -    | -    | -     | 1    | 1    | 
|multiplier  | Dynamic     | -      | -      | -      | -      | 32     | -    | -    | -    | -    | -     | 1    | 1    | 
|multiplier  | Dynamic     | -      | -      | -      | -      | 32     | -    | -    | -    | -    | -     | 1    | 1    | 
|multiplier  | Dynamic     | -      | -      | -      | -      | 32     | -    | -    | -    | -    | -     | 1    | 1    | 
|multiplier  | Dynamic     | -      | -      | -      | -      | 32     | -    | -    | -    | -    | -     | 1    | 1    | 
|multiplier  | (A*B)'      | 30     | 18     | -      | -      | 13     | 0    | 0    | -    | -    | -     | 1    | 0    | 
|multiplier  | Dynamic     | -      | -      | -      | -      | 32     | -    | -    | -    | -    | -     | 1    | 1    | 
|multiplier  | Dynamic     | -      | -      | -      | -      | 32     | -    | -    | -    | -    | -     | 1    | 1    | 
|multiplier  | Dynamic     | -      | -      | -      | -      | 32     | -    | -    | -    | -    | -     | 1    | 1    | 
|multiplier  | Dynamic     | -      | -      | -      | -      | 32     | -    | -    | -    | -    | -     | 1    | 1    | 
|multiplier  | Dynamic     | -      | -      | -      | -      | 32     | -    | -    | -    | -    | -     | 1    | 1    | 
|multiplier  | Dynamic     | -      | -      | -      | -      | 32     | -    | -    | -    | -    | -     | 1    | 1    | 
|multiplier  | Dynamic     | -      | -      | -      | -      | 32     | -    | -    | -    | -    | -     | 1    | 1    | 
|multiplier  | Dynamic     | -      | -      | -      | -      | 32     | -    | -    | -    | -    | -     | 1    | 1    | 
|multiplier  | (A*B)'      | 30     | 18     | -      | -      | 13     | 0    | 0    | -    | -    | -     | 1    | 0    | 
|multiplier  | Dynamic     | -      | -      | -      | -      | 32     | -    | -    | -    | -    | -     | 1    | 1    | 
|multiplier  | Dynamic     | -      | -      | -      | -      | 32     | -    | -    | -    | -    | -     | 1    | 1    | 
|multiplier  | Dynamic     | -      | -      | -      | -      | 32     | -    | -    | -    | -    | -     | 1    | 1    | 
|multiplier  | Dynamic     | -      | -      | -      | -      | 32     | -    | -    | -    | -    | -     | 1    | 1    | 
|multiplier  | Dynamic     | -      | -      | -      | -      | 32     | -    | -    | -    | -    | -     | 1    | 1    | 
|multiplier  | Dynamic     | -      | -      | -      | -      | 32     | -    | -    | -    | -    | -     | 1    | 1    | 
|multiplier  | Dynamic     | -      | -      | -      | -      | 32     | -    | -    | -    | -    | -     | 1    | 1    | 
|multiplier  | Dynamic     | -      | -      | -      | -      | 32     | -    | -    | -    | -    | -     | 1    | 1    | 
|multiplier  | (A*B)'      | 30     | 18     | -      | -      | 13     | 0    | 0    | -    | -    | -     | 1    | 0    | 
|multiplier  | (A*B)'      | 30     | 5      | -      | -      | 24     | 0    | 0    | -    | -    | -     | 0    | 1    | 
|multiplier  | (A*B)'      | 30     | 5      | -      | -      | 24     | 0    | 0    | -    | -    | -     | 0    | 1    | 
|multiplier  | (A*B)'      | 30     | 5      | -      | -      | 24     | 0    | 0    | -    | -    | -     | 0    | 1    | 
|multiplier  | (A*B)'      | 30     | 5      | -      | -      | 24     | 0    | 0    | -    | -    | -     | 0    | 1    | 
|multiplier  | (A*B)'      | 30     | 5      | -      | -      | 24     | 0    | 0    | -    | -    | -     | 0    | 1    | 
|multiplier  | (A*B)'      | 30     | 5      | -      | -      | 24     | 0    | 0    | -    | -    | -     | 0    | 1    | 
|multiplier  | (A*B)'      | 30     | 5      | -      | -      | 24     | 0    | 0    | -    | -    | -     | 0    | 1    | 
|multiplier  | (A*B)'      | 30     | 5      | -      | -      | 24     | 0    | 0    | -    | -    | -     | 0    | 1    | 
|multiplier  | (A*B)'      | 30     | 5      | -      | -      | 24     | 0    | 0    | -    | -    | -     | 0    | 1    | 
|multiplier  | (A*B)'      | 30     | 5      | -      | -      | 24     | 0    | 0    | -    | -    | -     | 0    | 1    | 
|multiplier  | (A*B)'      | 30     | 5      | -      | -      | 24     | 0    | 0    | -    | -    | -     | 0    | 1    | 
|multiplier  | (A*B)'      | 30     | 5      | -      | -      | 24     | 0    | 0    | -    | -    | -     | 0    | 1    | 
|multiplier  | (A*B)'      | 30     | 5      | -      | -      | 24     | 0    | 0    | -    | -    | -     | 0    | 1    | 
|multiplier  | (A*B)'      | 30     | 5      | -      | -      | 24     | 0    | 0    | -    | -    | -     | 0    | 1    | 
|multiplier  | (A*B)'      | 30     | 5      | -      | -      | 24     | 0    | 0    | -    | -    | -     | 0    | 1    | 
|multiplier  | (A*B)'      | 30     | 5      | -      | -      | 24     | 0    | 0    | -    | -    | -     | 0    | 1    | 
+------------+-------------+--------+--------+--------+--------+--------+------+------+------+------+-------+------+------+


Report BlackBoxes: 
+------+--------------+----------+
|      |BlackBox name |Instances |
+------+--------------+----------+
|1     |clk_mmcm      |         1|
|2     |float_addsub  |         9|
|3     |float_mul     |         4|
+------+--------------+----------+

Report Cell Usage: 
+------+-------------+------+
|      |Cell         |Count |
+------+-------------+------+
|1     |clk_mmcm     |     1|
|2     |float_addsub |     9|
|11    |float_mul    |     4|
|15    |BIBUF        |   130|
|16    |BUFG         |     4|
|17    |CARRY4       |  2006|
|18    |DSP48E1      |    56|
|22    |LUT1         |  1360|
|23    |LUT2         |  6585|
|24    |LUT3         | 12227|
|25    |LUT4         |  8601|
|26    |LUT5         |  8353|
|27    |LUT6         | 15897|
|28    |MUXF7        |   747|
|29    |MUXF8        |   233|
|30    |PS7          |     1|
|31    |RAM32M       |    92|
|32    |RAM32X1D     |     7|
|33    |RAMB18E1     |    48|
|38    |RAMB36E1     |   107|
|42    |SRL16E       |  1024|
|43    |FDCE         | 42874|
|44    |FDPE         |   372|
|45    |FDRE         | 10357|
|46    |LD           |  2233|
|47    |OBUF         |     1|
+------+-------------+------+
---------------------------------------------------------------------------------
Finished Writing Synthesis Report : Time (s): cpu = 00:05:00 ; elapsed = 00:03:19 . Memory (MB): peak = 5349.840 ; gain = 3582.816 ; free physical = 195 ; free virtual = 3960
---------------------------------------------------------------------------------
Synthesis finished with 0 errors, 0 critical warnings and 801 warnings.
Synthesis Optimization Runtime : Time (s): cpu = 00:04:32 ; elapsed = 00:03:09 . Memory (MB): peak = 5353.754 ; gain = 3054.285 ; free physical = 6470 ; free virtual = 10235
Synthesis Optimization Complete : Time (s): cpu = 00:05:00 ; elapsed = 00:03:24 . Memory (MB): peak = 5353.754 ; gain = 3586.730 ; free physical = 6470 ; free virtual = 10218
INFO: [Project 1-571] Translating synthesized netlist
Netlist sorting complete. Time (s): cpu = 00:00:00.78 ; elapsed = 00:00:00.78 . Memory (MB): peak = 5353.754 ; gain = 0.000 ; free physical = 6491 ; free virtual = 10240
INFO: [Netlist 29-17] Analyzing 5529 Unisim elements for replacement
INFO: [Netlist 29-28] Unisim Transformation completed in 0 CPU seconds
INFO: [Project 1-570] Preparing netlist for logic optimization
INFO: [Opt 31-138] Pushed 0 inverter(s) to 0 load pin(s).
Netlist sorting complete. Time (s): cpu = 00:00:00.02 ; elapsed = 00:00:00.03 . Memory (MB): peak = 5451.426 ; gain = 0.000 ; free physical = 6463 ; free virtual = 10212
INFO: [Project 1-111] Unisim Transformation Summary:
  A total of 2332 instances were transformed.
  LD => LDCE: 2233 instances
  RAM32M => RAM32M (RAMD32(x6), RAMS32(x2)): 92 instances
  RAM32X1D => RAM32X1D (RAMD32(x2)): 7 instances

Synth Design complete | Checksum: 47cb9bce
INFO: [Common 17-83] Releasing license: Synthesis
1355 Infos, 0 Warnings, 1 Critical Warnings and 0 Errors encountered.
synth_design completed successfully
synth_design: Time (s): cpu = 00:05:19 ; elapsed = 00:03:42 . Memory (MB): peak = 5451.461 ; gain = 3829.328 ; free physical = 6464 ; free virtual = 10214
INFO: [Common 17-2834] synth_design peak Physical Memory [PSS] (MB): overall = 10313.828; main = 4481.904; forked = 6740.849
INFO: [Common 17-2834] synth_design peak Virtual Memory [VSS] (MB): overall = 19599.035; main = 5451.430; forked = 14927.863
Write ShapeDB Complete: Time (s): cpu = 00:00:00.25 ; elapsed = 00:00:00.09 . Memory (MB): peak = 5475.438 ; gain = 0.000 ; free physical = 6453 ; free virtual = 10212
INFO: [Common 17-1381] The checkpoint '/home/eslam-elshokafy/Desktop/AIDAChip_Workshop_01/ztachip/HW/examples/ZC702/ztachip_zc702.runs/synth_1/main_zc702.dcp' has been generated.
write_checkpoint: Time (s): cpu = 00:00:08 ; elapsed = 00:00:07 . Memory (MB): peak = 5475.438 ; gain = 23.977 ; free physical = 6305 ; free virtual = 10223
INFO: [Vivado 12-24828] Executing command : report_utilization -file main_zc702_utilization_synth.rpt -pb main_zc702_utilization_synth.pb
INFO: [Common 17-206] Exiting Vivado at Sat Jun 20 20:30:56 2026...
[Sat Jun 20 20:30:57 2026] synth_1 finished
wait_on_runs: Time (s): cpu = 00:05:50 ; elapsed = 00:03:57 . Memory (MB): peak = 12298.535 ; gain = 0.000 ; free physical = 10774 ; free virtual = 14432
# if {[get_property PROGRESS [get_runs synth_1]] != "100%"} {
#    puts "ERROR: synthesis did not finish (status [get_property STATUS [get_runs synth_1]])."
#    return
# }
# puts "INFO: launching implementation + write_bitstream..."
INFO: launching implementation + write_bitstream...
# launch_runs impl_1 -to_step write_bitstream -jobs $JOBS
INFO: [Vivado 12-4149] The synthesis checkpoint for IP '/home/eslam-elshokafy/Desktop/AIDAChip_Workshop_01/ztachip/HW/examples/ZC702/ztachip_zc702.srcs/sources_1/ip/clk_mmcm/clk_mmcm.xci' is already up-to-date
[Sat Jun 20 20:30:57 2026] Launched impl_1...
Run output will be captured here: /home/eslam-elshokafy/Desktop/AIDAChip_Workshop_01/ztachip/HW/examples/ZC702/ztachip_zc702.runs/impl_1/runme.log
# wait_on_run impl_1
[Sat Jun 20 20:30:57 2026] Waiting for impl_1 to finish...
[Sat Jun 20 20:31:02 2026] Waiting for impl_1 to finish...
[Sat Jun 20 20:31:07 2026] Waiting for impl_1 to finish...
[Sat Jun 20 20:31:12 2026] Waiting for impl_1 to finish...
[Sat Jun 20 20:31:22 2026] Waiting for impl_1 to finish...
[Sat Jun 20 20:31:32 2026] Waiting for impl_1 to finish...
[Sat Jun 20 20:31:42 2026] Waiting for impl_1 to finish...
[Sat Jun 20 20:31:52 2026] Waiting for impl_1 to finish...
[Sat Jun 20 20:32:12 2026] Waiting for impl_1 to finish...
[Sat Jun 20 20:32:32 2026] Waiting for impl_1 to finish...
[Sat Jun 20 20:32:52 2026] Waiting for impl_1 to finish...
[Sat Jun 20 20:33:12 2026] Waiting for impl_1 to finish...
[Sat Jun 20 20:33:52 2026] Waiting for impl_1 to finish...
[Sat Jun 20 20:34:32 2026] Waiting for impl_1 to finish...
[Sat Jun 20 20:35:12 2026] Waiting for impl_1 to finish...
[Sat Jun 20 20:35:52 2026] Waiting for impl_1 to finish...
[Sat Jun 20 20:37:12 2026] Waiting for impl_1 to finish...
[Sat Jun 20 20:38:33 2026] Waiting for impl_1 to finish...
[Sat Jun 20 20:39:53 2026] Waiting for impl_1 to finish...
[Sat Jun 20 20:41:13 2026] Waiting for impl_1 to finish...

*** Running vivado
    with args -log main_zc702.vdi -applog -m64 -product Vivado -messageDb vivado.pb -mode batch -source main_zc702.tcl -notrace


****** Vivado v2025.2 (64-bit)
  **** SW Build 6299465 on Fri Nov 14 12:34:56 MST 2025
  **** IP Build 6300035 on Fri Nov 14 10:48:45 MST 2025
  **** SharedData Build 6298862 on Thu Nov 13 04:50:51 MST 2025
  **** Start of session at: Sat Jun 20 20:31:00 2026
    ** Copyright 1986-2022 Xilinx, Inc. All Rights Reserved.
    ** Copyright 2022-2025 Advanced Micro Devices, Inc. All Rights Reserved.

source main_zc702.tcl -notrace
CRITICAL WARNING: [Common 17-1355] You are suppressing all messages of type 'WARNING'. You may potentially disregard important DRC, CDC, and implementation messages that can negatively impact your design.  If this is not desired, please run 'reset_msg_config -suppress -severity {WARNING}' to undo this change.
Command: link_design -top main_zc702 -part xc7z020clg484-1
Design is defaulting to srcset: sources_1
Design is defaulting to constrset: constrs_1
INFO: [Device 21-403] Loading part xc7z020clg484-1
INFO: [Project 1-5699] Read binary netlist with skipMacroContent - 1
INFO: [Project 1-454] Reading design checkpoint '/home/eslam-elshokafy/Desktop/AIDAChip_Workshop_01/ztachip/HW/examples/ZC702/ztachip_zc702.gen/sources_1/ip/clk_mmcm/clk_mmcm.dcp' for cell 'clk_mmcm_inst'
INFO: [Project 1-454] Reading design checkpoint '/home/eslam-elshokafy/Desktop/AIDAChip_Workshop_01/ztachip/HW/examples/ZC702/ztachip_zc702.gen/sources_1/ip/float_addsub/float_addsub.dcp' for cell 'soc_base_inst/ztachip_inst/GEN1.fpu_i/falu_vector_i/GEN_FPU[0].falu_core_i/falu2_i/sum_1/float_addsub_inst'
INFO: [Project 1-454] Reading design checkpoint '/home/eslam-elshokafy/Desktop/AIDAChip_Workshop_01/ztachip/HW/examples/ZC702/ztachip_zc702.gen/sources_1/ip/float_mul/float_mul.dcp' for cell 'soc_base_inst/ztachip_inst/GEN1.fpu_i/falu_vector_i/GEN_FPU[0].falu_core_i/falu_i/stage_1/float_mul_inst'
Netlist sorting complete. Time (s): cpu = 00:00:00.6 ; elapsed = 00:00:00.6 . Memory (MB): peak = 1938.836 ; gain = 0.000 ; free physical = 9786 ; free virtual = 13490
INFO: [Netlist 29-17] Analyzing 3550 Unisim elements for replacement
INFO: [Netlist 29-28] Unisim Transformation completed in 0 CPU seconds
INFO: [Project 1-479] Netlist was created with Vivado 2025.2
INFO: [Project 1-570] Preparing netlist for logic optimization
Parsing XDC File [/home/eslam-elshokafy/Desktop/AIDAChip_Workshop_01/ztachip/HW/examples/ZC702/ztachip_zc702.gen/sources_1/ip/clk_mmcm/clk_mmcm_board.xdc] for cell 'clk_mmcm_inst/inst'
Finished Parsing XDC File [/home/eslam-elshokafy/Desktop/AIDAChip_Workshop_01/ztachip/HW/examples/ZC702/ztachip_zc702.gen/sources_1/ip/clk_mmcm/clk_mmcm_board.xdc] for cell 'clk_mmcm_inst/inst'
Parsing XDC File [/home/eslam-elshokafy/Desktop/AIDAChip_Workshop_01/ztachip/HW/examples/ZC702/ztachip_zc702.gen/sources_1/ip/clk_mmcm/clk_mmcm.xdc] for cell 'clk_mmcm_inst/inst'
Finished Parsing XDC File [/home/eslam-elshokafy/Desktop/AIDAChip_Workshop_01/ztachip/HW/examples/ZC702/ztachip_zc702.gen/sources_1/ip/clk_mmcm/clk_mmcm.xdc] for cell 'clk_mmcm_inst/inst'
Parsing XDC File [/home/eslam-elshokafy/Desktop/AIDAChip_Workshop_01/ztachip/HW/examples/ZC702/ztachip_zc702.gen/sources_1/bd/zynq_system/ip/zynq_system_processing_system7_0_0/zynq_system_processing_system7_0_0.xdc] for cell 'ps_inst/zynq_system_i/processing_system7_0/inst'
Finished Parsing XDC File [/home/eslam-elshokafy/Desktop/AIDAChip_Workshop_01/ztachip/HW/examples/ZC702/ztachip_zc702.gen/sources_1/bd/zynq_system/ip/zynq_system_processing_system7_0_0/zynq_system_processing_system7_0_0.xdc] for cell 'ps_inst/zynq_system_i/processing_system7_0/inst'
Parsing XDC File [/home/eslam-elshokafy/Desktop/AIDAChip_Workshop_01/ztachip/HW/examples/ZC702/main_zc702.xdc]
Finished Parsing XDC File [/home/eslam-elshokafy/Desktop/AIDAChip_Workshop_01/ztachip/HW/examples/ZC702/main_zc702.xdc]
INFO: [Project 1-538] Using original IP XDC constraints instead of the XDC constraints in dcp '/home/eslam-elshokafy/Desktop/AIDAChip_Workshop_01/ztachip/HW/examples/ZC702/ztachip_zc702.gen/sources_1/ip/clk_mmcm/clk_mmcm.dcp'
INFO: [Project 1-1714] 97 XPM XDC files have been applied to the design.
INFO: [Opt 31-138] Pushed 0 inverter(s) to 0 load pin(s).
INFO: [Project 1-1687] 5 scoped IP constraints or related sub-commands were skipped due to synthesis logic optimizations usually triggered by constant connectivity or unconnected output pins. To review the skipped constraints and messages, run the command 'set_param netlist.IPMsgFiltering false' before opening the design.
Netlist sorting complete. Time (s): cpu = 00:00:00.02 ; elapsed = 00:00:00.01 . Memory (MB): peak = 2781.738 ; gain = 0.000 ; free physical = 9107 ; free virtual = 12811
INFO: [Project 1-111] Unisim Transformation Summary:
  A total of 99 instances were transformed.
  RAM32M => RAM32M (RAMD32(x6), RAMS32(x2)): 92 instances
  RAM32X1D => RAM32X1D (RAMD32(x2)): 7 instances

14 Infos, 0 Warnings, 1 Critical Warnings and 0 Errors encountered.
link_design completed successfully
link_design: Time (s): cpu = 00:00:22 ; elapsed = 00:00:18 . Memory (MB): peak = 2781.773 ; gain = 1162.609 ; free physical = 9107 ; free virtual = 12811
Command: opt_design -directive Explore
INFO: [Vivado_Tcl 4-136] Directive used for opt_design is: Explore
Attempting to get a license for feature 'Implementation' and/or device 'xc7z020'
INFO: [Common 17-349] Got license for feature 'Implementation' and/or device 'xc7z020'
Running DRC as a precondition to command opt_design

Starting DRC Task
INFO: [DRC 23-27] Running DRC with 8 threads
INFO: [Project 1-461] DRC finished with 0 Errors
INFO: [Project 1-462] Please refer to the DRC report (report_drc) for more information.

Time (s): cpu = 00:00:01 ; elapsed = 00:00:00.37 . Memory (MB): peak = 2781.773 ; gain = 0.000 ; free physical = 9098 ; free virtual = 12802

Starting Logic Optimization Task

Phase 1 Initialization

Phase 1.1 Core Generation And Design Setup
Phase 1.1 Core Generation And Design Setup | Checksum: 16c38248f

Time (s): cpu = 00:00:00.08 ; elapsed = 00:00:00.08 . Memory (MB): peak = 2984.551 ; gain = 0.000 ; free physical = 8856 ; free virtual = 12563

Phase 1.2 Setup Constraints And Sort Netlist
Phase 1.2 Setup Constraints And Sort Netlist | Checksum: 16c38248f

Time (s): cpu = 00:00:00.11 ; elapsed = 00:00:00.12 . Memory (MB): peak = 2984.551 ; gain = 0.000 ; free physical = 8856 ; free virtual = 12563
Phase 1 Initialization | Checksum: 16c38248f

Time (s): cpu = 00:00:00.12 ; elapsed = 00:00:00.12 . Memory (MB): peak = 2984.551 ; gain = 0.000 ; free physical = 8856 ; free virtual = 12563

Phase 2 Timer Update And Timing Data Collection

Phase 2.1 Detect if minReqCache needed
Phase 2.1 Detect if minReqCache needed | Checksum: 16c38248f

Time (s): cpu = 00:00:00.15 ; elapsed = 00:00:00.16 . Memory (MB): peak = 3000.551 ; gain = 16.000 ; free physical = 8825 ; free virtual = 12531

Phase 2.2 Timer Update
INFO: [Timing 38-35] Done setting XDC timing constraints.
Phase 2.2 Timer Update | Checksum: 16c38248f

Time (s): cpu = 00:00:07 ; elapsed = 00:00:02 . Memory (MB): peak = 3097.363 ; gain = 112.812 ; free physical = 8726 ; free virtual = 12431

Phase 2.3 Timing Data Collection
Phase 2.3 Timing Data Collection | Checksum: 16c38248f

Time (s): cpu = 00:00:07 ; elapsed = 00:00:02 . Memory (MB): peak = 3097.363 ; gain = 112.812 ; free physical = 8722 ; free virtual = 12427
Phase 2 Timer Update And Timing Data Collection | Checksum: 16c38248f

Time (s): cpu = 00:00:07 ; elapsed = 00:00:02 . Memory (MB): peak = 3097.363 ; gain = 112.812 ; free physical = 8722 ; free virtual = 12427

Phase 3 Retarget
INFO: [Opt 31-1851] Number of loadless carry chains removed were: 0
INFO: [Opt 31-1834] Total Chains To Be Transformed Were: 0 AND Number of Transformed insts Created are: 0
INFO: [Opt 31-1566] Pulled 25 inverters resulting in an inversion of 571 pins
INFO: [Opt 31-138] Pushed 14 inverter(s) to 146 load pin(s).
INFO: [Opt 31-49] Retargeted 0 cell(s).
Phase 3 Retarget | Checksum: 2733c51e8

Time (s): cpu = 00:00:08 ; elapsed = 00:00:03 . Memory (MB): peak = 3097.363 ; gain = 112.812 ; free physical = 8724 ; free virtual = 12428
Retarget | Checksum: 2733c51e8
INFO: [Opt 31-389] Phase Retarget created 237 cells and removed 322 cells
INFO: [Opt 31-1021] In phase Retarget, 6 netlist objects are constrained preventing optimization. Please run opt_design with -debug_log to get more detail. 

Phase 4 Constant propagation
INFO: [Opt 31-138] Pushed 0 inverter(s) to 0 load pin(s).
Phase 4 Constant propagation | Checksum: 248733a2f

Time (s): cpu = 00:00:09 ; elapsed = 00:00:04 . Memory (MB): peak = 3097.363 ; gain = 112.812 ; free physical = 8723 ; free virtual = 12428
Constant propagation | Checksum: 248733a2f
INFO: [Opt 31-389] Phase Constant propagation created 124 cells and removed 154 cells

Phase 5 Sweep
INFO: [Constraints 18-11670] Building netlist checker database with flags, 0x8
Done building netlist checker database: Time (s): cpu = 00:00:00.02 ; elapsed = 00:00:00.02 . Memory (MB): peak = 3097.363 ; gain = 0.000 ; free physical = 8723 ; free virtual = 12428
INFO: [Constraints 18-11670] Building netlist checker database with flags, 0x8
Done building netlist checker database: Time (s): cpu = 00:00:00.01 ; elapsed = 00:00:00.01 . Memory (MB): peak = 3097.363 ; gain = 0.000 ; free physical = 8724 ; free virtual = 12430
Phase 5 Sweep | Checksum: 23c9f0ae3

Time (s): cpu = 00:00:10 ; elapsed = 00:00:05 . Memory (MB): peak = 3097.363 ; gain = 112.812 ; free physical = 8724 ; free virtual = 12430
Sweep | Checksum: 23c9f0ae3
INFO: [Opt 31-389] Phase Sweep created 0 cells and removed 172 cells

Phase 6 BUFG optimization
INFO: [Opt 31-129] Inserted BUFG to drive high-fanout reset|set|enable net. BUFG cell: ps_inst/io_asyncReset_BUFG_inst, Net: ps_inst/io_asyncReset
Phase 6 BUFG optimization | Checksum: 22c44860b

Time (s): cpu = 00:00:11 ; elapsed = 00:00:06 . Memory (MB): peak = 3129.379 ; gain = 144.828 ; free physical = 8728 ; free virtual = 12433
BUFG optimization | Checksum: 22c44860b
INFO: [Opt 31-662] Phase BUFG optimization created 1 cells of which 1 are BUFGs and removed 1 cells.

Phase 7 Shift Register Optimization
INFO: [Opt 31-1064] SRL Remap converted 0 SRLs to 0 registers and converted 0 registers of register chains to 0 SRLs
Phase 7 Shift Register Optimization | Checksum: 22c44860b

Time (s): cpu = 00:00:11 ; elapsed = 00:00:06 . Memory (MB): peak = 3129.379 ; gain = 144.828 ; free physical = 8728 ; free virtual = 12433
Shift Register Optimization | Checksum: 22c44860b
INFO: [Opt 31-389] Phase Shift Register Optimization created 0 cells and removed 0 cells
INFO: [Opt 31-1555] control_set_opt supports Versal devices only, and device 7z020 is unsupported

Phase 8 Post Processing Netlist
Phase 8 Post Processing Netlist | Checksum: 2337d88f8

Time (s): cpu = 00:00:11 ; elapsed = 00:00:06 . Memory (MB): peak = 3129.379 ; gain = 144.828 ; free physical = 8728 ; free virtual = 12433
Post Processing Netlist | Checksum: 2337d88f8
INFO: [Opt 31-389] Phase Post Processing Netlist created 0 cells and removed 0 cells

Phase 9 Finalization

Phase 9.1 Finalizing Design Cores and Updating Shapes
Phase 9.1 Finalizing Design Cores and Updating Shapes | Checksum: 17e9871d0

Time (s): cpu = 00:00:13 ; elapsed = 00:00:08 . Memory (MB): peak = 3129.379 ; gain = 144.828 ; free physical = 8726 ; free virtual = 12430

Phase 9.2 Verifying Netlist Connectivity

Starting Connectivity Check Task

Time (s): cpu = 00:00:00.1 ; elapsed = 00:00:00.11 . Memory (MB): peak = 3129.379 ; gain = 0.000 ; free physical = 8727 ; free virtual = 12431
Phase 9.2 Verifying Netlist Connectivity | Checksum: 17e9871d0

Time (s): cpu = 00:00:14 ; elapsed = 00:00:08 . Memory (MB): peak = 3129.379 ; gain = 144.828 ; free physical = 8727 ; free virtual = 12431
Phase 9 Finalization | Checksum: 17e9871d0

Time (s): cpu = 00:00:14 ; elapsed = 00:00:08 . Memory (MB): peak = 3129.379 ; gain = 144.828 ; free physical = 8727 ; free virtual = 12431
Opt_design Change Summary
=========================


-------------------------------------------------------------------------------------------------------------------------
|  Phase                        |  #Cells created  |  #Cells Removed  |  #Constrained objects preventing optimizations  |
-------------------------------------------------------------------------------------------------------------------------
|  Retarget                     |             237  |             322  |                                              6  |
|  Constant propagation         |             124  |             154  |                                              0  |
|  Sweep                        |               0  |             172  |                                              0  |
|  BUFG optimization            |               1  |               1  |                                              0  |
|  Shift Register Optimization  |               0  |               0  |                                              0  |
|  Post Processing Netlist      |               0  |               0  |                                              0  |
-------------------------------------------------------------------------------------------------------------------------


Ending Logic Optimization Task | Checksum: 17e9871d0

Time (s): cpu = 00:00:14 ; elapsed = 00:00:08 . Memory (MB): peak = 3129.379 ; gain = 144.828 ; free physical = 8727 ; free virtual = 12431
Netlist sorting complete. Time (s): cpu = 00:00:00.01 ; elapsed = 00:00:00.01 . Memory (MB): peak = 3129.379 ; gain = 0.000 ; free physical = 8727 ; free virtual = 12431
INFO: [Common 17-83] Releasing license: Implementation
39 Infos, 0 Warnings, 1 Critical Warnings and 0 Errors encountered.
opt_design completed successfully
opt_design: Time (s): cpu = 00:00:17 ; elapsed = 00:00:10 . Memory (MB): peak = 3129.379 ; gain = 347.605 ; free physical = 8727 ; free virtual = 12431
INFO: [Vivado 12-24828] Executing command : report_drc -file main_zc702_drc_opted.rpt -pb main_zc702_drc_opted.pb -rpx main_zc702_drc_opted.rpx
Command: report_drc -file main_zc702_drc_opted.rpt -pb main_zc702_drc_opted.pb -rpx main_zc702_drc_opted.rpx
INFO: [IP_Flow 19-1839] IP Catalog is up to date.
INFO: [DRC 23-27] Running DRC with 8 threads
INFO: [Vivado_Tcl 2-168] The results of DRC are in file /home/eslam-elshokafy/Desktop/AIDAChip_Workshop_01/ztachip/HW/examples/ZC702/ztachip_zc702.runs/impl_1/main_zc702_drc_opted.rpt.
report_drc completed successfully
INFO: [Timing 38-480] Writing timing data to binary archive.
Wrote PlaceDB: Time (s): cpu = 00:00:00 ; elapsed = 00:00:00 . Memory (MB): peak = 3129.379 ; gain = 0.000 ; free physical = 8729 ; free virtual = 12437
Wrote PulsedLatchDB: Time (s): cpu = 00:00:00 ; elapsed = 00:00:00 . Memory (MB): peak = 3129.379 ; gain = 0.000 ; free physical = 8729 ; free virtual = 12437
Writing XDEF routing.
Writing XDEF routing logical nets.
Write ShapeDB Complete: Time (s): cpu = 00:00:00.42 ; elapsed = 00:00:00.09 . Memory (MB): peak = 3129.379 ; gain = 0.000 ; free physical = 8722 ; free virtual = 12436
Writing XDEF routing special nets.
Wrote RouteStorage: Time (s): cpu = 00:00:00.67 ; elapsed = 00:00:00.16 . Memory (MB): peak = 3129.379 ; gain = 0.000 ; free physical = 8717 ; free virtual = 12436
Wrote PlaceStorage: Time (s): cpu = 00:00:00.02 ; elapsed = 00:00:00 . Memory (MB): peak = 3129.379 ; gain = 0.000 ; free physical = 8717 ; free virtual = 12436
Wrote Netlist Cache: Time (s): cpu = 00:00:00 ; elapsed = 00:00:00 . Memory (MB): peak = 3129.379 ; gain = 0.000 ; free physical = 8717 ; free virtual = 12436
Wrote Device Cache: Time (s): cpu = 00:00:00.02 ; elapsed = 00:00:00.01 . Memory (MB): peak = 3129.379 ; gain = 0.000 ; free physical = 8717 ; free virtual = 12437
Write Physdb Complete: Time (s): cpu = 00:00:00.72 ; elapsed = 00:00:00.17 . Memory (MB): peak = 3129.379 ; gain = 0.000 ; free physical = 8717 ; free virtual = 12437
INFO: [Common 17-1381] The checkpoint '/home/eslam-elshokafy/Desktop/AIDAChip_Workshop_01/ztachip/HW/examples/ZC702/ztachip_zc702.runs/impl_1/main_zc702_opt.dcp' has been generated.
Command: place_design -directive Explore
Attempting to get a license for feature 'Implementation' and/or device 'xc7z020'
INFO: [Common 17-349] Got license for feature 'Implementation' and/or device 'xc7z020'
INFO: [Common 17-83] Releasing license: Implementation
INFO: [DRC 23-27] Running DRC with 8 threads
INFO: [Vivado_Tcl 4-198] DRC finished with 0 Errors
INFO: [Vivado_Tcl 4-199] Please refer to the DRC report (report_drc) for more information.
INFO: [Timing 38-35] Done setting XDC timing constraints.
INFO: [Vivado_Tcl 4-2302] The placer was invoked with the 'Explore' directive.
Running DRC as a precondition to command place_design
INFO: [DRC 23-27] Running DRC with 8 threads
INFO: [Vivado_Tcl 4-198] DRC finished with 0 Errors, 42 Warnings, 9 Advisories
INFO: [Vivado_Tcl 4-199] Please refer to the DRC report (report_drc) for more information.
INFO: [Place 30-611] Multithreading enabled for place_design using a maximum of 8 CPUs

Starting Placer Task

Phase 1 Placer Initialization

Phase 1.1 Placer Initialization Netlist Sorting
Netlist sorting complete. Time (s): cpu = 00:00:00.02 ; elapsed = 00:00:00.01 . Memory (MB): peak = 3217.422 ; gain = 0.000 ; free physical = 8696 ; free virtual = 12415
Phase 1.1 Placer Initialization Netlist Sorting | Checksum: 11022e4ae

Time (s): cpu = 00:00:00.04 ; elapsed = 00:00:00.03 . Memory (MB): peak = 3217.422 ; gain = 0.000 ; free physical = 8696 ; free virtual = 12415
Netlist sorting complete. Time (s): cpu = 00:00:00.02 ; elapsed = 00:00:00.02 . Memory (MB): peak = 3217.422 ; gain = 0.000 ; free physical = 8696 ; free virtual = 12415

Phase 1.2 IO Placement/ Clock Placement/ Build Placer Device
Phase 1.2 IO Placement/ Clock Placement/ Build Placer Device | Checksum: 163be8e02

Time (s): cpu = 00:00:06 ; elapsed = 00:00:03 . Memory (MB): peak = 3217.422 ; gain = 0.000 ; free physical = 8711 ; free virtual = 12434

Phase 1.3 Build Placer Netlist Model
Phase 1.3 Build Placer Netlist Model | Checksum: 1dfef9c9d

Time (s): cpu = 00:00:30 ; elapsed = 00:00:13 . Memory (MB): peak = 3361.828 ; gain = 144.406 ; free physical = 8460 ; free virtual = 12187

Phase 1.4 Constrain Clocks/Macros
Phase 1.4 Constrain Clocks/Macros | Checksum: 1dfef9c9d

Time (s): cpu = 00:00:30 ; elapsed = 00:00:13 . Memory (MB): peak = 3361.828 ; gain = 144.406 ; free physical = 8460 ; free virtual = 12187
Phase 1 Placer Initialization | Checksum: 1dfef9c9d

Time (s): cpu = 00:00:30 ; elapsed = 00:00:13 . Memory (MB): peak = 3361.828 ; gain = 144.406 ; free physical = 8460 ; free virtual = 12187

Phase 2 Global Placement

Phase 2.1 Floorplanning
Phase 2.1 Floorplanning | Checksum: 20bbedbab

Time (s): cpu = 00:00:44 ; elapsed = 00:00:16 . Memory (MB): peak = 3404.703 ; gain = 187.281 ; free physical = 8488 ; free virtual = 12213

Phase 2.2 Update Timing before SLR Path Opt
Phase 2.2 Update Timing before SLR Path Opt | Checksum: 2109de4dd

Time (s): cpu = 00:00:58 ; elapsed = 00:00:18 . Memory (MB): peak = 3481.703 ; gain = 264.281 ; free physical = 8387 ; free virtual = 12112

Phase 2.3 Post-Processing in Floorplanning
Phase 2.3 Post-Processing in Floorplanning | Checksum: 2109de4dd

Time (s): cpu = 00:00:58 ; elapsed = 00:00:19 . Memory (MB): peak = 3481.703 ; gain = 264.281 ; free physical = 8387 ; free virtual = 12112

Phase 2.4 Global Place Phase1
Phase 2.4 Global Place Phase1 | Checksum: 1fa658be2

Time (s): cpu = 00:02:12 ; elapsed = 00:00:44 . Memory (MB): peak = 3534.609 ; gain = 317.188 ; free physical = 8350 ; free virtual = 12075

Phase 2.5 Global Place Phase2

Phase 2.5.1 UpdateTiming Before Physical Synthesis
Phase 2.5.1 UpdateTiming Before Physical Synthesis | Checksum: 13f21a6b8

Time (s): cpu = 00:02:25 ; elapsed = 00:00:46 . Memory (MB): peak = 3791.609 ; gain = 574.188 ; free physical = 8076 ; free virtual = 11801

Phase 2.5.2 Physical Synthesis In Placer
INFO: [Physopt 32-1035] Found 5 LUTNM shape to break, 2606 LUT instances to create LUTNM shape
INFO: [Physopt 32-1044] Break lutnm for timing: one critical 5, two critical 0, total 5, new lutff created 0
INFO: [Physopt 32-1138] End 1 Pass. Optimized 1143 nets or LUTs. Breaked 5 LUTs, combined 1138 existing LUTs and moved 0 existing LUT
INFO: [Physopt 32-1408] Pass 1. Identified 1 candidate net for high-fanout optimization.
INFO: [Physopt 32-81] Processed net soc_base_inst/ztachip_inst/dp_1_i/dp0_i/dp_fetch_1_i/fifo_i/GEN1.fifo_i/w_avail_r_reg_n_0. Replicated 6 times.
INFO: [Physopt 32-232] Optimized 1 net. Created 6 new instances.
INFO: [Physopt 32-775] End 1 Pass. Optimized 1 net or cell. Created 6 new cells, deleted 0 existing cell and moved 0 existing cell
Netlist sorting complete. Time (s): cpu = 00:00:00.04 ; elapsed = 00:00:00.04 . Memory (MB): peak = 3793.594 ; gain = 0.000 ; free physical = 8054 ; free virtual = 11779
INFO: [Physopt 32-456] No candidate cells for DSP register optimization found in the design.
INFO: [Physopt 32-775] End 2 Pass. Optimized 0 net or cell. Created 0 new cell, deleted 0 existing cell and moved 0 existing cell
INFO: [Physopt 32-1123] No candidate cells found for Shift Register to Pipeline optimization
INFO: [Physopt 32-775] End 2 Pass. Optimized 0 net or cell. Created 0 new cell, deleted 0 existing cell and moved 0 existing cell
INFO: [Physopt 32-1401] No candidate cells found for Shift Register optimization.
INFO: [Physopt 32-677] No candidate cells for Shift Register optimization found in the design
INFO: [Physopt 32-775] End 1 Pass. Optimized 0 net or cell. Created 0 new cell, deleted 0 existing cell and moved 0 existing cell
INFO: [Physopt 32-526] No candidate cells for BRAM register optimization found in the design
INFO: [Physopt 32-775] End 1 Pass. Optimized 0 net or cell. Created 0 new cell, deleted 0 existing cell and moved 0 existing cell
INFO: [Physopt 32-846] No candidate cells for URAM register optimization found in the design
INFO: [Physopt 32-775] End 1 Pass. Optimized 0 net or cell. Created 0 new cell, deleted 0 existing cell and moved 0 existing cell
INFO: [Physopt 32-846] No candidate cells for URAM register optimization found in the design
INFO: [Physopt 32-775] End 1 Pass. Optimized 0 net or cell. Created 0 new cell, deleted 0 existing cell and moved 0 existing cell
INFO: [Physopt 32-949] No candidate nets found for dynamic/static region interface net replication
INFO: [Physopt 32-775] End 1 Pass. Optimized 0 net or cell. Created 0 new cell, deleted 0 existing cell and moved 0 existing cell
Netlist sorting complete. Time (s): cpu = 00:00:00.01 ; elapsed = 00:00:00.01 . Memory (MB): peak = 3793.594 ; gain = 0.000 ; free physical = 8054 ; free virtual = 11779

Summary of Physical Synthesis Optimizations
============================================


-----------------------------------------------------------------------------------------------------------------------------------------------------------
|  Optimization                                     |  Added Cells  |  Removed Cells  |  Optimized Cells/Nets  |  Dont Touch  |  Iterations  |  Elapsed   |
-----------------------------------------------------------------------------------------------------------------------------------------------------------
|  LUT Combining                                    |            5  |           1138  |                  1143  |           0  |           1  |  00:00:01  |
|  Retime                                           |            0  |              0  |                     0  |           0  |           1  |  00:00:00  |
|  Very High Fanout                                 |            6  |              0  |                     1  |           0  |           1  |  00:00:00  |
|  DSP Register                                     |            0  |              0  |                     0  |           0  |           1  |  00:00:00  |
|  Shift Register to Pipeline                       |            0  |              0  |                     0  |           0  |           1  |  00:00:00  |
|  Shift Register                                   |            0  |              0  |                     0  |           0  |           1  |  00:00:00  |
|  BRAM Register                                    |            0  |              0  |                     0  |           0  |           1  |  00:00:00  |
|  URAM Register                                    |            0  |              0  |                     0  |           0  |           1  |  00:00:00  |
|  Dynamic/Static Region Interface Net Replication  |            0  |              0  |                     0  |           0  |           1  |  00:00:00  |
|  Total                                            |           11  |           1138  |                  1144  |           0  |           9  |  00:00:02  |
-----------------------------------------------------------------------------------------------------------------------------------------------------------


Phase 2.5.2 Physical Synthesis In Placer | Checksum: 21ed5418d

Time (s): cpu = 00:02:38 ; elapsed = 00:00:51 . Memory (MB): peak = 3825.609 ; gain = 608.188 ; free physical = 8058 ; free virtual = 11783
Phase 2.5 Global Place Phase2 | Checksum: 1588b48f5

Time (s): cpu = 00:02:49 ; elapsed = 00:00:56 . Memory (MB): peak = 3825.609 ; gain = 608.188 ; free physical = 8059 ; free virtual = 11785
Phase 2 Global Placement | Checksum: 1588b48f5

Time (s): cpu = 00:02:49 ; elapsed = 00:00:56 . Memory (MB): peak = 3825.609 ; gain = 608.188 ; free physical = 8059 ; free virtual = 11785

Phase 3 Detail Placement

Phase 3.1 Commit Multi Column Macros
Phase 3.1 Commit Multi Column Macros | Checksum: 2049a072c

Time (s): cpu = 00:03:00 ; elapsed = 00:00:58 . Memory (MB): peak = 3825.609 ; gain = 608.188 ; free physical = 8061 ; free virtual = 11786

Phase 3.2 Commit Most Macros & LUTRAMs
Phase 3.2 Commit Most Macros & LUTRAMs | Checksum: 1ce33e600

Time (s): cpu = 00:03:17 ; elapsed = 00:01:03 . Memory (MB): peak = 3825.609 ; gain = 608.188 ; free physical = 8063 ; free virtual = 11789

Phase 3.3 Area Swap Optimization
Phase 3.3 Area Swap Optimization | Checksum: 1582fbc9a

Time (s): cpu = 00:03:18 ; elapsed = 00:01:03 . Memory (MB): peak = 3825.609 ; gain = 608.188 ; free physical = 8063 ; free virtual = 11789

Phase 3.4 Pipeline Register Optimization
Phase 3.4 Pipeline Register Optimization | Checksum: 198b3ba63

Time (s): cpu = 00:03:19 ; elapsed = 00:01:04 . Memory (MB): peak = 3825.609 ; gain = 608.188 ; free physical = 8063 ; free virtual = 11789

Phase 3.5 Fast Optimization
Phase 3.5 Fast Optimization | Checksum: 11fcdedf3

Time (s): cpu = 00:03:43 ; elapsed = 00:01:08 . Memory (MB): peak = 3825.609 ; gain = 608.188 ; free physical = 8069 ; free virtual = 11795

Phase 3.6 Small Shape Detail Placement
Phase 3.6 Small Shape Detail Placement | Checksum: 1badff18d

Time (s): cpu = 00:04:10 ; elapsed = 00:01:34 . Memory (MB): peak = 3825.609 ; gain = 608.188 ; free physical = 8070 ; free virtual = 11798

Phase 3.7 Re-assign LUT pins
Phase 3.7 Re-assign LUT pins | Checksum: 1cf107ced

Time (s): cpu = 00:04:14 ; elapsed = 00:01:38 . Memory (MB): peak = 3825.609 ; gain = 608.188 ; free physical = 8071 ; free virtual = 11798

Phase 3.8 Pipeline Register Optimization
Phase 3.8 Pipeline Register Optimization | Checksum: 1291ab2ac

Time (s): cpu = 00:04:16 ; elapsed = 00:01:39 . Memory (MB): peak = 3825.609 ; gain = 608.188 ; free physical = 8071 ; free virtual = 11798
Phase 3 Detail Placement | Checksum: 1291ab2ac

Time (s): cpu = 00:04:16 ; elapsed = 00:01:39 . Memory (MB): peak = 3825.609 ; gain = 608.188 ; free physical = 8071 ; free virtual = 11798

Phase 4 Post Placement Optimization and Clean-Up

Phase 4.1 Post Commit Optimization
INFO: [Timing 38-35] Done setting XDC timing constraints.

Phase 4.1.1 Post Placement Optimization
Post Placement Optimization Initialization | Checksum: 143f27423

Phase 4.1.1.1 BUFG Insertion

Starting Physical Synthesis Task

Phase 1 Physical Synthesis Initialization
INFO: [Physopt 32-721] Multithreading enabled for phys_opt_design using a maximum of 8 CPUs
INFO: [Physopt 32-619] Estimated Timing Summary | WNS=-1.515 | TNS=-53.300 |
Phase 1 Physical Synthesis Initialization | Checksum: 141862ce7

Time (s): cpu = 00:00:03 ; elapsed = 00:00:00.82 . Memory (MB): peak = 3825.609 ; gain = 0.000 ; free physical = 8070 ; free virtual = 11796
INFO: [Place 46-33] Processed net ps_inst/PS7_i_0[0], BUFG insertion was skipped due to placement/routing conflicts.
INFO: [Place 46-33] Processed net soc_base_inst/ztachip_inst/dp_1_i/dp0_i/dp_fetch_1_i/fifo_i/GEN1.fifo_i/writeready_out, BUFG insertion was skipped due to placement/routing conflicts.
INFO: [Place 46-33] Processed net soc_base_inst/ztachip_inst/dp_1_i/dp0_i/dp_fetch_1_i/fifo_i/GEN1.fifo_i/fifo_i/E[0], BUFG insertion was skipped due to placement/routing conflicts.
INFO: [Place 46-33] Processed net soc_base_inst/ztachip_inst/dp_1_i/dp0_i/dp_fetch_1_i/fifo_i/readdata1_r[1631]_i_1_n_0, BUFG insertion was skipped due to placement/routing conflicts.
INFO: [Place 46-33] Processed net soc_base_inst/ztachip_inst/dp_1_i/dp0_i/dp_fetch_1_i/fifo_i/readdata2_r[1631]_i_1_n_0, BUFG insertion was skipped due to placement/routing conflicts.
INFO: [Place 46-33] Processed net soc_base_inst/ztachip_inst/dp_1_i/dp0_i/dp_gen_core_i/dp_gen_primary_i/i___379_n_0, BUFG insertion was skipped due to placement/routing conflicts.
INFO: [Place 46-33] Processed net soc_base_inst/ztachip_inst/dp_1_i/dp0_i/dp_gen_core_i/dp_gen_secondary_i/instruction_valid_rr_reg[1], BUFG insertion was skipped due to placement/routing conflicts.
INFO: [Place 46-56] BUFG insertion identified 7 candidate nets. Inserted BUFG: 0, Replicated BUFG Driver: 0, Skipped due to Placement/Routing Conflicts: 7, Skipped due to Timing Degradation: 0, Skipped due to netlist editing failed: 0.
Ending Physical Synthesis Task | Checksum: 19682f2e2

Time (s): cpu = 00:00:05 ; elapsed = 00:00:02 . Memory (MB): peak = 3825.609 ; gain = 0.000 ; free physical = 8071 ; free virtual = 11797
Phase 4.1.1.1 BUFG Insertion | Checksum: 143f27423

Time (s): cpu = 00:04:53 ; elapsed = 00:01:50 . Memory (MB): peak = 3825.609 ; gain = 608.188 ; free physical = 8071 ; free virtual = 11797

Phase 4.1.1.2 Post Placement Timing Optimization
INFO: [Place 30-746] Post Placement Timing Summary WNS=0.000. For the most accurate timing information please run report_timing.
Phase 4.1.1.2 Post Placement Timing Optimization | Checksum: 1c1df0232

Time (s): cpu = 00:05:47 ; elapsed = 00:02:10 . Memory (MB): peak = 3825.609 ; gain = 608.188 ; free physical = 8070 ; free virtual = 11796

Time (s): cpu = 00:05:47 ; elapsed = 00:02:10 . Memory (MB): peak = 3825.609 ; gain = 608.188 ; free physical = 8070 ; free virtual = 11796
Phase 4.1 Post Commit Optimization | Checksum: 1c1df0232

Time (s): cpu = 00:05:47 ; elapsed = 00:02:11 . Memory (MB): peak = 3825.609 ; gain = 608.188 ; free physical = 8070 ; free virtual = 11796

Phase 4.2 Post Placement Cleanup
Phase 4.2 Post Placement Cleanup | Checksum: 1c1df0232

Time (s): cpu = 00:05:48 ; elapsed = 00:02:11 . Memory (MB): peak = 3825.609 ; gain = 608.188 ; free physical = 8070 ; free virtual = 11796

Phase 4.3 Placer Reporting

Phase 4.3.1 Print Estimated Congestion
INFO: [Place 30-612] Post-Placement Estimated Congestion 
 ____________________________________________________
|           | Global Congestion | Short Congestion  |
| Direction | Region Size       | Region Size       |
|___________|___________________|___________________|
|      North|                2x2|                8x8|
|___________|___________________|___________________|
|      South|                2x2|                4x4|
|___________|___________________|___________________|
|       East|                2x2|                4x4|
|___________|___________________|___________________|
|       West|                4x4|                4x4|
|___________|___________________|___________________|

Phase 4.3.1 Print Estimated Congestion | Checksum: 1c1df0232

Time (s): cpu = 00:05:49 ; elapsed = 00:02:11 . Memory (MB): peak = 3825.609 ; gain = 608.188 ; free physical = 8070 ; free virtual = 11796
Phase 4.3 Placer Reporting | Checksum: 1c1df0232

Time (s): cpu = 00:05:49 ; elapsed = 00:02:11 . Memory (MB): peak = 3825.609 ; gain = 608.188 ; free physical = 8070 ; free virtual = 11796

Phase 4.4 Final Placement Cleanup
Netlist sorting complete. Time (s): cpu = 00:00:00.04 ; elapsed = 00:00:00.04 . Memory (MB): peak = 3825.609 ; gain = 0.000 ; free physical = 8070 ; free virtual = 11796

Time (s): cpu = 00:05:49 ; elapsed = 00:02:11 . Memory (MB): peak = 3825.609 ; gain = 608.188 ; free physical = 8070 ; free virtual = 11796
Phase 4 Post Placement Optimization and Clean-Up | Checksum: 18b7173cf

Time (s): cpu = 00:05:49 ; elapsed = 00:02:12 . Memory (MB): peak = 3825.609 ; gain = 608.188 ; free physical = 8070 ; free virtual = 11796
Ending Placer Task | Checksum: 133e431b3

Time (s): cpu = 00:05:50 ; elapsed = 00:02:12 . Memory (MB): peak = 3825.609 ; gain = 608.188 ; free physical = 8070 ; free virtual = 11796
91 Infos, 0 Warnings, 1 Critical Warnings and 0 Errors encountered.
place_design completed successfully
place_design: Time (s): cpu = 00:05:58 ; elapsed = 00:02:16 . Memory (MB): peak = 3825.609 ; gain = 696.230 ; free physical = 8069 ; free virtual = 11796
INFO: [Vivado 12-24838] Running report commands "report_control_sets, report_io, report_utilization" in parallel.
Running report generation with 3 threads.
INFO: [Vivado 12-24828] Executing command : report_io -file main_zc702_io_placed.rpt
report_io: Time (s): cpu = 00:00:00.3 ; elapsed = 00:00:00.15 . Memory (MB): peak = 3825.609 ; gain = 0.000 ; free physical = 8065 ; free virtual = 11792
INFO: [Vivado 12-24828] Executing command : report_control_sets -verbose -file main_zc702_control_sets_placed.rpt
report_control_sets: Time (s): cpu = 00:00:00.44 ; elapsed = 00:00:00.27 . Memory (MB): peak = 3825.609 ; gain = 0.000 ; free physical = 8052 ; free virtual = 11779
INFO: [Vivado 12-24828] Executing command : report_utilization -file main_zc702_utilization_placed.rpt -pb main_zc702_utilization_placed.pb
INFO: [Timing 38-480] Writing timing data to binary archive.
Wrote PlaceDB: Time (s): cpu = 00:00:00 ; elapsed = 00:00:00 . Memory (MB): peak = 3825.609 ; gain = 0.000 ; free physical = 8048 ; free virtual = 11778
Wrote PulsedLatchDB: Time (s): cpu = 00:00:00 ; elapsed = 00:00:00 . Memory (MB): peak = 3825.609 ; gain = 0.000 ; free physical = 8048 ; free virtual = 11778
Writing XDEF routing.
Writing XDEF routing logical nets.
Writing XDEF routing special nets.
Wrote RouteStorage: Time (s): cpu = 00:00:00.72 ; elapsed = 00:00:00.15 . Memory (MB): peak = 3825.609 ; gain = 0.000 ; free physical = 8040 ; free virtual = 11779
Write ShapeDB Complete: Time (s): cpu = 00:00:00.84 ; elapsed = 00:00:00.17 . Memory (MB): peak = 3825.609 ; gain = 0.000 ; free physical = 8036 ; free virtual = 11783
Wrote PlaceStorage: Time (s): cpu = 00:00:06 ; elapsed = 00:00:02 . Memory (MB): peak = 3825.609 ; gain = 0.000 ; free physical = 7961 ; free virtual = 11771
Wrote Netlist Cache: Time (s): cpu = 00:00:00.15 ; elapsed = 00:00:00.08 . Memory (MB): peak = 3825.609 ; gain = 0.000 ; free physical = 7952 ; free virtual = 11772
Wrote Device Cache: Time (s): cpu = 00:00:00.02 ; elapsed = 00:00:00.01 . Memory (MB): peak = 3825.609 ; gain = 0.000 ; free physical = 7952 ; free virtual = 11773
Write Physdb Complete: Time (s): cpu = 00:00:07 ; elapsed = 00:00:02 . Memory (MB): peak = 3825.609 ; gain = 0.000 ; free physical = 7952 ; free virtual = 11773
INFO: [Common 17-1381] The checkpoint '/home/eslam-elshokafy/Desktop/AIDAChip_Workshop_01/ztachip/HW/examples/ZC702/ztachip_zc702.runs/impl_1/main_zc702_placed.dcp' has been generated.
Command: phys_opt_design -directive Explore
Attempting to get a license for feature 'Implementation' and/or device 'xc7z020'
INFO: [Common 17-349] Got license for feature 'Implementation' and/or device 'xc7z020'
INFO: [Vivado_Tcl 4-137] Directive used for phys_opt_design is: Explore

Starting Initial Update Timing Task

Time (s): cpu = 00:00:27 ; elapsed = 00:00:06 . Memory (MB): peak = 3825.609 ; gain = 0.000 ; free physical = 8029 ; free virtual = 11786
INFO: [Vivado_Tcl 4-2279] Estimated Timing Summary | WNS= 0.000 | TNS= 0.000 | 
INFO: [Vivado_Tcl 4-383] Design worst setup slack (WNS) is greater than or equal to 0.000 ns. All physical synthesis setup optimizations will be skipped.
INFO: [Vivado_Tcl 4-232] No setup violation found. The netlist was not modified.
INFO: [Common 17-83] Releasing license: Implementation
103 Infos, 0 Warnings, 1 Critical Warnings and 0 Errors encountered.
phys_opt_design completed successfully
phys_opt_design: Time (s): cpu = 00:00:27 ; elapsed = 00:00:06 . Memory (MB): peak = 3825.609 ; gain = 0.000 ; free physical = 8029 ; free virtual = 11786
INFO: [Timing 38-480] Writing timing data to binary archive.
Wrote PlaceDB: Time (s): cpu = 00:00:00 ; elapsed = 00:00:00 . Memory (MB): peak = 3825.609 ; gain = 0.000 ; free physical = 8029 ; free virtual = 11787
Wrote PulsedLatchDB: Time (s): cpu = 00:00:00 ; elapsed = 00:00:00 . Memory (MB): peak = 3825.609 ; gain = 0.000 ; free physical = 8029 ; free virtual = 11787
Writing XDEF routing.
Writing XDEF routing logical nets.
Writing XDEF routing special nets.
Wrote RouteStorage: Time (s): cpu = 00:00:00.75 ; elapsed = 00:00:00.15 . Memory (MB): peak = 3825.609 ; gain = 0.000 ; free physical = 8010 ; free virtual = 11783
Write ShapeDB Complete: Time (s): cpu = 00:00:00.75 ; elapsed = 00:00:00.15 . Memory (MB): peak = 3825.609 ; gain = 0.000 ; free physical = 8010 ; free virtual = 11783
Wrote PlaceStorage: Time (s): cpu = 00:00:06 ; elapsed = 00:00:02 . Memory (MB): peak = 3825.609 ; gain = 0.000 ; free physical = 7931 ; free virtual = 11772
Wrote Netlist Cache: Time (s): cpu = 00:00:00.15 ; elapsed = 00:00:00.07 . Memory (MB): peak = 3825.609 ; gain = 0.000 ; free physical = 7923 ; free virtual = 11773
Wrote Device Cache: Time (s): cpu = 00:00:00.01 ; elapsed = 00:00:00.01 . Memory (MB): peak = 3825.609 ; gain = 0.000 ; free physical = 7923 ; free virtual = 11774
Write Physdb Complete: Time (s): cpu = 00:00:07 ; elapsed = 00:00:02 . Memory (MB): peak = 3825.609 ; gain = 0.000 ; free physical = 7923 ; free virtual = 11774
INFO: [Common 17-1381] The checkpoint '/home/eslam-elshokafy/Desktop/AIDAChip_Workshop_01/ztachip/HW/examples/ZC702/ztachip_zc702.runs/impl_1/main_zc702_physopt.dcp' has been generated.
Command: route_design -directive Explore -tns_cleanup
Attempting to get a license for feature 'Implementation' and/or device 'xc7z020'
INFO: [Common 17-349] Got license for feature 'Implementation' and/or device 'xc7z020'


Starting Routing Task
INFO: [Route 35-270] Using Router directive 'Explore'.
INFO: [Route 35-254] Multithreading enabled for route_design using a maximum of 8 CPUs

Phase 1 Build RT Design
Checksum: PlaceDB: b020fafe ConstDB: 0 ShapeSum: 6dc9c3c5 RouteDB: 15f972f0
Post Restoration Checksum: NetGraph: 74c3b941 | NumContArr: e928f2f8 | Constraints: c2a8fa9d | Timing: c2a8fa9d
Phase 1 Build RT Design | Checksum: 2e33ea173

Time (s): cpu = 00:00:51 ; elapsed = 00:00:18 . Memory (MB): peak = 3825.609 ; gain = 0.000 ; free physical = 8009 ; free virtual = 11797

Phase 2 Router Initialization

Phase 2.1 Fix Topology Constraints
Phase 2.1 Fix Topology Constraints | Checksum: 2e33ea173

Time (s): cpu = 00:00:52 ; elapsed = 00:00:19 . Memory (MB): peak = 3825.609 ; gain = 0.000 ; free physical = 8008 ; free virtual = 11797

Phase 2.2 Pre Route Cleanup
Phase 2.2 Pre Route Cleanup | Checksum: 2e33ea173

Time (s): cpu = 00:00:52 ; elapsed = 00:00:19 . Memory (MB): peak = 3825.609 ; gain = 0.000 ; free physical = 8008 ; free virtual = 11797

Phase 2.3 Update Timing
Phase 2.3 Update Timing | Checksum: 29843d2aa

Time (s): cpu = 00:01:38 ; elapsed = 00:00:30 . Memory (MB): peak = 3825.609 ; gain = 0.000 ; free physical = 8008 ; free virtual = 11797
INFO: [Route 35-416] Intermediate Timing Summary | WNS=-0.008 | TNS=-0.008 | WHS=-0.553 | THS=-1499.764|


Phase 2.4 Soft Constraint Pins - Fast Budgeting
Phase 2.4 Soft Constraint Pins - Fast Budgeting | Checksum: 290e541a3

Time (s): cpu = 00:01:55 ; elapsed = 00:00:35 . Memory (MB): peak = 3825.609 ; gain = 0.000 ; free physical = 8008 ; free virtual = 11797

Router Utilization Summary
  Global Vertical Routing Utilization    = 0 %
  Global Horizontal Routing Utilization  = 0 %
  Routable Net Status*
  *Does not include unroutable nets such as driverless and loadless.
  Run report_route_status for detailed report.
  Number of Failed Nets               = 96775
    (Failed Nets is the sum of unrouted and partially routed nets)
  Number of Unrouted Nets             = 96774
  Number of Partially Routed Nets     = 1
  Number of Node Overlaps             = 11

Phase 2 Router Initialization | Checksum: 26a3b5134

Time (s): cpu = 00:01:56 ; elapsed = 00:00:35 . Memory (MB): peak = 3825.609 ; gain = 0.000 ; free physical = 8007 ; free virtual = 11796

Phase 3 Global Routing
Phase 3 Global Routing | Checksum: 26a3b5134

Time (s): cpu = 00:01:56 ; elapsed = 00:00:35 . Memory (MB): peak = 3825.609 ; gain = 0.000 ; free physical = 8007 ; free virtual = 11796

Phase 4 Initial Routing

Phase 4.1 Initial Net Routing Pass
Phase 4.1 Initial Net Routing Pass | Checksum: 259c77567

Time (s): cpu = 00:05:25 ; elapsed = 00:01:20 . Memory (MB): peak = 3825.609 ; gain = 0.000 ; free physical = 7982 ; free virtual = 11772
Phase 4 Initial Routing | Checksum: 259c77567

Time (s): cpu = 00:05:25 ; elapsed = 00:01:20 . Memory (MB): peak = 3825.609 ; gain = 0.000 ; free physical = 7982 ; free virtual = 11772
INFO: [Route 35-580] Design has 1 pins with tight setup and hold constraints.

The top 5 pins with tight setup and hold constraints:

+====================+===================+===================================================================================================+
| Launch Setup Clock | Launch Hold Clock | Pin                                                                                               |
+====================+===================+===================================================================================================+
| clk_out1_clk_mmcm  | clk_out1_clk_mmcm | soc_base_inst/cpu_inst/system_cpu/zz_IBusCachedPlugin_iBusRsp_stages_1_output_m2sPipe_valid_reg/D |
+--------------------+-------------------+---------------------------------------------------------------------------------------------------+

File with complete list of pins: tight_setup_hold_pins.txt


Phase 5 Rip-up And Reroute

Phase 5.1 Global Iteration 0
 Number of Nodes with overlaps = 14362
 Number of Nodes with overlaps = 2093
 Number of Nodes with overlaps = 684
 Number of Nodes with overlaps = 273
 Number of Nodes with overlaps = 125
 Number of Nodes with overlaps = 43
 Number of Nodes with overlaps = 18
 Number of Nodes with overlaps = 8
 Number of Nodes with overlaps = 4
 Number of Nodes with overlaps = 1
 Number of Nodes with overlaps = 0
INFO: [Route 35-416] Intermediate Timing Summary | WNS=-0.332 | TNS=-1.057 | WHS=N/A    | THS=N/A    |

Phase 5.1 Global Iteration 0 | Checksum: 1883e91c0

Time (s): cpu = 00:11:48 ; elapsed = 00:03:32 . Memory (MB): peak = 5928.594 ; gain = 2102.984 ; free physical = 5849 ; free virtual = 9640

Phase 5.2 Global Iteration 1
 Number of Nodes with overlaps = 1264
 Number of Nodes with overlaps = 168
 Number of Nodes with overlaps = 51
 Number of Nodes with overlaps = 32
 Number of Nodes with overlaps = 16
 Number of Nodes with overlaps = 9
 Number of Nodes with overlaps = 4
 Number of Nodes with overlaps = 1
 Number of Nodes with overlaps = 2
 Number of Nodes with overlaps = 2
 Number of Nodes with overlaps = 1
 Number of Nodes with overlaps = 0
INFO: [Route 35-416] Intermediate Timing Summary | WNS=-0.133 | TNS=-0.252 | WHS=N/A    | THS=N/A    |

Phase 5.2 Global Iteration 1 | Checksum: 259d97018

Time (s): cpu = 00:13:01 ; elapsed = 00:04:11 . Memory (MB): peak = 5928.594 ; gain = 2102.984 ; free physical = 5850 ; free virtual = 9640

Phase 5.3 Global Iteration 2
 Number of Nodes with overlaps = 806
 Number of Nodes with overlaps = 159
 Number of Nodes with overlaps = 52
 Number of Nodes with overlaps = 37
 Number of Nodes with overlaps = 28
 Number of Nodes with overlaps = 16
 Number of Nodes with overlaps = 5
 Number of Nodes with overlaps = 5
 Number of Nodes with overlaps = 5
 Number of Nodes with overlaps = 6
 Number of Nodes with overlaps = 1
 Number of Nodes with overlaps = 1
 Number of Nodes with overlaps = 1
 Number of Nodes with overlaps = 1
 Number of Nodes with overlaps = 2
 Number of Nodes with overlaps = 0
INFO: [Route 35-416] Intermediate Timing Summary | WNS=-0.026 | TNS=-0.026 | WHS=N/A    | THS=N/A    |

Phase 5.3 Global Iteration 2 | Checksum: 1fcaf1179

Time (s): cpu = 00:14:10 ; elapsed = 00:04:55 . Memory (MB): peak = 5928.594 ; gain = 2102.984 ; free physical = 5851 ; free virtual = 9642

Phase 5.4 Global Iteration 3
 Number of Nodes with overlaps = 669
 Number of Nodes with overlaps = 129
 Number of Nodes with overlaps = 73
 Number of Nodes with overlaps = 41
 Number of Nodes with overlaps = 26
 Number of Nodes with overlaps = 12
 Number of Nodes with overlaps = 7
 Number of Nodes with overlaps = 1
 Number of Nodes with overlaps = 2
 Number of Nodes with overlaps = 1
 Number of Nodes with overlaps = 0
INFO: [Route 35-416] Intermediate Timing Summary | WNS=-0.026 | TNS=-0.026 | WHS=N/A    | THS=N/A    |

Phase 5.4 Global Iteration 3 | Checksum: 1ab17ca29

Time (s): cpu = 00:14:43 ; elapsed = 00:05:13 . Memory (MB): peak = 5928.594 ; gain = 2102.984 ; free physical = 5853 ; free virtual = 9643
Phase 5 Rip-up And Reroute | Checksum: 1ab17ca29

Time (s): cpu = 00:14:44 ; elapsed = 00:05:13 . Memory (MB): peak = 5928.594 ; gain = 2102.984 ; free physical = 5853 ; free virtual = 9643

Phase 6 Delay and Skew Optimization

Phase 6.1 TNS Cleanup

Phase 6.1.1 Delay CleanUp

Phase 6.1.1.1 Update Timing
Phase 6.1.1.1 Update Timing | Checksum: 212e4cd17

Time (s): cpu = 00:14:49 ; elapsed = 00:05:15 . Memory (MB): peak = 5928.594 ; gain = 2102.984 ; free physical = 5853 ; free virtual = 9643
INFO: [Route 35-416] Intermediate Timing Summary | WNS=-0.026 | TNS=-0.026 | WHS=N/A    | THS=N/A    |

 Number of Nodes with overlaps = 0

Phase 6.1.1.2 Update Timing
Phase 6.1.1.2 Update Timing | Checksum: 29f6510ce

Time (s): cpu = 00:14:51 ; elapsed = 00:05:15 . Memory (MB): peak = 5928.594 ; gain = 2102.984 ; free physical = 5853 ; free virtual = 9643
INFO: [Route 35-416] Intermediate Timing Summary | WNS=-0.026 | TNS=-0.026 | WHS=N/A    | THS=N/A    |

Phase 6.1.1 Delay CleanUp | Checksum: 1c74eb92d

Time (s): cpu = 00:14:52 ; elapsed = 00:05:16 . Memory (MB): peak = 5928.594 ; gain = 2102.984 ; free physical = 5852 ; free virtual = 9643
Phase 6.1 TNS Cleanup | Checksum: 1c74eb92d

Time (s): cpu = 00:14:52 ; elapsed = 00:05:16 . Memory (MB): peak = 5928.594 ; gain = 2102.984 ; free physical = 5852 ; free virtual = 9643

Phase 6.2 Clock Skew Optimization
Phase 6.2 Clock Skew Optimization | Checksum: 1c74eb92d

Time (s): cpu = 00:14:52 ; elapsed = 00:05:16 . Memory (MB): peak = 5928.594 ; gain = 2102.984 ; free physical = 5852 ; free virtual = 9643
Phase 6 Delay and Skew Optimization | Checksum: 1c74eb92d

Time (s): cpu = 00:14:53 ; elapsed = 00:05:16 . Memory (MB): peak = 5928.594 ; gain = 2102.984 ; free physical = 5852 ; free virtual = 9643

Phase 7 Post Hold Fix

Phase 7.1 Hold Fix Iter
INFO: [Route 35-416] Intermediate Timing Summary | WNS=-0.026 | TNS=-0.026 | WHS=-0.015 | THS=-0.125 |


Phase 7.1.1 Lut RouteThru Assignment for hold
Phase 7.1.1 Lut RouteThru Assignment for hold | Checksum: 1f67cbdc0

Time (s): cpu = 00:15:06 ; elapsed = 00:05:20 . Memory (MB): peak = 5928.594 ; gain = 2102.984 ; free physical = 5852 ; free virtual = 9642
Phase 7.1 Hold Fix Iter | Checksum: 1f67cbdc0

Time (s): cpu = 00:15:06 ; elapsed = 00:05:20 . Memory (MB): peak = 5928.594 ; gain = 2102.984 ; free physical = 5851 ; free virtual = 9642

Phase 7.2 Additional Hold Fix
INFO: [Route 35-416] Intermediate Timing Summary | WNS=-0.026 | TNS=-0.026 | WHS=0.030  | THS=0.000  |

Phase 7.2 Additional Hold Fix | Checksum: 281de6599

Time (s): cpu = 00:15:14 ; elapsed = 00:05:22 . Memory (MB): peak = 5928.594 ; gain = 2102.984 ; free physical = 5852 ; free virtual = 9642

Phase 7.3 Non Free Resource Hold Fix Iter
Phase 7.3 Non Free Resource Hold Fix Iter | Checksum: 2883fb779

Time (s): cpu = 00:15:16 ; elapsed = 00:05:23 . Memory (MB): peak = 5928.594 ; gain = 2102.984 ; free physical = 5852 ; free virtual = 9642
Phase 7 Post Hold Fix | Checksum: 2883fb779

Time (s): cpu = 00:15:16 ; elapsed = 00:05:23 . Memory (MB): peak = 5928.594 ; gain = 2102.984 ; free physical = 5852 ; free virtual = 9642

Phase 8 Timing Verification

Phase 8.1 Update Timing
Phase 8.1 Update Timing | Checksum: 2883fb779

Time (s): cpu = 00:15:26 ; elapsed = 00:05:25 . Memory (MB): peak = 5928.594 ; gain = 2102.984 ; free physical = 5852 ; free virtual = 9642
INFO: [Route 35-416] Intermediate Timing Summary | WNS=-0.026 | TNS=-0.026 | WHS=0.030  | THS=0.000  |

Phase 8 Timing Verification | Checksum: 2883fb779

Time (s): cpu = 00:15:26 ; elapsed = 00:05:25 . Memory (MB): peak = 5928.594 ; gain = 2102.984 ; free physical = 5852 ; free virtual = 9642

Phase 9 Route finalize

Router Utilization Summary
  Global Vertical Routing Utilization    = 33.9976 %
  Global Horizontal Routing Utilization  = 40.388 %
  Routable Net Status*
  *Does not include unroutable nets such as driverless and loadless.
  Run report_route_status for detailed report.
  Number of Failed Nets               = 0
    (Failed Nets is the sum of unrouted and partially routed nets)
  Number of Unrouted Nets             = 0
  Number of Partially Routed Nets     = 0
  Number of Node Overlaps             = 0


--GLOBAL Congestion:
Utilization threshold used for congestion level computation: 0.85
Congestion Report
North Dir 2x2 Area, Max Cong = 88.7387%, Congestion bounded by tiles (Lower Left Tile -> Upper Right Tile):
   INT_L_X18Y52 -> INT_R_X19Y53
   INT_L_X18Y50 -> INT_R_X19Y51
South Dir 2x2 Area, Max Cong = 92.1171%, Congestion bounded by tiles (Lower Left Tile -> Upper Right Tile):
   INT_L_X18Y46 -> INT_R_X19Y47
   INT_L_X18Y44 -> INT_R_X19Y45
   INT_L_X18Y42 -> INT_R_X19Y43
East Dir 1x1 Area, Max Cong = 94.1176%, Congestion bounded by tiles (Lower Left Tile -> Upper Right Tile):
   INT_R_X25Y140 -> INT_R_X25Y140
   INT_L_X36Y133 -> INT_L_X36Y133
   INT_R_X33Y120 -> INT_R_X33Y120
   INT_R_X55Y108 -> INT_R_X55Y108
   INT_L_X22Y90 -> INT_L_X22Y90
West Dir 4x4 Area, Max Cong = 85.8456%, Congestion bounded by tiles (Lower Left Tile -> Upper Right Tile):
   INT_L_X16Y46 -> INT_R_X19Y49
   INT_L_X20Y46 -> INT_R_X23Y49

------------------------------
Reporting congestion hotspots
------------------------------
Direction: North
----------------
Congested clusters found at Level 0
Effective congestion level: 2 Aspect Ratio: 0.6 Sparse Ratio: 0.6875
Direction: South
----------------
Congested clusters found at Level 1
Effective congestion level: 2 Aspect Ratio: 0.166667 Sparse Ratio: 1.5
Direction: East
----------------
Congested clusters found at Level 0
Effective congestion level: 2 Aspect Ratio: 0.8 Sparse Ratio: 0.6875
Direction: West
----------------
Congested clusters found at Level 2
Effective congestion level: 3 Aspect Ratio: 1 Sparse Ratio: 1

Phase 9 Route finalize | Checksum: 2883fb779

Time (s): cpu = 00:15:27 ; elapsed = 00:05:25 . Memory (MB): peak = 5928.594 ; gain = 2102.984 ; free physical = 5852 ; free virtual = 9642

Phase 10 Verifying routed nets

 Verification completed successfully
Phase 10 Verifying routed nets | Checksum: 2883fb779

Time (s): cpu = 00:15:27 ; elapsed = 00:05:25 . Memory (MB): peak = 5928.594 ; gain = 2102.984 ; free physical = 5852 ; free virtual = 9642

Phase 11 Depositing Routes
Phase 11 Depositing Routes | Checksum: 22d42d33d

Time (s): cpu = 00:15:36 ; elapsed = 00:05:30 . Memory (MB): peak = 5928.594 ; gain = 2102.984 ; free physical = 5852 ; free virtual = 9642

Phase 12 Incr Placement Change
Netlist sorting complete. Time (s): cpu = 00:00:00.01 ; elapsed = 00:00:00.01 . Memory (MB): peak = 5928.594 ; gain = 0.000 ; free physical = 5852 ; free virtual = 9642
INFO: [Place 30-746] Post Placement Timing Summary WNS=0.000. For the most accurate timing information please run report_timing.
Ending IncrPlace Task | Checksum: 1406d33b9

Time (s): cpu = 00:01:18 ; elapsed = 00:00:26 . Memory (MB): peak = 5928.594 ; gain = 0.000 ; free physical = 5855 ; free virtual = 9645
Phase 12 Incr Placement Change | Checksum: 1406d33b9

Time (s): cpu = 00:16:55 ; elapsed = 00:05:56 . Memory (MB): peak = 5928.594 ; gain = 2102.984 ; free physical = 5855 ; free virtual = 9645

Phase 13 Build RT Design
Checksum: PlaceDB: 6cc0a4c0 ConstDB: 0 ShapeSum: 3bc3c93e RouteDB: 97e8c5bb
Post Restoration Checksum: NetGraph: a4e51fb2 | NumContArr: e6dccb81 | Constraints: c2a8fa9d | Timing: c2a8fa9d
Phase 13 Build RT Design | Checksum: 31113e06d

Time (s): cpu = 00:17:35 ; elapsed = 00:06:04 . Memory (MB): peak = 5928.594 ; gain = 2102.984 ; free physical = 5855 ; free virtual = 9645

Phase 14 Router Initialization

Phase 14.1 Fix Topology Constraints
Phase 14.1 Fix Topology Constraints | Checksum: 31113e06d

Time (s): cpu = 00:17:35 ; elapsed = 00:06:04 . Memory (MB): peak = 5928.594 ; gain = 2102.984 ; free physical = 5855 ; free virtual = 9645

Phase 14.2 Pre Route Cleanup
Phase 14.2 Pre Route Cleanup | Checksum: 289459aba

Time (s): cpu = 00:17:36 ; elapsed = 00:06:04 . Memory (MB): peak = 5928.594 ; gain = 2102.984 ; free physical = 5855 ; free virtual = 9645
 Number of Nodes with overlaps = 0

Phase 14.3 Update Timing
Phase 14.3 Update Timing | Checksum: 31b844aef

Time (s): cpu = 00:18:27 ; elapsed = 00:06:16 . Memory (MB): peak = 5928.594 ; gain = 2102.984 ; free physical = 5854 ; free virtual = 9645
INFO: [Route 35-416] Intermediate Timing Summary | WNS=0.000  | TNS=0.000  | WHS=-0.464 | THS=-1259.495|


Phase 14.4 Soft Constraint Pins - Fast Budgeting
Phase 14.4 Soft Constraint Pins - Fast Budgeting | Checksum: 31eb9cce2

Time (s): cpu = 00:18:45 ; elapsed = 00:06:21 . Memory (MB): peak = 5928.594 ; gain = 2102.984 ; free physical = 5854 ; free virtual = 9645

Router Utilization Summary
  Global Vertical Routing Utilization    = 33.959 %
  Global Horizontal Routing Utilization  = 40.3521 %
  Routable Net Status*
  *Does not include unroutable nets such as driverless and loadless.
  Run report_route_status for detailed report.
  Number of Failed Nets               = 255
    (Failed Nets is the sum of unrouted and partially routed nets)
  Number of Unrouted Nets             = 160
  Number of Partially Routed Nets     = 95
  Number of Node Overlaps             = 0

Phase 14 Router Initialization | Checksum: 30b2f57b9

Time (s): cpu = 00:18:46 ; elapsed = 00:06:21 . Memory (MB): peak = 5928.594 ; gain = 2102.984 ; free physical = 5854 ; free virtual = 9645

Phase 15 Global Routing
Phase 15 Global Routing | Checksum: 30b2f57b9

Time (s): cpu = 00:18:46 ; elapsed = 00:06:21 . Memory (MB): peak = 5928.594 ; gain = 2102.984 ; free physical = 5854 ; free virtual = 9645

Phase 16 Initial Routing

Phase 16.1 Initial Net Routing Pass
Phase 16.1 Initial Net Routing Pass | Checksum: 2540aa746

Time (s): cpu = 00:18:52 ; elapsed = 00:06:23 . Memory (MB): peak = 5928.594 ; gain = 2102.984 ; free physical = 5854 ; free virtual = 9645
Phase 16 Initial Routing | Checksum: 2540aa746

Time (s): cpu = 00:18:52 ; elapsed = 00:06:23 . Memory (MB): peak = 5928.594 ; gain = 2102.984 ; free physical = 5854 ; free virtual = 9645
INFO: [Route 35-580] Design has 154 pins with tight setup and hold constraints.

The top 5 pins with tight setup and hold constraints:

+====================+===================+================================================================================================================================================================================================================================+
| Launch Setup Clock | Launch Hold Clock | Pin                                                                                                                                                                                                                            |
+====================+===================+================================================================================================================================================================================================================================+
| clk_out1_clk_mmcm  | clk_out1_clk_mmcm | soc_base_inst/ztachip_inst/core_i/GEN_CELL[0].cell_i/GEN_REG[3].GEN1.pcore_i/xregister_file_i/GEN2.altsyncram_i/ram_i/xpm_memory_sdpram_inst/xpm_memory_base_inst/gen_wr_a.gen_byte_narrow.for_mem_cols[1].mem_reg_1/DIBDI[28] |
| clk_out1_clk_mmcm  | clk_out1_clk_mmcm | soc_base_inst/ztachip_inst/core_i/GEN_CELL[0].cell_i/GEN_REG[1].GEN1.pcore_i/xregister_file_i/GEN2.altsyncram_i/ram_i/xpm_memory_sdpram_inst/xpm_memory_base_inst/gen_wr_a.gen_byte_narrow.for_mem_cols[1].mem_reg_1/DIBDI[24] |
| clk_out1_clk_mmcm  | clk_out1_clk_mmcm | soc_base_inst/ztachip_inst/core_i/GEN_CELL[0].cell_i/GEN_REG[2].GEN1.pcore_i/xregister_file_i/GEN2.altsyncram_i/ram_i/xpm_memory_sdpram_inst/xpm_memory_base_inst/gen_wr_a.gen_byte_narrow.for_mem_cols[1].mem_reg_0/DIBDI[27] |
| clk_out1_clk_mmcm  | clk_out1_clk_mmcm | soc_base_inst/ztachip_inst/dp_1_i/dp0_i/dp_fetch_1_i/GEN1.ram_i/ram_i/xpm_memory_sdpram_inst/xpm_memory_base_inst/gen_wr_a.gen_word_narrow.mem_reg_0/DIBDI[5]                                                                  |
| clk_out1_clk_mmcm  | clk_out1_clk_mmcm | soc_base_inst/ztachip_inst/core_i/GEN_CELL[0].cell_i/GEN_REG[3].GEN1.pcore_i/xregister_file_i/GEN2.altsyncram_i/ram_i/xpm_memory_sdpram_inst/xpm_memory_base_inst/gen_wr_a.gen_byte_narrow.for_mem_cols[1].mem_reg_2/DIADI[4]  |
+--------------------+-------------------+--------------------------------------------------------------------------------------------------------------------------------------------------------------------------------------------------------------------------------+

File with complete list of pins: tight_setup_hold_pins.txt


Phase 17 Rip-up And Reroute

Phase 17.1 Global Iteration 0
 Number of Nodes with overlaps = 339
 Number of Nodes with overlaps = 87
 Number of Nodes with overlaps = 35
 Number of Nodes with overlaps = 17
 Number of Nodes with overlaps = 7
 Number of Nodes with overlaps = 5
 Number of Nodes with overlaps = 3
 Number of Nodes with overlaps = 1
 Number of Nodes with overlaps = 0
INFO: [Route 35-416] Intermediate Timing Summary | WNS=0.000  | TNS=0.000  | WHS=N/A    | THS=N/A    |

Phase 17.1 Global Iteration 0 | Checksum: 1f8b3a637

Time (s): cpu = 00:19:30 ; elapsed = 00:06:40 . Memory (MB): peak = 5928.594 ; gain = 2102.984 ; free physical = 5853 ; free virtual = 9645

Phase 17.2 Global Iteration 1
 Number of Nodes with overlaps = 2
 Number of Nodes with overlaps = 1
 Number of Nodes with overlaps = 0
INFO: [Route 35-416] Intermediate Timing Summary | WNS=0.000  | TNS=0.000  | WHS=N/A    | THS=N/A    |

Phase 17.2 Global Iteration 1 | Checksum: 27d579f7a

Time (s): cpu = 00:19:34 ; elapsed = 00:06:42 . Memory (MB): peak = 5928.594 ; gain = 2102.984 ; free physical = 5854 ; free virtual = 9645
Phase 17 Rip-up And Reroute | Checksum: 27d579f7a

Time (s): cpu = 00:19:34 ; elapsed = 00:06:42 . Memory (MB): peak = 5928.594 ; gain = 2102.984 ; free physical = 5854 ; free virtual = 9645

Phase 18 Delay and Skew Optimization

Phase 18.1 TNS Cleanup

Phase 18.1.1 Delay CleanUp

Phase 18.1.1.1 Update Timing
Phase 18.1.1.1 Update Timing | Checksum: 27c923143

Time (s): cpu = 00:19:39 ; elapsed = 00:06:43 . Memory (MB): peak = 5928.594 ; gain = 2102.984 ; free physical = 5854 ; free virtual = 9645
INFO: [Route 35-416] Intermediate Timing Summary | WNS=0.000  | TNS=0.000  | WHS=N/A    | THS=N/A    |

Phase 18.1.1 Delay CleanUp | Checksum: 27c923143

Time (s): cpu = 00:19:39 ; elapsed = 00:06:43 . Memory (MB): peak = 5928.594 ; gain = 2102.984 ; free physical = 5854 ; free virtual = 9645
Phase 18.1 TNS Cleanup | Checksum: 27c923143

Time (s): cpu = 00:19:40 ; elapsed = 00:06:43 . Memory (MB): peak = 5928.594 ; gain = 2102.984 ; free physical = 5854 ; free virtual = 9645

Phase 18.2 Clock Skew Optimization
Phase 18.2 Clock Skew Optimization | Checksum: 27c923143

Time (s): cpu = 00:19:40 ; elapsed = 00:06:43 . Memory (MB): peak = 5928.594 ; gain = 2102.984 ; free physical = 5854 ; free virtual = 9645
Phase 18 Delay and Skew Optimization | Checksum: 27c923143

Time (s): cpu = 00:19:40 ; elapsed = 00:06:43 . Memory (MB): peak = 5928.594 ; gain = 2102.984 ; free physical = 5854 ; free virtual = 9645

Phase 19 Post Hold Fix

Phase 19.1 Hold Fix Iter
INFO: [Route 35-416] Intermediate Timing Summary | WNS=0.000  | TNS=0.000  | WHS=0.027  | THS=0.000  |

Phase 19.1 Hold Fix Iter | Checksum: 2be09633d

Time (s): cpu = 00:19:47 ; elapsed = 00:06:45 . Memory (MB): peak = 5928.594 ; gain = 2102.984 ; free physical = 5854 ; free virtual = 9644
Phase 19 Post Hold Fix | Checksum: 2be09633d

Time (s): cpu = 00:19:47 ; elapsed = 00:06:45 . Memory (MB): peak = 5928.594 ; gain = 2102.984 ; free physical = 5854 ; free virtual = 9644

Phase 20 Timing Verification

Phase 20.1 Update Timing
Phase 20.1 Update Timing | Checksum: 2be09633d

Time (s): cpu = 00:19:57 ; elapsed = 00:06:47 . Memory (MB): peak = 5928.594 ; gain = 2102.984 ; free physical = 5854 ; free virtual = 9644
INFO: [Route 35-416] Intermediate Timing Summary | WNS=0.000  | TNS=0.000  | WHS=0.027  | THS=0.000  |

Phase 20 Timing Verification | Checksum: 2be09633d

Time (s): cpu = 00:19:57 ; elapsed = 00:06:47 . Memory (MB): peak = 5928.594 ; gain = 2102.984 ; free physical = 5854 ; free virtual = 9644

Phase 21 Route finalize

Router Utilization Summary
  Global Vertical Routing Utilization    = 34.06 %
  Global Horizontal Routing Utilization  = 40.3984 %
  Routable Net Status*
  *Does not include unroutable nets such as driverless and loadless.
  Run report_route_status for detailed report.
  Number of Failed Nets               = 0
    (Failed Nets is the sum of unrouted and partially routed nets)
  Number of Unrouted Nets             = 0
  Number of Partially Routed Nets     = 0
  Number of Node Overlaps             = 0

Phase 21 Route finalize | Checksum: 2be09633d

Time (s): cpu = 00:19:58 ; elapsed = 00:06:47 . Memory (MB): peak = 5928.594 ; gain = 2102.984 ; free physical = 5854 ; free virtual = 9644

Phase 22 Verifying routed nets

 Verification completed successfully
Phase 22 Verifying routed nets | Checksum: 2be09633d

Time (s): cpu = 00:19:58 ; elapsed = 00:06:47 . Memory (MB): peak = 5928.594 ; gain = 2102.984 ; free physical = 5854 ; free virtual = 9644

Phase 23 Depositing Routes
Phase 23 Depositing Routes | Checksum: 338f99a38

Time (s): cpu = 00:20:06 ; elapsed = 00:06:52 . Memory (MB): peak = 5928.594 ; gain = 2102.984 ; free physical = 5854 ; free virtual = 9644

Phase 24 Post Process Routing
Phase 24 Post Process Routing | Checksum: 338f99a38

Time (s): cpu = 00:20:07 ; elapsed = 00:06:52 . Memory (MB): peak = 5928.594 ; gain = 2102.984 ; free physical = 5854 ; free virtual = 9644

Phase 25 Post Router Timing
INFO: [Route 35-20] Post Routing Timing Summary | WNS=0.000  | TNS=0.000  | WHS=0.027  | THS=0.000  |

Phase 25 Post Router Timing | Checksum: 2ec14336b

Time (s): cpu = 00:20:50 ; elapsed = 00:06:59 . Memory (MB): peak = 5928.594 ; gain = 2102.984 ; free physical = 5854 ; free virtual = 9644
INFO: [Route 35-61] The design met the timing requirement.
Total Elapsed time in route_design: 419.46 secs

Phase 26 Post-Route Event Processing
Phase 26 Post-Route Event Processing | Checksum: 11ea6042e

Time (s): cpu = 00:20:50 ; elapsed = 00:07:00 . Memory (MB): peak = 5928.594 ; gain = 2102.984 ; free physical = 5854 ; free virtual = 9646
INFO: [Route 35-16] Router Completed Successfully
Ending Routing Task | Checksum: 11ea6042e

Time (s): cpu = 00:20:51 ; elapsed = 00:07:00 . Memory (MB): peak = 5928.594 ; gain = 2102.984 ; free physical = 5854 ; free virtual = 9646

Routing Is Done.
INFO: [Common 17-83] Releasing license: Implementation
131 Infos, 0 Warnings, 1 Critical Warnings and 0 Errors encountered.
route_design completed successfully
route_design: Time (s): cpu = 00:20:52 ; elapsed = 00:07:00 . Memory (MB): peak = 5928.594 ; gain = 2102.984 ; free physical = 5854 ; free virtual = 9646
INFO: [Vivado 12-24828] Executing command : report_drc -file main_zc702_drc_routed.rpt -pb main_zc702_drc_routed.pb -rpx main_zc702_drc_routed.rpx
Command: report_drc -file main_zc702_drc_routed.rpt -pb main_zc702_drc_routed.pb -rpx main_zc702_drc_routed.rpx
INFO: [IP_Flow 19-1839] IP Catalog is up to date.
INFO: [DRC 23-27] Running DRC with 8 threads
INFO: [Vivado_Tcl 2-168] The results of DRC are in file /home/eslam-elshokafy/Desktop/AIDAChip_Workshop_01/ztachip/HW/examples/ZC702/ztachip_zc702.runs/impl_1/main_zc702_drc_routed.rpt.
report_drc completed successfully
INFO: [Vivado 12-24828] Executing command : report_methodology -file main_zc702_methodology_drc_routed.rpt -pb main_zc702_methodology_drc_routed.pb -rpx main_zc702_methodology_drc_routed.rpx
Command: report_methodology -file main_zc702_methodology_drc_routed.rpt -pb main_zc702_methodology_drc_routed.pb -rpx main_zc702_methodology_drc_routed.rpx
INFO: [Timing 38-35] Done setting XDC timing constraints.
INFO: [DRC 23-133] Running Methodology with 8 threads
INFO: [Vivado_Tcl 2-1520] The results of Report Methodology are in file /home/eslam-elshokafy/Desktop/AIDAChip_Workshop_01/ztachip/HW/examples/ZC702/ztachip_zc702.runs/impl_1/main_zc702_methodology_drc_routed.rpt.
report_methodology completed successfully
report_methodology: Time (s): cpu = 00:01:01 ; elapsed = 00:00:11 . Memory (MB): peak = 5928.594 ; gain = 0.000 ; free physical = 5845 ; free virtual = 9644
INFO: [Vivado 12-24828] Executing command : report_timing_summary -max_paths 10 -routable_nets -report_unconstrained -file main_zc702_timing_summary_routed.rpt -pb main_zc702_timing_summary_routed.pb -rpx main_zc702_timing_summary_routed.rpx
INFO: [Timing 38-35] Done setting XDC timing constraints.
INFO: [Timing 38-91] UpdateTimingParams: Speed grade: -1, Delay Type: min_max.
INFO: [Timing 38-191] Multithreading enabled for timing update using a maximum of 8 CPUs
report_timing_summary: Time (s): cpu = 00:00:16 ; elapsed = 00:00:06 . Memory (MB): peak = 5928.594 ; gain = 0.000 ; free physical = 5843 ; free virtual = 9644
INFO: [Vivado 12-24838] Running report commands "report_bus_skew, report_incremental_reuse, report_route_status" in parallel.
Running report generation with 3 threads.
INFO: [Vivado 12-24828] Executing command : report_incremental_reuse -file main_zc702_incremental_reuse_routed.rpt
INFO: [Vivado_Tcl 4-1062] Incremental flow is disabled. No incremental reuse Info to report.
INFO: [Vivado 12-24828] Executing command : report_bus_skew -warn_on_violation -file main_zc702_bus_skew_routed.rpt -pb main_zc702_bus_skew_routed.pb -rpx main_zc702_bus_skew_routed.rpx
INFO: [Timing 38-91] UpdateTimingParams: Speed grade: -1, Delay Type: min_max.
INFO: [Timing 38-191] Multithreading enabled for timing update using a maximum of 8 CPUs
INFO: [Vivado 12-24828] Executing command : report_route_status -file main_zc702_route_status.rpt -pb main_zc702_route_status.pb
INFO: [Vivado 12-24828] Executing command : report_power -file main_zc702_power_routed.rpt -pb main_zc702_power_summary_routed.pb -rpx main_zc702_power_routed.rpx
Command: report_power -file main_zc702_power_routed.rpt -pb main_zc702_power_summary_routed.pb -rpx main_zc702_power_routed.rpx
Running Vector-less Activity Propagation...

Finished Running Vector-less Activity Propagation
151 Infos, 0 Warnings, 1 Critical Warnings and 0 Errors encountered.
report_power completed successfully
report_power: Time (s): cpu = 00:00:23 ; elapsed = 00:00:09 . Memory (MB): peak = 5968.613 ; gain = 40.020 ; free physical = 5826 ; free virtual = 9638
INFO: [Vivado 12-24828] Executing command : report_clock_utilization -file main_zc702_clock_utilization_routed.rpt
generate_parallel_reports: Time (s): cpu = 00:02:02 ; elapsed = 00:00:34 . Memory (MB): peak = 5968.613 ; gain = 40.020 ; free physical = 5830 ; free virtual = 9642
INFO: [Timing 38-480] Writing timing data to binary archive.
Wrote PlaceDB: Time (s): cpu = 00:00:00 ; elapsed = 00:00:00 . Memory (MB): peak = 5968.613 ; gain = 0.000 ; free physical = 5829 ; free virtual = 9642
Wrote PulsedLatchDB: Time (s): cpu = 00:00:00 ; elapsed = 00:00:00 . Memory (MB): peak = 5968.613 ; gain = 0.000 ; free physical = 5829 ; free virtual = 9642
Writing XDEF routing.
Writing XDEF routing logical nets.
Write ShapeDB Complete: Time (s): cpu = 00:00:00.93 ; elapsed = 00:00:00.19 . Memory (MB): peak = 5968.613 ; gain = 0.000 ; free physical = 5796 ; free virtual = 9632
Writing XDEF routing special nets.
Wrote RouteStorage: Time (s): cpu = 00:00:03 ; elapsed = 00:00:00.66 . Memory (MB): peak = 5968.613 ; gain = 0.000 ; free physical = 5774 ; free virtual = 9636
Wrote PlaceStorage: Time (s): cpu = 00:00:05 ; elapsed = 00:00:02 . Memory (MB): peak = 5968.613 ; gain = 0.000 ; free physical = 5711 ; free virtual = 9626
Wrote Netlist Cache: Time (s): cpu = 00:00:00.16 ; elapsed = 00:00:00.08 . Memory (MB): peak = 5968.613 ; gain = 0.000 ; free physical = 5703 ; free virtual = 9627
Wrote Device Cache: Time (s): cpu = 00:00:00.02 ; elapsed = 00:00:00.01 . Memory (MB): peak = 5968.613 ; gain = 0.000 ; free physical = 5703 ; free virtual = 9628
Write Physdb Complete: Time (s): cpu = 00:00:09 ; elapsed = 00:00:03 . Memory (MB): peak = 5968.613 ; gain = 0.000 ; free physical = 5703 ; free virtual = 9628
INFO: [Common 17-1381] The checkpoint '/home/eslam-elshokafy/Desktop/AIDAChip_Workshop_01/ztachip/HW/examples/ZC702/ztachip_zc702.runs/impl_1/main_zc702_routed.dcp' has been generated.
write_checkpoint: Time (s): cpu = 00:00:11 ; elapsed = 00:00:05 . Memory (MB): peak = 5968.613 ; gain = 0.000 ; free physical = 5792 ; free virtual = 9641
Command: phys_opt_design -directive Explore
Attempting to get a license for feature 'Implementation' and/or device 'xc7z020'
INFO: [Common 17-349] Got license for feature 'Implementation' and/or device 'xc7z020'
INFO: [Vivado_Tcl 4-241] Physical synthesis in post route mode 
INFO: [Vivado_Tcl 4-137] Directive used for phys_opt_design is: Explore
INFO: [Vivado_Tcl 4-2279] Estimated Timing Summary | WNS= 0.000 | TNS= 0.000 | 
INFO: [Vivado_Tcl 4-383] Design worst setup slack (WNS) is greater than or equal to 0.000 ns. All physical synthesis setup optimizations will be skipped.
INFO: [Vivado_Tcl 4-232] No setup violation found. The netlist was not modified.
INFO: [Common 17-83] Releasing license: Implementation
161 Infos, 0 Warnings, 1 Critical Warnings and 0 Errors encountered.
phys_opt_design completed successfully
INFO: [Vivado 12-24828] Executing command : report_timing_summary -max_paths 10 -report_unconstrained -warn_on_violation -file main_zc702_timing_summary_postroute_physopted.rpt -pb main_zc702_timing_summary_postroute_physopted.pb -rpx main_zc702_timing_summary_postroute_physopted.rpx
INFO: [Timing 38-91] UpdateTimingParams: Speed grade: -1, Delay Type: min_max.
INFO: [Timing 38-191] Multithreading enabled for timing update using a maximum of 8 CPUs
INFO: [Vivado 12-24828] Executing command : report_bus_skew -warn_on_violation -file main_zc702_bus_skew_postroute_physopted.rpt -pb main_zc702_bus_skew_postroute_physopted.pb -rpx main_zc702_bus_skew_postroute_physopted.rpx
INFO: [Timing 38-91] UpdateTimingParams: Speed grade: -1, Delay Type: min_max.
INFO: [Timing 38-191] Multithreading enabled for timing update using a maximum of 8 CPUs
INFO: [Timing 38-480] Writing timing data to binary archive.
Wrote PlaceDB: Time (s): cpu = 00:00:00 ; elapsed = 00:00:00 . Memory (MB): peak = 5968.613 ; gain = 0.000 ; free physical = 5788 ; free virtual = 9640
Wrote PulsedLatchDB: Time (s): cpu = 00:00:00 ; elapsed = 00:00:00 . Memory (MB): peak = 5968.613 ; gain = 0.000 ; free physical = 5788 ; free virtual = 9640
Writing XDEF routing.
Writing XDEF routing logical nets.
Write ShapeDB Complete: Time (s): cpu = 00:00:00.93 ; elapsed = 00:00:00.19 . Memory (MB): peak = 5968.613 ; gain = 0.000 ; free physical = 5755 ; free virtual = 9630
Writing XDEF routing special nets.
Wrote RouteStorage: Time (s): cpu = 00:00:03 ; elapsed = 00:00:00.66 . Memory (MB): peak = 5968.613 ; gain = 0.000 ; free physical = 5735 ; free virtual = 9636
Wrote PlaceStorage: Time (s): cpu = 00:00:05 ; elapsed = 00:00:02 . Memory (MB): peak = 5968.613 ; gain = 0.000 ; free physical = 5664 ; free virtual = 9618
Wrote Netlist Cache: Time (s): cpu = 00:00:00.16 ; elapsed = 00:00:00.09 . Memory (MB): peak = 5968.613 ; gain = 0.000 ; free physical = 5656 ; free virtual = 9618
Wrote Device Cache: Time (s): cpu = 00:00:00.01 ; elapsed = 00:00:00.01 . Memory (MB): peak = 5968.613 ; gain = 0.000 ; free physical = 5656 ; free virtual = 9619
Write Physdb Complete: Time (s): cpu = 00:00:09 ; elapsed = 00:00:03 . Memory (MB): peak = 5968.613 ; gain = 0.000 ; free physical = 5656 ; free virtual = 9619
INFO: [Common 17-1381] The checkpoint '/home/eslam-elshokafy/Desktop/AIDAChip_Workshop_01/ztachip/HW/examples/ZC702/ztachip_zc702.runs/impl_1/main_zc702_postroute_physopt.dcp' has been generated.
write_checkpoint: Time (s): cpu = 00:00:11 ; elapsed = 00:00:05 . Memory (MB): peak = 5968.613 ; gain = 0.000 ; free physical = 5726 ; free virtual = 9615
INFO: [Memdata 28-167] Found XPM memory block soc_base_inst/ztachip_inst/sram_i/axi_ifc_i/resp_fifo/ram_i/xpm_memory_sdpram_inst/xpm_memory_base_inst with a P_MEMORY_PRIMITIVE property set to auto. A value of block is required. You will not be able to use the updatemem program to update the bitstream with new data for the soc_base_inst/ztachip_inst/sram_i/axi_ifc_i/resp_fifo/ram_i/xpm_memory_sdpram_inst/xpm_memory_base_inst block.
INFO: [Memdata 28-167] Found XPM memory block soc_base_inst/ztachip_inst/ddr_rx_i/ddr_rx_fifo_i/ram_i/xpm_memory_sdpram_inst/xpm_memory_base_inst with a P_MEMORY_PRIMITIVE property set to auto. A value of block is required. You will not be able to use the updatemem program to update the bitstream with new data for the soc_base_inst/ztachip_inst/ddr_rx_i/ddr_rx_fifo_i/ram_i/xpm_memory_sdpram_inst/xpm_memory_base_inst block.
INFO: [Memdata 28-167] Found XPM memory block soc_base_inst/ztachip_inst/GEN1.fpu_i/read_pending_i/ram_i/xpm_memory_sdpram_inst/xpm_memory_base_inst with a P_MEMORY_PRIMITIVE property set to auto. A value of block is required. You will not be able to use the updatemem program to update the bitstream with new data for the soc_base_inst/ztachip_inst/GEN1.fpu_i/read_pending_i/ram_i/xpm_memory_sdpram_inst/xpm_memory_base_inst block.
INFO: [Memdata 28-167] Found XPM memory block soc_base_inst/axi_stream_write_inst/write_fifo/GEN2.afifo_i/ram_i/xpm_memory_sdpram_inst/xpm_memory_base_inst with a P_MEMORY_PRIMITIVE property set to distributed. A value of block is required. You will not be able to use the updatemem program to update the bitstream with new data for the soc_base_inst/axi_stream_write_inst/write_fifo/GEN2.afifo_i/ram_i/xpm_memory_sdpram_inst/xpm_memory_base_inst block.
INFO: [Memdata 28-167] Found XPM memory block soc_base_inst/axi_merge_inst/write_i/GEN2_CCD.slave_data_fifo/GEN2.afifo_i/ram_i/xpm_memory_sdpram_inst/xpm_memory_base_inst with a P_MEMORY_PRIMITIVE property set to distributed. A value of block is required. You will not be able to use the updatemem program to update the bitstream with new data for the soc_base_inst/axi_merge_inst/write_i/GEN2_CCD.slave_data_fifo/GEN2.afifo_i/ram_i/xpm_memory_sdpram_inst/xpm_memory_base_inst block.
INFO: [Memdata 28-167] Found XPM memory block soc_base_inst/axi_merge_inst/write_i/GEN1_CCD.slave_cmd_fifo/GEN2.afifo_i/ram_i/xpm_memory_sdpram_inst/xpm_memory_base_inst with a P_MEMORY_PRIMITIVE property set to distributed. A value of block is required. You will not be able to use the updatemem program to update the bitstream with new data for the soc_base_inst/axi_merge_inst/write_i/GEN1_CCD.slave_cmd_fifo/GEN2.afifo_i/ram_i/xpm_memory_sdpram_inst/xpm_memory_base_inst block.
INFO: [Memdata 28-167] Found XPM memory block soc_base_inst/axi_merge_inst/read_i/GEN2_CCD.slave_resp_fifo/GEN2.afifo_i/ram_i/xpm_memory_sdpram_inst/xpm_memory_base_inst with a P_MEMORY_PRIMITIVE property set to distributed. A value of block is required. You will not be able to use the updatemem program to update the bitstream with new data for the soc_base_inst/axi_merge_inst/read_i/GEN2_CCD.slave_resp_fifo/GEN2.afifo_i/ram_i/xpm_memory_sdpram_inst/xpm_memory_base_inst block.
INFO: [Memdata 28-167] Found XPM memory block soc_base_inst/axi_merge_inst/read_i/GEN1_CCD.slave_cmd_fifo/GEN2.afifo_i/ram_i/xpm_memory_sdpram_inst/xpm_memory_base_inst with a P_MEMORY_PRIMITIVE property set to distributed. A value of block is required. You will not be able to use the updatemem program to update the bitstream with new data for the soc_base_inst/axi_merge_inst/read_i/GEN1_CCD.slave_cmd_fifo/GEN2.afifo_i/ram_i/xpm_memory_sdpram_inst/xpm_memory_base_inst block.
INFO: [Memdata 28-167] Found XPM memory block soc_base_inst/axi_apb_bridge_inst/wdata_i/ram_i/xpm_memory_sdpram_inst/xpm_memory_base_inst with a P_MEMORY_PRIMITIVE property set to auto. A value of block is required. You will not be able to use the updatemem program to update the bitstream with new data for the soc_base_inst/axi_apb_bridge_inst/wdata_i/ram_i/xpm_memory_sdpram_inst/xpm_memory_base_inst block.
INFO: [Memdata 28-167] Found XPM memory block soc_base_inst/axi_apb_bridge_inst/wcmd_i/ram_i/xpm_memory_sdpram_inst/xpm_memory_base_inst with a P_MEMORY_PRIMITIVE property set to auto. A value of block is required. You will not be able to use the updatemem program to update the bitstream with new data for the soc_base_inst/axi_apb_bridge_inst/wcmd_i/ram_i/xpm_memory_sdpram_inst/xpm_memory_base_inst block.
INFO: [Memdata 28-167] Found XPM memory block soc_base_inst/axi_apb_bridge_inst/rresp_i/ram_i/xpm_memory_sdpram_inst/xpm_memory_base_inst with a P_MEMORY_PRIMITIVE property set to auto. A value of block is required. You will not be able to use the updatemem program to update the bitstream with new data for the soc_base_inst/axi_apb_bridge_inst/rresp_i/ram_i/xpm_memory_sdpram_inst/xpm_memory_base_inst block.
INFO: [Memdata 28-167] Found XPM memory block soc_base_inst/axi_apb_bridge_inst/rcmd_i/ram_i/xpm_memory_sdpram_inst/xpm_memory_base_inst with a P_MEMORY_PRIMITIVE property set to auto. A value of block is required. You will not be able to use the updatemem program to update the bitstream with new data for the soc_base_inst/axi_apb_bridge_inst/rcmd_i/ram_i/xpm_memory_sdpram_inst/xpm_memory_base_inst block.
INFO: [Memdata 28-167] Found XPM memory block soc_base_inst/TCM_i/TCM_read2_i/resp_fifo/ram_i/xpm_memory_sdpram_inst/xpm_memory_base_inst with a P_MEMORY_PRIMITIVE property set to auto. A value of block is required. You will not be able to use the updatemem program to update the bitstream with new data for the soc_base_inst/TCM_i/TCM_read2_i/resp_fifo/ram_i/xpm_memory_sdpram_inst/xpm_memory_base_inst block.
INFO: [Memdata 28-167] Found XPM memory block soc_base_inst/TCM_i/TCM_read1_i/resp_fifo/ram_i/xpm_memory_sdpram_inst/xpm_memory_base_inst with a P_MEMORY_PRIMITIVE property set to auto. A value of block is required. You will not be able to use the updatemem program to update the bitstream with new data for the soc_base_inst/TCM_i/TCM_read1_i/resp_fifo/ram_i/xpm_memory_sdpram_inst/xpm_memory_base_inst block.
Command: write_bitstream -force main_zc702.bit
Attempting to get a license for feature 'Implementation' and/or device 'xc7z020'
INFO: [Common 17-349] Got license for feature 'Implementation' and/or device 'xc7z020'
Running DRC as a precondition to command write_bitstream
INFO: [IP_Flow 19-1839] IP Catalog is up to date.
INFO: [DRC 23-27] Running DRC with 8 threads
INFO: [Vivado 12-3199] DRC finished with 0 Errors
INFO: [Vivado 12-3200] Please refer to the DRC report (report_drc) for more information.
Integrating Hard IP ELF/MEM with the PDI.
INFO: [Designutils 20-2272] Running write_bitstream with 8 threads.
Loading data files...
Loading site data...
Loading route data...
Processing options...
Creating bitmap...
Creating bitstream...
Bitstream compression saved 11969600 bits.
Writing bitstream ./main_zc702.bit...
INFO: [Vivado 12-1842] Bitgen Completed Successfully.
INFO: [Common 17-83] Releasing license: Implementation
191 Infos, 0 Warnings, 1 Critical Warnings and 0 Errors encountered.
write_bitstream completed successfully
write_bitstream: Time (s): cpu = 00:01:01 ; elapsed = 00:00:34 . Memory (MB): peak = 5968.613 ; gain = 0.000 ; free physical = 5718 ; free virtual = 9662
INFO: [Common 17-206] Exiting Vivado at Sat Jun 20 20:42:32 2026...
[Sat Jun 20 20:42:33 2026] impl_1 finished
wait_on_runs: Time (s): cpu = 00:00:22 ; elapsed = 00:11:35 . Memory (MB): peak = 12298.535 ; gain = 0.000 ; free physical = 5718 ; free virtual = 9661
# if {[get_property PROGRESS [get_runs impl_1]] != "100%"} {
#    puts "ERROR: implementation/bitstream did not finish."
#    return
# }
# open_run impl_1
Netlist sorting complete. Time (s): cpu = 00:00:00.63 ; elapsed = 00:00:00.64 . Memory (MB): peak = 12298.535 ; gain = 0.000 ; free physical = 10387 ; free virtual = 14345
INFO: [Netlist 29-17] Analyzing 3550 Unisim elements for replacement
INFO: [Netlist 29-28] Unisim Transformation completed in 0 CPU seconds
INFO: [Project 1-479] Netlist was created with Vivado 2025.2
INFO: [Project 1-570] Preparing netlist for logic optimization
Read ShapeDB Complete: Time (s): cpu = 00:00:00.18 ; elapsed = 00:00:00.2 . Memory (MB): peak = 12298.535 ; gain = 0.000 ; free physical = 10323 ; free virtual = 14294
INFO: [Timing 38-478] Restoring timing data from binary archive.
INFO: [Timing 38-479] Binary timing data restore complete.
INFO: [Project 1-856] Restoring constraints from binary archive.
INFO: [Project 1-853] Binary constraint restore complete.
INFO: [Designutils 20-5722] Start Reading Physical Databases.
Reading placement.
Read Netlist Cache: Time (s): cpu = 00:00:00.07 ; elapsed = 00:00:00.08 . Memory (MB): peak = 12298.535 ; gain = 0.000 ; free physical = 10174 ; free virtual = 14229
Reading placer database...
Read Device Cache: Time (s): cpu = 00:00:00.01 ; elapsed = 00:00:00.01 . Memory (MB): peak = 12298.535 ; gain = 0.000 ; free physical = 10174 ; free virtual = 14229
Read PlaceDB: Time (s): cpu = 00:00:00 ; elapsed = 00:00:00 . Memory (MB): peak = 12298.535 ; gain = 0.000 ; free physical = 10174 ; free virtual = 14229
Read placeStorage: Time (s): cpu = 00:00:01 ; elapsed = 00:00:01 . Memory (MB): peak = 12298.535 ; gain = 0.000 ; free physical = 10174 ; free virtual = 14231
Read PulsedLatchDB: Time (s): cpu = 00:00:00 ; elapsed = 00:00:00 . Memory (MB): peak = 12298.535 ; gain = 0.000 ; free physical = 10174 ; free virtual = 14231
Reading routing.
Read RouteStorage: Time (s): cpu = 00:00:02 ; elapsed = 00:00:00.58 . Memory (MB): peak = 12298.535 ; gain = 0.000 ; free physical = 10142 ; free virtual = 14205
Read Physdb Files: Time (s): cpu = 00:00:03 ; elapsed = 00:00:02 . Memory (MB): peak = 12298.535 ; gain = 0.000 ; free physical = 10142 ; free virtual = 14205
Restored from archive | CPU: 3.290000 secs | Memory: 76.706818 MB |
Finished XDEF File Restore: Time (s): cpu = 00:00:03 ; elapsed = 00:00:02 . Memory (MB): peak = 12298.535 ; gain = 0.000 ; free physical = 10142 ; free virtual = 14205
Netlist sorting complete. Time (s): cpu = 00:00:00.01 ; elapsed = 00:00:00.02 . Memory (MB): peak = 12298.535 ; gain = 0.000 ; free physical = 10141 ; free virtual = 14210
INFO: [Project 1-111] Unisim Transformation Summary:
  A total of 99 instances were transformed.
  RAM32M => RAM32M (RAMD32(x6), RAMS32(x2)): 92 instances
  RAM32X1D => RAM32X1D (RAMD32(x2)): 7 instances

open_run: Time (s): cpu = 00:32:36 ; elapsed = 00:00:18 . Memory (MB): peak = 12298.535 ; gain = 0.000 ; free physical = 10015 ; free virtual = 14112
# set wns [get_property STATS.WNS [get_runs impl_1]]
# set whs [get_property STATS.WHS [get_runs impl_1]]
# puts "============================================================"
============================================================
# puts " TIMING   WNS = $wns ns    WHS = $whs ns"
 TIMING   WNS = 0.000000 ns    WHS = 0.027198 ns
# if {$wns >= 0 && $whs >= 0} {
#    puts " >>> TIMING CLOSED - bitstream is GOOD with the PMU <<<"
# } else {
#    puts " *** TIMING VIOLATION - tell Claude the WNS/WHS numbers ***"
# }
 >>> TIMING CLOSED - bitstream is GOOD with the PMU <<<
# puts " bitstream: $ZC702/ztachip_zc702.runs/impl_1/main_zc702.bit"
 bitstream: /home/eslam-elshokafy/Desktop/AIDAChip_Workshop_01/ztachip/HW/examples/ZC702/ztachip_zc702.runs/impl_1/main_zc702.bit
# puts "============================================================"
============================================================
check_timing -verbose -name timing_1
check_timing: Time (s): cpu = 00:00:38 ; elapsed = 00:00:08 . Memory (MB): peak = 12309.766 ; gain = 0.000 ; free physical = 9853 ; free virtual = 14135
exit
INFO: [Common 17-206] Exiting Vivado at Sat Jun 20 21:31:55 2026...
