#-----------------------------------------------------------
# Vivado v2025.2 (64-bit)
# SW Build 6299465 on Fri Nov 14 12:34:56 MST 2025
# IP Build 6300035 on Fri Nov 14 10:48:45 MST 2025
# SharedData Build 6298862 on Thu Nov 13 04:50:51 MST 2025
# Start of session at: Sun Jun 21 12:38:00 2026
# Process ID         : 10277
# Current directory  : /home/eslam-elshokafy/Desktop/AIDAChip_Workshop_01/ztachip/HW/examples/ZC702
# Command line       : vivado
# Log file           : /home/eslam-elshokafy/Desktop/AIDAChip_Workshop_01/ztachip/HW/examples/ZC702/vivado.log
# Journal file       : /home/eslam-elshokafy/Desktop/AIDAChip_Workshop_01/ztachip/HW/examples/ZC702/vivado.jou
# Running On         : eslam-elshokafy-Dell-G15-5511
# Platform           : Ubuntu
# Operating System   : Ubuntu 24.04.4 LTS
# Processor Detail   : 11th Gen Intel(R) Core(TM) i5-11400H @ 2.70GHz
# CPU Frequency      : 3060.354 MHz
# CPU Physical cores : 6
# CPU Logical cores  : 12
# Host memory        : 16485 MB
# Swap memory        : 4294 MB
# Total Virtual      : 20780 MB
# Available Virtual  : 18838 MB
#-----------------------------------------------------------
start_gui
WARNING: [Board 49-26] cannot add Board Part xilinx.com:emb-plus-vpr-4616:part0:1.0 available at /home/eslam-elshokafy/Xilinx/2025.2/data/xhub/boards/XilinxBoardStore/boards/Xilinx/emb-plus-vpr-4616/1.0/board.xml as part xcve2302-sfva784-2mp-e-s specified in board_part file is either invalid or not available
WARNING: [Board 49-26] cannot add Board Part xilinx.com:emb-plus-vpr-4616:part0:1.1 available at /home/eslam-elshokafy/Xilinx/2025.2/data/xhub/boards/XilinxBoardStore/boards/Xilinx/emb-plus-vpr-4616/1.1/board.xml as part xcve2302-sfva784-2mp-e-s specified in board_part file is either invalid or not available
WARNING: [Board 49-26] cannot add Board Part xilinx.com:k24c:part0:1.0 available at /home/eslam-elshokafy/Xilinx/2025.2/data/xhub/boards/XilinxBoardStore/boards/Xilinx/k24c/1.0/board.xml as part xck24-ubva530-2lv-c specified in board_part file is either invalid or not available
WARNING: [Board 49-26] cannot add Board Part xilinx.com:k24c:part0:1.1 available at /home/eslam-elshokafy/Xilinx/2025.2/data/xhub/boards/XilinxBoardStore/boards/Xilinx/k24c/1.1/board.xml as part xck24-ubva530-2lv-c specified in board_part file is either invalid or not available
WARNING: [Board 49-26] cannot add Board Part xilinx.com:k24i:part0:1.0 available at /home/eslam-elshokafy/Xilinx/2025.2/data/xhub/boards/XilinxBoardStore/boards/Xilinx/k24i/1.0/board.xml as part xck24-ubva530-2lvi-i specified in board_part file is either invalid or not available
WARNING: [Board 49-26] cannot add Board Part xilinx.com:k26c:part0:1.2 available at /home/eslam-elshokafy/Xilinx/2025.2/data/xhub/boards/XilinxBoardStore/boards/Xilinx/k26c/1.2/board.xml as part xck26-sfvc784-2lv-c specified in board_part file is either invalid or not available
WARNING: [Board 49-26] cannot add Board Part xilinx.com:k26c:part0:1.3 available at /home/eslam-elshokafy/Xilinx/2025.2/data/xhub/boards/XilinxBoardStore/boards/Xilinx/k26c/1.3/board.xml as part xck26-sfvc784-2lv-c specified in board_part file is either invalid or not available
WARNING: [Board 49-26] cannot add Board Part xilinx.com:k26c:part0:1.4 available at /home/eslam-elshokafy/Xilinx/2025.2/data/xhub/boards/XilinxBoardStore/boards/Xilinx/k26c/1.4/board.xml as part xck26-sfvc784-2lv-c specified in board_part file is either invalid or not available
WARNING: [Board 49-26] cannot add Board Part xilinx.com:k26i:part0:1.2 available at /home/eslam-elshokafy/Xilinx/2025.2/data/xhub/boards/XilinxBoardStore/boards/Xilinx/k26i/1.2/board.xml as part xck26-sfvc784-2lvi-i specified in board_part file is either invalid or not available
WARNING: [Board 49-26] cannot add Board Part xilinx.com:k26i:part0:1.3 available at /home/eslam-elshokafy/Xilinx/2025.2/data/xhub/boards/XilinxBoardStore/boards/Xilinx/k26i/1.3/board.xml as part xck26-sfvc784-2lvi-i specified in board_part file is either invalid or not available
WARNING: [Board 49-26] cannot add Board Part xilinx.com:k26i:part0:1.4 available at /home/eslam-elshokafy/Xilinx/2025.2/data/xhub/boards/XilinxBoardStore/boards/Xilinx/k26i/1.4/board.xml as part xck26-sfvc784-2lvi-i specified in board_part file is either invalid or not available
WARNING: [Board 49-26] cannot add Board Part xilinx.com:kc705:part0:1.6 available at /home/eslam-elshokafy/Xilinx/2025.2/data/xhub/boards/XilinxBoardStore/boards/Xilinx/kc705/1.6/board.xml as part xc7k325tffg900-2 specified in board_part file is either invalid or not available
WARNING: [Board 49-26] cannot add Board Part xilinx.com:kc705:part0:1.7 available at /home/eslam-elshokafy/Xilinx/2025.2/data/xhub/boards/XilinxBoardStore/boards/Xilinx/kc705/1.7/board.xml as part xc7k325tffg900-2 specified in board_part file is either invalid or not available
WARNING: [Board 49-26] cannot add Board Part xilinx.com:kcu105:part0:1.6 available at /home/eslam-elshokafy/Xilinx/2025.2/data/xhub/boards/XilinxBoardStore/boards/Xilinx/kcu105/1.6/board.xml as part xcku040-ffva1156-2-e specified in board_part file is either invalid or not available
WARNING: [Board 49-26] cannot add Board Part xilinx.com:kcu105:part0:1.7 available at /home/eslam-elshokafy/Xilinx/2025.2/data/xhub/boards/XilinxBoardStore/boards/Xilinx/kcu105/1.7/board.xml as part xcku040-ffva1156-2-e specified in board_part file is either invalid or not available
WARNING: [Board 49-26] cannot add Board Part xilinx.com:kcu116:part0:1.4 available at /home/eslam-elshokafy/Xilinx/2025.2/data/xhub/boards/XilinxBoardStore/boards/Xilinx/kcu116/1.4/board.xml as part xcku5p-ffvb676-2-e specified in board_part file is either invalid or not available
WARNING: [Board 49-26] cannot add Board Part xilinx.com:kcu116:part0:1.5 available at /home/eslam-elshokafy/Xilinx/2025.2/data/xhub/boards/XilinxBoardStore/boards/Xilinx/kcu116/1.5/board.xml as part xcku5p-ffvb676-2-e specified in board_part file is either invalid or not available
WARNING: [Board 49-26] cannot add Board Part xilinx.com:kcu1500:part0:1.2 available at /home/eslam-elshokafy/Xilinx/2025.2/data/xhub/boards/XilinxBoardStore/boards/Xilinx/kcu1500/1.2/board.xml as part xcku115-flvb2104-2-e specified in board_part file is either invalid or not available
WARNING: [Board 49-26] cannot add Board Part xilinx.com:kd240_som:part0:1.0 available at /home/eslam-elshokafy/Xilinx/2025.2/data/xhub/boards/XilinxBoardStore/boards/Xilinx/kd240_som/1.0/board.xml as part xck24-ubva530-2lv-c specified in board_part file is either invalid or not available
WARNING: [Board 49-26] cannot add Board Part xilinx.com:kd240_som:part0:1.1 available at /home/eslam-elshokafy/Xilinx/2025.2/data/xhub/boards/XilinxBoardStore/boards/Xilinx/kd240_som/1.1/board.xml as part xck24-ubva530-2lv-c specified in board_part file is either invalid or not available
WARNING: [Board 49-26] cannot add Board Part xilinx.com:kr260_som:part0:1.0 available at /home/eslam-elshokafy/Xilinx/2025.2/data/xhub/boards/XilinxBoardStore/boards/Xilinx/kr260_som/1.0/board.xml as part xck26-sfvc784-2lv-c specified in board_part file is either invalid or not available
WARNING: [Board 49-26] cannot add Board Part xilinx.com:kr260_som:part0:1.1 available at /home/eslam-elshokafy/Xilinx/2025.2/data/xhub/boards/XilinxBoardStore/boards/Xilinx/kr260_som/1.1/board.xml as part xck26-sfvc784-2lv-c specified in board_part file is either invalid or not available
WARNING: [Board 49-26] cannot add Board Part xilinx.com:kv260_som:part0:1.2 available at /home/eslam-elshokafy/Xilinx/2025.2/data/xhub/boards/XilinxBoardStore/boards/Xilinx/kv260_som/1.2/board.xml as part xck26-sfvc784-2lv-c specified in board_part file is either invalid or not available
WARNING: [Board 49-26] cannot add Board Part xilinx.com:kv260_som:part0:1.3 available at /home/eslam-elshokafy/Xilinx/2025.2/data/xhub/boards/XilinxBoardStore/boards/Xilinx/kv260_som/1.3/board.xml as part xck26-sfvc784-2lv-c specified in board_part file is either invalid or not available
WARNING: [Board 49-26] cannot add Board Part xilinx.com:kv260_som:part0:1.4 available at /home/eslam-elshokafy/Xilinx/2025.2/data/xhub/boards/XilinxBoardStore/boards/Xilinx/kv260_som/1.4/board.xml as part xck26-sfvc784-2lv-c specified in board_part file is either invalid or not available
WARNING: [Board 49-26] cannot add Board Part xilinx.com:scu35:part0:1.0 available at /home/eslam-elshokafy/Xilinx/2025.2/data/xhub/boards/XilinxBoardStore/boards/Xilinx/scu35/1.0/board.xml as part xcsu35p-sbvb625-2-e specified in board_part file is either invalid or not available
WARNING: [Board 49-26] cannot add Board Part xilinx.com:sp701:part0:1.0 available at /home/eslam-elshokafy/Xilinx/2025.2/data/xhub/boards/XilinxBoardStore/boards/Xilinx/sp701/1.0/board.xml as part xc7s100fgga676-2 specified in board_part file is either invalid or not available
WARNING: [Board 49-26] cannot add Board Part xilinx.com:sp701:part0:1.1 available at /home/eslam-elshokafy/Xilinx/2025.2/data/xhub/boards/XilinxBoardStore/boards/Xilinx/sp701/1.1/board.xml as part xc7s100fgga676-2 specified in board_part file is either invalid or not available
WARNING: [Board 49-26] cannot add Board Part xilinx.com:v80:part0:1.0 available at /home/eslam-elshokafy/Xilinx/2025.2/data/xhub/boards/XilinxBoardStore/boards/Xilinx/v80/1.0/board.xml as part xcv80-lsva4737-2mhp-e-s specified in board_part file is either invalid or not available
WARNING: [Board 49-26] cannot add Board Part xilinx.com:vc707:part0:1.4 available at /home/eslam-elshokafy/Xilinx/2025.2/data/xhub/boards/XilinxBoardStore/boards/Xilinx/vc707/1.4/board.xml as part xc7vx485tffg1761-2 specified in board_part file is either invalid or not available
WARNING: [Board 49-26] cannot add Board Part xilinx.com:vc707:part0:1.5 available at /home/eslam-elshokafy/Xilinx/2025.2/data/xhub/boards/XilinxBoardStore/boards/Xilinx/vc707/1.5/board.xml as part xc7vx485tffg1761-2 specified in board_part file is either invalid or not available
WARNING: [Board 49-26] cannot add Board Part xilinx.com:vc709:part0:1.8 available at /home/eslam-elshokafy/Xilinx/2025.2/data/xhub/boards/XilinxBoardStore/boards/Xilinx/vc709/1.8/board.xml as part xc7vx690tffg1761-2 specified in board_part file is either invalid or not available
WARNING: [Board 49-26] cannot add Board Part xilinx.com:vck190:part0:2.2 available at /home/eslam-elshokafy/Xilinx/2025.2/data/xhub/boards/XilinxBoardStore/boards/Xilinx/vck190/production/2.2/board.xml as part xcvc1902-vsva2197-2mp-e-s specified in board_part file is either invalid or not available
WARNING: [Board 49-26] cannot add Board Part xilinx.com:vck190:part0:3.0 available at /home/eslam-elshokafy/Xilinx/2025.2/data/xhub/boards/XilinxBoardStore/boards/Xilinx/vck190/production/3.0/board.xml as part xcvc1902-vsva2197-2mp-e-s specified in board_part file is either invalid or not available
WARNING: [Board 49-26] cannot add Board Part xilinx.com:vck190:part0:3.1 available at /home/eslam-elshokafy/Xilinx/2025.2/data/xhub/boards/XilinxBoardStore/boards/Xilinx/vck190/production/3.1/board.xml as part xcvc1902-vsva2197-2mp-e-s specified in board_part file is either invalid or not available
WARNING: [Board 49-26] cannot add Board Part xilinx.com:vck190:part0:3.2 available at /home/eslam-elshokafy/Xilinx/2025.2/data/xhub/boards/XilinxBoardStore/boards/Xilinx/vck190/production/3.2/board.xml as part xcvc1902-vsva2197-2mp-e-s specified in board_part file is either invalid or not available
WARNING: [Board 49-26] cannot add Board Part xilinx.com:vck190:part0:3.3 available at /home/eslam-elshokafy/Xilinx/2025.2/data/xhub/boards/XilinxBoardStore/boards/Xilinx/vck190/production/3.3/board.xml as part xcvc1902-vsva2197-2mp-e-s specified in board_part file is either invalid or not available
WARNING: [Board 49-26] cannot add Board Part xilinx.com:vck190:part0:3.4 available at /home/eslam-elshokafy/Xilinx/2025.2/data/xhub/boards/XilinxBoardStore/boards/Xilinx/vck190/production/3.4/board.xml as part xcvc1902-vsva2197-2mp-e-s specified in board_part file is either invalid or not available
WARNING: [Board 49-26] cannot add Board Part xilinx.com:vck190_newl:part0:1.0 available at /home/eslam-elshokafy/Xilinx/2025.2/data/xhub/boards/XilinxBoardStore/boards/Xilinx/vck190_newl/production/1.0/board.xml as part xcvc1902-vsva2197-2mp-e-s specified in board_part file is either invalid or not available
WARNING: [Board 49-26] cannot add Board Part xilinx.com:vck190_newl:part0:1.1 available at /home/eslam-elshokafy/Xilinx/2025.2/data/xhub/boards/XilinxBoardStore/boards/Xilinx/vck190_newl/production/1.1/board.xml as part xcvc1902-vsva2197-2mp-e-s specified in board_part file is either invalid or not available
WARNING: [Board 49-26] cannot add Board Part xilinx.com:vck190_newl:part0:1.2 available at /home/eslam-elshokafy/Xilinx/2025.2/data/xhub/boards/XilinxBoardStore/boards/Xilinx/vck190_newl/production/1.2/board.xml as part xcvc1902-vsva2197-2mp-e-s specified in board_part file is either invalid or not available
WARNING: [Board 49-26] cannot add Board Part xilinx.com:vck190_newl:part0:1.3 available at /home/eslam-elshokafy/Xilinx/2025.2/data/xhub/boards/XilinxBoardStore/boards/Xilinx/vck190_newl/production/1.3/board.xml as part xcvc1902-vsva2197-2mp-e-s specified in board_part file is either invalid or not available
WARNING: [Board 49-26] cannot add Board Part xilinx.com:vcu108:part0:1.6 available at /home/eslam-elshokafy/Xilinx/2025.2/data/xhub/boards/XilinxBoardStore/boards/Xilinx/vcu108/1.6/board.xml as part xcvu095-ffva2104-2-e specified in board_part file is either invalid or not available
WARNING: [Board 49-26] cannot add Board Part xilinx.com:vcu108:part0:1.7 available at /home/eslam-elshokafy/Xilinx/2025.2/data/xhub/boards/XilinxBoardStore/boards/Xilinx/vcu108/1.7/board.xml as part xcvu095-ffva2104-2-e specified in board_part file is either invalid or not available
WARNING: [Board 49-26] cannot add Board Part xilinx.com:vcu110:part0:1.4 available at /home/eslam-elshokafy/Xilinx/2025.2/data/xhub/boards/XilinxBoardStore/boards/Xilinx/vcu110/1.4/board.xml as part xcvu190-flgc2104-2-e specified in board_part file is either invalid or not available
WARNING: [Board 49-26] cannot add Board Part xilinx.com:vcu118:part0:2.0 available at /home/eslam-elshokafy/Xilinx/2025.2/data/xhub/boards/XilinxBoardStore/boards/Xilinx/vcu118/2.0/board.xml as part xcvu9p-flga2104-2l-e specified in board_part file is either invalid or not available
WARNING: [Board 49-26] cannot add Board Part xilinx.com:vcu118:part0:2.3 available at /home/eslam-elshokafy/Xilinx/2025.2/data/xhub/boards/XilinxBoardStore/boards/Xilinx/vcu118/2.3/board.xml as part xcvu9p-flga2104-2l-e specified in board_part file is either invalid or not available
WARNING: [Board 49-26] cannot add Board Part xilinx.com:vcu118:part0:2.4 available at /home/eslam-elshokafy/Xilinx/2025.2/data/xhub/boards/XilinxBoardStore/boards/Xilinx/vcu118/2.4/board.xml as part xcvu9p-flga2104-2l-e specified in board_part file is either invalid or not available
WARNING: [Board 49-26] cannot add Board Part xilinx.com:vcu128:part0:1.0 available at /home/eslam-elshokafy/Xilinx/2025.2/data/xhub/boards/XilinxBoardStore/boards/Xilinx/vcu128/production/1.0/board.xml as part xcvu37p-fsvh2892-2l-e specified in board_part file is either invalid or not available
WARNING: [Board 49-26] cannot add Board Part xilinx.com:vcu129:part0:1.0 available at /home/eslam-elshokafy/Xilinx/2025.2/data/xhub/boards/XilinxBoardStore/boards/Xilinx/vcu129/production/1.0/board.xml as part xcvu29p-fsga2577-2l-e specified in board_part file is either invalid or not available
WARNING: [Board 49-26] cannot add Board Part xilinx.com:vcu1525:part0:1.3 available at /home/eslam-elshokafy/Xilinx/2025.2/data/xhub/boards/XilinxBoardStore/boards/Xilinx/vcu1525/1.3/board.xml as part xcvu9p-fsgd2104-2l-e specified in board_part file is either invalid or not available
WARNING: [Board 49-26] cannot add Board Part xilinx.com:vek280:part0:1.0 available at /home/eslam-elshokafy/Xilinx/2025.2/data/xhub/boards/XilinxBoardStore/boards/Xilinx/vek280/production/1.0/board.xml as part xcve2802-vsvh1760-2mp-e-s specified in board_part file is either invalid or not available
WARNING: [Board 49-26] cannot add Board Part xilinx.com:vek280:part0:1.1 available at /home/eslam-elshokafy/Xilinx/2025.2/data/xhub/boards/XilinxBoardStore/boards/Xilinx/vek280/production/1.1/board.xml as part xcve2802-vsvh1760-2mp-e-s specified in board_part file is either invalid or not available
WARNING: [Board 49-26] cannot add Board Part xilinx.com:vek280:part0:1.2 available at /home/eslam-elshokafy/Xilinx/2025.2/data/xhub/boards/XilinxBoardStore/boards/Xilinx/vek280/production/1.2/board.xml as part xcve2802-vsvh1760-2mp-e-s specified in board_part file is either invalid or not available
WARNING: [Board 49-26] cannot add Board Part xilinx.com:vek385:part0:1.0 available at /home/eslam-elshokafy/Xilinx/2025.2/data/xhub/boards/XilinxBoardStore/boards/Xilinx/vek385/1.0/board.xml as part xc2ve3858-ssva2112-2mp-e-s specified in board_part file is either invalid or not available
WARNING: [Board 49-26] cannot add Board Part xilinx.com:vek385:part0:1.1 available at /home/eslam-elshokafy/Xilinx/2025.2/data/xhub/boards/XilinxBoardStore/boards/Xilinx/vek385/1.1/board.xml as part xc2ve3858-ssva2112-2mp-e-s specified in board_part file is either invalid or not available
WARNING: [Board 49-26] cannot add Board Part xilinx.com:vek385_1:part0:1.0 available at /home/eslam-elshokafy/Xilinx/2025.2/data/xhub/boards/XilinxBoardStore/boards/Xilinx/vek385_2/1.0/board.xml as part xc2ve3858-ssva2112-2mp-e-s specified in board_part file is either invalid or not available
WARNING: [Board 49-26] cannot add Board Part xilinx.com:vermeo_t1_mpsoc:part0:1.0 available at /home/eslam-elshokafy/Xilinx/2025.2/data/xhub/boards/XilinxBoardStore/boards/Xilinx/vermeo_t1_mpsoc/1.0/board.xml as part xczu19eg-ffvd1760-2l-e specified in board_part file is either invalid or not available
WARNING: [Board 49-26] cannot add Board Part xilinx.com:vermeo_t1_rfsoc:part0:1.0 available at /home/eslam-elshokafy/Xilinx/2025.2/data/xhub/boards/XilinxBoardStore/boards/Xilinx/vermeo_t1_rfsoc/1.0/board.xml as part xczu21dr-ffvd1156-2l-e specified in board_part file is either invalid or not available
WARNING: [Board 49-26] cannot add Board Part xilinx.com:vhk158:part0:1.0 available at /home/eslam-elshokafy/Xilinx/2025.2/data/xhub/boards/XilinxBoardStore/boards/Xilinx/vhk158/production/1.0/board.xml as part xcvh1582-vsva3697-2mp-e-s specified in board_part file is either invalid or not available
WARNING: [Board 49-26] cannot add Board Part xilinx.com:vhk158:part0:1.1 available at /home/eslam-elshokafy/Xilinx/2025.2/data/xhub/boards/XilinxBoardStore/boards/Xilinx/vhk158/production/1.1/board.xml as part xcvh1582-vsva3697-2mp-e-s specified in board_part file is either invalid or not available
WARNING: [Board 49-26] cannot add Board Part xilinx.com:vhk158:part0:1.2 available at /home/eslam-elshokafy/Xilinx/2025.2/data/xhub/boards/XilinxBoardStore/boards/Xilinx/vhk158/production/1.2/board.xml as part xcvh1582-vsva3697-2mp-e-s specified in board_part file is either invalid or not available
WARNING: [Board 49-26] cannot add Board Part xilinx.com:vmk180:part0:2.2 available at /home/eslam-elshokafy/Xilinx/2025.2/data/xhub/boards/XilinxBoardStore/boards/Xilinx/vmk180/production/2.2/board.xml as part xcvm1802-vsva2197-2mp-e-s specified in board_part file is either invalid or not available
WARNING: [Board 49-26] cannot add Board Part xilinx.com:vmk180:part0:3.0 available at /home/eslam-elshokafy/Xilinx/2025.2/data/xhub/boards/XilinxBoardStore/boards/Xilinx/vmk180/production/3.0/board.xml as part xcvm1802-vsva2197-2mp-e-s specified in board_part file is either invalid or not available
WARNING: [Board 49-26] cannot add Board Part xilinx.com:vmk180:part0:3.1 available at /home/eslam-elshokafy/Xilinx/2025.2/data/xhub/boards/XilinxBoardStore/boards/Xilinx/vmk180/production/3.1/board.xml as part xcvm1802-vsva2197-2mp-e-s specified in board_part file is either invalid or not available
WARNING: [Board 49-26] cannot add Board Part xilinx.com:vmk180:part0:3.2 available at /home/eslam-elshokafy/Xilinx/2025.2/data/xhub/boards/XilinxBoardStore/boards/Xilinx/vmk180/production/3.2/board.xml as part xcvm1802-vsva2197-2mp-e-s specified in board_part file is either invalid or not available
WARNING: [Board 49-26] cannot add Board Part xilinx.com:vmk180:part0:3.3 available at /home/eslam-elshokafy/Xilinx/2025.2/data/xhub/boards/XilinxBoardStore/boards/Xilinx/vmk180/production/3.3/board.xml as part xcvm1802-vsva2197-2mp-e-s specified in board_part file is either invalid or not available
WARNING: [Board 49-26] cannot add Board Part xilinx.com:vmk180_newl:part0:1.0 available at /home/eslam-elshokafy/Xilinx/2025.2/data/xhub/boards/XilinxBoardStore/boards/Xilinx/vmk180_newl/production/1.0/board.xml as part xcvm1802-vsva2197-2mp-e-s specified in board_part file is either invalid or not available
WARNING: [Board 49-26] cannot add Board Part xilinx.com:vmk180_newl:part0:1.1 available at /home/eslam-elshokafy/Xilinx/2025.2/data/xhub/boards/XilinxBoardStore/boards/Xilinx/vmk180_newl/production/1.1/board.xml as part xcvm1802-vsva2197-2mp-e-s specified in board_part file is either invalid or not available
WARNING: [Board 49-26] cannot add Board Part xilinx.com:vpk120:part0:1.0 available at /home/eslam-elshokafy/Xilinx/2025.2/data/xhub/boards/XilinxBoardStore/boards/Xilinx/vpk120/production/1.0/board.xml as part xcvp1202-vsva2785-2mp-e-s specified in board_part file is either invalid or not available
WARNING: [Board 49-26] cannot add Board Part xilinx.com:vpk120:part0:1.1 available at /home/eslam-elshokafy/Xilinx/2025.2/data/xhub/boards/XilinxBoardStore/boards/Xilinx/vpk120/production/1.1/board.xml as part xcvp1202-vsva2785-2mp-e-s specified in board_part file is either invalid or not available
WARNING: [Board 49-26] cannot add Board Part xilinx.com:vpk120:part0:1.2 available at /home/eslam-elshokafy/Xilinx/2025.2/data/xhub/boards/XilinxBoardStore/boards/Xilinx/vpk120/production/1.2/board.xml as part xcvp1202-vsva2785-2mp-e-s specified in board_part file is either invalid or not available
WARNING: [Board 49-26] cannot add Board Part xilinx.com:vpk180:part0:1.0 available at /home/eslam-elshokafy/Xilinx/2025.2/data/xhub/boards/XilinxBoardStore/boards/Xilinx/vpk180/production/1.0/board.xml as part xcvp1802-lsvc4072-2mp-e-s specified in board_part file is either invalid or not available
WARNING: [Board 49-26] cannot add Board Part xilinx.com:vpk180:part0:1.1 available at /home/eslam-elshokafy/Xilinx/2025.2/data/xhub/boards/XilinxBoardStore/boards/Xilinx/vpk180/production/1.1/board.xml as part xcvp1802-lsvc4072-2mp-e-s specified in board_part file is either invalid or not available
WARNING: [Board 49-26] cannot add Board Part xilinx.com:vpk180:part0:1.2 available at /home/eslam-elshokafy/Xilinx/2025.2/data/xhub/boards/XilinxBoardStore/boards/Xilinx/vpk180/production/1.2/board.xml as part xcvp1802-lsvc4072-2mp-e-s specified in board_part file is either invalid or not available
WARNING: [Board 49-26] cannot add Board Part xilinx.com:vrk160:part0:1.0 available at /home/eslam-elshokafy/Xilinx/2025.2/data/xhub/boards/XilinxBoardStore/boards/Xilinx/vrk160/1.0/board.xml as part xcvr1602-vsva2488-2mp-e-s-es1 specified in board_part file is either invalid or not available
WARNING: [Board 49-26] cannot add Board Part xilinx.com:vrk160:part0:1.1 available at /home/eslam-elshokafy/Xilinx/2025.2/data/xhub/boards/XilinxBoardStore/boards/Xilinx/vrk160/1.1/board.xml as part xcvr1602-vsva2488-2mp-e-s-es1 specified in board_part file is either invalid or not available
WARNING: [Board 49-26] cannot add Board Part xilinx.com:zc706:part0:1.4 available at /home/eslam-elshokafy/Xilinx/2025.2/data/xhub/boards/XilinxBoardStore/boards/Xilinx/zc706/1.4/board.xml as part xc7z045ffg900-2 specified in board_part file is either invalid or not available
WARNING: [Board 49-26] cannot add Board Part xilinx.com:zc706:part0:1.5 available at /home/eslam-elshokafy/Xilinx/2025.2/data/xhub/boards/XilinxBoardStore/boards/Xilinx/zc706/1.5/board.xml as part xc7z045ffg900-2 specified in board_part file is either invalid or not available
WARNING: [Board 49-26] cannot add Board Part xilinx.com:zcu102:part0:3.3 available at /home/eslam-elshokafy/Xilinx/2025.2/data/xhub/boards/XilinxBoardStore/boards/Xilinx/zcu102/3.3/board.xml as part xczu9eg-ffvb1156-2-e specified in board_part file is either invalid or not available
WARNING: [Board 49-26] cannot add Board Part xilinx.com:zcu102:part0:3.4 available at /home/eslam-elshokafy/Xilinx/2025.2/data/xhub/boards/XilinxBoardStore/boards/Xilinx/zcu102/3.4/board.xml as part xczu9eg-ffvb1156-2-e specified in board_part file is either invalid or not available
WARNING: [Board 49-26] cannot add Board Part xilinx.com:zcu104:part0:1.1 available at /home/eslam-elshokafy/Xilinx/2025.2/data/xhub/boards/XilinxBoardStore/boards/Xilinx/zcu104/1.1/board.xml as part xczu7ev-ffvc1156-2-e specified in board_part file is either invalid or not available
WARNING: [Board 49-26] cannot add Board Part xilinx.com:zcu106:part0:2.4 available at /home/eslam-elshokafy/Xilinx/2025.2/data/xhub/boards/XilinxBoardStore/boards/Xilinx/zcu106/2.4/board.xml as part xczu7ev-ffvc1156-2-e specified in board_part file is either invalid or not available
WARNING: [Board 49-26] cannot add Board Part xilinx.com:zcu106:part0:2.5 available at /home/eslam-elshokafy/Xilinx/2025.2/data/xhub/boards/XilinxBoardStore/boards/Xilinx/zcu106/2.5/board.xml as part xczu7ev-ffvc1156-2-e specified in board_part file is either invalid or not available
WARNING: [Board 49-26] cannot add Board Part xilinx.com:zcu106:part0:2.6 available at /home/eslam-elshokafy/Xilinx/2025.2/data/xhub/boards/XilinxBoardStore/boards/Xilinx/zcu106/2.6/board.xml as part xczu7ev-ffvc1156-2-e specified in board_part file is either invalid or not available
WARNING: [Board 49-26] cannot add Board Part xilinx.com:zcu111:part0:1.2 available at /home/eslam-elshokafy/Xilinx/2025.2/data/xhub/boards/XilinxBoardStore/boards/Xilinx/zcu111/1.2/board.xml as part xczu28dr-ffvg1517-2-e specified in board_part file is either invalid or not available
WARNING: [Board 49-26] cannot add Board Part xilinx.com:zcu111:part0:1.3 available at /home/eslam-elshokafy/Xilinx/2025.2/data/xhub/boards/XilinxBoardStore/boards/Xilinx/zcu111/1.3/board.xml as part xczu28dr-ffvg1517-2-e specified in board_part file is either invalid or not available
WARNING: [Board 49-26] cannot add Board Part xilinx.com:zcu111:part0:1.4 available at /home/eslam-elshokafy/Xilinx/2025.2/data/xhub/boards/XilinxBoardStore/boards/Xilinx/zcu111/1.4/board.xml as part xczu28dr-ffvg1517-2-e specified in board_part file is either invalid or not available
WARNING: [Board 49-26] cannot add Board Part xilinx.com:zcu1275:part0:1.0 available at /home/eslam-elshokafy/Xilinx/2025.2/data/xhub/boards/XilinxBoardStore/boards/Xilinx/zcu1275/1.0/board.xml as part xczu29dr-ffvf1760-2-e specified in board_part file is either invalid or not available
WARNING: [Board 49-26] cannot add Board Part xilinx.com:zcu1285:part0:1.0 available at /home/eslam-elshokafy/Xilinx/2025.2/data/xhub/boards/XilinxBoardStore/boards/Xilinx/zcu1285/1.0/board.xml as part xczu39dr-ffvf1760-2-i specified in board_part file is either invalid or not available
WARNING: [Board 49-26] cannot add Board Part xilinx.com:zcu208:part0:2.0 available at /home/eslam-elshokafy/Xilinx/2025.2/data/xhub/boards/XilinxBoardStore/boards/Xilinx/zcu208/production/2.0/board.xml as part xczu48dr-fsvg1517-2-e specified in board_part file is either invalid or not available
WARNING: [Board 49-26] cannot add Board Part xilinx.com:zcu208ld:part0:2.0 available at /home/eslam-elshokafy/Xilinx/2025.2/data/xhub/boards/XilinxBoardStore/boards/Xilinx/zcu208ld/production/2.0/board.xml as part xczu58dr-fsvg1517-2-i specified in board_part file is either invalid or not available
WARNING: [Board 49-26] cannot add Board Part xilinx.com:zcu216:part0:2.0 available at /home/eslam-elshokafy/Xilinx/2025.2/data/xhub/boards/XilinxBoardStore/boards/Xilinx/zcu216/production/2.0/board.xml as part xczu49dr-ffvf1760-2-e specified in board_part file is either invalid or not available
WARNING: [Board 49-26] cannot add Board Part xilinx.com:zcu216ld:part0:2.0 available at /home/eslam-elshokafy/Xilinx/2025.2/data/xhub/boards/XilinxBoardStore/boards/Xilinx/zcu216ld/production/2.0/board.xml as part xczu59dr-ffvf1760-2-i specified in board_part file is either invalid or not available
WARNING: [Board 49-26] cannot add Board Part xilinx.com:zcu670:part0:2.0 available at /home/eslam-elshokafy/Xilinx/2025.2/data/xhub/boards/XilinxBoardStore/boards/Xilinx/zcu670/2.0/board.xml as part xczu67dr-fsve1156-2-i specified in board_part file is either invalid or not available
WARNING: [Board 49-26] cannot add Board Part xilinx.com:zcu670ld:part0:1.0 available at /home/eslam-elshokafy/Xilinx/2025.2/data/xhub/boards/XilinxBoardStore/boards/Xilinx/zcu670ld/1.0/board.xml as part xczu57dr-fsve1156-2-i specified in board_part file is either invalid or not available
source /home/eslam-elshokafy/Desktop/AIDAChip_Workshop_01/ztachip/HW/examples/ZC702/run_pmu_bitstream.tcl
# set ZC702 /home/eslam-elshokafy/Desktop/AIDAChip_Workshop_01/ztachip/HW/examples/ZC702
# set RTL   /home/eslam-elshokafy/Desktop/AIDAChip_Workshop_01/ztachip/HW/src
# set JOBS  2
# puts "INFO: opening existing project (keeps MMCM + jitter)..."
INFO: opening existing project (keeps MMCM + jitter)...
# open_project $ZC702/ztachip_zc702.xpr
Scanning sources...
Finished scanning sources
INFO: [IP_Flow 19-234] Refreshing IP repositories
INFO: [IP_Flow 19-1704] No user IP repositories specified
INFO: [IP_Flow 19-2313] Loaded Vivado IP repository '/home/eslam-elshokafy/Xilinx/2025.2/data/ip'.
# set pmu $RTL/soc/peripherals/pmu.vhd
# if {[llength [get_files -quiet *pmu.vhd]] == 0} {
#    puts "INFO: adding pmu.vhd to the project..."
#    add_files -norecurse $pmu
# } else {
#    puts "INFO: pmu.vhd already in project."
# }
INFO: pmu.vhd already in project.
# update_compile_order -fileset sources_1
# puts "INFO: resetting + launching synthesis (-jobs $JOBS)..."
INFO: resetting + launching synthesis (-jobs 2)...
# reset_run synth_1
INFO: [Project 1-1161] Replacing file /home/eslam-elshokafy/Desktop/AIDAChip_Workshop_01/ztachip/HW/examples/ZC702/ztachip_zc702.srcs/utils_1/imports/synth_1/main_zc702.dcp with file /home/eslam-elshokafy/Desktop/AIDAChip_Workshop_01/ztachip/HW/examples/ZC702/ztachip_zc702.runs/synth_1/main_zc702.dcp
# launch_runs synth_1 -jobs $JOBS
INFO: [Vivado 12-4149] The synthesis checkpoint for IP '/home/eslam-elshokafy/Desktop/AIDAChip_Workshop_01/ztachip/HW/examples/ZC702/ztachip_zc702.srcs/sources_1/ip/clk_mmcm/clk_mmcm.xci' is already up-to-date
[Sun Jun 21 12:38:50 2026] Launched synth_1...
Run output will be captured here: /home/eslam-elshokafy/Desktop/AIDAChip_Workshop_01/ztachip/HW/examples/ZC702/ztachip_zc702.runs/synth_1/runme.log
# wait_on_run synth_1
[Sun Jun 21 12:38:50 2026] Waiting for synth_1 to finish...
[Sun Jun 21 12:38:55 2026] Waiting for synth_1 to finish...
[Sun Jun 21 12:39:00 2026] Waiting for synth_1 to finish...
[Sun Jun 21 12:39:05 2026] Waiting for synth_1 to finish...
[Sun Jun 21 12:39:15 2026] Waiting for synth_1 to finish...
[Sun Jun 21 12:39:25 2026] Waiting for synth_1 to finish...
[Sun Jun 21 12:39:35 2026] Waiting for synth_1 to finish...
[Sun Jun 21 12:39:45 2026] Waiting for synth_1 to finish...
[Sun Jun 21 12:40:05 2026] Waiting for synth_1 to finish...
[Sun Jun 21 12:40:25 2026] Waiting for synth_1 to finish...
[Sun Jun 21 12:40:45 2026] Waiting for synth_1 to finish...
[Sun Jun 21 12:41:05 2026] Waiting for synth_1 to finish...
[Sun Jun 21 12:41:45 2026] Waiting for synth_1 to finish...
[Sun Jun 21 12:42:25 2026] Waiting for synth_1 to finish...

*** Running vivado
    with args -log main_zc702.vds -m64 -product Vivado -mode batch -messageDb vivado.pb -notrace -source main_zc702.tcl


****** Vivado v2025.2 (64-bit)
  **** SW Build 6299465 on Fri Nov 14 12:34:56 MST 2025
  **** IP Build 6300035 on Fri Nov 14 10:48:45 MST 2025
  **** SharedData Build 6298862 on Thu Nov 13 04:50:51 MST 2025
  **** Start of session at: Sun Jun 21 12:38:52 2026
    ** Copyright 1986-2022 Xilinx, Inc. All Rights Reserved.
    ** Copyright 2022-2025 Advanced Micro Devices, Inc. All Rights Reserved.

source main_zc702.tcl -notrace
CRITICAL WARNING: [Common 17-1355] You are suppressing all messages of type 'WARNING'. You may potentially disregard important DRC, CDC, and implementation messages that can negatively impact your design.  If this is not desired, please run 'reset_msg_config -suppress -severity {WARNING}' to undo this change.
Command: read_checkpoint -auto_incremental -incremental /home/eslam-elshokafy/Desktop/AIDAChip_Workshop_01/ztachip/HW/examples/ZC702/ztachip_zc702.srcs/utils_1/imports/synth_1/main_zc702.dcp
INFO: [Vivado 12-5825] Read reference checkpoint from /home/eslam-elshokafy/Desktop/AIDAChip_Workshop_01/ztachip/HW/examples/ZC702/ztachip_zc702.srcs/utils_1/imports/synth_1/main_zc702.dcp for incremental synthesis
INFO: [Vivado 12-7989] Please ensure there are no constraint changes
Command: synth_design -top main_zc702 -part xc7z020clg484-1
Starting synth_design
Attempting to get a license for feature 'Synthesis' and/or device 'xc7z020'
INFO: [Common 17-349] Got license for feature 'Synthesis' and/or device 'xc7z020'
INFO: [Device 21-403] Loading part xc7z020clg484-1
INFO: [Synth 8-7079] Multithreading enabled for synth_design using a maximum of 7 processes.
INFO: [Synth 8-7078] Launching helper process for spawning children vivado processes
INFO: [Synth 8-7075] Helper process launched with PID 10669
---------------------------------------------------------------------------------
Starting RTL Elaboration : Time (s): cpu = 00:00:03 ; elapsed = 00:00:03 . Memory (MB): peak = 2249.117 ; gain = 483.125 ; free physical = 4095 ; free virtual = 15484
---------------------------------------------------------------------------------
INFO: [Synth 8-7154] Comparator node is optimized using Range information. [/home/eslam-elshokafy/Desktop/AIDAChip_Workshop_01/ztachip/HW/riscv/sim/riscv.vhd:4449]
INFO: [Synth 8-7154] Comparator node is optimized using Range information. [/home/eslam-elshokafy/Desktop/AIDAChip_Workshop_01/ztachip/HW/riscv/sim/riscv.vhd:4192]
INFO: [Synth 8-7154] Comparator node is optimized using Range information. [/home/eslam-elshokafy/Desktop/AIDAChip_Workshop_01/ztachip/HW/src/pcore/instr_fetch.vhd:824]
---------------------------------------------------------------------------------
Finished RTL Elaboration : Time (s): cpu = 00:00:12 ; elapsed = 00:00:29 . Memory (MB): peak = 2702.336 ; gain = 936.344 ; free physical = 267 ; free virtual = 9901
---------------------------------------------------------------------------------
---------------------------------------------------------------------------------
Start Handling Custom Attributes
---------------------------------------------------------------------------------
---------------------------------------------------------------------------------
Finished Handling Custom Attributes : Time (s): cpu = 00:00:12 ; elapsed = 00:00:29 . Memory (MB): peak = 2702.336 ; gain = 936.344 ; free physical = 267 ; free virtual = 9900
---------------------------------------------------------------------------------
---------------------------------------------------------------------------------
Finished RTL Optimization Phase 1 : Time (s): cpu = 00:00:12 ; elapsed = 00:00:29 . Memory (MB): peak = 2702.336 ; gain = 936.344 ; free physical = 267 ; free virtual = 9900
---------------------------------------------------------------------------------
Netlist sorting complete. Time (s): cpu = 00:00:01 ; elapsed = 00:00:01 . Memory (MB): peak = 2702.336 ; gain = 0.000 ; free physical = 287 ; free virtual = 9919
INFO: [Project 1-570] Preparing netlist for logic optimization

Processing XDC Constraints
Initializing timing engine
Parsing XDC File [/home/eslam-elshokafy/Desktop/AIDAChip_Workshop_01/ztachip/HW/examples/ZC702/ztachip_zc702.gen/sources_1/ip/clk_mmcm/clk_mmcm/clk_mmcm_in_context.xdc] for cell 'clk_mmcm_inst'
Finished Parsing XDC File [/home/eslam-elshokafy/Desktop/AIDAChip_Workshop_01/ztachip/HW/examples/ZC702/ztachip_zc702.gen/sources_1/ip/clk_mmcm/clk_mmcm/clk_mmcm_in_context.xdc] for cell 'clk_mmcm_inst'
Parsing XDC File [/home/eslam-elshokafy/Desktop/AIDAChip_Workshop_01/ztachip/HW/examples/ZC702/ztachip_zc702.gen/sources_1/ip/float_addsub/float_addsub/float_addsub_in_context.xdc] for cell 'soc_base_inst/ztachip_inst/GEN1.fpu_i/falu_vector_i/GEN_FPU[0].falu_core_i/falu_i/stage_3/float_addsub_inst'
Finished Parsing XDC File [/home/eslam-elshokafy/Desktop/AIDAChip_Workshop_01/ztachip/HW/examples/ZC702/ztachip_zc702.gen/sources_1/ip/float_addsub/float_addsub/float_addsub_in_context.xdc] for cell 'soc_base_inst/ztachip_inst/GEN1.fpu_i/falu_vector_i/GEN_FPU[0].falu_core_i/falu_i/stage_3/float_addsub_inst'
Parsing XDC File [/home/eslam-elshokafy/Desktop/AIDAChip_Workshop_01/ztachip/HW/examples/ZC702/ztachip_zc702.gen/sources_1/ip/float_addsub/float_addsub/float_addsub_in_context.xdc] for cell 'soc_base_inst/ztachip_inst/GEN1.fpu_i/falu_vector_i/GEN_FPU[0].falu_core_i/falu2_i/sum_1/float_addsub_inst'
Finished Parsing XDC File [/home/eslam-elshokafy/Desktop/AIDAChip_Workshop_01/ztachip/HW/examples/ZC702/ztachip_zc702.gen/sources_1/ip/float_addsub/float_addsub/float_addsub_in_context.xdc] for cell 'soc_base_inst/ztachip_inst/GEN1.fpu_i/falu_vector_i/GEN_FPU[0].falu_core_i/falu2_i/sum_1/float_addsub_inst'
Parsing XDC File [/home/eslam-elshokafy/Desktop/AIDAChip_Workshop_01/ztachip/HW/examples/ZC702/ztachip_zc702.gen/sources_1/ip/float_addsub/float_addsub/float_addsub_in_context.xdc] for cell 'soc_base_inst/ztachip_inst/GEN1.fpu_i/falu_vector_i/GEN_FPU[0].falu_core_i/falu2_i/sum_2/float_addsub_inst'
Finished Parsing XDC File [/home/eslam-elshokafy/Desktop/AIDAChip_Workshop_01/ztachip/HW/examples/ZC702/ztachip_zc702.gen/sources_1/ip/float_addsub/float_addsub/float_addsub_in_context.xdc] for cell 'soc_base_inst/ztachip_inst/GEN1.fpu_i/falu_vector_i/GEN_FPU[0].falu_core_i/falu2_i/sum_2/float_addsub_inst'
Parsing XDC File [/home/eslam-elshokafy/Desktop/AIDAChip_Workshop_01/ztachip/HW/examples/ZC702/ztachip_zc702.gen/sources_1/ip/float_addsub/float_addsub/float_addsub_in_context.xdc] for cell 'soc_base_inst/ztachip_inst/GEN1.fpu_i/falu_vector_i/GEN_FPU[0].falu_core_i/falu2_i/sum_3/float_addsub_inst'
Finished Parsing XDC File [/home/eslam-elshokafy/Desktop/AIDAChip_Workshop_01/ztachip/HW/examples/ZC702/ztachip_zc702.gen/sources_1/ip/float_addsub/float_addsub/float_addsub_in_context.xdc] for cell 'soc_base_inst/ztachip_inst/GEN1.fpu_i/falu_vector_i/GEN_FPU[0].falu_core_i/falu2_i/sum_3/float_addsub_inst'
Parsing XDC File [/home/eslam-elshokafy/Desktop/AIDAChip_Workshop_01/ztachip/HW/examples/ZC702/ztachip_zc702.gen/sources_1/ip/float_addsub/float_addsub/float_addsub_in_context.xdc] for cell 'soc_base_inst/ztachip_inst/GEN1.fpu_i/falu_vector_i/GEN_FPU[1].falu_core_i/falu_i/stage_3/float_addsub_inst'
Finished Parsing XDC File [/home/eslam-elshokafy/Desktop/AIDAChip_Workshop_01/ztachip/HW/examples/ZC702/ztachip_zc702.gen/sources_1/ip/float_addsub/float_addsub/float_addsub_in_context.xdc] for cell 'soc_base_inst/ztachip_inst/GEN1.fpu_i/falu_vector_i/GEN_FPU[1].falu_core_i/falu_i/stage_3/float_addsub_inst'
Parsing XDC File [/home/eslam-elshokafy/Desktop/AIDAChip_Workshop_01/ztachip/HW/examples/ZC702/ztachip_zc702.gen/sources_1/ip/float_addsub/float_addsub/float_addsub_in_context.xdc] for cell 'soc_base_inst/ztachip_inst/GEN1.fpu_i/falu_vector_i/GEN_FPU[1].falu_core_i/falu2_i/sum_1/float_addsub_inst'
Finished Parsing XDC File [/home/eslam-elshokafy/Desktop/AIDAChip_Workshop_01/ztachip/HW/examples/ZC702/ztachip_zc702.gen/sources_1/ip/float_addsub/float_addsub/float_addsub_in_context.xdc] for cell 'soc_base_inst/ztachip_inst/GEN1.fpu_i/falu_vector_i/GEN_FPU[1].falu_core_i/falu2_i/sum_1/float_addsub_inst'
Parsing XDC File [/home/eslam-elshokafy/Desktop/AIDAChip_Workshop_01/ztachip/HW/examples/ZC702/ztachip_zc702.gen/sources_1/ip/float_addsub/float_addsub/float_addsub_in_context.xdc] for cell 'soc_base_inst/ztachip_inst/GEN1.fpu_i/falu_vector_i/GEN_FPU[1].falu_core_i/falu2_i/sum_2/float_addsub_inst'
Finished Parsing XDC File [/home/eslam-elshokafy/Desktop/AIDAChip_Workshop_01/ztachip/HW/examples/ZC702/ztachip_zc702.gen/sources_1/ip/float_addsub/float_addsub/float_addsub_in_context.xdc] for cell 'soc_base_inst/ztachip_inst/GEN1.fpu_i/falu_vector_i/GEN_FPU[1].falu_core_i/falu2_i/sum_2/float_addsub_inst'
Parsing XDC File [/home/eslam-elshokafy/Desktop/AIDAChip_Workshop_01/ztachip/HW/examples/ZC702/ztachip_zc702.gen/sources_1/ip/float_addsub/float_addsub/float_addsub_in_context.xdc] for cell 'soc_base_inst/ztachip_inst/GEN1.fpu_i/falu_vector_i/GEN_FPU[1].falu_core_i/falu2_i/sum_3/float_addsub_inst'
Finished Parsing XDC File [/home/eslam-elshokafy/Desktop/AIDAChip_Workshop_01/ztachip/HW/examples/ZC702/ztachip_zc702.gen/sources_1/ip/float_addsub/float_addsub/float_addsub_in_context.xdc] for cell 'soc_base_inst/ztachip_inst/GEN1.fpu_i/falu_vector_i/GEN_FPU[1].falu_core_i/falu2_i/sum_3/float_addsub_inst'
Parsing XDC File [/home/eslam-elshokafy/Desktop/AIDAChip_Workshop_01/ztachip/HW/examples/ZC702/ztachip_zc702.gen/sources_1/ip/float_addsub/float_addsub/float_addsub_in_context.xdc] for cell 'soc_base_inst/ztachip_inst/GEN1.fpu_i/falu_vector_i/stage_3/float_addsub_inst'
Finished Parsing XDC File [/home/eslam-elshokafy/Desktop/AIDAChip_Workshop_01/ztachip/HW/examples/ZC702/ztachip_zc702.gen/sources_1/ip/float_addsub/float_addsub/float_addsub_in_context.xdc] for cell 'soc_base_inst/ztachip_inst/GEN1.fpu_i/falu_vector_i/stage_3/float_addsub_inst'
Parsing XDC File [/home/eslam-elshokafy/Desktop/AIDAChip_Workshop_01/ztachip/HW/examples/ZC702/ztachip_zc702.gen/sources_1/ip/float_mul/float_mul/float_mul_in_context.xdc] for cell 'soc_base_inst/ztachip_inst/GEN1.fpu_i/falu_vector_i/GEN_FPU[0].falu_core_i/falu_i/stage_1/float_mul_inst'
Finished Parsing XDC File [/home/eslam-elshokafy/Desktop/AIDAChip_Workshop_01/ztachip/HW/examples/ZC702/ztachip_zc702.gen/sources_1/ip/float_mul/float_mul/float_mul_in_context.xdc] for cell 'soc_base_inst/ztachip_inst/GEN1.fpu_i/falu_vector_i/GEN_FPU[0].falu_core_i/falu_i/stage_1/float_mul_inst'
Parsing XDC File [/home/eslam-elshokafy/Desktop/AIDAChip_Workshop_01/ztachip/HW/examples/ZC702/ztachip_zc702.gen/sources_1/ip/float_mul/float_mul/float_mul_in_context.xdc] for cell 'soc_base_inst/ztachip_inst/GEN1.fpu_i/falu_vector_i/GEN_FPU[0].falu_core_i/falu_i/stage_2/float_mul_inst'
Finished Parsing XDC File [/home/eslam-elshokafy/Desktop/AIDAChip_Workshop_01/ztachip/HW/examples/ZC702/ztachip_zc702.gen/sources_1/ip/float_mul/float_mul/float_mul_in_context.xdc] for cell 'soc_base_inst/ztachip_inst/GEN1.fpu_i/falu_vector_i/GEN_FPU[0].falu_core_i/falu_i/stage_2/float_mul_inst'
Parsing XDC File [/home/eslam-elshokafy/Desktop/AIDAChip_Workshop_01/ztachip/HW/examples/ZC702/ztachip_zc702.gen/sources_1/ip/float_mul/float_mul/float_mul_in_context.xdc] for cell 'soc_base_inst/ztachip_inst/GEN1.fpu_i/falu_vector_i/GEN_FPU[1].falu_core_i/falu_i/stage_1/float_mul_inst'
Finished Parsing XDC File [/home/eslam-elshokafy/Desktop/AIDAChip_Workshop_01/ztachip/HW/examples/ZC702/ztachip_zc702.gen/sources_1/ip/float_mul/float_mul/float_mul_in_context.xdc] for cell 'soc_base_inst/ztachip_inst/GEN1.fpu_i/falu_vector_i/GEN_FPU[1].falu_core_i/falu_i/stage_1/float_mul_inst'
Parsing XDC File [/home/eslam-elshokafy/Desktop/AIDAChip_Workshop_01/ztachip/HW/examples/ZC702/ztachip_zc702.gen/sources_1/ip/float_mul/float_mul/float_mul_in_context.xdc] for cell 'soc_base_inst/ztachip_inst/GEN1.fpu_i/falu_vector_i/GEN_FPU[1].falu_core_i/falu_i/stage_2/float_mul_inst'
Finished Parsing XDC File [/home/eslam-elshokafy/Desktop/AIDAChip_Workshop_01/ztachip/HW/examples/ZC702/ztachip_zc702.gen/sources_1/ip/float_mul/float_mul/float_mul_in_context.xdc] for cell 'soc_base_inst/ztachip_inst/GEN1.fpu_i/falu_vector_i/GEN_FPU[1].falu_core_i/falu_i/stage_2/float_mul_inst'
Parsing XDC File [/home/eslam-elshokafy/Desktop/AIDAChip_Workshop_01/ztachip/HW/examples/ZC702/ztachip_zc702.gen/sources_1/bd/zynq_system/ip/zynq_system_processing_system7_0_0/zynq_system_processing_system7_0_0.xdc] for cell 'ps_inst/zynq_system_i/processing_system7_0/inst'
Finished Parsing XDC File [/home/eslam-elshokafy/Desktop/AIDAChip_Workshop_01/ztachip/HW/examples/ZC702/ztachip_zc702.gen/sources_1/bd/zynq_system/ip/zynq_system_processing_system7_0_0/zynq_system_processing_system7_0_0.xdc] for cell 'ps_inst/zynq_system_i/processing_system7_0/inst'
INFO: [Project 1-236] Implementation specific constraints were found while reading constraint file [/home/eslam-elshokafy/Desktop/AIDAChip_Workshop_01/ztachip/HW/examples/ZC702/ztachip_zc702.gen/sources_1/bd/zynq_system/ip/zynq_system_processing_system7_0_0/zynq_system_processing_system7_0_0.xdc]. These constraints will be ignored for synthesis but will be used in implementation. Impacted constraints are listed in the file [.Xil/main_zc702_propImpl.xdc].
Resolution: To avoid this warning, move constraints listed in [.Xil/main_zc702_propImpl.xdc] to another XDC file and exclude this new file from synthesis with the used_in_synthesis property (File Properties dialog in GUI) and re-run elaboration/synthesis.
Parsing XDC File [/home/eslam-elshokafy/Desktop/AIDAChip_Workshop_01/ztachip/HW/examples/ZC702/main_zc702.xdc]
Finished Parsing XDC File [/home/eslam-elshokafy/Desktop/AIDAChip_Workshop_01/ztachip/HW/examples/ZC702/main_zc702.xdc]
INFO: [Project 1-236] Implementation specific constraints were found while reading constraint file [/home/eslam-elshokafy/Desktop/AIDAChip_Workshop_01/ztachip/HW/examples/ZC702/main_zc702.xdc]. These constraints will be ignored for synthesis but will be used in implementation. Impacted constraints are listed in the file [.Xil/main_zc702_propImpl.xdc].
Resolution: To avoid this warning, move constraints listed in [.Xil/main_zc702_propImpl.xdc] to another XDC file and exclude this new file from synthesis with the used_in_synthesis property (File Properties dialog in GUI) and re-run elaboration/synthesis.
Parsing XDC File [/home/eslam-elshokafy/Desktop/AIDAChip_Workshop_01/ztachip/HW/examples/ZC702/ztachip_zc702.runs/synth_1/dont_touch.xdc]
Finished Parsing XDC File [/home/eslam-elshokafy/Desktop/AIDAChip_Workshop_01/ztachip/HW/examples/ZC702/ztachip_zc702.runs/synth_1/dont_touch.xdc]
INFO: [Project 1-236] Implementation specific constraints were found while reading constraint file [/home/eslam-elshokafy/Desktop/AIDAChip_Workshop_01/ztachip/HW/examples/ZC702/ztachip_zc702.runs/synth_1/dont_touch.xdc]. These constraints will be ignored for synthesis but will be used in implementation. Impacted constraints are listed in the file [.Xil/main_zc702_propImpl.xdc].
Resolution: To avoid this warning, move constraints listed in [.Xil/main_zc702_propImpl.xdc] to another XDC file and exclude this new file from synthesis with the used_in_synthesis property (File Properties dialog in GUI) and re-run elaboration/synthesis.
INFO: [Vivado 12-3272] Current instance is the top level cell 'soc_base_inst/axi_merge_inst/read_i/GEN1_CCD.slave_cmd_fifo/GEN2.afifo_i/sync_i1/xpm_cdc_array_single_inst' of design 'preSynthElab_1' [/home/eslam-elshokafy/Xilinx/2025.2/data/ip/xpm/xpm_cdc/tcl/xpm_cdc_array_single.tcl:5]
INFO: [Vivado 12-3272] Current instance is the top level cell 'soc_base_inst/axi_merge_inst/read_i/GEN1_CCD.slave_cmd_fifo/GEN2.afifo_i/sync_i2/xpm_cdc_array_single_inst' of design 'preSynthElab_1' [/home/eslam-elshokafy/Xilinx/2025.2/data/ip/xpm/xpm_cdc/tcl/xpm_cdc_array_single.tcl:5]
INFO: [Vivado 12-3272] Current instance is the top level cell 'soc_base_inst/axi_merge_inst/read_i/GEN2_CCD.slave_resp_fifo/GEN2.afifo_i/sync_i1/xpm_cdc_array_single_inst' of design 'preSynthElab_1' [/home/eslam-elshokafy/Xilinx/2025.2/data/ip/xpm/xpm_cdc/tcl/xpm_cdc_array_single.tcl:5]
INFO: [Vivado 12-3272] Current instance is the top level cell 'soc_base_inst/axi_merge_inst/read_i/GEN2_CCD.slave_resp_fifo/GEN2.afifo_i/sync_i2/xpm_cdc_array_single_inst' of design 'preSynthElab_1' [/home/eslam-elshokafy/Xilinx/2025.2/data/ip/xpm/xpm_cdc/tcl/xpm_cdc_array_single.tcl:5]
INFO: [Vivado 12-3272] Current instance is the top level cell 'soc_base_inst/axi_merge_inst/write_i/GEN1_CCD.slave_cmd_fifo/GEN2.afifo_i/sync_i1/xpm_cdc_array_single_inst' of design 'preSynthElab_1' [/home/eslam-elshokafy/Xilinx/2025.2/data/ip/xpm/xpm_cdc/tcl/xpm_cdc_array_single.tcl:5]
INFO: [Vivado 12-3272] Current instance is the top level cell 'soc_base_inst/axi_merge_inst/write_i/GEN1_CCD.slave_cmd_fifo/GEN2.afifo_i/sync_i2/xpm_cdc_array_single_inst' of design 'preSynthElab_1' [/home/eslam-elshokafy/Xilinx/2025.2/data/ip/xpm/xpm_cdc/tcl/xpm_cdc_array_single.tcl:5]
INFO: [Vivado 12-3272] Current instance is the top level cell 'soc_base_inst/axi_merge_inst/write_i/GEN2_CCD.slave_data_fifo/GEN2.afifo_i/sync_i1/xpm_cdc_array_single_inst' of design 'preSynthElab_1' [/home/eslam-elshokafy/Xilinx/2025.2/data/ip/xpm/xpm_cdc/tcl/xpm_cdc_array_single.tcl:5]
INFO: [Vivado 12-3272] Current instance is the top level cell 'soc_base_inst/axi_merge_inst/write_i/GEN2_CCD.slave_data_fifo/GEN2.afifo_i/sync_i2/xpm_cdc_array_single_inst' of design 'preSynthElab_1' [/home/eslam-elshokafy/Xilinx/2025.2/data/ip/xpm/xpm_cdc/tcl/xpm_cdc_array_single.tcl:5]
INFO: [Vivado 12-3272] Current instance is the top level cell 'soc_base_inst/axi_merge_inst/write_i/GEN3_CCD.slave_resp_fifo/GEN2.afifo_i/sync_i1/xpm_cdc_array_single_inst' of design 'preSynthElab_1' [/home/eslam-elshokafy/Xilinx/2025.2/data/ip/xpm/xpm_cdc/tcl/xpm_cdc_array_single.tcl:5]
INFO: [Vivado 12-3272] Current instance is the top level cell 'soc_base_inst/axi_merge_inst/write_i/GEN3_CCD.slave_resp_fifo/GEN2.afifo_i/sync_i2/xpm_cdc_array_single_inst' of design 'preSynthElab_1' [/home/eslam-elshokafy/Xilinx/2025.2/data/ip/xpm/xpm_cdc/tcl/xpm_cdc_array_single.tcl:5]
INFO: [Project 1-236] Implementation specific constraints were found while reading constraint file [/home/eslam-elshokafy/Xilinx/2025.2/data/ip/xpm/xpm_cdc/tcl/xpm_cdc_array_single.tcl]. These constraints will be ignored for synthesis but will be used in implementation. Impacted constraints are listed in the file [.Xil/main_zc702_propImpl.xdc].
Resolution: To avoid this warning, move constraints listed in [.Xil/main_zc702_propImpl.xdc] to another XDC file and exclude this new file from synthesis with the used_in_synthesis property (File Properties dialog in GUI) and re-run elaboration/synthesis.
INFO: [Project 1-236] Implementation specific constraints were found while reading constraint file [/home/eslam-elshokafy/Xilinx/2025.2/data/ip/xpm/xpm_memory/tcl/xpm_memory_xdc.tcl]. These constraints will be ignored for synthesis but will be used in implementation. Impacted constraints are listed in the file [.Xil/main_zc702_propImpl.xdc].
Resolution: To avoid this warning, move constraints listed in [.Xil/main_zc702_propImpl.xdc] to another XDC file and exclude this new file from synthesis with the used_in_synthesis property (File Properties dialog in GUI) and re-run elaboration/synthesis.
INFO: [Project 1-236] Implementation specific constraints were found while reading constraint file [/home/eslam-elshokafy/Xilinx/2025.2/data/ip/xpm/xpm_memory/tcl/xpm_memory_xdc.tcl]. These constraints will be ignored for synthesis but will be used in implementation. Impacted constraints are listed in the file [.Xil/main_zc702_propImpl.xdc].
Resolution: To avoid this warning, move constraints listed in [.Xil/main_zc702_propImpl.xdc] to another XDC file and exclude this new file from synthesis with the used_in_synthesis property (File Properties dialog in GUI) and re-run elaboration/synthesis.
INFO: [Project 1-1714] 109 XPM XDC files have been applied to the design.
Completed Processing XDC Constraints

Netlist sorting complete. Time (s): cpu = 00:00:00.03 ; elapsed = 00:00:00.02 . Memory (MB): peak = 3222.539 ; gain = 1.000 ; free physical = 244 ; free virtual = 9519
INFO: [Project 1-111] Unisim Transformation Summary:
No Unisim elements were transformed.

Constraint Validation Runtime : Time (s): cpu = 00:00:00.32 ; elapsed = 00:00:00.32 . Memory (MB): peak = 3223.539 ; gain = 0.965 ; free physical = 241 ; free virtual = 9518
---------------------------------------------------------------------------------
Finished Constraint Validation : Time (s): cpu = 00:00:45 ; elapsed = 00:00:49 . Memory (MB): peak = 3238.414 ; gain = 1472.422 ; free physical = 247 ; free virtual = 9524
---------------------------------------------------------------------------------
---------------------------------------------------------------------------------
Start Loading Part and Timing Information
---------------------------------------------------------------------------------
Loading part: xc7z020clg484-1
---------------------------------------------------------------------------------
Finished Loading Part and Timing Information : Time (s): cpu = 00:00:45 ; elapsed = 00:00:49 . Memory (MB): peak = 3246.418 ; gain = 1480.426 ; free physical = 246 ; free virtual = 9523
---------------------------------------------------------------------------------
---------------------------------------------------------------------------------
Start Applying 'set_property' XDC Constraints
---------------------------------------------------------------------------------
---------------------------------------------------------------------------------
Finished applying 'set_property' XDC Constraints : Time (s): cpu = 00:00:46 ; elapsed = 00:00:49 . Memory (MB): peak = 3246.418 ; gain = 1480.426 ; free physical = 249 ; free virtual = 9526
---------------------------------------------------------------------------------
---------------------------------------------------------------------------------
Start Preparing Guide Design
---------------------------------------------------------------------------------
---------------------------------------------------------------------------------
Finished Doing Graph Differ : Time (s): cpu = 00:00:49 ; elapsed = 00:00:53 . Memory (MB): peak = 3246.418 ; gain = 1480.426 ; free physical = 241 ; free virtual = 9528
---------------------------------------------------------------------------------
main_zc702__GC0pcore__parameterized5pcore__parameterized1dp_core__GC0fpu__GB1fpu__GB0IncrSyn: Total reference run partitions are 16, Impacted partitions are 12.
IncrSyn: List of changed modules: 
	Changed Module : soc_base
---------------------------------------------------------------------------------
Finished Preparing Guide Design : Time (s): cpu = 00:00:50 ; elapsed = 00:00:54 . Memory (MB): peak = 3246.418 ; gain = 1480.426 ; free physical = 241 ; free virtual = 9528
---------------------------------------------------------------------------------
INFO: [Synth 8-802] inferred FSM for state register 'tx_state_r_reg' in module 'UART'
---------------------------------------------------------------------------------------------------
                   State |                     New Encoding |                Previous Encoding 
---------------------------------------------------------------------------------------------------
                    idle |                               00 |                               00
               start_bit |                               01 |                               01
            writing_bits |                               10 |                               10
         writing_end_bit |                               11 |                               11
---------------------------------------------------------------------------------------------------
INFO: [Synth 8-3354] encoded FSM with state register 'tx_state_r_reg' using encoding 'User encoding' in module 'UART'
---------------------------------------------------------------------------------
Finished RTL Optimization Phase 2 : Time (s): cpu = 00:01:05 ; elapsed = 00:01:11 . Memory (MB): peak = 4450.637 ; gain = 2684.645 ; free physical = 150 ; free virtual = 8308
---------------------------------------------------------------------------------


Incremental Synthesis Report Summary:

1. Incremental synthesis run: no

   Reason for not running incremental synthesis : Change is too high


INFO: [Synth 8-7130] Flow is switching to default flow due to incremental criteria not met. If you would like to alter this behaviour and have the flow terminate instead, please set the following parameter config_implementation {autoIncr.Synth.RejectBehavior Terminate}
---------------------------------------------------------------------------------
Start RTL Component Statistics 
---------------------------------------------------------------------------------
Detailed RTL Component Info : 
+---Adders : 
	   2 Input   64 Bit       Adders := 1     
	   3 Input   52 Bit       Adders := 1     
	   2 Input   33 Bit       Adders := 2     
	   3 Input   33 Bit       Adders := 1     
	   2 Input   32 Bit       Adders := 27    
	   3 Input   32 Bit       Adders := 33    
	   3 Input   29 Bit       Adders := 4     
	   2 Input   27 Bit       Adders := 14    
	   3 Input   27 Bit       Adders := 14    
	   2 Input   26 Bit       Adders := 64    
	   3 Input   26 Bit       Adders := 16    
	   2 Input   25 Bit       Adders := 2     
	   2 Input   24 Bit       Adders := 2     
	   2 Input   23 Bit       Adders := 34    
	   2 Input   22 Bit       Adders := 8     
	   2 Input   20 Bit       Adders := 2     
	   2 Input   17 Bit       Adders := 1     
	   2 Input   16 Bit       Adders := 5     
	   2 Input   15 Bit       Adders := 5     
	   2 Input   13 Bit       Adders := 20    
	   3 Input   13 Bit       Adders := 5     
	   2 Input   12 Bit       Adders := 28    
	   3 Input   12 Bit       Adders := 16    
	   2 Input   11 Bit       Adders := 1     
	   2 Input   10 Bit       Adders := 18    
	   3 Input   10 Bit       Adders := 6     
	   2 Input    9 Bit       Adders := 119   
	   3 Input    9 Bit       Adders := 18    
	   2 Input    8 Bit       Adders := 115   
	   3 Input    8 Bit       Adders := 31    
	   2 Input    7 Bit       Adders := 9     
	   3 Input    7 Bit       Adders := 4     
	   2 Input    6 Bit       Adders := 48    
	   3 Input    6 Bit       Adders := 6     
	   2 Input    5 Bit       Adders := 123   
	   3 Input    5 Bit       Adders := 46    
	   2 Input    4 Bit       Adders := 85    
	   3 Input    4 Bit       Adders := 15    
	   2 Input    3 Bit       Adders := 47    
	   3 Input    3 Bit       Adders := 16    
	   2 Input    2 Bit       Adders := 16    
	   3 Input    1 Bit       Adders := 1     
	   2 Input    1 Bit       Adders := 5     
+---XORs : 
	   2 Input     32 Bit         XORs := 11    
	   2 Input     13 Bit         XORs := 4     
	   2 Input      5 Bit         XORs := 14    
	   2 Input      1 Bit         XORs := 44    
+---Registers : 
	             1632 Bit    Registers := 5     
	              417 Bit    Registers := 2     
	              408 Bit    Registers := 1     
	              337 Bit    Registers := 2     
	              256 Bit    Registers := 4     
	              144 Bit    Registers := 4     
	              136 Bit    Registers := 8     
	              133 Bit    Registers := 6     
	              128 Bit    Registers := 82    
	               80 Bit    Registers := 5     
	               73 Bit    Registers := 5     
	               72 Bit    Registers := 8     
	               68 Bit    Registers := 7     
	               67 Bit    Registers := 1     
	               65 Bit    Registers := 5     
	               64 Bit    Registers := 67    
	               58 Bit    Registers := 19    
	               52 Bit    Registers := 1     
	               38 Bit    Registers := 1     
	               37 Bit    Registers := 3     
	               36 Bit    Registers := 2     
	               35 Bit    Registers := 2     
	               34 Bit    Registers := 1     
	               33 Bit    Registers := 7     
	               32 Bit    Registers := 504   
	               30 Bit    Registers := 2     
	               29 Bit    Registers := 4     
	               28 Bit    Registers := 41    
	               27 Bit    Registers := 154   
	               26 Bit    Registers := 234   
	               24 Bit    Registers := 53    
	               23 Bit    Registers := 64    
	               22 Bit    Registers := 59    
	               21 Bit    Registers := 1     
	               20 Bit    Registers := 1     
	               18 Bit    Registers := 4     
	               17 Bit    Registers := 5     
	               16 Bit    Registers := 290   
	               15 Bit    Registers := 149   
	               14 Bit    Registers := 6     
	               13 Bit    Registers := 117   
	               12 Bit    Registers := 144   
	               11 Bit    Registers := 71    
	               10 Bit    Registers := 18    
	                9 Bit    Registers := 85    
	                8 Bit    Registers := 180   
	                7 Bit    Registers := 14    
	                6 Bit    Registers := 212   
	                5 Bit    Registers := 261   
	                4 Bit    Registers := 351   
	                3 Bit    Registers := 340   
	                2 Bit    Registers := 470   
	                1 Bit    Registers := 1372  
+---RAMs : 
	             204K Bit	(512 X 408 bit)          RAMs := 1     
	             128K Bit	(1024 X 128 bit)          RAMs := 3     
	             128K Bit	(4096 X 32 bit)          RAMs := 1     
	              84K Bit	(256 X 337 bit)          RAMs := 2     
	              68K Bit	(512 X 136 bit)          RAMs := 4     
	              66K Bit	(512 X 133 bit)          RAMs := 3     
	              65K Bit	(1024 X 65 bit)          RAMs := 1     
	              64K Bit	(1024 X 64 bit)          RAMs := 1     
	              34K Bit	(512 X 68 bit)          RAMs := 1     
	              32K Bit	(512 X 64 bit)          RAMs := 4     
	              32K Bit	(256 X 128 bit)          RAMs := 8     
	              32K Bit	(1024 X 32 bit)          RAMs := 2     
	              18K Bit	(256 X 73 bit)          RAMs := 1     
	              16K Bit	(256 X 67 bit)          RAMs := 1     
	              16K Bit	(2048 X 8 bit)          RAMs := 4     
	              14K Bit	(256 X 58 bit)          RAMs := 1     
	              13K Bit	(32 X 417 bit)          RAMs := 1     
	              12K Bit	(512 X 24 bit)          RAMs := 16    
	               8K Bit	(128 X 68 bit)          RAMs := 1     
	               5K Bit	(256 X 21 bit)          RAMs := 1     
	               4K Bit	(64 X 72 bit)          RAMs := 4     
	               4K Bit	(128 X 35 bit)          RAMs := 1     
	               3K Bit	(64 X 58 bit)          RAMs := 1     
	               2K Bit	(16 X 128 bit)          RAMs := 3     
	               2K Bit	(64 X 32 bit)          RAMs := 1     
	               2K Bit	(128 X 22 bit)          RAMs := 2     
	               2K Bit	(32 X 68 bit)          RAMs := 2     
	               2K Bit	(32 X 73 bit)          RAMs := 1     
	               2K Bit	(256 X 8 bit)          RAMs := 2     
	               1K Bit	(64 X 24 bit)          RAMs := 1     
	             1024 Bit	(32 X 32 bit)          RAMs := 1     
	               1K Bit	(32 X 58 bit)          RAMs := 11    
	               1K Bit	(32 X 36 bit)          RAMs := 2     
	               1K Bit	(256 X 5 bit)          RAMs := 4     
	               1K Bit	(256 X 6 bit)          RAMs := 2     
	               1K Bit	(32 X 37 bit)          RAMs := 3     
	             1024 Bit	(256 X 4 bit)          RAMs := 1     
	              768 Bit	(256 X 3 bit)          RAMs := 1     
	              608 Bit	(16 X 38 bit)          RAMs := 1     
	              528 Bit	(16 X 33 bit)          RAMs := 3     
	              264 Bit	(8 X 33 bit)          RAMs := 3     
	              256 Bit	(8 X 32 bit)          RAMs := 1     
	               96 Bit	(32 X 3 bit)          RAMs := 4     
	               40 Bit	(8 X 5 bit)          RAMs := 1     
	                8 Bit	(8 X 1 bit)          RAMs := 1     
+---ROMs : 
	                    ROMs := 1     
+---Muxes : 
	   2 Input 1632 Bit        Muxes := 3     
	   2 Input  417 Bit        Muxes := 1     
	   2 Input  337 Bit        Muxes := 3     
	   2 Input  136 Bit        Muxes := 136   
	   2 Input  128 Bit        Muxes := 464   
	   3 Input  128 Bit        Muxes := 5     
	   4 Input  128 Bit        Muxes := 1     
	   5 Input  128 Bit        Muxes := 2     
	   2 Input  112 Bit        Muxes := 4     
	   2 Input   72 Bit        Muxes := 72    
	   2 Input   64 Bit        Muxes := 29    
	   3 Input   64 Bit        Muxes := 6     
	   2 Input   33 Bit        Muxes := 3     
	   2 Input   32 Bit        Muxes := 336   
	   4 Input   32 Bit        Muxes := 10    
	   3 Input   32 Bit        Muxes := 15    
	   2 Input   29 Bit        Muxes := 4     
	   2 Input   28 Bit        Muxes := 3     
	   2 Input   27 Bit        Muxes := 144   
	   3 Input   27 Bit        Muxes := 14    
	   2 Input   26 Bit        Muxes := 187   
	   3 Input   26 Bit        Muxes := 15    
	   2 Input   25 Bit        Muxes := 1     
	   2 Input   24 Bit        Muxes := 9     
	   2 Input   23 Bit        Muxes := 32    
	   2 Input   22 Bit        Muxes := 39    
	   2 Input   20 Bit        Muxes := 1     
	   2 Input   17 Bit        Muxes := 4     
	   2 Input   16 Bit        Muxes := 159   
	   3 Input   16 Bit        Muxes := 5     
	   8 Input   16 Bit        Muxes := 1     
	   2 Input   15 Bit        Muxes := 31    
	   2 Input   14 Bit        Muxes := 16    
	   2 Input   13 Bit        Muxes := 38    
	   4 Input   13 Bit        Muxes := 16    
	   2 Input   12 Bit        Muxes := 171   
	   4 Input   12 Bit        Muxes := 16    
	   2 Input   11 Bit        Muxes := 61    
	   2 Input   10 Bit        Muxes := 18    
	   2 Input    9 Bit        Muxes := 69    
	   2 Input    8 Bit        Muxes := 156   
	   3 Input    8 Bit        Muxes := 8     
	   4 Input    8 Bit        Muxes := 2     
	   2 Input    7 Bit        Muxes := 13    
	   8 Input    6 Bit        Muxes := 2     
	   3 Input    6 Bit        Muxes := 9     
	   2 Input    6 Bit        Muxes := 81    
	   2 Input    5 Bit        Muxes := 87    
	   4 Input    5 Bit        Muxes := 2     
	   2 Input    4 Bit        Muxes := 96    
	   4 Input    4 Bit        Muxes := 14    
	   3 Input    4 Bit        Muxes := 5     
	   5 Input    4 Bit        Muxes := 8     
	   6 Input    4 Bit        Muxes := 1     
	   2 Input    3 Bit        Muxes := 164   
	   4 Input    3 Bit        Muxes := 3     
	   3 Input    3 Bit        Muxes := 4     
	   2 Input    2 Bit        Muxes := 338   
	   4 Input    2 Bit        Muxes := 5     
	   3 Input    2 Bit        Muxes := 23    
	   2 Input    1 Bit        Muxes := 996   
	   3 Input    1 Bit        Muxes := 37    
	   6 Input    1 Bit        Muxes := 2     
	   5 Input    1 Bit        Muxes := 10    
	   4 Input    1 Bit        Muxes := 16    
	   8 Input    1 Bit        Muxes := 1     
	   7 Input    1 Bit        Muxes := 1     
	   9 Input    1 Bit        Muxes := 1     
---------------------------------------------------------------------------------
Finished RTL Component Statistics 
---------------------------------------------------------------------------------
---------------------------------------------------------------------------------
Start Part Resource Summary
---------------------------------------------------------------------------------
Part Resources:
DSPs: 220 (col length:60)
BRAMs: 280 (col length: RAMB18 60 RAMB36 30)
---------------------------------------------------------------------------------
Finished Part Resource Summary
---------------------------------------------------------------------------------
---------------------------------------------------------------------------------
Start Cross Boundary and Area Optimization
---------------------------------------------------------------------------------
INFO: [Synth 8-3333] propagating constant 0 across sequential element (\fpu_next_instruction_r_reg[C_pending] )
INFO: [Synth 8-3886] merging instance 'fpu_next_instruction_r_reg[B_type][0]' (FDCE) to 'fpu_next_instruction_r_reg[B_type][1]'
INFO: [Synth 8-3886] merging instance 'fpu_next_instruction_r_reg[B_type][1]' (FDCE) to 'fpu_next_instruction_r_reg[B_type][2]'
INFO: [Synth 8-3886] merging instance 'fpu_next_instruction_r_reg[B_type][2]' (FDCE) to 'fpu_next_instruction_r_reg[B_type][3]'
INFO: [Synth 8-3886] merging instance 'fpu_next_instruction_r_reg[B_type][3]' (FDCE) to 'fpu_next_instruction_r_reg[B_precision][0]'
INFO: [Synth 8-3886] merging instance 'fpu_next_instruction_r_reg[Y_type][0]' (FDCE) to 'fpu_next_instruction_r_reg[Y_type][3]'
INFO: [Synth 8-3886] merging instance 'fpu_next_instruction_r_reg[Y_type][1]' (FDCE) to 'fpu_next_instruction_r_reg[Y_type][3]'
INFO: [Synth 8-3886] merging instance 'fpu_next_instruction_r_reg[Y_type][2]' (FDCE) to 'fpu_next_instruction_r_reg[Y_type][3]'
INFO: [Synth 8-3333] propagating constant 0 across sequential element (\fpu_next_instruction_r_reg[Y_type][3] )
INFO: [Synth 8-3886] merging instance 'fpu_next_instruction_r_reg[X_type][0]' (FDCE) to 'fpu_next_instruction_r_reg[X_type][3]'
INFO: [Synth 8-3886] merging instance 'fpu_next_instruction_r_reg[X_type][1]' (FDCE) to 'fpu_next_instruction_r_reg[X_type][3]'
INFO: [Synth 8-3886] merging instance 'fpu_next_instruction_r_reg[X_type][2]' (FDCE) to 'fpu_next_instruction_r_reg[X_type][3]'
INFO: [Synth 8-3333] propagating constant 0 across sequential element (\fpu_next_instruction_r_reg[X_type][3] )
INFO: [Synth 8-3333] propagating constant 0 across sequential element (\fpu_next_instruction_r_reg[B_precision][0] )
INFO: [Synth 8-3333] propagating constant 0 across sequential element (\fpu_next_instruction_r_reg[C2_pending] )
INFO: [Synth 8-3333] propagating constant 0 across sequential element (\fpu_next_instruction_r_reg[A_precision][0] )
INFO: [Synth 8-3886] merging instance 'fpu_next_instruction_r_reg[VECTOR][1]' (FDCE) to 'fpu_next_instruction_r_reg[VECTOR][2]'
INFO: [Synth 8-3333] propagating constant 0 across sequential element (\fpu_next_instruction_r_reg[VECTOR][2] )
INFO: [Synth 8-4471] merging register 'delay6_i/fifo_r_reg[15][3:0]' into 'opcode_delay_i/fifo_r_reg[11][3:0]' [/home/eslam-elshokafy/Desktop/AIDAChip_Workshop_01/ztachip/HW/src/util/delayv.vhd:48]
INFO: [Synth 8-4471] merging register 'delay6_i/fifo_r_reg[14][3:0]' into 'opcode_delay_i/fifo_r_reg[10][3:0]' [/home/eslam-elshokafy/Desktop/AIDAChip_Workshop_01/ztachip/HW/src/util/delayv.vhd:48]
INFO: [Synth 8-4471] merging register 'delay6_i/fifo_r_reg[13][3:0]' into 'opcode_delay_i/fifo_r_reg[9][3:0]' [/home/eslam-elshokafy/Desktop/AIDAChip_Workshop_01/ztachip/HW/src/util/delayv.vhd:48]
INFO: [Synth 8-4471] merging register 'delay6_i/fifo_r_reg[12][3:0]' into 'opcode_delay_i/fifo_r_reg[8][3:0]' [/home/eslam-elshokafy/Desktop/AIDAChip_Workshop_01/ztachip/HW/src/util/delayv.vhd:48]
INFO: [Synth 8-4471] merging register 'delay6_i/fifo_r_reg[11][3:0]' into 'opcode_delay_i/fifo_r_reg[7][3:0]' [/home/eslam-elshokafy/Desktop/AIDAChip_Workshop_01/ztachip/HW/src/util/delayv.vhd:48]
INFO: [Synth 8-4471] merging register 'delay6_i/fifo_r_reg[10][3:0]' into 'opcode_delay_i/fifo_r_reg[6][3:0]' [/home/eslam-elshokafy/Desktop/AIDAChip_Workshop_01/ztachip/HW/src/util/delayv.vhd:48]
INFO: [Synth 8-4471] merging register 'delay6_i/fifo_r_reg[9][3:0]' into 'opcode_delay_i/fifo_r_reg[5][3:0]' [/home/eslam-elshokafy/Desktop/AIDAChip_Workshop_01/ztachip/HW/src/util/delayv.vhd:48]
INFO: [Synth 8-4471] merging register 'delay6_i/fifo_r_reg[8][3:0]' into 'opcode_delay_i/fifo_r_reg[4][3:0]' [/home/eslam-elshokafy/Desktop/AIDAChip_Workshop_01/ztachip/HW/src/util/delayv.vhd:48]
INFO: [Synth 8-4471] merging register 'delay6_i/fifo_r_reg[7][3:0]' into 'opcode_delay_i/fifo_r_reg[3][3:0]' [/home/eslam-elshokafy/Desktop/AIDAChip_Workshop_01/ztachip/HW/src/util/delayv.vhd:48]
INFO: [Synth 8-4471] merging register 'delay6_i/fifo_r_reg[6][3:0]' into 'opcode_delay_i/fifo_r_reg[2][3:0]' [/home/eslam-elshokafy/Desktop/AIDAChip_Workshop_01/ztachip/HW/src/util/delayv.vhd:48]
INFO: [Synth 8-4471] merging register 'delay6_i/fifo_r_reg[5][3:0]' into 'opcode_delay_i/fifo_r_reg[1][3:0]' [/home/eslam-elshokafy/Desktop/AIDAChip_Workshop_01/ztachip/HW/src/util/delayv.vhd:48]
INFO: [Synth 8-4471] merging register 'delay6_i/fifo_r_reg[4][3:0]' into 'opcode_delay_i/fifo_r_reg[0][3:0]' [/home/eslam-elshokafy/Desktop/AIDAChip_Workshop_01/ztachip/HW/src/util/delayv.vhd:48]
INFO: [Synth 8-5544] ROM "RECIPROCAL_LUT[0]" won't be mapped to Block RAM because address size (3) smaller than threshold (5)
INFO: [Synth 8-4471] merging register 'delay8_i/fifo_r_reg[12][3:0]' into 'opcode_delay_i/fifo_r_reg[11][3:0]' [/home/eslam-elshokafy/Desktop/AIDAChip_Workshop_01/ztachip/HW/src/util/delayv.vhd:48]
INFO: [Synth 8-4471] merging register 'delay8_i/fifo_r_reg[11][3:0]' into 'opcode_delay_i/fifo_r_reg[10][3:0]' [/home/eslam-elshokafy/Desktop/AIDAChip_Workshop_01/ztachip/HW/src/util/delayv.vhd:48]
INFO: [Synth 8-4471] merging register 'delay8_i/fifo_r_reg[10][3:0]' into 'opcode_delay_i/fifo_r_reg[9][3:0]' [/home/eslam-elshokafy/Desktop/AIDAChip_Workshop_01/ztachip/HW/src/util/delayv.vhd:48]
INFO: [Synth 8-4471] merging register 'delay8_i/fifo_r_reg[9][3:0]' into 'opcode_delay_i/fifo_r_reg[8][3:0]' [/home/eslam-elshokafy/Desktop/AIDAChip_Workshop_01/ztachip/HW/src/util/delayv.vhd:48]
INFO: [Synth 8-4471] merging register 'delay8_i/fifo_r_reg[8][3:0]' into 'opcode_delay_i/fifo_r_reg[7][3:0]' [/home/eslam-elshokafy/Desktop/AIDAChip_Workshop_01/ztachip/HW/src/util/delayv.vhd:48]
INFO: [Synth 8-4471] merging register 'delay8_i/fifo_r_reg[7][3:0]' into 'opcode_delay_i/fifo_r_reg[6][3:0]' [/home/eslam-elshokafy/Desktop/AIDAChip_Workshop_01/ztachip/HW/src/util/delayv.vhd:48]
INFO: [Synth 8-4471] merging register 'delay8_i/fifo_r_reg[6][3:0]' into 'opcode_delay_i/fifo_r_reg[5][3:0]' [/home/eslam-elshokafy/Desktop/AIDAChip_Workshop_01/ztachip/HW/src/util/delayv.vhd:48]
INFO: [Synth 8-4471] merging register 'delay8_i/fifo_r_reg[5][3:0]' into 'opcode_delay_i/fifo_r_reg[4][3:0]' [/home/eslam-elshokafy/Desktop/AIDAChip_Workshop_01/ztachip/HW/src/util/delayv.vhd:48]
INFO: [Synth 8-4471] merging register 'delay8_i/fifo_r_reg[4][3:0]' into 'opcode_delay_i/fifo_r_reg[3][3:0]' [/home/eslam-elshokafy/Desktop/AIDAChip_Workshop_01/ztachip/HW/src/util/delayv.vhd:48]
INFO: [Synth 8-4471] merging register 'delay8_i/fifo_r_reg[3][3:0]' into 'opcode_delay_i/fifo_r_reg[2][3:0]' [/home/eslam-elshokafy/Desktop/AIDAChip_Workshop_01/ztachip/HW/src/util/delayv.vhd:48]
INFO: [Synth 8-4471] merging register 'delay8_i/fifo_r_reg[2][3:0]' into 'opcode_delay_i/fifo_r_reg[1][3:0]' [/home/eslam-elshokafy/Desktop/AIDAChip_Workshop_01/ztachip/HW/src/util/delayv.vhd:48]
INFO: [Synth 8-4471] merging register 'delay8_i/fifo_r_reg[1][3:0]' into 'opcode_delay_i/fifo_r_reg[0][3:0]' [/home/eslam-elshokafy/Desktop/AIDAChip_Workshop_01/ztachip/HW/src/util/delayv.vhd:48]
INFO: [Synth 8-4471] merging register 'delay6_i/fifo_r_reg[15][3:0]' into 'opcode_delay_i/fifo_r_reg[11][3:0]' [/home/eslam-elshokafy/Desktop/AIDAChip_Workshop_01/ztachip/HW/src/util/delayv.vhd:48]
INFO: [Synth 8-4471] merging register 'delay6_i/fifo_r_reg[14][3:0]' into 'opcode_delay_i/fifo_r_reg[10][3:0]' [/home/eslam-elshokafy/Desktop/AIDAChip_Workshop_01/ztachip/HW/src/util/delayv.vhd:48]
INFO: [Synth 8-4471] merging register 'delay6_i/fifo_r_reg[13][3:0]' into 'opcode_delay_i/fifo_r_reg[9][3:0]' [/home/eslam-elshokafy/Desktop/AIDAChip_Workshop_01/ztachip/HW/src/util/delayv.vhd:48]
INFO: [Synth 8-4471] merging register 'delay6_i/fifo_r_reg[12][3:0]' into 'opcode_delay_i/fifo_r_reg[8][3:0]' [/home/eslam-elshokafy/Desktop/AIDAChip_Workshop_01/ztachip/HW/src/util/delayv.vhd:48]
INFO: [Synth 8-4471] merging register 'delay6_i/fifo_r_reg[11][3:0]' into 'opcode_delay_i/fifo_r_reg[7][3:0]' [/home/eslam-elshokafy/Desktop/AIDAChip_Workshop_01/ztachip/HW/src/util/delayv.vhd:48]
INFO: [Synth 8-4471] merging register 'delay6_i/fifo_r_reg[10][3:0]' into 'opcode_delay_i/fifo_r_reg[6][3:0]' [/home/eslam-elshokafy/Desktop/AIDAChip_Workshop_01/ztachip/HW/src/util/delayv.vhd:48]
INFO: [Synth 8-4471] merging register 'delay6_i/fifo_r_reg[9][3:0]' into 'opcode_delay_i/fifo_r_reg[5][3:0]' [/home/eslam-elshokafy/Desktop/AIDAChip_Workshop_01/ztachip/HW/src/util/delayv.vhd:48]
INFO: [Synth 8-4471] merging register 'delay6_i/fifo_r_reg[8][3:0]' into 'opcode_delay_i/fifo_r_reg[4][3:0]' [/home/eslam-elshokafy/Desktop/AIDAChip_Workshop_01/ztachip/HW/src/util/delayv.vhd:48]
INFO: [Synth 8-4471] merging register 'delay6_i/fifo_r_reg[7][3:0]' into 'opcode_delay_i/fifo_r_reg[3][3:0]' [/home/eslam-elshokafy/Desktop/AIDAChip_Workshop_01/ztachip/HW/src/util/delayv.vhd:48]
INFO: [Synth 8-4471] merging register 'delay6_i/fifo_r_reg[6][3:0]' into 'opcode_delay_i/fifo_r_reg[2][3:0]' [/home/eslam-elshokafy/Desktop/AIDAChip_Workshop_01/ztachip/HW/src/util/delayv.vhd:48]
INFO: [Synth 8-4471] merging register 'delay6_i/fifo_r_reg[5][3:0]' into 'opcode_delay_i/fifo_r_reg[1][3:0]' [/home/eslam-elshokafy/Desktop/AIDAChip_Workshop_01/ztachip/HW/src/util/delayv.vhd:48]
INFO: [Synth 8-4471] merging register 'delay6_i/fifo_r_reg[4][3:0]' into 'opcode_delay_i/fifo_r_reg[0][3:0]' [/home/eslam-elshokafy/Desktop/AIDAChip_Workshop_01/ztachip/HW/src/util/delayv.vhd:48]
INFO: [Synth 8-5544] ROM "RECIPROCAL_LUT[0]" won't be mapped to Block RAM because address size (3) smaller than threshold (5)
INFO: [Synth 8-4471] merging register 'delay8_i/fifo_r_reg[12][3:0]' into 'opcode_delay_i/fifo_r_reg[11][3:0]' [/home/eslam-elshokafy/Desktop/AIDAChip_Workshop_01/ztachip/HW/src/util/delayv.vhd:48]
INFO: [Synth 8-4471] merging register 'delay8_i/fifo_r_reg[11][3:0]' into 'opcode_delay_i/fifo_r_reg[10][3:0]' [/home/eslam-elshokafy/Desktop/AIDAChip_Workshop_01/ztachip/HW/src/util/delayv.vhd:48]
INFO: [Synth 8-4471] merging register 'delay8_i/fifo_r_reg[10][3:0]' into 'opcode_delay_i/fifo_r_reg[9][3:0]' [/home/eslam-elshokafy/Desktop/AIDAChip_Workshop_01/ztachip/HW/src/util/delayv.vhd:48]
INFO: [Synth 8-4471] merging register 'delay8_i/fifo_r_reg[9][3:0]' into 'opcode_delay_i/fifo_r_reg[8][3:0]' [/home/eslam-elshokafy/Desktop/AIDAChip_Workshop_01/ztachip/HW/src/util/delayv.vhd:48]
INFO: [Synth 8-4471] merging register 'delay8_i/fifo_r_reg[8][3:0]' into 'opcode_delay_i/fifo_r_reg[7][3:0]' [/home/eslam-elshokafy/Desktop/AIDAChip_Workshop_01/ztachip/HW/src/util/delayv.vhd:48]
INFO: [Synth 8-4471] merging register 'delay8_i/fifo_r_reg[7][3:0]' into 'opcode_delay_i/fifo_r_reg[6][3:0]' [/home/eslam-elshokafy/Desktop/AIDAChip_Workshop_01/ztachip/HW/src/util/delayv.vhd:48]
INFO: [Synth 8-4471] merging register 'delay8_i/fifo_r_reg[6][3:0]' into 'opcode_delay_i/fifo_r_reg[5][3:0]' [/home/eslam-elshokafy/Desktop/AIDAChip_Workshop_01/ztachip/HW/src/util/delayv.vhd:48]
INFO: [Synth 8-4471] merging register 'delay8_i/fifo_r_reg[5][3:0]' into 'opcode_delay_i/fifo_r_reg[4][3:0]' [/home/eslam-elshokafy/Desktop/AIDAChip_Workshop_01/ztachip/HW/src/util/delayv.vhd:48]
INFO: [Synth 8-4471] merging register 'delay8_i/fifo_r_reg[4][3:0]' into 'opcode_delay_i/fifo_r_reg[3][3:0]' [/home/eslam-elshokafy/Desktop/AIDAChip_Workshop_01/ztachip/HW/src/util/delayv.vhd:48]
INFO: [Synth 8-4471] merging register 'delay8_i/fifo_r_reg[3][3:0]' into 'opcode_delay_i/fifo_r_reg[2][3:0]' [/home/eslam-elshokafy/Desktop/AIDAChip_Workshop_01/ztachip/HW/src/util/delayv.vhd:48]
INFO: [Synth 8-4471] merging register 'delay8_i/fifo_r_reg[2][3:0]' into 'opcode_delay_i/fifo_r_reg[1][3:0]' [/home/eslam-elshokafy/Desktop/AIDAChip_Workshop_01/ztachip/HW/src/util/delayv.vhd:48]
INFO: [Synth 8-4471] merging register 'delay8_i/fifo_r_reg[1][3:0]' into 'opcode_delay_i/fifo_r_reg[0][3:0]' [/home/eslam-elshokafy/Desktop/AIDAChip_Workshop_01/ztachip/HW/src/util/delayv.vhd:48]
INFO: [Synth 8-3333] propagating constant 0 across sequential element (\falu_vector_i/GEN_FPU[1].falu_core_i /\C2_r_reg[15] )
INFO: [Synth 8-3333] propagating constant 0 across sequential element (\falu_vector_i/GEN_FPU[1].falu_core_i /\C2_r_reg[16] )
INFO: [Synth 8-3333] propagating constant 0 across sequential element (\falu_vector_i/GEN_FPU[1].falu_core_i /\C2_r_reg[17] )
INFO: [Synth 8-3333] propagating constant 0 across sequential element (\falu_vector_i/GEN_FPU[1].falu_core_i /\C2_r_reg[18] )
INFO: [Synth 8-3333] propagating constant 0 across sequential element (\falu_vector_i/GEN_FPU[1].falu_core_i /\C2_r_reg[19] )
INFO: [Synth 8-3333] propagating constant 0 across sequential element (\falu_vector_i/GEN_FPU[1].falu_core_i /\C2_r_reg[20] )
INFO: [Synth 8-3333] propagating constant 0 across sequential element (\falu_vector_i/GEN_FPU[1].falu_core_i /\C2_r_reg[21] )
INFO: [Synth 8-3333] propagating constant 0 across sequential element (\falu_vector_i/GEN_FPU[1].falu_core_i /\C2_r_reg[22] )
INFO: [Synth 8-3333] propagating constant 0 across sequential element (\falu_vector_i/GEN_FPU[1].falu_core_i /\C2_r_reg[23] )
INFO: [Synth 8-3333] propagating constant 0 across sequential element (\falu_vector_i/GEN_FPU[1].falu_core_i /\C2_r_reg[24] )
INFO: [Synth 8-3333] propagating constant 0 across sequential element (\falu_vector_i/GEN_FPU[1].falu_core_i /\C2_r_reg[25] )
INFO: [Synth 8-3333] propagating constant 0 across sequential element (\falu_vector_i/GEN_FPU[1].falu_core_i /\C2_r_reg[26] )
INFO: [Synth 8-3333] propagating constant 0 across sequential element (\falu_vector_i/GEN_FPU[1].falu_core_i /\C2_r_reg[27] )
INFO: [Synth 8-3333] propagating constant 0 across sequential element (\falu_vector_i/GEN_FPU[1].falu_core_i /\C2_r_reg[28] )
INFO: [Synth 8-3333] propagating constant 0 across sequential element (\falu_vector_i/GEN_FPU[1].falu_core_i /\C2_r_reg[29] )
INFO: [Synth 8-3333] propagating constant 0 across sequential element (\falu_vector_i/GEN_FPU[1].falu_core_i /\C2_r_reg[30] )
INFO: [Synth 8-3333] propagating constant 0 across sequential element (\falu_vector_i/GEN_FPU[1].falu_core_i /\C2_r_reg[31] )
INFO: [Synth 8-3333] propagating constant 0 across sequential element (\falu_vector_i/GEN_FPU[1].falu_core_i /\C2_r_reg[12] )
INFO: [Synth 8-3333] propagating constant 0 across sequential element (\falu_vector_i/GEN_FPU[1].falu_core_i /\C2_r_reg[13] )
INFO: [Synth 8-3333] propagating constant 0 across sequential element (\falu_vector_i/GEN_FPU[1].falu_core_i /\C2_r_reg[14] )
INFO: [Synth 8-3333] propagating constant 0 across sequential element (\falu_vector_i/GEN_FPU[1].falu_core_i /\C2_r_reg[9] )
INFO: [Synth 8-3333] propagating constant 0 across sequential element (\falu_vector_i/GEN_FPU[1].falu_core_i /\C2_r_reg[10] )
INFO: [Synth 8-3333] propagating constant 0 across sequential element (\falu_vector_i/GEN_FPU[1].falu_core_i /\C2_r_reg[11] )
INFO: [Synth 8-3333] propagating constant 0 across sequential element (\falu_vector_i/GEN_FPU[1].falu_core_i /\C2_r_reg[6] )
INFO: [Synth 8-3333] propagating constant 0 across sequential element (\falu_vector_i/GEN_FPU[1].falu_core_i /\C2_r_reg[7] )
INFO: [Synth 8-3333] propagating constant 0 across sequential element (\falu_vector_i/GEN_FPU[1].falu_core_i /\C2_r_reg[8] )
INFO: [Synth 8-3333] propagating constant 0 across sequential element (\falu_vector_i/GEN_FPU[1].falu_core_i /\C2_r_reg[3] )
INFO: [Synth 8-3333] propagating constant 0 across sequential element (\falu_vector_i/GEN_FPU[1].falu_core_i /\C2_r_reg[4] )
INFO: [Synth 8-3333] propagating constant 0 across sequential element (\falu_vector_i/GEN_FPU[1].falu_core_i /\C2_r_reg[5] )
INFO: [Synth 8-3333] propagating constant 0 across sequential element (\falu_vector_i/GEN_FPU[1].falu_core_i /\C2_r_reg[0] )
INFO: [Synth 8-3333] propagating constant 0 across sequential element (\falu_vector_i/GEN_FPU[1].falu_core_i /\C2_r_reg[1] )
INFO: [Synth 8-3333] propagating constant 0 across sequential element (\falu_vector_i/GEN_FPU[1].falu_core_i /\C2_r_reg[2] )
INFO: [Synth 8-3333] propagating constant 0 across sequential element (\falu_vector_i/GEN_FPU[1].falu_core_i /\falu_i/reciprocal_delay_i/fifo_r_reg[11][0] )
INFO: [Synth 8-3333] propagating constant 0 across sequential element (\falu_vector_i/GEN_FPU[1].falu_core_i /\falu_i/exp_delay_i/fifo_r_reg[11][0] )
INFO: [Synth 8-3333] propagating constant 0 across sequential element (\falu_vector_i/GEN_FPU[1].falu_core_i /\falu_i/reciprocal_delay_i/fifo_r_reg[11][1] )
INFO: [Synth 8-3333] propagating constant 0 across sequential element (\falu_vector_i/GEN_FPU[1].falu_core_i /\falu_i/exp_delay_i/fifo_r_reg[11][1] )
INFO: [Synth 8-3333] propagating constant 0 across sequential element (\falu_vector_i/GEN_FPU[1].falu_core_i /\falu_i/reciprocal_delay_i/fifo_r_reg[11][2] )
INFO: [Synth 8-3333] propagating constant 0 across sequential element (\falu_vector_i/GEN_FPU[1].falu_core_i /\falu_i/exp_delay_i/fifo_r_reg[11][2] )
INFO: [Synth 8-3333] propagating constant 0 across sequential element (\falu_vector_i/GEN_FPU[1].falu_core_i /\falu_i/reciprocal_delay_i/fifo_r_reg[11][3] )
INFO: [Synth 8-3333] propagating constant 0 across sequential element (\falu_vector_i/GEN_FPU[1].falu_core_i /\falu_i/exp_delay_i/fifo_r_reg[11][3] )
INFO: [Synth 8-3333] propagating constant 0 across sequential element (\falu_vector_i/GEN_FPU[1].falu_core_i /\falu_i/reciprocal_delay_i/fifo_r_reg[11][4] )
INFO: [Synth 8-3333] propagating constant 0 across sequential element (\falu_vector_i/GEN_FPU[1].falu_core_i /\falu_i/exp_delay_i/fifo_r_reg[11][4] )
INFO: [Synth 8-3333] propagating constant 0 across sequential element (\falu_vector_i/GEN_FPU[1].falu_core_i /\falu_i/reciprocal_delay_i/fifo_r_reg[11][5] )
INFO: [Synth 8-3333] propagating constant 0 across sequential element (\falu_vector_i/GEN_FPU[1].falu_core_i /\falu_i/exp_delay_i/fifo_r_reg[11][5] )
INFO: [Synth 8-3333] propagating constant 0 across sequential element (\falu_vector_i/GEN_FPU[1].falu_core_i /\falu_i/reciprocal_delay_i/fifo_r_reg[11][6] )
INFO: [Synth 8-3333] propagating constant 0 across sequential element (\falu_vector_i/GEN_FPU[1].falu_core_i /\falu_i/exp_delay_i/fifo_r_reg[11][6] )
INFO: [Synth 8-3333] propagating constant 0 across sequential element (\falu_vector_i/GEN_FPU[1].falu_core_i /\falu_i/reciprocal_delay_i/fifo_r_reg[11][7] )
INFO: [Synth 8-3333] propagating constant 0 across sequential element (\falu_vector_i/GEN_FPU[1].falu_core_i /\falu_i/exp_delay_i/fifo_r_reg[11][7] )
INFO: [Synth 8-3333] propagating constant 0 across sequential element (\falu_vector_i/GEN_FPU[1].falu_core_i /\falu_i/reciprocal_delay_i/fifo_r_reg[11][8] )
INFO: [Synth 8-3333] propagating constant 0 across sequential element (\falu_vector_i/GEN_FPU[1].falu_core_i /\falu_i/exp_delay_i/fifo_r_reg[11][8] )
INFO: [Synth 8-3333] propagating constant 0 across sequential element (\falu_vector_i/GEN_FPU[1].falu_core_i /\falu_i/reciprocal_delay_i/fifo_r_reg[11][9] )
INFO: [Synth 8-3333] propagating constant 0 across sequential element (\falu_vector_i/GEN_FPU[1].falu_core_i /\falu_i/exp_delay_i/fifo_r_reg[11][9] )
INFO: [Synth 8-3333] propagating constant 0 across sequential element (\falu_vector_i/GEN_FPU[1].falu_core_i /\falu_i/reciprocal_delay_i/fifo_r_reg[11][10] )
INFO: [Synth 8-3333] propagating constant 0 across sequential element (\falu_vector_i/GEN_FPU[1].falu_core_i /\falu_i/exp_delay_i/fifo_r_reg[11][10] )
INFO: [Synth 8-3333] propagating constant 0 across sequential element (\falu_vector_i/GEN_FPU[1].falu_core_i /\falu_i/reciprocal_delay_i/fifo_r_reg[11][11] )
INFO: [Synth 8-3333] propagating constant 0 across sequential element (\falu_vector_i/GEN_FPU[1].falu_core_i /\falu_i/exp_delay_i/fifo_r_reg[11][11] )
INFO: [Synth 8-3333] propagating constant 0 across sequential element (\falu_vector_i/GEN_FPU[1].falu_core_i /\falu_i/reciprocal_delay_i/fifo_r_reg[11][12] )
INFO: [Synth 8-3333] propagating constant 0 across sequential element (\falu_vector_i/GEN_FPU[1].falu_core_i /\falu_i/exp_delay_i/fifo_r_reg[11][12] )
INFO: [Synth 8-3333] propagating constant 0 across sequential element (\falu_vector_i/GEN_FPU[1].falu_core_i /\falu_i/reciprocal_delay_i/fifo_r_reg[11][13] )
INFO: [Synth 8-3333] propagating constant 0 across sequential element (\falu_vector_i/GEN_FPU[1].falu_core_i /\falu_i/exp_delay_i/fifo_r_reg[11][13] )
INFO: [Synth 8-3333] propagating constant 0 across sequential element (\falu_vector_i/GEN_FPU[1].falu_core_i /\falu_i/reciprocal_delay_i/fifo_r_reg[11][14] )
INFO: [Synth 8-3333] propagating constant 0 across sequential element (\falu_vector_i/GEN_FPU[1].falu_core_i /\falu_i/exp_delay_i/fifo_r_reg[11][14] )
INFO: [Synth 8-3333] propagating constant 0 across sequential element (\falu_vector_i/GEN_FPU[1].falu_core_i /\falu_i/reciprocal_delay_i/fifo_r_reg[11][15] )
INFO: [Synth 8-3333] propagating constant 0 across sequential element (\falu_vector_i/GEN_FPU[1].falu_core_i /\falu_i/exp_delay_i/fifo_r_reg[11][15] )
INFO: [Synth 8-3333] propagating constant 0 across sequential element (\falu_vector_i/GEN_FPU[1].falu_core_i /\falu_i/reciprocal_delay_i/fifo_r_reg[11][16] )
INFO: [Synth 8-3333] propagating constant 0 across sequential element (\falu_vector_i/GEN_FPU[1].falu_core_i /\falu_i/exp_delay_i/fifo_r_reg[11][16] )
INFO: [Synth 8-3333] propagating constant 0 across sequential element (\falu_vector_i/GEN_FPU[1].falu_core_i /\falu_i/exp_delay_i/fifo_r_reg[11][17] )
INFO: [Synth 8-3333] propagating constant 0 across sequential element (\falu_vector_i/GEN_FPU[1].falu_core_i /\falu_i/exp_delay_i/fifo_r_reg[11][18] )
INFO: [Synth 8-3333] propagating constant 0 across sequential element (\falu_vector_i/GEN_FPU[1].falu_core_i /\falu_i/exp_delay_i/fifo_r_reg[11][19] )
INFO: [Synth 8-3333] propagating constant 0 across sequential element (\falu_vector_i/GEN_FPU[1].falu_core_i /\falu_i/exp_delay_i/fifo_r_reg[11][20] )
INFO: [Synth 8-3333] propagating constant 0 across sequential element (\falu_vector_i/GEN_FPU[1].falu_core_i /\falu_i/exp_delay_i/fifo_r_reg[11][21] )
INFO: [Synth 8-3333] propagating constant 0 across sequential element (\falu_vector_i/GEN_FPU[1].falu_core_i /\falu_i/exp_delay_i/fifo_r_reg[11][22] )
INFO: [Synth 8-3333] propagating constant 0 across sequential element (\falu_vector_i/GEN_FPU[1].falu_core_i /\falu_i/exp_delay_i/fifo_r_reg[11][31] )
INFO: [Synth 8-3333] propagating constant 0 across sequential element (\falu_vector_i/GEN_FPU[0].falu_core_i /\falu_i/reciprocal_delay_i/fifo_r_reg[11][0] )
INFO: [Synth 8-3333] propagating constant 0 across sequential element (\falu_vector_i/GEN_FPU[0].falu_core_i /\falu_i/exp_delay_i/fifo_r_reg[11][0] )
INFO: [Synth 8-3333] propagating constant 0 across sequential element (\falu_vector_i/GEN_FPU[0].falu_core_i /\falu_i/reciprocal_delay_i/fifo_r_reg[11][1] )
INFO: [Synth 8-3333] propagating constant 0 across sequential element (\falu_vector_i/GEN_FPU[0].falu_core_i /\falu_i/exp_delay_i/fifo_r_reg[11][1] )
INFO: [Synth 8-3333] propagating constant 0 across sequential element (\falu_vector_i/GEN_FPU[0].falu_core_i /\falu_i/reciprocal_delay_i/fifo_r_reg[11][2] )
INFO: [Synth 8-3333] propagating constant 0 across sequential element (\falu_vector_i/GEN_FPU[0].falu_core_i /\falu_i/exp_delay_i/fifo_r_reg[11][2] )
INFO: [Synth 8-3333] propagating constant 0 across sequential element (\falu_vector_i/GEN_FPU[0].falu_core_i /\falu_i/reciprocal_delay_i/fifo_r_reg[11][3] )
INFO: [Synth 8-3333] propagating constant 0 across sequential element (\falu_vector_i/GEN_FPU[0].falu_core_i /\falu_i/exp_delay_i/fifo_r_reg[11][3] )
INFO: [Synth 8-3333] propagating constant 0 across sequential element (\falu_vector_i/GEN_FPU[0].falu_core_i /\falu_i/reciprocal_delay_i/fifo_r_reg[11][4] )
INFO: [Synth 8-3333] propagating constant 0 across sequential element (\falu_vector_i/GEN_FPU[0].falu_core_i /\falu_i/exp_delay_i/fifo_r_reg[11][4] )
INFO: [Synth 8-3333] propagating constant 0 across sequential element (\falu_vector_i/GEN_FPU[0].falu_core_i /\falu_i/reciprocal_delay_i/fifo_r_reg[11][5] )
INFO: [Synth 8-3333] propagating constant 0 across sequential element (\falu_vector_i/GEN_FPU[0].falu_core_i /\falu_i/exp_delay_i/fifo_r_reg[11][5] )
INFO: [Synth 8-3333] propagating constant 0 across sequential element (\falu_vector_i/GEN_FPU[0].falu_core_i /\falu_i/reciprocal_delay_i/fifo_r_reg[11][6] )
INFO: [Synth 8-3333] propagating constant 0 across sequential element (\falu_vector_i/GEN_FPU[0].falu_core_i /\falu_i/exp_delay_i/fifo_r_reg[11][6] )
INFO: [Synth 8-3333] propagating constant 0 across sequential element (\falu_vector_i/GEN_FPU[0].falu_core_i /\falu_i/reciprocal_delay_i/fifo_r_reg[11][7] )
INFO: [Synth 8-3333] propagating constant 0 across sequential element (\falu_vector_i/GEN_FPU[0].falu_core_i /\falu_i/exp_delay_i/fifo_r_reg[11][7] )
INFO: [Synth 8-3333] propagating constant 0 across sequential element (\falu_vector_i/GEN_FPU[0].falu_core_i /\falu_i/reciprocal_delay_i/fifo_r_reg[11][8] )
INFO: [Synth 8-3333] propagating constant 0 across sequential element (\falu_vector_i/GEN_FPU[0].falu_core_i /\falu_i/exp_delay_i/fifo_r_reg[11][8] )
INFO: [Synth 8-3333] propagating constant 0 across sequential element (\falu_vector_i/GEN_FPU[0].falu_core_i /\falu_i/reciprocal_delay_i/fifo_r_reg[11][9] )
INFO: [Synth 8-3333] propagating constant 0 across sequential element (\falu_vector_i/GEN_FPU[0].falu_core_i /\falu_i/exp_delay_i/fifo_r_reg[11][9] )
INFO: [Common 17-14] Message 'Synth 8-3333' appears 100 times and further instances of the messages will be disabled. Use the Tcl command set_msg_config to change the current settings.
INFO: [Common 17-14] Message 'Synth 8-3333' appears 100 times and further instances of the messages will be disabled. Use the Tcl command set_msg_config to change the current settings.
INFO: [Synth 8-3886] merging instance 'dp_fetch_1_i/fifo_i/GEN1.fifo_i/data_in_r_reg[839]' (FDCE) to 'dp_fetch_1_i/fifo_i/GEN1.fifo_i/data_in_r_reg[54]'
INFO: [Synth 8-3886] merging instance 'dp_fetch_1_i/fifo_i/GEN1.fifo_i/data_in_r_reg[840]' (FDCE) to 'dp_fetch_1_i/fifo_i/GEN1.fifo_i/data_in_r_reg[55]'
INFO: [Synth 8-3886] merging instance 'dp_fetch_1_i/condition_vm0_busy_r_reg[3]' (FDC) to 'dp_fetch_1_i/condition_vm1_busy_r_reg[3]'
INFO: [Synth 8-3886] merging instance 'dp_fetch_1_i/new_cmd_is_safe_r_reg[3][3]' (LD) to 'dp_fetch_1_i/new_cmd_is_safe_r_reg[3][2]'
INFO: [Synth 8-3886] merging instance 'dp_fetch_1_i/new_cmd_is_safe_r_reg[2][3]' (FDCE) to 'dp_fetch_1_i/new_cmd_is_safe_r_reg[1][3]'
INFO: [Synth 8-3886] merging instance 'dp_fetch_1_i/new_cmd_is_safe_r_reg[1][3]' (FDCE) to 'dp_fetch_1_i/new_cmd_is_safe_r_reg[0][3]'
INFO: [Synth 8-3886] merging instance 'dp_fetch_1_i/new_cmd_is_safe_r_reg[3][2]' (LD) to 'dp_fetch_1_i/new_cmd_is_safe_r_reg[3][1]'
INFO: [Synth 8-3886] merging instance 'dp_fetch_1_i/new_cmd_is_safe_r_reg[3][1]' (LD) to 'dp_fetch_1_i/new_cmd_is_safe_r_reg[3][0]'
INFO: [Synth 8-3886] merging instance 'dp_fetch_1_i/log_readtime_r_reg[0]' (FDCE) to 'dp_fetch_1_i/log_readtime_r_reg[1]'
INFO: [Synth 8-3886] merging instance 'dp_fetch_1_i/log_readtime_r_reg[1]' (FDCE) to 'dp_fetch_1_i/log_readtime_r_reg[2]'
INFO: [Synth 8-3886] merging instance 'dp_fetch_1_i/log_readtime_r_reg[2]' (FDCE) to 'dp_fetch_1_i/log_readtime_r_reg[3]'
INFO: [Synth 8-3886] merging instance 'dp_fetch_1_i/log_readtime_r_reg[3]' (FDCE) to 'dp_fetch_1_i/log_readtime_r_reg[4]'
INFO: [Synth 8-3886] merging instance 'dp_fetch_1_i/log_readtime_r_reg[4]' (FDCE) to 'dp_fetch_1_i/log_readtime_r_reg[5]'
INFO: [Synth 8-3886] merging instance 'dp_fetch_1_i/log_readtime_r_reg[5]' (FDCE) to 'dp_fetch_1_i/log_readtime_r_reg[6]'
INFO: [Synth 8-3886] merging instance 'dp_fetch_1_i/log_readtime_r_reg[6]' (FDCE) to 'dp_fetch_1_i/log_readtime_r_reg[7]'
INFO: [Synth 8-3886] merging instance 'dp_fetch_1_i/log_readtime_r_reg[7]' (FDCE) to 'dp_fetch_1_i/log_readtime_r_reg[8]'
INFO: [Synth 8-3886] merging instance 'dp_fetch_1_i/log_readtime_r_reg[8]' (FDCE) to 'dp_fetch_1_i/log_readtime_r_reg[9]'
INFO: [Synth 8-3886] merging instance 'dp_fetch_1_i/log_readtime_r_reg[9]' (FDCE) to 'dp_fetch_1_i/log_readtime_r_reg[10]'
INFO: [Synth 8-3886] merging instance 'dp_fetch_1_i/log_readtime_r_reg[10]' (FDCE) to 'dp_fetch_1_i/log_readtime_r_reg[11]'
INFO: [Synth 8-3886] merging instance 'dp_fetch_1_i/log_readtime_r_reg[11]' (FDCE) to 'dp_fetch_1_i/log_readtime_r_reg[12]'
INFO: [Synth 8-3886] merging instance 'dp_fetch_1_i/log_readtime_r_reg[12]' (FDCE) to 'dp_fetch_1_i/log_readtime_r_reg[13]'
INFO: [Synth 8-3886] merging instance 'dp_fetch_1_i/log_readtime_r_reg[13]' (FDCE) to 'dp_fetch_1_i/log_readtime_r_reg[14]'
INFO: [Synth 8-3886] merging instance 'dp_fetch_1_i/log_readtime_r_reg[14]' (FDCE) to 'dp_fetch_1_i/log_readtime_r_reg[15]'
INFO: [Synth 8-3886] merging instance 'dp_fetch_1_i/log_readtime_r_reg[15]' (FDCE) to 'dp_fetch_1_i/log_readtime_r_reg[16]'
INFO: [Synth 8-3886] merging instance 'dp_fetch_1_i/log_readtime_r_reg[16]' (FDCE) to 'dp_fetch_1_i/log_readtime_r_reg[17]'
INFO: [Synth 8-3886] merging instance 'dp_fetch_1_i/log_readtime_r_reg[17]' (FDCE) to 'dp_fetch_1_i/log_readtime_r_reg[18]'
INFO: [Synth 8-3886] merging instance 'dp_fetch_1_i/log_readtime_r_reg[18]' (FDCE) to 'dp_fetch_1_i/log_readtime_r_reg[19]'
INFO: [Synth 8-3886] merging instance 'dp_fetch_1_i/log_readtime_r_reg[19]' (FDCE) to 'dp_fetch_1_i/log_readtime_r_reg[20]'
INFO: [Synth 8-3886] merging instance 'dp_fetch_1_i/log_readtime_r_reg[20]' (FDCE) to 'dp_fetch_1_i/log_readtime_r_reg[21]'
INFO: [Synth 8-3886] merging instance 'dp_fetch_1_i/log_readtime_r_reg[21]' (FDCE) to 'dp_fetch_1_i/log_readtime_r_reg[22]'
INFO: [Synth 8-3886] merging instance 'dp_fetch_1_i/log_readtime_r_reg[22]' (FDCE) to 'dp_fetch_1_i/log_readtime_r_reg[23]'
INFO: [Synth 8-3886] merging instance 'dp_fetch_1_i/log_readtime_r_reg[23]' (FDCE) to 'dp_fetch_1_i/log_readtime_r_reg[24]'
INFO: [Synth 8-3886] merging instance 'dp_fetch_1_i/log_readtime_r_reg[24]' (FDCE) to 'dp_fetch_1_i/log_readtime_r_reg[25]'
INFO: [Synth 8-3886] merging instance 'dp_fetch_1_i/log_readtime_r_reg[25]' (FDCE) to 'dp_fetch_1_i/log_readtime_r_reg[26]'
INFO: [Synth 8-3886] merging instance 'dp_fetch_1_i/log_readtime_r_reg[26]' (FDCE) to 'dp_fetch_1_i/log_readtime_r_reg[27]'
INFO: [Synth 8-3886] merging instance 'dp_fetch_1_i/log_readtime_r_reg[27]' (FDCE) to 'dp_fetch_1_i/log_readtime_r_reg[28]'
INFO: [Synth 8-3886] merging instance 'dp_fetch_1_i/log_readtime_r_reg[28]' (FDCE) to 'dp_fetch_1_i/log_readtime_r_reg[29]'
INFO: [Synth 8-3886] merging instance 'dp_fetch_1_i/log_readtime_r_reg[29]' (FDCE) to 'dp_fetch_1_i/log_readtime_r_reg[30]'
INFO: [Synth 8-3886] merging instance 'dp_fetch_1_i/log_readtime_r_reg[30]' (FDCE) to 'dp_fetch_1_i/log_readtime_r_reg[31]'
INFO: [Synth 8-3886] merging instance 'dp_fetch_1_i/instruction_r_reg[source][datatype][0]' (FDRE) to 'dp_fetch_1_i/instruction_r_reg[source][datatype][1]'
INFO: [Synth 8-3886] merging instance 'dp_fetch_1_i/instruction_rr_reg[source][datatype][0]' (FDE) to 'dp_fetch_1_i/instruction_rr_reg[source][datatype][1]'
INFO: [Synth 8-3886] merging instance 'dp_fetch_1_i/instruction_r_reg[source][datatype][1]' (FDRE) to 'dp_fetch_1_i/instruction_r_reg[source][repeat]'
INFO: [Synth 8-3886] merging instance 'dp_fetch_1_i/instruction_rr_reg[source][datatype][1]' (FDE) to 'dp_fetch_1_i/instruction_rr_reg[source][repeat]'
INFO: [Synth 8-3886] merging instance 'dp_fetch_1_i/instruction_r_reg[source][repeat]' (FDRE) to 'dp_fetch_1_i/instruction_r_reg[source][data][0]'
INFO: [Synth 8-3886] merging instance 'dp_fetch_1_i/instruction_rr_reg[source][repeat]' (FDE) to 'dp_fetch_1_i/instruction_rr_reg[source][data][0]'
INFO: [Synth 8-3886] merging instance 'dp_fetch_1_i/instruction_r_reg[source][data][0]' (FDRE) to 'dp_fetch_1_i/instruction_r_reg[source][data][1]'
INFO: [Synth 8-3886] merging instance 'dp_fetch_1_i/instruction_rr_reg[source][data][0]' (FDE) to 'dp_fetch_1_i/instruction_rr_reg[source][data][1]'
INFO: [Synth 8-3886] merging instance 'dp_fetch_1_i/instruction_r_reg[source][data][1]' (FDRE) to 'dp_fetch_1_i/instruction_r_reg[source][data][2]'
INFO: [Synth 8-3886] merging instance 'dp_fetch_1_i/instruction_rr_reg[source][data][1]' (FDE) to 'dp_fetch_1_i/instruction_rr_reg[source][data][2]'
INFO: [Synth 8-3886] merging instance 'dp_fetch_1_i/instruction_r_reg[source][data][2]' (FDRE) to 'dp_fetch_1_i/instruction_r_reg[source][data][3]'
INFO: [Synth 8-3886] merging instance 'dp_fetch_1_i/instruction_rr_reg[source][data][2]' (FDE) to 'dp_fetch_1_i/instruction_rr_reg[source][data][3]'
INFO: [Synth 8-3886] merging instance 'dp_fetch_1_i/instruction_r_reg[source][data][3]' (FDRE) to 'dp_fetch_1_i/instruction_r_reg[source][data][4]'
INFO: [Synth 8-3886] merging instance 'dp_fetch_1_i/instruction_rr_reg[source][data][3]' (FDE) to 'dp_fetch_1_i/instruction_rr_reg[source][data][4]'
INFO: [Synth 8-3886] merging instance 'dp_fetch_1_i/instruction_r_reg[source][data][4]' (FDRE) to 'dp_fetch_1_i/instruction_r_reg[source][data][5]'
INFO: [Synth 8-3886] merging instance 'dp_fetch_1_i/instruction_rr_reg[source][data][4]' (FDE) to 'dp_fetch_1_i/instruction_rr_reg[source][data][5]'
INFO: [Synth 8-3886] merging instance 'dp_fetch_1_i/instruction_r_reg[source][data][5]' (FDRE) to 'dp_fetch_1_i/instruction_r_reg[source][data][6]'
INFO: [Synth 8-3886] merging instance 'dp_fetch_1_i/instruction_rr_reg[source][data][5]' (FDE) to 'dp_fetch_1_i/instruction_rr_reg[source][data][6]'
INFO: [Synth 8-3886] merging instance 'dp_fetch_1_i/instruction_r_reg[source][data][6]' (FDRE) to 'dp_fetch_1_i/instruction_r_reg[source][data][7]'
INFO: [Synth 8-3886] merging instance 'dp_fetch_1_i/instruction_rr_reg[source][data][6]' (FDE) to 'dp_fetch_1_i/instruction_rr_reg[source][data][7]'
INFO: [Synth 8-3886] merging instance 'dp_fetch_1_i/instruction_r_reg[source][data][7]' (FDRE) to 'dp_fetch_1_i/instruction_r_reg[source][data][8]'
INFO: [Synth 8-3886] merging instance 'dp_fetch_1_i/instruction_rr_reg[source][data][7]' (FDE) to 'dp_fetch_1_i/instruction_rr_reg[source][data][8]'
INFO: [Synth 8-3886] merging instance 'dp_fetch_1_i/instruction_r_reg[source][data][8]' (FDRE) to 'dp_fetch_1_i/instruction_r_reg[source][data][9]'
INFO: [Synth 8-3886] merging instance 'dp_fetch_1_i/instruction_rr_reg[source][data][8]' (FDE) to 'dp_fetch_1_i/instruction_rr_reg[source][data][9]'
INFO: [Synth 8-3886] merging instance 'dp_fetch_1_i/instruction_r_reg[source][data][9]' (FDRE) to 'dp_fetch_1_i/instruction_r_reg[source][data][10]'
INFO: [Synth 8-3886] merging instance 'dp_fetch_1_i/instruction_rr_reg[source][data][9]' (FDE) to 'dp_fetch_1_i/instruction_rr_reg[source][data][10]'
INFO: [Synth 8-3886] merging instance 'dp_fetch_1_i/instruction_r_reg[source][data][10]' (FDRE) to 'dp_fetch_1_i/instruction_r_reg[source][data][11]'
INFO: [Synth 8-3886] merging instance 'dp_fetch_1_i/instruction_rr_reg[source][data][10]' (FDE) to 'dp_fetch_1_i/instruction_rr_reg[source][data][11]'
INFO: [Synth 8-3886] merging instance 'dp_fetch_1_i/instruction_r_reg[source][data][11]' (FDRE) to 'dp_fetch_1_i/instruction_r_reg[source][data][12]'
INFO: [Synth 8-3886] merging instance 'dp_fetch_1_i/instruction_rr_reg[source][data][11]' (FDE) to 'dp_fetch_1_i/instruction_rr_reg[source][data][12]'
INFO: [Synth 8-3886] merging instance 'dp_fetch_1_i/instruction_r_reg[source][data][12]' (FDRE) to 'dp_fetch_1_i/instruction_r_reg[source][data][13]'
INFO: [Synth 8-3886] merging instance 'dp_fetch_1_i/instruction_rr_reg[source][data][12]' (FDE) to 'dp_fetch_1_i/instruction_rr_reg[source][data][13]'
INFO: [Synth 8-3886] merging instance 'dp_fetch_1_i/instruction_r_reg[source][data][13]' (FDRE) to 'dp_fetch_1_i/instruction_r_reg[source][data][14]'
INFO: [Synth 8-3886] merging instance 'dp_fetch_1_i/instruction_rr_reg[source][data][13]' (FDE) to 'dp_fetch_1_i/instruction_rr_reg[source][data][14]'
INFO: [Synth 8-3886] merging instance 'dp_fetch_1_i/instruction_r_reg[source][data][14]' (FDRE) to 'dp_fetch_1_i/instruction_r_reg[source][data][15]'
INFO: [Synth 8-3886] merging instance 'dp_fetch_1_i/instruction_rr_reg[source][data][14]' (FDE) to 'dp_fetch_1_i/instruction_rr_reg[source][data][15]'
INFO: [Synth 8-3886] merging instance 'dp_fetch_1_i/instruction_r_reg[source][data][15]' (FDRE) to 'dp_fetch_1_i/instruction_r_reg[source][mcast][0]'
INFO: [Synth 8-3886] merging instance 'dp_fetch_1_i/instruction_rr_reg[source][data][15]' (FDE) to 'dp_fetch_1_i/instruction_rr_reg[source][mcast][0]'
INFO: [Synth 8-3886] merging instance 'dp_fetch_1_i/instruction_r_reg[source][mcast][0]' (FDRE) to 'dp_fetch_1_i/instruction_r_reg[source][mcast][1]'
INFO: [Synth 8-3886] merging instance 'dp_fetch_1_i/instruction_rr_reg[source][mcast][0]' (FDE) to 'dp_fetch_1_i/instruction_rr_reg[source][mcast][1]'
INFO: [Synth 8-3886] merging instance 'dp_fetch_1_i/instruction_r_reg[source][mcast][1]' (FDRE) to 'dp_fetch_1_i/instruction_r_reg[source][mcast][2]'
INFO: [Synth 8-3886] merging instance 'dp_fetch_1_i/instruction_rr_reg[source][mcast][1]' (FDE) to 'dp_fetch_1_i/instruction_rr_reg[source][mcast][2]'
INFO: [Synth 8-3886] merging instance 'dp_fetch_1_i/instruction_r_reg[source][mcast][2]' (FDRE) to 'dp_fetch_1_i/instruction_r_reg[source][mcast][3]'
INFO: [Synth 8-3886] merging instance 'dp_fetch_1_i/instruction_rr_reg[source][mcast][2]' (FDE) to 'dp_fetch_1_i/instruction_rr_reg[source][mcast][3]'
INFO: [Synth 8-3886] merging instance 'dp_fetch_1_i/instruction_r_reg[source][mcast][3]' (FDRE) to 'dp_fetch_1_i/instruction_r_reg[source][mcast][4]'
INFO: [Synth 8-3886] merging instance 'dp_fetch_1_i/instruction_rr_reg[source][mcast][3]' (FDE) to 'dp_fetch_1_i/instruction_rr_reg[source][mcast][4]'
INFO: [Synth 8-3886] merging instance 'dp_fetch_1_i/instruction_r_reg[source][mcast][4]' (FDRE) to 'dp_fetch_1_i/instruction_r_reg[source][mcast][5]'
INFO: [Synth 8-3886] merging instance 'dp_fetch_1_i/instruction_rr_reg[source][mcast][4]' (FDE) to 'dp_fetch_1_i/instruction_rr_reg[source][mcast][5]'
INFO: [Synth 8-3886] merging instance 'dp_fetch_1_i/instruction_r_reg[source][mcast][5]' (FDRE) to 'dp_fetch_1_i/instruction_r_reg[source][totalcount][0]'
INFO: [Synth 8-3886] merging instance 'dp_fetch_1_i/instruction_rr_reg[source][mcast][5]' (FDE) to 'dp_fetch_1_i/instruction_rr_reg[source][totalcount][0]'
INFO: [Common 17-14] Message 'Synth 8-3886' appears 100 times and further instances of the messages will be disabled. Use the Tcl command set_msg_config to change the current settings.
INFO: [Common 17-14] Message 'Synth 8-3886' appears 100 times and further instances of the messages will be disabled. Use the Tcl command set_msg_config to change the current settings.
INFO: [Synth 8-4471] merging register 'dp_sink2_i/wr_maxburstlen_r_reg[5:0]' into 'dp_sink1_i/wr_maxburstlen_r_reg[5:0]' [/home/eslam-elshokafy/Desktop/AIDAChip_Workshop_01/ztachip/HW/src/dp/dp_source.vhd:201]
INFO: [Synth 8-4471] merging register 'dp_sink3_i/wr_maxburstlen_r_reg[5:0]' into 'dp_sink1_i/wr_maxburstlen_r_reg[5:0]' [/home/eslam-elshokafy/Desktop/AIDAChip_Workshop_01/ztachip/HW/src/dp/dp_source.vhd:201]
INFO: [Synth 8-5784] Optimized 3 bits of RAM "gen_wr_a.gen_word_narrow.mem_reg" due to constant propagation. Old ram width 133 bits, new ram width 130 bits.
INFO: [Synth 8-5784] Optimized 3 bits of RAM "gen_wr_a.gen_word_narrow.mem_reg" due to constant propagation. Old ram width 133 bits, new ram width 130 bits.
INFO: [Synth 8-4471] merging register 'mul_i/z_r_reg[31:0]' into 'mul_i/z_r_reg[31:0]' [/home/eslam-elshokafy/Desktop/AIDAChip_Workshop_01/ztachip/HW/src/pcore/pcore.vhd:54]
DSP Report: Generating DSP y_add_r0, operation Mode is: (C+(A*B)') OR (C-(A*B)').
DSP Report: register mul_i/z_r_reg is absorbed into DSP y_add_r0.
DSP Report: operator mul_i/z is absorbed into DSP y_add_r0.
DSP Report: operator y_add_r0 is absorbed into DSP y_add_r0.
DSP Report: operator y_add_r0 is absorbed into DSP y_add_r0.
INFO: [Synth 8-4471] merging register 'mul_i/z_r_reg[31:0]' into 'mul_i/z_r_reg[31:0]' [/home/eslam-elshokafy/Desktop/AIDAChip_Workshop_01/ztachip/HW/src/pcore/pcore.vhd:54]
DSP Report: Generating DSP y_add_r0, operation Mode is: (C+(A*B)') OR (C-(A*B)').
DSP Report: register mul_i/z_r_reg is absorbed into DSP y_add_r0.
DSP Report: operator mul_i/z is absorbed into DSP y_add_r0.
DSP Report: operator y_add_r0 is absorbed into DSP y_add_r0.
DSP Report: operator y_add_r0 is absorbed into DSP y_add_r0.
INFO: [Synth 8-4471] merging register 'mul_i/z_r_reg[31:0]' into 'mul_i/z_r_reg[31:0]' [/home/eslam-elshokafy/Desktop/AIDAChip_Workshop_01/ztachip/HW/src/pcore/pcore.vhd:54]
DSP Report: Generating DSP y_add_r0, operation Mode is: (C+(A*B)') OR (C-(A*B)').
DSP Report: register mul_i/z_r_reg is absorbed into DSP y_add_r0.
DSP Report: operator mul_i/z is absorbed into DSP y_add_r0.
DSP Report: operator y_add_r0 is absorbed into DSP y_add_r0.
DSP Report: operator y_add_r0 is absorbed into DSP y_add_r0.
INFO: [Synth 8-4471] merging register 'mul_i/z_r_reg[31:0]' into 'mul_i/z_r_reg[31:0]' [/home/eslam-elshokafy/Desktop/AIDAChip_Workshop_01/ztachip/HW/src/pcore/pcore.vhd:54]
DSP Report: Generating DSP y_add_r0, operation Mode is: (C+(A*B)') OR (C-(A*B)').
DSP Report: register mul_i/z_r_reg is absorbed into DSP y_add_r0.
DSP Report: operator mul_i/z is absorbed into DSP y_add_r0.
DSP Report: operator y_add_r0 is absorbed into DSP y_add_r0.
DSP Report: operator y_add_r0 is absorbed into DSP y_add_r0.
INFO: [Synth 8-4471] merging register 'mul_i/z_r_reg[31:0]' into 'mul_i/z_r_reg[31:0]' [/home/eslam-elshokafy/Desktop/AIDAChip_Workshop_01/ztachip/HW/src/pcore/pcore.vhd:54]
DSP Report: Generating DSP y_add_r0, operation Mode is: (C+(A*B)') OR (C-(A*B)').
DSP Report: register mul_i/z_r_reg is absorbed into DSP y_add_r0.
DSP Report: operator mul_i/z is absorbed into DSP y_add_r0.
DSP Report: operator y_add_r0 is absorbed into DSP y_add_r0.
DSP Report: operator y_add_r0 is absorbed into DSP y_add_r0.
INFO: [Synth 8-4471] merging register 'mul_i/z_r_reg[31:0]' into 'mul_i/z_r_reg[31:0]' [/home/eslam-elshokafy/Desktop/AIDAChip_Workshop_01/ztachip/HW/src/pcore/pcore.vhd:54]
DSP Report: Generating DSP y_add_r0, operation Mode is: (C+(A*B)') OR (C-(A*B)').
DSP Report: register mul_i/z_r_reg is absorbed into DSP y_add_r0.
DSP Report: operator mul_i/z is absorbed into DSP y_add_r0.
DSP Report: operator y_add_r0 is absorbed into DSP y_add_r0.
DSP Report: operator y_add_r0 is absorbed into DSP y_add_r0.
INFO: [Synth 8-4471] merging register 'mul_i/z_r_reg[31:0]' into 'mul_i/z_r_reg[31:0]' [/home/eslam-elshokafy/Desktop/AIDAChip_Workshop_01/ztachip/HW/src/pcore/pcore.vhd:54]
DSP Report: Generating DSP y_add_r0, operation Mode is: (C+(A*B)') OR (C-(A*B)').
DSP Report: register mul_i/z_r_reg is absorbed into DSP y_add_r0.
DSP Report: operator mul_i/z is absorbed into DSP y_add_r0.
DSP Report: operator y_add_r0 is absorbed into DSP y_add_r0.
DSP Report: operator y_add_r0 is absorbed into DSP y_add_r0.
INFO: [Synth 8-4471] merging register 'mul_i/z_r_reg[31:0]' into 'mul_i/z_r_reg[31:0]' [/home/eslam-elshokafy/Desktop/AIDAChip_Workshop_01/ztachip/HW/src/pcore/pcore.vhd:54]
DSP Report: Generating DSP y_add_r0, operation Mode is: (C+(A*B)') OR (C-(A*B)').
DSP Report: register mul_i/z_r_reg is absorbed into DSP y_add_r0.
DSP Report: operator mul_i/z is absorbed into DSP y_add_r0.
DSP Report: operator y_add_r0 is absorbed into DSP y_add_r0.
DSP Report: operator y_add_r0 is absorbed into DSP y_add_r0.
DSP Report: Generating DSP mult_i/z_r_reg, operation Mode is: (A*B)'.
DSP Report: register mult_i/z_r_reg is absorbed into DSP mult_i/z_r_reg.
DSP Report: operator mult_i/z is absorbed into DSP mult_i/z_r_reg.
INFO: [Common 17-14] Message 'Synth 8-3886' appears 100 times and further instances of the messages will be disabled. Use the Tcl command set_msg_config to change the current settings.
INFO: [Synth 8-4471] merging register 'mul_i/z_r_reg[31:0]' into 'mul_i/z_r_reg[31:0]' [/home/eslam-elshokafy/Desktop/AIDAChip_Workshop_01/ztachip/HW/src/pcore/pcore.vhd:54]
DSP Report: Generating DSP y_add_r0, operation Mode is: (C+(A*B)') OR (C-(A*B)').
DSP Report: register mul_i/z_r_reg is absorbed into DSP y_add_r0.
DSP Report: operator mul_i/z is absorbed into DSP y_add_r0.
DSP Report: operator y_add_r0 is absorbed into DSP y_add_r0.
DSP Report: operator y_add_r0 is absorbed into DSP y_add_r0.
INFO: [Synth 8-4471] merging register 'mul_i/z_r_reg[31:0]' into 'mul_i/z_r_reg[31:0]' [/home/eslam-elshokafy/Desktop/AIDAChip_Workshop_01/ztachip/HW/src/pcore/pcore.vhd:54]
DSP Report: Generating DSP y_add_r0, operation Mode is: (C+(A*B)') OR (C-(A*B)').
DSP Report: register mul_i/z_r_reg is absorbed into DSP y_add_r0.
DSP Report: operator mul_i/z is absorbed into DSP y_add_r0.
DSP Report: operator y_add_r0 is absorbed into DSP y_add_r0.
DSP Report: operator y_add_r0 is absorbed into DSP y_add_r0.
INFO: [Synth 8-4471] merging register 'mul_i/z_r_reg[31:0]' into 'mul_i/z_r_reg[31:0]' [/home/eslam-elshokafy/Desktop/AIDAChip_Workshop_01/ztachip/HW/src/pcore/pcore.vhd:54]
DSP Report: Generating DSP y_add_r0, operation Mode is: (C+(A*B)') OR (C-(A*B)').
DSP Report: register mul_i/z_r_reg is absorbed into DSP y_add_r0.
DSP Report: operator mul_i/z is absorbed into DSP y_add_r0.
DSP Report: operator y_add_r0 is absorbed into DSP y_add_r0.
DSP Report: operator y_add_r0 is absorbed into DSP y_add_r0.
INFO: [Synth 8-4471] merging register 'mul_i/z_r_reg[31:0]' into 'mul_i/z_r_reg[31:0]' [/home/eslam-elshokafy/Desktop/AIDAChip_Workshop_01/ztachip/HW/src/pcore/pcore.vhd:54]
DSP Report: Generating DSP y_add_r0, operation Mode is: (C+(A*B)') OR (C-(A*B)').
DSP Report: register mul_i/z_r_reg is absorbed into DSP y_add_r0.
DSP Report: operator mul_i/z is absorbed into DSP y_add_r0.
DSP Report: operator y_add_r0 is absorbed into DSP y_add_r0.
DSP Report: operator y_add_r0 is absorbed into DSP y_add_r0.
INFO: [Synth 8-4471] merging register 'mul_i/z_r_reg[31:0]' into 'mul_i/z_r_reg[31:0]' [/home/eslam-elshokafy/Desktop/AIDAChip_Workshop_01/ztachip/HW/src/pcore/pcore.vhd:54]
DSP Report: Generating DSP y_add_r0, operation Mode is: (C+(A*B)') OR (C-(A*B)').
DSP Report: register mul_i/z_r_reg is absorbed into DSP y_add_r0.
DSP Report: operator mul_i/z is absorbed into DSP y_add_r0.
DSP Report: operator y_add_r0 is absorbed into DSP y_add_r0.
DSP Report: operator y_add_r0 is absorbed into DSP y_add_r0.
INFO: [Synth 8-4471] merging register 'mul_i/z_r_reg[31:0]' into 'mul_i/z_r_reg[31:0]' [/home/eslam-elshokafy/Desktop/AIDAChip_Workshop_01/ztachip/HW/src/pcore/pcore.vhd:54]
DSP Report: Generating DSP y_add_r0, operation Mode is: (C+(A*B)') OR (C-(A*B)').
DSP Report: register mul_i/z_r_reg is absorbed into DSP y_add_r0.
DSP Report: operator mul_i/z is absorbed into DSP y_add_r0.
DSP Report: operator y_add_r0 is absorbed into DSP y_add_r0.
DSP Report: operator y_add_r0 is absorbed into DSP y_add_r0.
INFO: [Synth 8-4471] merging register 'mul_i/z_r_reg[31:0]' into 'mul_i/z_r_reg[31:0]' [/home/eslam-elshokafy/Desktop/AIDAChip_Workshop_01/ztachip/HW/src/pcore/pcore.vhd:54]
DSP Report: Generating DSP y_add_r0, operation Mode is: (C+(A*B)') OR (C-(A*B)').
DSP Report: register mul_i/z_r_reg is absorbed into DSP y_add_r0.
DSP Report: operator mul_i/z is absorbed into DSP y_add_r0.
DSP Report: operator y_add_r0 is absorbed into DSP y_add_r0.
DSP Report: operator y_add_r0 is absorbed into DSP y_add_r0.
INFO: [Synth 8-4471] merging register 'mul_i/z_r_reg[31:0]' into 'mul_i/z_r_reg[31:0]' [/home/eslam-elshokafy/Desktop/AIDAChip_Workshop_01/ztachip/HW/src/pcore/pcore.vhd:54]
DSP Report: Generating DSP y_add_r0, operation Mode is: (C+(A*B)') OR (C-(A*B)').
DSP Report: register mul_i/z_r_reg is absorbed into DSP y_add_r0.
DSP Report: operator mul_i/z is absorbed into DSP y_add_r0.
DSP Report: operator y_add_r0 is absorbed into DSP y_add_r0.
DSP Report: operator y_add_r0 is absorbed into DSP y_add_r0.
DSP Report: Generating DSP mult_i/z_r_reg, operation Mode is: (A*B)'.
DSP Report: register mult_i/z_r_reg is absorbed into DSP mult_i/z_r_reg.
DSP Report: operator mult_i/z is absorbed into DSP mult_i/z_r_reg.
INFO: [Common 17-14] Message 'Synth 8-3886' appears 100 times and further instances of the messages will be disabled. Use the Tcl command set_msg_config to change the current settings.
INFO: [Synth 8-4471] merging register 'mul_i/z_r_reg[31:0]' into 'mul_i/z_r_reg[31:0]' [/home/eslam-elshokafy/Desktop/AIDAChip_Workshop_01/ztachip/HW/src/pcore/pcore.vhd:54]
DSP Report: Generating DSP y_add_r0, operation Mode is: (C+(A*B)') OR (C-(A*B)').
DSP Report: register mul_i/z_r_reg is absorbed into DSP y_add_r0.
DSP Report: operator mul_i/z is absorbed into DSP y_add_r0.
DSP Report: operator y_add_r0 is absorbed into DSP y_add_r0.
DSP Report: operator y_add_r0 is absorbed into DSP y_add_r0.
INFO: [Synth 8-4471] merging register 'mul_i/z_r_reg[31:0]' into 'mul_i/z_r_reg[31:0]' [/home/eslam-elshokafy/Desktop/AIDAChip_Workshop_01/ztachip/HW/src/pcore/pcore.vhd:54]
DSP Report: Generating DSP y_add_r0, operation Mode is: (C+(A*B)') OR (C-(A*B)').
DSP Report: register mul_i/z_r_reg is absorbed into DSP y_add_r0.
DSP Report: operator mul_i/z is absorbed into DSP y_add_r0.
DSP Report: operator y_add_r0 is absorbed into DSP y_add_r0.
DSP Report: operator y_add_r0 is absorbed into DSP y_add_r0.
INFO: [Synth 8-4471] merging register 'mul_i/z_r_reg[31:0]' into 'mul_i/z_r_reg[31:0]' [/home/eslam-elshokafy/Desktop/AIDAChip_Workshop_01/ztachip/HW/src/pcore/pcore.vhd:54]
DSP Report: Generating DSP y_add_r0, operation Mode is: (C+(A*B)') OR (C-(A*B)').
DSP Report: register mul_i/z_r_reg is absorbed into DSP y_add_r0.
DSP Report: operator mul_i/z is absorbed into DSP y_add_r0.
DSP Report: operator y_add_r0 is absorbed into DSP y_add_r0.
DSP Report: operator y_add_r0 is absorbed into DSP y_add_r0.
INFO: [Synth 8-4471] merging register 'mul_i/z_r_reg[31:0]' into 'mul_i/z_r_reg[31:0]' [/home/eslam-elshokafy/Desktop/AIDAChip_Workshop_01/ztachip/HW/src/pcore/pcore.vhd:54]
DSP Report: Generating DSP y_add_r0, operation Mode is: (C+(A*B)') OR (C-(A*B)').
DSP Report: register mul_i/z_r_reg is absorbed into DSP y_add_r0.
DSP Report: operator mul_i/z is absorbed into DSP y_add_r0.
DSP Report: operator y_add_r0 is absorbed into DSP y_add_r0.
DSP Report: operator y_add_r0 is absorbed into DSP y_add_r0.
INFO: [Synth 8-4471] merging register 'mul_i/z_r_reg[31:0]' into 'mul_i/z_r_reg[31:0]' [/home/eslam-elshokafy/Desktop/AIDAChip_Workshop_01/ztachip/HW/src/pcore/pcore.vhd:54]
DSP Report: Generating DSP y_add_r0, operation Mode is: (C+(A*B)') OR (C-(A*B)').
DSP Report: register mul_i/z_r_reg is absorbed into DSP y_add_r0.
DSP Report: operator mul_i/z is absorbed into DSP y_add_r0.
DSP Report: operator y_add_r0 is absorbed into DSP y_add_r0.
DSP Report: operator y_add_r0 is absorbed into DSP y_add_r0.
INFO: [Synth 8-4471] merging register 'mul_i/z_r_reg[31:0]' into 'mul_i/z_r_reg[31:0]' [/home/eslam-elshokafy/Desktop/AIDAChip_Workshop_01/ztachip/HW/src/pcore/pcore.vhd:54]
DSP Report: Generating DSP y_add_r0, operation Mode is: (C+(A*B)') OR (C-(A*B)').
DSP Report: register mul_i/z_r_reg is absorbed into DSP y_add_r0.
DSP Report: operator mul_i/z is absorbed into DSP y_add_r0.
DSP Report: operator y_add_r0 is absorbed into DSP y_add_r0.
DSP Report: operator y_add_r0 is absorbed into DSP y_add_r0.
INFO: [Synth 8-4471] merging register 'mul_i/z_r_reg[31:0]' into 'mul_i/z_r_reg[31:0]' [/home/eslam-elshokafy/Desktop/AIDAChip_Workshop_01/ztachip/HW/src/pcore/pcore.vhd:54]
DSP Report: Generating DSP y_add_r0, operation Mode is: (C+(A*B)') OR (C-(A*B)').
DSP Report: register mul_i/z_r_reg is absorbed into DSP y_add_r0.
DSP Report: operator mul_i/z is absorbed into DSP y_add_r0.
DSP Report: operator y_add_r0 is absorbed into DSP y_add_r0.
DSP Report: operator y_add_r0 is absorbed into DSP y_add_r0.
INFO: [Synth 8-4471] merging register 'mul_i/z_r_reg[31:0]' into 'mul_i/z_r_reg[31:0]' [/home/eslam-elshokafy/Desktop/AIDAChip_Workshop_01/ztachip/HW/src/pcore/pcore.vhd:54]
DSP Report: Generating DSP y_add_r0, operation Mode is: (C+(A*B)') OR (C-(A*B)').
DSP Report: register mul_i/z_r_reg is absorbed into DSP y_add_r0.
DSP Report: operator mul_i/z is absorbed into DSP y_add_r0.
DSP Report: operator y_add_r0 is absorbed into DSP y_add_r0.
DSP Report: operator y_add_r0 is absorbed into DSP y_add_r0.
DSP Report: Generating DSP mult_i/z_r_reg, operation Mode is: (A*B)'.
DSP Report: register mult_i/z_r_reg is absorbed into DSP mult_i/z_r_reg.
DSP Report: operator mult_i/z is absorbed into DSP mult_i/z_r_reg.
INFO: [Common 17-14] Message 'Synth 8-3886' appears 100 times and further instances of the messages will be disabled. Use the Tcl command set_msg_config to change the current settings.
INFO: [Synth 8-4471] merging register 'mul_i/z_r_reg[31:0]' into 'mul_i/z_r_reg[31:0]' [/home/eslam-elshokafy/Desktop/AIDAChip_Workshop_01/ztachip/HW/src/pcore/pcore.vhd:54]
DSP Report: Generating DSP y_add_r0, operation Mode is: (C+(A*B)') OR (C-(A*B)').
DSP Report: register mul_i/z_r_reg is absorbed into DSP y_add_r0.
DSP Report: operator mul_i/z is absorbed into DSP y_add_r0.
DSP Report: operator y_add_r0 is absorbed into DSP y_add_r0.
DSP Report: operator y_add_r0 is absorbed into DSP y_add_r0.
INFO: [Synth 8-4471] merging register 'mul_i/z_r_reg[31:0]' into 'mul_i/z_r_reg[31:0]' [/home/eslam-elshokafy/Desktop/AIDAChip_Workshop_01/ztachip/HW/src/pcore/pcore.vhd:54]
DSP Report: Generating DSP y_add_r0, operation Mode is: (C+(A*B)') OR (C-(A*B)').
DSP Report: register mul_i/z_r_reg is absorbed into DSP y_add_r0.
DSP Report: operator mul_i/z is absorbed into DSP y_add_r0.
DSP Report: operator y_add_r0 is absorbed into DSP y_add_r0.
DSP Report: operator y_add_r0 is absorbed into DSP y_add_r0.
INFO: [Synth 8-4471] merging register 'mul_i/z_r_reg[31:0]' into 'mul_i/z_r_reg[31:0]' [/home/eslam-elshokafy/Desktop/AIDAChip_Workshop_01/ztachip/HW/src/pcore/pcore.vhd:54]
DSP Report: Generating DSP y_add_r0, operation Mode is: (C+(A*B)') OR (C-(A*B)').
DSP Report: register mul_i/z_r_reg is absorbed into DSP y_add_r0.
DSP Report: operator mul_i/z is absorbed into DSP y_add_r0.
DSP Report: operator y_add_r0 is absorbed into DSP y_add_r0.
DSP Report: operator y_add_r0 is absorbed into DSP y_add_r0.
INFO: [Synth 8-4471] merging register 'mul_i/z_r_reg[31:0]' into 'mul_i/z_r_reg[31:0]' [/home/eslam-elshokafy/Desktop/AIDAChip_Workshop_01/ztachip/HW/src/pcore/pcore.vhd:54]
DSP Report: Generating DSP y_add_r0, operation Mode is: (C+(A*B)') OR (C-(A*B)').
DSP Report: register mul_i/z_r_reg is absorbed into DSP y_add_r0.
DSP Report: operator mul_i/z is absorbed into DSP y_add_r0.
DSP Report: operator y_add_r0 is absorbed into DSP y_add_r0.
DSP Report: operator y_add_r0 is absorbed into DSP y_add_r0.
INFO: [Synth 8-4471] merging register 'mul_i/z_r_reg[31:0]' into 'mul_i/z_r_reg[31:0]' [/home/eslam-elshokafy/Desktop/AIDAChip_Workshop_01/ztachip/HW/src/pcore/pcore.vhd:54]
DSP Report: Generating DSP y_add_r0, operation Mode is: (C+(A*B)') OR (C-(A*B)').
DSP Report: register mul_i/z_r_reg is absorbed into DSP y_add_r0.
DSP Report: operator mul_i/z is absorbed into DSP y_add_r0.
DSP Report: operator y_add_r0 is absorbed into DSP y_add_r0.
DSP Report: operator y_add_r0 is absorbed into DSP y_add_r0.
INFO: [Synth 8-4471] merging register 'mul_i/z_r_reg[31:0]' into 'mul_i/z_r_reg[31:0]' [/home/eslam-elshokafy/Desktop/AIDAChip_Workshop_01/ztachip/HW/src/pcore/pcore.vhd:54]
DSP Report: Generating DSP y_add_r0, operation Mode is: (C+(A*B)') OR (C-(A*B)').
DSP Report: register mul_i/z_r_reg is absorbed into DSP y_add_r0.
DSP Report: operator mul_i/z is absorbed into DSP y_add_r0.
DSP Report: operator y_add_r0 is absorbed into DSP y_add_r0.
DSP Report: operator y_add_r0 is absorbed into DSP y_add_r0.
INFO: [Synth 8-4471] merging register 'mul_i/z_r_reg[31:0]' into 'mul_i/z_r_reg[31:0]' [/home/eslam-elshokafy/Desktop/AIDAChip_Workshop_01/ztachip/HW/src/pcore/pcore.vhd:54]
DSP Report: Generating DSP y_add_r0, operation Mode is: (C+(A*B)') OR (C-(A*B)').
DSP Report: register mul_i/z_r_reg is absorbed into DSP y_add_r0.
DSP Report: operator mul_i/z is absorbed into DSP y_add_r0.
DSP Report: operator y_add_r0 is absorbed into DSP y_add_r0.
DSP Report: operator y_add_r0 is absorbed into DSP y_add_r0.
INFO: [Synth 8-4471] merging register 'mul_i/z_r_reg[31:0]' into 'mul_i/z_r_reg[31:0]' [/home/eslam-elshokafy/Desktop/AIDAChip_Workshop_01/ztachip/HW/src/pcore/pcore.vhd:54]
DSP Report: Generating DSP y_add_r0, operation Mode is: (C+(A*B)') OR (C-(A*B)').
DSP Report: register mul_i/z_r_reg is absorbed into DSP y_add_r0.
DSP Report: operator mul_i/z is absorbed into DSP y_add_r0.
DSP Report: operator y_add_r0 is absorbed into DSP y_add_r0.
DSP Report: operator y_add_r0 is absorbed into DSP y_add_r0.
DSP Report: Generating DSP mult_i/z_r_reg, operation Mode is: (A*B)'.
DSP Report: register mult_i/z_r_reg is absorbed into DSP mult_i/z_r_reg.
DSP Report: operator mult_i/z is absorbed into DSP mult_i/z_r_reg.
INFO: [Common 17-14] Message 'Synth 8-3886' appears 100 times and further instances of the messages will be disabled. Use the Tcl command set_msg_config to change the current settings.
DSP Report: Generating DSP mul_i/z, operation Mode is: A*B.
DSP Report: operator mul_i/z is absorbed into DSP mul_i/z.
DSP Report: Generating DSP mul_i/z, operation Mode is: A*B.
DSP Report: operator mul_i/z is absorbed into DSP mul_i/z.
DSP Report: Generating DSP mul_i/z, operation Mode is: A*B.
DSP Report: operator mul_i/z is absorbed into DSP mul_i/z.
DSP Report: Generating DSP mul_i/z, operation Mode is: A*B.
DSP Report: operator mul_i/z is absorbed into DSP mul_i/z.
DSP Report: Generating DSP mul_i/z, operation Mode is: A*B.
DSP Report: operator mul_i/z is absorbed into DSP mul_i/z.
DSP Report: Generating DSP mul_i/z, operation Mode is: A*B.
DSP Report: operator mul_i/z is absorbed into DSP mul_i/z.
DSP Report: Generating DSP mul_i/z, operation Mode is: A*B.
DSP Report: operator mul_i/z is absorbed into DSP mul_i/z.
DSP Report: Generating DSP mul_i/z, operation Mode is: A*B.
DSP Report: operator mul_i/z is absorbed into DSP mul_i/z.
DSP Report: Generating DSP mul_i/z, operation Mode is: A*B.
DSP Report: operator mul_i/z is absorbed into DSP mul_i/z.
DSP Report: Generating DSP mul_i/z, operation Mode is: A*B.
DSP Report: operator mul_i/z is absorbed into DSP mul_i/z.
DSP Report: Generating DSP mul_i/z, operation Mode is: A*B.
DSP Report: operator mul_i/z is absorbed into DSP mul_i/z.
DSP Report: Generating DSP mul_i/z, operation Mode is: A*B.
DSP Report: operator mul_i/z is absorbed into DSP mul_i/z.
DSP Report: Generating DSP mul_i/z, operation Mode is: A*B.
DSP Report: operator mul_i/z is absorbed into DSP mul_i/z.
DSP Report: Generating DSP mul_i/z, operation Mode is: A*B.
DSP Report: operator mul_i/z is absorbed into DSP mul_i/z.
DSP Report: Generating DSP mul_i/z, operation Mode is: A*B.
DSP Report: operator mul_i/z is absorbed into DSP mul_i/z.
DSP Report: Generating DSP mul_i/z, operation Mode is: A*B.
DSP Report: operator mul_i/z is absorbed into DSP mul_i/z.
INFO: [Synth 8-5544] ROM "mask_v" won't be mapped to Block RAM because address size (4) smaller than threshold (5)
INFO: [Synth 8-4471] merging register 'decode_to_execute_IS_RS1_SIGNED_reg' into 'decode_to_execute_IS_RS2_SIGNED_reg' [/home/eslam-elshokafy/Desktop/AIDAChip_Workshop_01/ztachip/HW/src/util/shifter.vhd:3440]
DSP Report: Generating DSP memory_to_writeBack_MUL_HH_reg, operation Mode is: (A*B)'.
DSP Report: register memory_to_writeBack_MUL_HH_reg is absorbed into DSP memory_to_writeBack_MUL_HH_reg.
DSP Report: register execute_to_memory_MUL_HH_reg is absorbed into DSP memory_to_writeBack_MUL_HH_reg.
DSP Report: operator execute_MUL_HH is absorbed into DSP memory_to_writeBack_MUL_HH_reg.
DSP Report: Generating DSP execute_to_memory_MUL_LH_reg, operation Mode is: (A*B)'.
DSP Report: register execute_to_memory_MUL_LH_reg is absorbed into DSP execute_to_memory_MUL_LH_reg.
DSP Report: operator execute_MUL_LH is absorbed into DSP execute_to_memory_MUL_LH_reg.
DSP Report: Generating DSP execute_to_memory_MUL_HL_reg, operation Mode is: (A*B)'.
DSP Report: register execute_to_memory_MUL_HL_reg is absorbed into DSP execute_to_memory_MUL_HL_reg.
DSP Report: operator execute_MUL_HL is absorbed into DSP execute_to_memory_MUL_HL_reg.
DSP Report: Generating DSP execute_to_memory_MUL_LL_reg, operation Mode is: (A*B)'.
DSP Report: register execute_to_memory_MUL_LL_reg is absorbed into DSP execute_to_memory_MUL_LL_reg.
DSP Report: operator execute_MUL_LL is absorbed into DSP execute_to_memory_MUL_LL_reg.
INFO: [Synth 8-3971] The signal "\cpu_inst/system_cpu/RegFilePlugin_regFile_reg " was recognized as a true dual port RAM template.
INFO: [Synth 8-4652] Swapped enable and write-enable on 1 RAM instances of RAM gen_wr_a.gen_word_narrow.mem_reg to conserve power
INFO: [Synth 8-4652] Swapped enable and write-enable on 1 RAM instances of RAM gen_wr_a.gen_word_narrow.mem_reg to conserve power
INFO: [Synth 8-5784] Optimized 4 bits of RAM "gen_wr_a.gen_word_narrow.mem_reg" due to constant propagation. Old ram width 58 bits, new ram width 54 bits.
INFO: [Synth 8-4652] Swapped enable and write-enable on 1 RAM instances of RAM gen_wr_a.gen_word_narrow.mem_reg to conserve power
INFO: [Synth 8-4652] Swapped enable and write-enable on 1 RAM instances of RAM gen_wr_a.gen_word_narrow.mem_reg to conserve power
INFO: [Synth 8-4652] Swapped enable and write-enable on 2 RAM instances of RAM gen_wr_a.gen_word_narrow.mem_reg to conserve power
INFO: [Common 17-14] Message 'Synth 8-3886' appears 100 times and further instances of the messages will be disabled. Use the Tcl command set_msg_config to change the current settings.
INFO: [Synth 8-5544] ROM "p_0_out" won't be mapped to Block RAM because address size (2) smaller than threshold (5)
INFO: [Synth 8-4652] Swapped enable and write-enable on 2 RAM instances of RAM gen_wr_a.gen_word_narrow.mem_reg to conserve power
INFO: [Synth 8-4652] Swapped enable and write-enable on 1 RAM instances of RAM gen_wr_a.gen_word_narrow.mem_reg to conserve power
INFO: [Synth 8-4652] Swapped enable and write-enable on 1 RAM instances of RAM gen_wr_a.gen_word_narrow.mem_reg to conserve power
INFO: [Synth 8-4652] Swapped enable and write-enable on 1 RAM instances of RAM gen_wr_a.gen_word_narrow.mem_reg to conserve power
INFO: [Synth 8-4652] Swapped enable and write-enable on 1 RAM instances of RAM gen_wr_a.gen_word_narrow.mem_reg to conserve power
INFO: [Synth 8-4652] Swapped enable and write-enable on 1 RAM instances of RAM gen_wr_a.gen_word_narrow.mem_reg to conserve power
---------------------------------------------------------------------------------
Finished Cross Boundary and Area Optimization : Time (s): cpu = 00:01:28 ; elapsed = 00:01:54 . Memory (MB): peak = 4674.867 ; gain = 2908.875 ; free physical = 861 ; free virtual = 7190
---------------------------------------------------------------------------------
 Sort Area is soc_base__GCB0 memory_to_writeBack_MUL_HH_reg_5 : 0 0 : 2328 2328 : Used 1 time 0
 Sort Area is pcore__parameterized5 y_add_r0_0 : 0 0 : 2318 2318 : Used 1 time 0
 Sort Area is cell__GB0 y_add_r0_0 : 0 0 : 2318 2318 : Used 1 time 0
 Sort Area is pcore__parameterized1 y_add_r0_0 : 0 0 : 2318 2318 : Used 1 time 0
 Sort Area is pcore__parameterized3 y_add_r0_0 : 0 0 : 2318 2318 : Used 1 time 0
 Sort Area is pcore__parameterized5 y_add_r0_2 : 0 0 : 2318 2318 : Used 1 time 0
 Sort Area is cell__GB0 y_add_r0_2 : 0 0 : 2318 2318 : Used 1 time 0
 Sort Area is pcore__parameterized1 y_add_r0_2 : 0 0 : 2318 2318 : Used 1 time 0
 Sort Area is pcore__parameterized3 y_add_r0_2 : 0 0 : 2318 2318 : Used 1 time 0
 Sort Area is pcore__parameterized5 y_add_r0_3 : 0 0 : 2318 2318 : Used 1 time 0
 Sort Area is cell__GB0 y_add_r0_3 : 0 0 : 2318 2318 : Used 1 time 0
 Sort Area is pcore__parameterized1 y_add_r0_3 : 0 0 : 2318 2318 : Used 1 time 0
 Sort Area is pcore__parameterized3 y_add_r0_3 : 0 0 : 2318 2318 : Used 1 time 0
 Sort Area is pcore__parameterized5 y_add_r0_4 : 0 0 : 2318 2318 : Used 1 time 0
 Sort Area is cell__GB0 y_add_r0_4 : 0 0 : 2318 2318 : Used 1 time 0
 Sort Area is pcore__parameterized1 y_add_r0_4 : 0 0 : 2318 2318 : Used 1 time 0
 Sort Area is pcore__parameterized3 y_add_r0_4 : 0 0 : 2318 2318 : Used 1 time 0
 Sort Area is pcore__parameterized5 y_add_r0_5 : 0 0 : 2318 2318 : Used 1 time 0
 Sort Area is cell__GB0 y_add_r0_5 : 0 0 : 2318 2318 : Used 1 time 0
 Sort Area is pcore__parameterized1 y_add_r0_5 : 0 0 : 2318 2318 : Used 1 time 0
 Sort Area is pcore__parameterized3 y_add_r0_5 : 0 0 : 2318 2318 : Used 1 time 0
 Sort Area is pcore__parameterized5 y_add_r0_6 : 0 0 : 2318 2318 : Used 1 time 0
 Sort Area is cell__GB0 y_add_r0_6 : 0 0 : 2318 2318 : Used 1 time 0
 Sort Area is pcore__parameterized1 y_add_r0_6 : 0 0 : 2318 2318 : Used 1 time 0
 Sort Area is pcore__parameterized3 y_add_r0_6 : 0 0 : 2318 2318 : Used 1 time 0
 Sort Area is pcore__parameterized5 y_add_r0_7 : 0 0 : 2318 2318 : Used 1 time 0
 Sort Area is cell__GB0 y_add_r0_7 : 0 0 : 2318 2318 : Used 1 time 0
 Sort Area is pcore__parameterized1 y_add_r0_7 : 0 0 : 2318 2318 : Used 1 time 0
 Sort Area is pcore__parameterized3 y_add_r0_7 : 0 0 : 2318 2318 : Used 1 time 0
 Sort Area is pcore__parameterized5 y_add_r0_8 : 0 0 : 2318 2318 : Used 1 time 0
 Sort Area is cell__GB0 y_add_r0_8 : 0 0 : 2318 2318 : Used 1 time 0
 Sort Area is pcore__parameterized1 y_add_r0_8 : 0 0 : 2318 2318 : Used 1 time 0
 Sort Area is pcore__parameterized3 y_add_r0_8 : 0 0 : 2318 2318 : Used 1 time 0
 Sort Area is soc_base__GCB0 execute_to_memory_MUL_HL_reg_2 : 0 0 : 2298 2298 : Used 1 time 0
 Sort Area is soc_base__GCB0 execute_to_memory_MUL_LH_reg_4 : 0 0 : 2298 2298 : Used 1 time 0
 Sort Area is soc_base__GCB0 execute_to_memory_MUL_LL_reg_0 : 0 0 : 1978 1978 : Used 1 time 0
 Sort Area is pcore__parameterized5 mult_i/z_r_reg_9 : 0 0 : 1280 1280 : Used 1 time 0
 Sort Area is cell__GB0 mult_i/z_r_reg_9 : 0 0 : 1280 1280 : Used 1 time 0
 Sort Area is pcore__parameterized1 mult_i/z_r_reg_9 : 0 0 : 1280 1280 : Used 1 time 0
 Sort Area is pcore__parameterized3 mult_i/z_r_reg_9 : 0 0 : 1280 1280 : Used 1 time 0
 Sort Area is core__GC0 mul_i/z_0 : 0 0 : 1052 1052 : Used 1 time 0
 Sort Area is core__GC0 mul_i/z_10 : 0 0 : 1052 1052 : Used 1 time 0
 Sort Area is core__GC0 mul_i/z_2 : 0 0 : 1052 1052 : Used 1 time 0
 Sort Area is core__GC0 mul_i/z_3 : 0 0 : 1052 1052 : Used 1 time 0
 Sort Area is core__GC0 mul_i/z_4 : 0 0 : 1052 1052 : Used 1 time 0
 Sort Area is core__GC0 mul_i/z_5 : 0 0 : 1052 1052 : Used 1 time 0
 Sort Area is core__GC0 mul_i/z_6 : 0 0 : 1052 1052 : Used 1 time 0
 Sort Area is core__GC0 mul_i/z_7 : 0 0 : 1052 1052 : Used 1 time 0
 Sort Area is core__GC0 mul_i/z_8 : 0 0 : 1052 1052 : Used 1 time 0
 Sort Area is core__GC0 mul_i/z_9 : 0 0 : 1052 1052 : Used 1 time 0
 Sort Area is core__GC0 mul_i/z_a : 0 0 : 1052 1052 : Used 1 time 0
 Sort Area is core__GC0 mul_i/z_b : 0 0 : 1052 1052 : Used 1 time 0
 Sort Area is core__GC0 mul_i/z_c : 0 0 : 1052 1052 : Used 1 time 0
 Sort Area is core__GC0 mul_i/z_d : 0 0 : 1052 1052 : Used 1 time 0
 Sort Area is core__GC0 mul_i/z_e : 0 0 : 1052 1052 : Used 1 time 0
 Sort Area is core__GC0 mul_i/z_f : 0 0 : 1052 1052 : Used 1 time 0
---------------------------------------------------------------------------------
Start ROM, RAM, DSP, Shift Register and Retiming Reporting
---------------------------------------------------------------------------------

ROM: Preliminary Mapping Report
+------------+---------------+---------------+----------------+
|Module Name | RTL Object    | Depth x Width | Implemented As | 
+------------+---------------+---------------+----------------+
|fp_floor    | mantissa_mask | 32x23         | LUT            | 
+------------+---------------+---------------+----------------+


Block RAM: Preliminary Mapping Report (see note below)
+---------------------------------------------------------------------------------------------------------------------------------------+--------------------------------------------------+------------------------+---+---+------------------------+---+---+------------------+--------+--------+
|Module Name                                                                                                                            | RTL Object                                       | PORT A (Depth x Width) | W | R | PORT B (Depth x Width) | W | R | Ports driving FF | RAMB18 | RAMB36 | 
+---------------------------------------------------------------------------------------------------------------------------------------+--------------------------------------------------+------------------------+---+---+------------------------+---+---+------------------+--------+--------+
|cmd_fifo_i0/\ram_i/xpm_memory_sdpram_inst /xpm_memory_base_inst                                                                        | gen_wr_a.gen_word_narrow.mem_reg                 | 256 x 337(READ_FIRST)  | W |   | 256 x 337(WRITE_FIRST) |   | R | Port A and B     | 0      | 5      | 
|cmd_fifo_i1/\ram_i/xpm_memory_sdpram_inst /xpm_memory_base_inst                                                                        | gen_wr_a.gen_word_narrow.mem_reg                 | 256 x 337(READ_FIRST)  | W |   | 256 x 337(WRITE_FIRST) |   | R | Port A and B     | 0      | 5      | 
|B_fifo_i/\ram_i/xpm_memory_sdpram_inst /xpm_memory_base_inst                                                                           | gen_wr_a.gen_word_narrow.mem_reg                 | 16 x 128(READ_FIRST)   | W |   | 16 x 128(WRITE_FIRST)  |   | R | Port A and B     | 0      | 2      | 
|X_fifo_i/\ram_i/xpm_memory_sdpram_inst /xpm_memory_base_inst                                                                           | gen_wr_a.gen_word_narrow.mem_reg                 | 16 x 128(READ_FIRST)   | W |   | 16 x 128(WRITE_FIRST)  |   | R | Port A and B     | 0      | 2      | 
|Y_fifo_i/\ram_i/xpm_memory_sdpram_inst /xpm_memory_base_inst                                                                           | gen_wr_a.gen_word_narrow.mem_reg                 | 16 x 128(READ_FIRST)   | W |   | 16 x 128(WRITE_FIRST)  |   | R | Port A and B     | 0      | 2      | 
|dp_fetch_1_i/fifo_i/\GEN1.fifo_i/fifo_i/ram_i/xpm_memory_sdpram_inst /xpm_memory_base_inst                                             | gen_wr_a.gen_word_narrow.mem_reg                 | 512 x 408(READ_FIRST)  | W |   | 512 x 408(WRITE_FIRST) |   | R | Port A and B     | 0      | 6      | 
|dp_fetch_1_i/\GEN1.ram_i /\ram_i/xpm_memory_sdpram_inst /xpm_memory_base_inst                                                          | gen_wr_a.gen_word_narrow.mem_reg                 | 32 x 417(READ_FIRST)   | W |   | 32 x 417(WRITE_FIRST)  |   | R | Port A and B     | 0      | 6      | 
|dp_fetch_1_i/indication_i/\ram_i/xpm_memory_sdpram_inst /xpm_memory_base_inst                                                          | gen_wr_a.gen_word_narrow.mem_reg                 | 256 x 67(READ_FIRST)   | W |   | 256 x 67(WRITE_FIRST)  |   | R | Port A and B     | 0      | 1      | 
|\dp_sink1_i/dp_sink_fifo_i /\ram_i/xpm_memory_sdpram_inst /xpm_memory_base_inst                                                        | gen_wr_a.gen_word_narrow.mem_reg                 | 512 x 133(READ_FIRST)  | W |   | 512 x 133(WRITE_FIRST) |   | R | Port A and B     | 0      | 2      | 
|\dp_sink1_i/dp_sink_fifo_i2 /\ram_i/xpm_memory_sdpram_inst /xpm_memory_base_inst                                                       | gen_wr_a.gen_word_narrow.mem_reg                 | 512 x 64(READ_FIRST)   | W |   | 512 x 64(WRITE_FIRST)  |   | R | Port A and B     | 0      | 1      | 
|\dp_sink2_i/dp_sink_fifo_i /\ram_i/xpm_memory_sdpram_inst /xpm_memory_base_inst                                                        | gen_wr_a.gen_word_narrow.mem_reg                 | 512 x 133(READ_FIRST)  | W |   | 512 x 133(WRITE_FIRST) |   | R | Port A and B     | 0      | 2      | 
|\dp_sink2_i/dp_sink_fifo_i2 /\ram_i/xpm_memory_sdpram_inst /xpm_memory_base_inst                                                       | gen_wr_a.gen_word_narrow.mem_reg                 | 512 x 64(READ_FIRST)   | W |   | 512 x 64(WRITE_FIRST)  |   | R | Port A and B     | 0      | 1      | 
|\dp_sink3_i/dp_sink_fifo_i /\ram_i/xpm_memory_sdpram_inst /xpm_memory_base_inst                                                        | gen_wr_a.gen_word_narrow.mem_reg                 | 512 x 133(READ_FIRST)  | W |   | 512 x 133(WRITE_FIRST) |   | R | Port A and B     | 0      | 2      | 
|\dp_sink3_i/dp_sink_fifo_i2 /\ram_i/xpm_memory_sdpram_inst /xpm_memory_base_inst                                                       | gen_wr_a.gen_word_narrow.mem_reg                 | 512 x 64(READ_FIRST)   | W |   | 512 x 64(WRITE_FIRST)  |   | R | Port A and B     | 0      | 1      | 
|xregister_file_i/\GEN2.altsyncram_i/ram_i/xpm_memory_sdpram_inst /xpm_memory_base_inst                                                 | gen_wr_a.gen_byte_narrow.for_mem_cols[1].mem_reg | 512 x 136(READ_FIRST)  | W |   | 512 x 136(WRITE_FIRST) |   | R | Port A and B     | 1      | 2      | 
|iregister_i/\iregister_ram_i/altsyncram_i/ram_i/xpm_memory_sdpram_inst /xpm_memory_base_inst                                           | gen_wr_a.gen_byte_narrow.for_mem_cols[1].mem_reg | 64 x 72(READ_FIRST)    | W |   | 64 x 72(WRITE_FIRST)   |   | R | Port A and B     | 1      | 1      | 
|register_bank_i/\register_file_i/ram3_i/ram2_i/xpm_memory_sdpram_inst /xpm_memory_base_inst                                            | gen_wr_a.gen_byte_narrow.for_mem_cols[1].mem_reg | 256 x 128(READ_FIRST)  | W |   | 256 x 128(WRITE_FIRST) |   | R | Port A and B     | 0      | 2      | 
|register_bank_i/\register_file_i2/ram3_i/ram2_i/xpm_memory_sdpram_inst /xpm_memory_base_inst                                           | gen_wr_a.gen_byte_narrow.for_mem_cols[1].mem_reg | 256 x 128(READ_FIRST)  | W |   | 256 x 128(WRITE_FIRST) |   | R | Port A and B     | 0      | 2      | 
|xregister_file_i/\GEN2.altsyncram_i/ram_i/xpm_memory_sdpram_inst /xpm_memory_base_inst                                                 | gen_wr_a.gen_byte_narrow.for_mem_cols[1].mem_reg | 512 x 136(READ_FIRST)  | W |   | 512 x 136(WRITE_FIRST) |   | R | Port A and B     | 1      | 2      | 
|iregister_i/\iregister_ram_i/altsyncram_i/ram_i/xpm_memory_sdpram_inst /xpm_memory_base_inst                                           | gen_wr_a.gen_byte_narrow.for_mem_cols[1].mem_reg | 64 x 72(READ_FIRST)    | W |   | 64 x 72(WRITE_FIRST)   |   | R | Port A and B     | 1      | 1      | 
|register_bank_i/\register_file_i/ram3_i/ram2_i/xpm_memory_sdpram_inst /xpm_memory_base_inst                                            | gen_wr_a.gen_byte_narrow.for_mem_cols[1].mem_reg | 256 x 128(READ_FIRST)  | W |   | 256 x 128(WRITE_FIRST) |   | R | Port A and B     | 0      | 2      | 
|register_bank_i/\register_file_i2/ram3_i/ram2_i/xpm_memory_sdpram_inst /xpm_memory_base_inst                                           | gen_wr_a.gen_byte_narrow.for_mem_cols[1].mem_reg | 256 x 128(READ_FIRST)  | W |   | 256 x 128(WRITE_FIRST) |   | R | Port A and B     | 0      | 2      | 
|xregister_file_i/\GEN2.altsyncram_i/ram_i/xpm_memory_sdpram_inst /xpm_memory_base_inst                                                 | gen_wr_a.gen_byte_narrow.for_mem_cols[1].mem_reg | 512 x 136(READ_FIRST)  | W |   | 512 x 136(WRITE_FIRST) |   | R | Port A and B     | 1      | 2      | 
|iregister_i/\iregister_ram_i/altsyncram_i/ram_i/xpm_memory_sdpram_inst /xpm_memory_base_inst                                           | gen_wr_a.gen_byte_narrow.for_mem_cols[1].mem_reg | 64 x 72(READ_FIRST)    | W |   | 64 x 72(WRITE_FIRST)   |   | R | Port A and B     | 1      | 1      | 
|register_bank_i/\register_file_i/ram3_i/ram2_i/xpm_memory_sdpram_inst /xpm_memory_base_inst                                            | gen_wr_a.gen_byte_narrow.for_mem_cols[1].mem_reg | 256 x 128(READ_FIRST)  | W |   | 256 x 128(WRITE_FIRST) |   | R | Port A and B     | 0      | 2      | 
|register_bank_i/\register_file_i2/ram3_i/ram2_i/xpm_memory_sdpram_inst /xpm_memory_base_inst                                           | gen_wr_a.gen_byte_narrow.for_mem_cols[1].mem_reg | 256 x 128(READ_FIRST)  | W |   | 256 x 128(WRITE_FIRST) |   | R | Port A and B     | 0      | 2      | 
|\GEN_REG[0].GEN1.pcore_i /xregister_file_i/\GEN2.altsyncram_i/ram_i/xpm_memory_sdpram_inst /xpm_memory_base_inst                       | gen_wr_a.gen_byte_narrow.for_mem_cols[1].mem_reg | 512 x 136(READ_FIRST)  | W |   | 512 x 136(WRITE_FIRST) |   | R | Port A and B     | 1      | 2      | 
|\GEN_REG[0].GEN1.pcore_i /iregister_i/\iregister_ram_i/altsyncram_i/ram_i/xpm_memory_sdpram_inst /xpm_memory_base_inst                 | gen_wr_a.gen_byte_narrow.for_mem_cols[1].mem_reg | 64 x 72(READ_FIRST)    | W |   | 64 x 72(WRITE_FIRST)   |   | R | Port A and B     | 1      | 1      | 
|\GEN_REG[0].GEN1.pcore_i /register_bank_i/\register_file_i/ram3_i/ram2_i/xpm_memory_sdpram_inst /xpm_memory_base_inst                  | gen_wr_a.gen_byte_narrow.for_mem_cols[1].mem_reg | 256 x 128(READ_FIRST)  | W |   | 256 x 128(WRITE_FIRST) |   | R | Port A and B     | 0      | 2      | 
|\GEN_REG[0].GEN1.pcore_i /register_bank_i/\register_file_i2/ram3_i/ram2_i/xpm_memory_sdpram_inst /xpm_memory_base_inst                 | gen_wr_a.gen_byte_narrow.for_mem_cols[1].mem_reg | 256 x 128(READ_FIRST)  | W |   | 256 x 128(WRITE_FIRST) |   | R | Port A and B     | 0      | 2      | 
|\GEN_STREAM[0].stream_i /\lookup_i/xpm_memory_spram_inst/xpm_memory_base_inst                                                          | gen_wr_a.gen_word_narrow.mem_reg                 | 512 x 24(READ_FIRST)   | W | R |                        |   |   | Port A           | 1      | 0      | 
|\GEN_STREAM[1].stream_i /\lookup_i/xpm_memory_spram_inst/xpm_memory_base_inst                                                          | gen_wr_a.gen_word_narrow.mem_reg                 | 512 x 24(READ_FIRST)   | W | R |                        |   |   | Port A           | 1      | 0      | 
|\GEN_STREAM[2].stream_i /\lookup_i/xpm_memory_spram_inst/xpm_memory_base_inst                                                          | gen_wr_a.gen_word_narrow.mem_reg                 | 512 x 24(READ_FIRST)   | W | R |                        |   |   | Port A           | 1      | 0      | 
|\GEN_STREAM[3].stream_i /\lookup_i/xpm_memory_spram_inst/xpm_memory_base_inst                                                          | gen_wr_a.gen_word_narrow.mem_reg                 | 512 x 24(READ_FIRST)   | W | R |                        |   |   | Port A           | 1      | 0      | 
|\GEN_STREAM[4].stream_i /\lookup_i/xpm_memory_spram_inst/xpm_memory_base_inst                                                          | gen_wr_a.gen_word_narrow.mem_reg                 | 512 x 24(READ_FIRST)   | W | R |                        |   |   | Port A           | 1      | 0      | 
|\GEN_STREAM[5].stream_i /\lookup_i/xpm_memory_spram_inst/xpm_memory_base_inst                                                          | gen_wr_a.gen_word_narrow.mem_reg                 | 512 x 24(READ_FIRST)   | W | R |                        |   |   | Port A           | 1      | 0      | 
|\GEN_STREAM[6].stream_i /\lookup_i/xpm_memory_spram_inst/xpm_memory_base_inst                                                          | gen_wr_a.gen_word_narrow.mem_reg                 | 512 x 24(READ_FIRST)   | W | R |                        |   |   | Port A           | 1      | 0      | 
|\GEN_STREAM[7].stream_i /\lookup_i/xpm_memory_spram_inst/xpm_memory_base_inst                                                          | gen_wr_a.gen_word_narrow.mem_reg                 | 512 x 24(READ_FIRST)   | W | R |                        |   |   | Port A           | 1      | 0      | 
|\GEN_STREAM_1[0].stream_i1 /\lookup_i/xpm_memory_spram_inst/xpm_memory_base_inst                                                       | gen_wr_a.gen_word_narrow.mem_reg                 | 512 x 24(READ_FIRST)   | W | R |                        |   |   | Port A           | 1      | 0      | 
|\GEN_STREAM_1[1].stream_i1 /\lookup_i/xpm_memory_spram_inst/xpm_memory_base_inst                                                       | gen_wr_a.gen_word_narrow.mem_reg                 | 512 x 24(READ_FIRST)   | W | R |                        |   |   | Port A           | 1      | 0      | 
|\GEN_STREAM_1[2].stream_i1 /\lookup_i/xpm_memory_spram_inst/xpm_memory_base_inst                                                       | gen_wr_a.gen_word_narrow.mem_reg                 | 512 x 24(READ_FIRST)   | W | R |                        |   |   | Port A           | 1      | 0      | 
|\GEN_STREAM_1[3].stream_i1 /\lookup_i/xpm_memory_spram_inst/xpm_memory_base_inst                                                       | gen_wr_a.gen_word_narrow.mem_reg                 | 512 x 24(READ_FIRST)   | W | R |                        |   |   | Port A           | 1      | 0      | 
|\GEN_STREAM_1[4].stream_i1 /\lookup_i/xpm_memory_spram_inst/xpm_memory_base_inst                                                       | gen_wr_a.gen_word_narrow.mem_reg                 | 512 x 24(READ_FIRST)   | W | R |                        |   |   | Port A           | 1      | 0      | 
|\GEN_STREAM_1[5].stream_i1 /\lookup_i/xpm_memory_spram_inst/xpm_memory_base_inst                                                       | gen_wr_a.gen_word_narrow.mem_reg                 | 512 x 24(READ_FIRST)   | W | R |                        |   |   | Port A           | 1      | 0      | 
|\GEN_STREAM_1[6].stream_i1 /\lookup_i/xpm_memory_spram_inst/xpm_memory_base_inst                                                       | gen_wr_a.gen_word_narrow.mem_reg                 | 512 x 24(READ_FIRST)   | W | R |                        |   |   | Port A           | 1      | 0      | 
|\GEN_STREAM_1[7].stream_i1 /\lookup_i/xpm_memory_spram_inst/xpm_memory_base_inst                                                       | gen_wr_a.gen_word_narrow.mem_reg                 | 512 x 24(READ_FIRST)   | W | R |                        |   |   | Port A           | 1      | 0      | 
|instr_i/\rom_i/ram_i/xpm_memory_spram_inst/xpm_memory_base_inst                                                                        | gen_wr_a.gen_byte_narrow.for_mem_cols[1].mem_reg | 1 K x 128(READ_FIRST)  | W |   | 1 K x 128(WRITE_FIRST) |   | R | Port A and B     | 0      | 4      | 
|\axilite_i/waddr_fifo_i/ram_i/xpm_memory_sdpram_inst /xpm_memory_base_inst                                                             | gen_wr_a.gen_word_narrow.mem_reg                 | 64 x 24(READ_FIRST)    | W |   | 64 x 24(WRITE_FIRST)   |   | R | Port A and B     | 1      | 0      | 
|\axilite_i/wdata_fifo_i/ram_i/xpm_memory_sdpram_inst /xpm_memory_base_inst                                                             | gen_wr_a.gen_word_narrow.mem_reg                 | 64 x 32(READ_FIRST)    | W |   | 64 x 32(WRITE_FIRST)   |   | R | Port A and B     | 1      | 0      | 
|sram_i/sram_0_i/\altsyncram_i/xpm_memory_sdpram_inst /xpm_memory_base_inst                                                             | gen_wr_a.gen_byte_narrow.for_mem_cols[1].mem_reg | 1 K x 128(READ_FIRST)  | W |   | 1 K x 128(WRITE_FIRST) |   | R | Port A and B     | 0      | 4      | 
|sram_i/sram_1_i/\altsyncram_i/xpm_memory_sdpram_inst /xpm_memory_base_inst                                                             | gen_wr_a.gen_byte_narrow.for_mem_cols[1].mem_reg | 1 K x 128(READ_FIRST)  | W |   | 1 K x 128(WRITE_FIRST) |   | R | Port A and B     | 0      | 4      | 
|\ddr_rx_i/read_data_fifo_i/ram_i/xpm_memory_sdpram_inst /xpm_memory_base_inst                                                          | gen_wr_a.gen_word_narrow.mem_reg                 | 512 x 64(READ_FIRST)   | W |   | 512 x 64(WRITE_FIRST)  |   | R | Port A and B     | 0      | 1      | 
|\ddr_rx_i/read_record_fifo_i/ram_i/xpm_memory_sdpram_inst /xpm_memory_base_inst                                                        | gen_wr_a.gen_word_narrow.mem_reg                 | 128 x 35(READ_FIRST)   | W |   | 128 x 35(WRITE_FIRST)  |   | R | Port A and B     | 1      | 0      | 
|\cpu_inst/system_cpu /IBusCachedPlugin_cache                                                                                           | ways_1_tags_reg                                  | 128 x 22(READ_FIRST)   | W |   | 128 x 22(WRITE_FIRST)  |   | R | Port A and B     | 1      | 0      | 
|\cpu_inst/system_cpu /IBusCachedPlugin_cache                                                                                           | banks_1_reg                                      | 1 K x 32(READ_FIRST)   | W |   | 1 K x 32(WRITE_FIRST)  |   | R | Port A and B     | 0      | 1      | 
|\cpu_inst/system_cpu /IBusCachedPlugin_cache                                                                                           | banks_0_reg                                      | 1 K x 32(READ_FIRST)   | W |   | 1 K x 32(WRITE_FIRST)  |   | R | Port A and B     | 0      | 1      | 
|\cpu_inst/system_cpu /IBusCachedPlugin_cache                                                                                           | ways_0_tags_reg                                  | 128 x 22(READ_FIRST)   | W |   | 128 x 22(WRITE_FIRST)  |   | R | Port A and B     | 1      | 0      | 
|\cpu_inst/system_cpu /dataCache_1                                                                                                      | ways_0_tags_reg                                  | 256 x 21(READ_FIRST)   | W |   | 256 x 21(WRITE_FIRST)  |   | R | Port A and B     | 1      | 0      | 
|\cpu_inst/system_cpu /dataCache_1                                                                                                      | ways_0_data_symbol0_reg                          | 2 K x 8(READ_FIRST)    | W |   | 2 K x 8(WRITE_FIRST)   |   | R | Port A and B     | 1      | 0      | 
|\cpu_inst/system_cpu /dataCache_1                                                                                                      | ways_0_data_symbol1_reg                          | 2 K x 8(READ_FIRST)    | W |   | 2 K x 8(WRITE_FIRST)   |   | R | Port A and B     | 1      | 0      | 
|\cpu_inst/system_cpu /dataCache_1                                                                                                      | ways_0_data_symbol2_reg                          | 2 K x 8(READ_FIRST)    | W |   | 2 K x 8(WRITE_FIRST)   |   | R | Port A and B     | 1      | 0      | 
|\cpu_inst/system_cpu /dataCache_1                                                                                                      | ways_0_data_symbol3_reg                          | 2 K x 8(READ_FIRST)    | W |   | 2 K x 8(WRITE_FIRST)   |   | R | Port A and B     | 1      | 0      | 
|\axi_split_ibus_i/GEN1.axi_split_read_i/read_ifc_i/GEN1.slave_cmd_fifo/ram_i/xpm_memory_sdpram_inst /xpm_memory_base_inst              | gen_wr_a.gen_word_narrow.mem_reg                 | 32 x 58(READ_FIRST)    | W |   | 32 x 58(WRITE_FIRST)   |   | R | Port A and B     | 0      | 1      | 
|\axi_split_ibus_i/GEN1.axi_split_read_i/read_ifc_i/GEN2.slave_resp_fifo/ram_i/xpm_memory_sdpram_inst /xpm_memory_base_inst             | gen_wr_a.gen_word_narrow.mem_reg                 | 32 x 36(READ_FIRST)    | W |   | 32 x 36(WRITE_FIRST)   |   | R | Port A and B     | 1      | 0      | 
|\axi_split_ibus_i/GEN1.axi_split_read_i/pending_fifo/ram_i/xpm_memory_sdpram_inst /xpm_memory_base_inst                                | gen_wr_a.gen_word_narrow.mem_reg                 | 256 x 5(READ_FIRST)    | W |   | 256 x 5(WRITE_FIRST)   |   | R | Port A and B     | 1      | 0      | 
|axi_merge_inst/axi_merge_read_i/\GEN_SLAVE_NO_RESIZE.slave_i0/GEN1.slave_cmd_fifo/ram_i/xpm_memory_sdpram_inst /xpm_memory_base_inst   | gen_wr_a.gen_word_narrow.mem_reg                 | 32 x 58(READ_FIRST)    | W |   | 32 x 58(WRITE_FIRST)   |   | R | Port A and B     | 0      | 1      | 
|axi_merge_inst/axi_merge_read_i/\GEN_SLAVE_NO_RESIZE.slave_i0/GEN2.slave_resp_fifo/ram_i/xpm_memory_sdpram_inst /xpm_memory_base_inst  | gen_wr_a.gen_word_narrow.mem_reg                 | 128 x 68(READ_FIRST)   | W |   | 128 x 68(WRITE_FIRST)  |   | R | Port A and B     | 0      | 1      | 
|axi_merge_inst/axi_merge_read_i/\slave_i1/slave_cmd_pend_fifo/ram_i/xpm_memory_sdpram_inst /xpm_memory_base_inst                       | gen_wr_a.gen_word_narrow.mem_reg                 | 32 x 58(READ_FIRST)    | W |   | 32 x 58(WRITE_FIRST)   |   | R | Port A and B     | 0      | 1      | 
|axi_merge_inst/axi_merge_read_i/\slave_i1/GEN1.slave_cmd_fifo/ram_i/xpm_memory_sdpram_inst /xpm_memory_base_inst                       | gen_wr_a.gen_word_narrow.mem_reg                 | 32 x 58(READ_FIRST)    | W |   | 32 x 58(WRITE_FIRST)   |   | R | Port A and B     | 0      | 1      | 
|axi_merge_inst/axi_merge_read_i/\slave_i1/GEN2.slave_resp_fifo/ram_i/xpm_memory_sdpram_inst /xpm_memory_base_inst                      | gen_wr_a.gen_word_narrow.mem_reg                 | 32 x 68(READ_FIRST)    | W |   | 32 x 68(WRITE_FIRST)   |   | R | Port A and B     | 0      | 1      | 
|axi_merge_inst/axi_merge_read_i/\slave_i2/slave_cmd_pend_fifo/ram_i/xpm_memory_sdpram_inst /xpm_memory_base_inst                       | gen_wr_a.gen_word_narrow.mem_reg                 | 32 x 58(READ_FIRST)    | W |   | 32 x 58(WRITE_FIRST)   |   | R | Port A and B     | 0      | 1      | 
|axi_merge_inst/axi_merge_read_i/\slave_i2/GEN1.slave_cmd_fifo/ram_i/xpm_memory_sdpram_inst /xpm_memory_base_inst                       | gen_wr_a.gen_word_narrow.mem_reg                 | 32 x 58(READ_FIRST)    | W |   | 32 x 58(WRITE_FIRST)   |   | R | Port A and B     | 0      | 1      | 
|axi_merge_inst/axi_merge_read_i/\slave_i2/GEN2.slave_resp_fifo/ram_i/xpm_memory_sdpram_inst /xpm_memory_base_inst                      | gen_wr_a.gen_word_narrow.mem_reg                 | 32 x 68(READ_FIRST)    | W |   | 32 x 68(WRITE_FIRST)   |   | R | Port A and B     | 0      | 1      | 
|axi_merge_inst/axi_merge_read_i/\GEN1_NO_RESIZE.slavew_i/GEN1.slave_cmd_fifo/ram_i/xpm_memory_sdpram_inst /xpm_memory_base_inst        | gen_wr_a.gen_word_narrow.mem_reg                 | 64 x 58(READ_FIRST)    | W |   | 64 x 58(WRITE_FIRST)   |   | R | Port A and B     | 0      | 1      | 
|axi_merge_inst/axi_merge_read_i/\GEN1_NO_RESIZE.slavew_i/GEN2.slave_resp_fifo/ram_i/xpm_memory_sdpram_inst /xpm_memory_base_inst       | gen_wr_a.gen_word_narrow.mem_reg                 | 512 x 68(READ_FIRST)   | W |   | 512 x 68(WRITE_FIRST)  |   | R | Port A and B     | 0      | 1      | 
|axi_merge_inst/axi_merge_read_i/\pend_master_fifo_i/ram_i/xpm_memory_sdpram_inst /xpm_memory_base_inst                                 | gen_wr_a.gen_word_narrow.mem_reg                 | 256 x 6(READ_FIRST)    | W |   | 256 x 6(WRITE_FIRST)   |   | R | Port A and B     | 1      | 0      | 
|axi_merge_inst/axi_merge_write_i/\GEN1_NO_RESIZE.slavew_i/GEN1.slave_cmd_fifo/ram_i/xpm_memory_sdpram_inst /xpm_memory_base_inst       | gen_wr_a.gen_word_narrow.mem_reg                 | 256 x 58(READ_FIRST)   | W |   | 256 x 58(WRITE_FIRST)  |   | R | Port A and B     | 0      | 1      | 
|axi_merge_inst/axi_merge_write_i/\GEN1_NO_RESIZE.slavew_i/GEN2.slave_data_fifo/ram_i/xpm_memory_sdpram_inst /xpm_memory_base_inst      | gen_wr_a.gen_word_narrow.mem_reg                 | 256 x 73(READ_FIRST)   | W |   | 256 x 73(WRITE_FIRST)  |   | R | Port A and B     | 1      | 1      | 
|axi_merge_inst/axi_merge_write_i/\GEN_SLAVE_NO_RESIZE.slave_i0/GEN1.slave_cmd_fifo/ram_i/xpm_memory_sdpram_inst /xpm_memory_base_inst  | gen_wr_a.gen_word_narrow.mem_reg                 | 32 x 58(READ_FIRST)    | W |   | 32 x 58(WRITE_FIRST)   |   | R | Port A and B     | 0      | 1      | 
|axi_merge_inst/axi_merge_write_i/\GEN_SLAVE_NO_RESIZE.slave_i0/GEN2.slave_data_fifo/ram_i/xpm_memory_sdpram_inst /xpm_memory_base_inst | gen_wr_a.gen_word_narrow.mem_reg                 | 32 x 73(READ_FIRST)    | W |   | 32 x 73(WRITE_FIRST)   |   | R | Port A and B     | 1      | 1      | 
|axi_merge_inst/axi_merge_write_i/\slave_i1/GEN1.slave_cmd_fifo/ram_i/xpm_memory_sdpram_inst /xpm_memory_base_inst                      | gen_wr_a.gen_word_narrow.mem_reg                 | 32 x 58(READ_FIRST)    | W |   | 32 x 58(WRITE_FIRST)   |   | R | Port A and B     | 0      | 1      | 
|axi_merge_inst/axi_merge_write_i/\slave_i1/GEN2.slave_data_fifo/ram_i/xpm_memory_sdpram_inst /xpm_memory_base_inst                     | gen_wr_a.gen_word_narrow.mem_reg                 | 32 x 37(READ_FIRST)    | W |   | 32 x 37(WRITE_FIRST)   |   | R | Port A and B     | 0      | 1      | 
|axi_merge_inst/axi_merge_write_i/\slave_i2/GEN1.slave_cmd_fifo/ram_i/xpm_memory_sdpram_inst /xpm_memory_base_inst                      | gen_wr_a.gen_word_narrow.mem_reg                 | 32 x 58(READ_FIRST)    | W |   | 32 x 58(WRITE_FIRST)   |   | R | Port A and B     | 0      | 1      | 
|axi_merge_inst/axi_merge_write_i/\slave_i2/GEN2.slave_data_fifo/ram_i/xpm_memory_sdpram_inst /xpm_memory_base_inst                     | gen_wr_a.gen_word_narrow.mem_reg                 | 32 x 37(READ_FIRST)    | W |   | 32 x 37(WRITE_FIRST)   |   | R | Port A and B     | 0      | 1      | 
|axi_merge_inst/axi_merge_write_i/\pend_master_fifo_i/ram_i/xpm_memory_sdpram_inst /xpm_memory_base_inst                                | gen_wr_a.gen_word_narrow.mem_reg                 | 256 x 4(READ_FIRST)    | W |   | 256 x 4(WRITE_FIRST)   |   | R | Port A and B     | 1      | 0      | 
|axi_merge_inst/axi_merge_write_i/\pend_data_fifo_i/ram_i/xpm_memory_sdpram_inst /xpm_memory_base_inst                                  | gen_wr_a.gen_word_narrow.mem_reg                 | 256 x 6(READ_FIRST)    | W |   | 256 x 6(WRITE_FIRST)   |   | R | Port A and B     | 1      | 0      | 
|\TCM_i/ram_i/ram2_i/xpm_memory_sdpram_inst /xpm_memory_base_inst                                                                       | gen_wr_a.gen_byte_narrow.for_mem_cols[1].mem_reg | 4 K x 32(READ_FIRST)   | W |   | 4 K x 32(WRITE_FIRST)  |   | R | Port A and B     | 0      | 4      | 
|\axi_stream_write_inst/write_fifo2/ram_i/xpm_memory_sdpram_inst /xpm_memory_base_inst                                                  | gen_wr_a.gen_word_narrow.mem_reg                 | 1 K x 64(READ_FIRST)   | W |   | 1 K x 64(WRITE_FIRST)  |   | R | Port A and B     | 0      | 2      | 
|axi_stream_read_inst/\read_fifo2/ram_i/xpm_memory_sdpram_inst /xpm_memory_base_inst                                                    | gen_wr_a.gen_word_narrow.mem_reg                 | 1 K x 65(READ_FIRST)   | W |   | 1 K x 65(WRITE_FIRST)  |   | R | Port A and B     | 0      | 2      | 
|UART_INST/\txfifo_i/ram_i/xpm_memory_sdpram_inst /xpm_memory_base_inst                                                                 | gen_wr_a.gen_word_narrow.mem_reg                 | 256 x 8(READ_FIRST)    | W |   | 256 x 8(WRITE_FIRST)   |   | R | Port A and B     | 1      | 0      | 
|UART_INST/\rxfifo_i/ram_i/xpm_memory_sdpram_inst /xpm_memory_base_inst                                                                 | gen_wr_a.gen_word_narrow.mem_reg                 | 256 x 8(READ_FIRST)    | W |   | 256 x 8(WRITE_FIRST)   |   | R | Port A and B     | 1      | 0      | 
|axi_split_dbus_i/\GEN1.axi_split_read_i/read_ifc_i/GEN1.slave_cmd_fifo/ram_i/xpm_memory_sdpram_inst /xpm_memory_base_inst              | gen_wr_a.gen_word_narrow.mem_reg                 | 32 x 58(READ_FIRST)    | W |   | 32 x 58(WRITE_FIRST)   |   | R | Port A and B     | 0      | 1      | 
|axi_split_dbus_i/\GEN1.axi_split_read_i/read_ifc_i/GEN2.slave_resp_fifo/ram_i/xpm_memory_sdpram_inst /xpm_memory_base_inst             | gen_wr_a.gen_word_narrow.mem_reg                 | 32 x 36(READ_FIRST)    | W |   | 32 x 36(WRITE_FIRST)   |   | R | Port A and B     | 1      | 0      | 
|axi_split_dbus_i/\GEN1.axi_split_read_i/pending_fifo/ram_i/xpm_memory_sdpram_inst /xpm_memory_base_inst                                | gen_wr_a.gen_word_narrow.mem_reg                 | 256 x 5(READ_FIRST)    | W |   | 256 x 5(WRITE_FIRST)   |   | R | Port A and B     | 1      | 0      | 
|axi_split_dbus_i/\GEN2.axi_split_write_i/write_fifo_i/GEN1.slave_cmd_fifo/ram_i/xpm_memory_sdpram_inst /xpm_memory_base_inst           | gen_wr_a.gen_word_narrow.mem_reg                 | 32 x 58(READ_FIRST)    | W |   | 32 x 58(WRITE_FIRST)   |   | R | Port A and B     | 0      | 1      | 
|axi_split_dbus_i/\GEN2.axi_split_write_i/write_fifo_i/GEN2.slave_data_fifo/ram_i/xpm_memory_sdpram_inst /xpm_memory_base_inst          | gen_wr_a.gen_word_narrow.mem_reg                 | 32 x 37(READ_FIRST)    | W |   | 32 x 37(WRITE_FIRST)   |   | R | Port A and B     | 0      | 1      | 
|axi_split_dbus_i/\GEN2.axi_split_write_i/pending_resp_fifo/ram_i/xpm_memory_sdpram_inst /xpm_memory_base_inst                          | gen_wr_a.gen_word_narrow.mem_reg                 | 256 x 5(READ_FIRST)    | W |   | 256 x 5(WRITE_FIRST)   |   | R | Port A and B     | 1      | 0      | 
|axi_split_dbus_i/\GEN2.axi_split_write_i/pending_data_fifo/ram_i/xpm_memory_sdpram_inst /xpm_memory_base_inst                          | gen_wr_a.gen_word_narrow.mem_reg                 | 256 x 5(READ_FIRST)    | W |   | 256 x 5(WRITE_FIRST)   |   | R | Port A and B     | 1      | 0      | 
+---------------------------------------------------------------------------------------------------------------------------------------+--------------------------------------------------+------------------------+---+---+------------------------+---+---+------------------+--------+--------+

Note: The table above is a preliminary report that shows the Block RAMs at the current stage of the synthesis flow. Some Block RAMs may be reimplemented as non Block RAM primitives later in the synthesis flow. Multiple instantiated Block RAMs are reported only once. 

Distributed RAM: Preliminary Mapping Report (see note below)
+------------------------------------------------------------------------------------------------------------------------------+----------------------------------+----------------+----------------------+---------------+
|Module Name                                                                                                                   | RTL Object                       | Inference      | Size (Depth x Width) | Primitives    | 
+------------------------------------------------------------------------------------------------------------------------------+----------------------------------+----------------+----------------------+---------------+
|read_pending_i/\ram_i/xpm_memory_sdpram_inst /xpm_memory_base_inst                                                            | gen_wr_a.gen_word_narrow.mem_reg | Implied        | 8 x 5                | RAM32M x 1    | 
|sram_i/axi_ifc_i/\resp_fifo/ram_i/xpm_memory_sdpram_inst /xpm_memory_base_inst                                                | gen_wr_a.gen_word_narrow.mem_reg | Implied        | 16 x 33              | RAM32M x 6    | 
|\ddr_rx_i/ddr_rx_fifo_i/ram_i/xpm_memory_sdpram_inst /xpm_memory_base_inst                                                    | gen_wr_a.gen_word_narrow.mem_reg | Implied        | 16 x 38              | RAM32M x 7    | 
|axi_merge_inst/\read_i/GEN1_CCD.slave_cmd_fifo/GEN2.afifo_i/ram_i/xpm_memory_sdpram_inst /xpm_memory_base_inst                | gen_wr_a.gen_word_narrow.mem_reg | User Attribute | 32 x 58              | RAM32M x 10   | 
|axi_merge_inst/\read_i/GEN2_CCD.slave_resp_fifo/GEN2.afifo_i/ram_i/xpm_memory_sdpram_inst /xpm_memory_base_inst               | gen_wr_a.gen_word_narrow.mem_reg | User Attribute | 32 x 68              | RAM32M x 12   | 
|axi_merge_inst/\write_i/GEN1_CCD.slave_cmd_fifo/GEN2.afifo_i/ram_i/xpm_memory_sdpram_inst /xpm_memory_base_inst               | gen_wr_a.gen_word_narrow.mem_reg | User Attribute | 32 x 58              | RAM32M x 10   | 
|axi_merge_inst/\write_i/GEN2_CCD.slave_data_fifo/GEN2.afifo_i/ram_i/xpm_memory_sdpram_inst /xpm_memory_base_inst              | gen_wr_a.gen_word_narrow.mem_reg | User Attribute | 32 x 73              | RAM32M x 13   | 
|axi_merge_inst/\write_i/GEN3_CCD.slave_resp_fifo/GEN2.afifo_i/ram_i/xpm_memory_sdpram_inst /xpm_memory_base_inst              | gen_wr_a.gen_word_narrow.mem_reg | User Attribute | 32 x 3               | RAM32M x 1    | 
|axi_merge_inst/axi_merge_write_i/\slave_i2/GEN3.slave_resp_fifo/ram_i/xpm_memory_sdpram_inst /xpm_memory_base_inst            | gen_wr_a.gen_word_narrow.mem_reg | Implied        | 32 x 3               | RAM32M x 1    | 
|\TCM_i/TCM_read1_i/resp_fifo/ram_i/xpm_memory_sdpram_inst /xpm_memory_base_inst                                               | gen_wr_a.gen_word_narrow.mem_reg | Implied        | 16 x 33              | RAM32M x 6    | 
|\TCM_i/TCM_read2_i/resp_fifo/ram_i/xpm_memory_sdpram_inst /xpm_memory_base_inst                                               | gen_wr_a.gen_word_narrow.mem_reg | Implied        | 16 x 33              | RAM32M x 6    | 
|\axi_stream_write_inst/write_fifo/GEN2.afifo_i/ram_i/xpm_memory_sdpram_inst /xpm_memory_base_inst                             | gen_wr_a.gen_word_narrow.mem_reg | User Attribute | 32 x 64              | RAM32M x 11   | 
|axi_stream_read_inst/\read_fifo/GEN2.afifo_i/ram_i/xpm_memory_sdpram_inst /xpm_memory_base_inst                               | gen_wr_a.gen_word_narrow.mem_reg | User Attribute | 32 x 65              | RAM32M x 11   | 
|axi_apb_bridge_inst/\wcmd_i/ram_i/xpm_memory_sdpram_inst /xpm_memory_base_inst                                                | gen_wr_a.gen_word_narrow.mem_reg | Implied        | 8 x 33               | RAM32M x 6    | 
|axi_apb_bridge_inst/\wdata_i/ram_i/xpm_memory_sdpram_inst /xpm_memory_base_inst                                               | gen_wr_a.gen_word_narrow.mem_reg | Implied        | 8 x 32               | RAM32M x 6    | 
|axi_apb_bridge_inst/\wresp_i/ram_i/xpm_memory_sdpram_inst /xpm_memory_base_inst                                               | gen_wr_a.gen_word_narrow.mem_reg | Implied        | 8 x 1                | RAM16X1D x 1  | 
|axi_apb_bridge_inst/\rcmd_i/ram_i/xpm_memory_sdpram_inst /xpm_memory_base_inst                                                | gen_wr_a.gen_word_narrow.mem_reg | Implied        | 8 x 33               | RAM32M x 6    | 
|axi_apb_bridge_inst/\rresp_i/ram_i/xpm_memory_sdpram_inst /xpm_memory_base_inst                                               | gen_wr_a.gen_word_narrow.mem_reg | Implied        | 8 x 33               | RAM32M x 6    | 
|axi_split_dbus_i/\GEN2.axi_split_write_i/write_fifo_i/GEN3.slave_resp_fifo/ram_i/xpm_memory_sdpram_inst /xpm_memory_base_inst | gen_wr_a.gen_word_narrow.mem_reg | Implied        | 32 x 3               | RAM32M x 1    | 
+------------------------------------------------------------------------------------------------------------------------------+----------------------------------+----------------+----------------------+---------------+

Note: The table above is a preliminary report that shows the Distributed RAMs at the current stage of the synthesis flow. Some Distributed RAMs may be reimplemented as non Distributed RAM primitives later in the synthesis flow. Multiple instantiated RAMs are reported only once.

DSP: Preliminary Mapping Report (see note below. The ' indicates corresponding REG is set)
+------------+--------------------------+--------+--------+--------+--------+--------+------+------+------+------+-------+------+------+
|Module Name | DSP Mapping              | A Size | B Size | C Size | D Size | P Size | AREG | BREG | CREG | DREG | ADREG | MREG | PREG | 
+------------+--------------------------+--------+--------+--------+--------+--------+------+------+------+------+-------+------+------+
|multiplier  | (C+(A*B)') OR (C-(A*B)') | 16     | 16     | 32     | -      | 32     | 0    | 0    | 0    | -    | -     | 1    | 0    | 
|multiplier  | (C+(A*B)') OR (C-(A*B)') | 16     | 16     | 32     | -      | 32     | 0    | 0    | 0    | -    | -     | 1    | 0    | 
|multiplier  | (C+(A*B)') OR (C-(A*B)') | 16     | 16     | 32     | -      | 32     | 0    | 0    | 0    | -    | -     | 1    | 0    | 
|multiplier  | (C+(A*B)') OR (C-(A*B)') | 16     | 16     | 32     | -      | 32     | 0    | 0    | 0    | -    | -     | 1    | 0    | 
|multiplier  | (C+(A*B)') OR (C-(A*B)') | 16     | 16     | 32     | -      | 32     | 0    | 0    | 0    | -    | -     | 1    | 0    | 
|multiplier  | (C+(A*B)') OR (C-(A*B)') | 16     | 16     | 32     | -      | 32     | 0    | 0    | 0    | -    | -     | 1    | 0    | 
|multiplier  | (C+(A*B)') OR (C-(A*B)') | 16     | 16     | 32     | -      | 32     | 0    | 0    | 0    | -    | -     | 1    | 0    | 
|multiplier  | (C+(A*B)') OR (C-(A*B)') | 16     | 16     | 32     | -      | 32     | 0    | 0    | 0    | -    | -     | 1    | 0    | 
|multiplier  | (A*B)'                   | 13     | 13     | -      | -      | 26     | 0    | 0    | -    | -    | -     | 1    | 0    | 
|multiplier  | (C+(A*B)') OR (C-(A*B)') | 16     | 16     | 32     | -      | 32     | 0    | 0    | 0    | -    | -     | 1    | 0    | 
|multiplier  | (C+(A*B)') OR (C-(A*B)') | 16     | 16     | 32     | -      | 32     | 0    | 0    | 0    | -    | -     | 1    | 0    | 
|multiplier  | (C+(A*B)') OR (C-(A*B)') | 16     | 16     | 32     | -      | 32     | 0    | 0    | 0    | -    | -     | 1    | 0    | 
|multiplier  | (C+(A*B)') OR (C-(A*B)') | 16     | 16     | 32     | -      | 32     | 0    | 0    | 0    | -    | -     | 1    | 0    | 
|multiplier  | (C+(A*B)') OR (C-(A*B)') | 16     | 16     | 32     | -      | 32     | 0    | 0    | 0    | -    | -     | 1    | 0    | 
|multiplier  | (C+(A*B)') OR (C-(A*B)') | 16     | 16     | 32     | -      | 32     | 0    | 0    | 0    | -    | -     | 1    | 0    | 
|multiplier  | (C+(A*B)') OR (C-(A*B)') | 16     | 16     | 32     | -      | 32     | 0    | 0    | 0    | -    | -     | 1    | 0    | 
|multiplier  | (C+(A*B)') OR (C-(A*B)') | 16     | 16     | 32     | -      | 32     | 0    | 0    | 0    | -    | -     | 1    | 0    | 
|multiplier  | (A*B)'                   | 13     | 13     | -      | -      | 26     | 0    | 0    | -    | -    | -     | 1    | 0    | 
|multiplier  | (C+(A*B)') OR (C-(A*B)') | 16     | 16     | 32     | -      | 32     | 0    | 0    | 0    | -    | -     | 1    | 0    | 
|multiplier  | (C+(A*B)') OR (C-(A*B)') | 16     | 16     | 32     | -      | 32     | 0    | 0    | 0    | -    | -     | 1    | 0    | 
|multiplier  | (C+(A*B)') OR (C-(A*B)') | 16     | 16     | 32     | -      | 32     | 0    | 0    | 0    | -    | -     | 1    | 0    | 
|multiplier  | (C+(A*B)') OR (C-(A*B)') | 16     | 16     | 32     | -      | 32     | 0    | 0    | 0    | -    | -     | 1    | 0    | 
|multiplier  | (C+(A*B)') OR (C-(A*B)') | 16     | 16     | 32     | -      | 32     | 0    | 0    | 0    | -    | -     | 1    | 0    | 
|multiplier  | (C+(A*B)') OR (C-(A*B)') | 16     | 16     | 32     | -      | 32     | 0    | 0    | 0    | -    | -     | 1    | 0    | 
|multiplier  | (C+(A*B)') OR (C-(A*B)') | 16     | 16     | 32     | -      | 32     | 0    | 0    | 0    | -    | -     | 1    | 0    | 
|multiplier  | (C+(A*B)') OR (C-(A*B)') | 16     | 16     | 32     | -      | 32     | 0    | 0    | 0    | -    | -     | 1    | 0    | 
|multiplier  | (A*B)'                   | 13     | 13     | -      | -      | 26     | 0    | 0    | -    | -    | -     | 1    | 0    | 
|multiplier  | (C+(A*B)') OR (C-(A*B)') | 16     | 16     | 32     | -      | 32     | 0    | 0    | 0    | -    | -     | 1    | 0    | 
|multiplier  | (C+(A*B)') OR (C-(A*B)') | 16     | 16     | 32     | -      | 32     | 0    | 0    | 0    | -    | -     | 1    | 0    | 
|multiplier  | (C+(A*B)') OR (C-(A*B)') | 16     | 16     | 32     | -      | 32     | 0    | 0    | 0    | -    | -     | 1    | 0    | 
|multiplier  | (C+(A*B)') OR (C-(A*B)') | 16     | 16     | 32     | -      | 32     | 0    | 0    | 0    | -    | -     | 1    | 0    | 
|multiplier  | (C+(A*B)') OR (C-(A*B)') | 16     | 16     | 32     | -      | 32     | 0    | 0    | 0    | -    | -     | 1    | 0    | 
|multiplier  | (C+(A*B)') OR (C-(A*B)') | 16     | 16     | 32     | -      | 32     | 0    | 0    | 0    | -    | -     | 1    | 0    | 
|multiplier  | (C+(A*B)') OR (C-(A*B)') | 16     | 16     | 32     | -      | 32     | 0    | 0    | 0    | -    | -     | 1    | 0    | 
|multiplier  | (C+(A*B)') OR (C-(A*B)') | 16     | 16     | 32     | -      | 32     | 0    | 0    | 0    | -    | -     | 1    | 0    | 
|multiplier  | (A*B)'                   | 13     | 13     | -      | -      | 26     | 0    | 0    | -    | -    | -     | 1    | 0    | 
|multiplier  | A*B                      | 12     | 12     | -      | -      | 24     | 0    | 0    | -    | -    | -     | 0    | 0    | 
|multiplier  | A*B                      | 12     | 12     | -      | -      | 24     | 0    | 0    | -    | -    | -     | 0    | 0    | 
|multiplier  | A*B                      | 12     | 12     | -      | -      | 24     | 0    | 0    | -    | -    | -     | 0    | 0    | 
|multiplier  | A*B                      | 12     | 12     | -      | -      | 24     | 0    | 0    | -    | -    | -     | 0    | 0    | 
|multiplier  | A*B                      | 12     | 12     | -      | -      | 24     | 0    | 0    | -    | -    | -     | 0    | 0    | 
|multiplier  | A*B                      | 12     | 12     | -      | -      | 24     | 0    | 0    | -    | -    | -     | 0    | 0    | 
|multiplier  | A*B                      | 12     | 12     | -      | -      | 24     | 0    | 0    | -    | -    | -     | 0    | 0    | 
|multiplier  | A*B                      | 12     | 12     | -      | -      | 24     | 0    | 0    | -    | -    | -     | 0    | 0    | 
|multiplier  | A*B                      | 12     | 12     | -      | -      | 24     | 0    | 0    | -    | -    | -     | 0    | 0    | 
|multiplier  | A*B                      | 12     | 12     | -      | -      | 24     | 0    | 0    | -    | -    | -     | 0    | 0    | 
|multiplier  | A*B                      | 12     | 12     | -      | -      | 24     | 0    | 0    | -    | -    | -     | 0    | 0    | 
|multiplier  | A*B                      | 12     | 12     | -      | -      | 24     | 0    | 0    | -    | -    | -     | 0    | 0    | 
|multiplier  | A*B                      | 12     | 12     | -      | -      | 24     | 0    | 0    | -    | -    | -     | 0    | 0    | 
|multiplier  | A*B                      | 12     | 12     | -      | -      | 24     | 0    | 0    | -    | -    | -     | 0    | 0    | 
|multiplier  | A*B                      | 12     | 12     | -      | -      | 24     | 0    | 0    | -    | -    | -     | 0    | 0    | 
|multiplier  | A*B                      | 12     | 12     | -      | -      | 24     | 0    | 0    | -    | -    | -     | 0    | 0    | 
|VexRiscv    | (A*B)'                   | 17     | 17     | -      | -      | 34     | 0    | 0    | -    | -    | -     | 1    | 1    | 
|VexRiscv    | (A*B)'                   | 17     | 17     | -      | -      | 34     | 0    | 0    | -    | -    | -     | 1    | 0    | 
|VexRiscv    | (A*B)'                   | 17     | 17     | -      | -      | 34     | 0    | 0    | -    | -    | -     | 1    | 0    | 
|VexRiscv    | (A*B)'                   | 16     | 16     | -      | -      | 32     | 0    | 0    | -    | -    | -     | 1    | 0    | 
+------------+--------------------------+--------+--------+--------+--------+--------+------+------+------+------+-------+------+------+

Note: The table above is a preliminary report that shows the DSPs inferred at the current stage of the synthesis flow. Some DSP may be reimplemented as non DSP primitives later in the synthesis flow. Multiple instantiated DSPs are reported only once.
---------------------------------------------------------------------------------
Finished ROM, RAM, DSP, Shift Register and Retiming Reporting
---------------------------------------------------------------------------------
---------------------------------------------------------------------------------
Start Applying XDC Timing Constraints
---------------------------------------------------------------------------------
---------------------------------------------------------------------------------
Finished Applying XDC Timing Constraints : Time (s): cpu = 00:03:53 ; elapsed = 00:02:05 . Memory (MB): peak = 4947.883 ; gain = 3181.891 ; free physical = 2052 ; free virtual = 8525
---------------------------------------------------------------------------------
---------------------------------------------------------------------------------
Start Timing Optimization
---------------------------------------------------------------------------------
---------------------------------------------------------------------------------
Finished Timing Optimization : Time (s): cpu = 00:04:25 ; elapsed = 00:02:38 . Memory (MB): peak = 5153.102 ; gain = 3387.109 ; free physical = 1922 ; free virtual = 8403
---------------------------------------------------------------------------------
---------------------------------------------------------------------------------
Start ROM, RAM, DSP, Shift Register and Retiming Reporting
---------------------------------------------------------------------------------

Block RAM: Final Mapping Report
+---------------------------------------------------------------------------------------------------------------------------------------+--------------------------------------------------+------------------------+---+---+------------------------+---+---+------------------+--------+--------+
|Module Name                                                                                                                            | RTL Object                                       | PORT A (Depth x Width) | W | R | PORT B (Depth x Width) | W | R | Ports driving FF | RAMB18 | RAMB36 | 
+---------------------------------------------------------------------------------------------------------------------------------------+--------------------------------------------------+------------------------+---+---+------------------------+---+---+------------------+--------+--------+
|cmd_fifo_i0/\ram_i/xpm_memory_sdpram_inst /xpm_memory_base_inst                                                                        | gen_wr_a.gen_word_narrow.mem_reg                 | 256 x 337(READ_FIRST)  | W |   | 256 x 337(WRITE_FIRST) |   | R | Port A and B     | 0      | 5      | 
|cmd_fifo_i1/\ram_i/xpm_memory_sdpram_inst /xpm_memory_base_inst                                                                        | gen_wr_a.gen_word_narrow.mem_reg                 | 256 x 337(READ_FIRST)  | W |   | 256 x 337(WRITE_FIRST) |   | R | Port A and B     | 0      | 5      | 
|B_fifo_i/\ram_i/xpm_memory_sdpram_inst /xpm_memory_base_inst                                                                           | gen_wr_a.gen_word_narrow.mem_reg                 | 16 x 128(READ_FIRST)   | W |   | 16 x 128(WRITE_FIRST)  |   | R | Port A and B     | 0      | 2      | 
|X_fifo_i/\ram_i/xpm_memory_sdpram_inst /xpm_memory_base_inst                                                                           | gen_wr_a.gen_word_narrow.mem_reg                 | 16 x 128(READ_FIRST)   | W |   | 16 x 128(WRITE_FIRST)  |   | R | Port A and B     | 0      | 2      | 
|Y_fifo_i/\ram_i/xpm_memory_sdpram_inst /xpm_memory_base_inst                                                                           | gen_wr_a.gen_word_narrow.mem_reg                 | 16 x 128(READ_FIRST)   | W |   | 16 x 128(WRITE_FIRST)  |   | R | Port A and B     | 0      | 2      | 
|dp_fetch_1_i/fifo_i/\GEN1.fifo_i/fifo_i/ram_i/xpm_memory_sdpram_inst /xpm_memory_base_inst                                             | gen_wr_a.gen_word_narrow.mem_reg                 | 512 x 408(READ_FIRST)  | W |   | 512 x 408(WRITE_FIRST) |   | R | Port A and B     | 0      | 6      | 
|dp_fetch_1_i/\GEN1.ram_i /\ram_i/xpm_memory_sdpram_inst /xpm_memory_base_inst                                                          | gen_wr_a.gen_word_narrow.mem_reg                 | 32 x 417(READ_FIRST)   | W |   | 32 x 417(WRITE_FIRST)  |   | R | Port A and B     | 0      | 6      | 
|dp_fetch_1_i/indication_i/\ram_i/xpm_memory_sdpram_inst /xpm_memory_base_inst                                                          | gen_wr_a.gen_word_narrow.mem_reg                 | 256 x 67(READ_FIRST)   | W |   | 256 x 67(WRITE_FIRST)  |   | R | Port A and B     | 0      | 1      | 
|\dp_sink1_i/dp_sink_fifo_i /\ram_i/xpm_memory_sdpram_inst /xpm_memory_base_inst                                                        | gen_wr_a.gen_word_narrow.mem_reg                 | 512 x 133(READ_FIRST)  | W |   | 512 x 133(WRITE_FIRST) |   | R | Port A and B     | 0      | 2      | 
|\dp_sink1_i/dp_sink_fifo_i2 /\ram_i/xpm_memory_sdpram_inst /xpm_memory_base_inst                                                       | gen_wr_a.gen_word_narrow.mem_reg                 | 512 x 64(READ_FIRST)   | W |   | 512 x 64(WRITE_FIRST)  |   | R | Port A and B     | 0      | 1      | 
|\dp_sink2_i/dp_sink_fifo_i /\ram_i/xpm_memory_sdpram_inst /xpm_memory_base_inst                                                        | gen_wr_a.gen_word_narrow.mem_reg                 | 512 x 133(READ_FIRST)  | W |   | 512 x 133(WRITE_FIRST) |   | R | Port A and B     | 0      | 2      | 
|\dp_sink2_i/dp_sink_fifo_i2 /\ram_i/xpm_memory_sdpram_inst /xpm_memory_base_inst                                                       | gen_wr_a.gen_word_narrow.mem_reg                 | 512 x 64(READ_FIRST)   | W |   | 512 x 64(WRITE_FIRST)  |   | R | Port A and B     | 0      | 1      | 
|\dp_sink3_i/dp_sink_fifo_i /\ram_i/xpm_memory_sdpram_inst /xpm_memory_base_inst                                                        | gen_wr_a.gen_word_narrow.mem_reg                 | 512 x 133(READ_FIRST)  | W |   | 512 x 133(WRITE_FIRST) |   | R | Port A and B     | 0      | 2      | 
|\dp_sink3_i/dp_sink_fifo_i2 /\ram_i/xpm_memory_sdpram_inst /xpm_memory_base_inst                                                       | gen_wr_a.gen_word_narrow.mem_reg                 | 512 x 64(READ_FIRST)   | W |   | 512 x 64(WRITE_FIRST)  |   | R | Port A and B     | 0      | 1      | 
|xregister_file_i/\GEN2.altsyncram_i/ram_i/xpm_memory_sdpram_inst /xpm_memory_base_inst                                                 | gen_wr_a.gen_byte_narrow.for_mem_cols[1].mem_reg | 512 x 136(READ_FIRST)  | W |   | 512 x 136(WRITE_FIRST) |   | R | Port A and B     | 1      | 2      | 
|iregister_i/\iregister_ram_i/altsyncram_i/ram_i/xpm_memory_sdpram_inst /xpm_memory_base_inst                                           | gen_wr_a.gen_byte_narrow.for_mem_cols[1].mem_reg | 64 x 72(READ_FIRST)    | W |   | 64 x 72(WRITE_FIRST)   |   | R | Port A and B     | 1      | 1      | 
|register_bank_i/\register_file_i/ram3_i/ram2_i/xpm_memory_sdpram_inst /xpm_memory_base_inst                                            | gen_wr_a.gen_byte_narrow.for_mem_cols[1].mem_reg | 256 x 128(READ_FIRST)  | W |   | 256 x 128(WRITE_FIRST) |   | R | Port A and B     | 0      | 2      | 
|register_bank_i/\register_file_i2/ram3_i/ram2_i/xpm_memory_sdpram_inst /xpm_memory_base_inst                                           | gen_wr_a.gen_byte_narrow.for_mem_cols[1].mem_reg | 256 x 128(READ_FIRST)  | W |   | 256 x 128(WRITE_FIRST) |   | R | Port A and B     | 0      | 2      | 
|xregister_file_i/\GEN2.altsyncram_i/ram_i/xpm_memory_sdpram_inst /xpm_memory_base_inst                                                 | gen_wr_a.gen_byte_narrow.for_mem_cols[1].mem_reg | 512 x 136(READ_FIRST)  | W |   | 512 x 136(WRITE_FIRST) |   | R | Port A and B     | 1      | 2      | 
|iregister_i/\iregister_ram_i/altsyncram_i/ram_i/xpm_memory_sdpram_inst /xpm_memory_base_inst                                           | gen_wr_a.gen_byte_narrow.for_mem_cols[1].mem_reg | 64 x 72(READ_FIRST)    | W |   | 64 x 72(WRITE_FIRST)   |   | R | Port A and B     | 1      | 1      | 
|register_bank_i/\register_file_i/ram3_i/ram2_i/xpm_memory_sdpram_inst /xpm_memory_base_inst                                            | gen_wr_a.gen_byte_narrow.for_mem_cols[1].mem_reg | 256 x 128(READ_FIRST)  | W |   | 256 x 128(WRITE_FIRST) |   | R | Port A and B     | 0      | 2      | 
|register_bank_i/\register_file_i2/ram3_i/ram2_i/xpm_memory_sdpram_inst /xpm_memory_base_inst                                           | gen_wr_a.gen_byte_narrow.for_mem_cols[1].mem_reg | 256 x 128(READ_FIRST)  | W |   | 256 x 128(WRITE_FIRST) |   | R | Port A and B     | 0      | 2      | 
|xregister_file_i/\GEN2.altsyncram_i/ram_i/xpm_memory_sdpram_inst /xpm_memory_base_inst                                                 | gen_wr_a.gen_byte_narrow.for_mem_cols[1].mem_reg | 512 x 136(READ_FIRST)  | W |   | 512 x 136(WRITE_FIRST) |   | R | Port A and B     | 1      | 2      | 
|iregister_i/\iregister_ram_i/altsyncram_i/ram_i/xpm_memory_sdpram_inst /xpm_memory_base_inst                                           | gen_wr_a.gen_byte_narrow.for_mem_cols[1].mem_reg | 64 x 72(READ_FIRST)    | W |   | 64 x 72(WRITE_FIRST)   |   | R | Port A and B     | 1      | 1      | 
|register_bank_i/\register_file_i/ram3_i/ram2_i/xpm_memory_sdpram_inst /xpm_memory_base_inst                                            | gen_wr_a.gen_byte_narrow.for_mem_cols[1].mem_reg | 256 x 128(READ_FIRST)  | W |   | 256 x 128(WRITE_FIRST) |   | R | Port A and B     | 0      | 2      | 
|register_bank_i/\register_file_i2/ram3_i/ram2_i/xpm_memory_sdpram_inst /xpm_memory_base_inst                                           | gen_wr_a.gen_byte_narrow.for_mem_cols[1].mem_reg | 256 x 128(READ_FIRST)  | W |   | 256 x 128(WRITE_FIRST) |   | R | Port A and B     | 0      | 2      | 
|\GEN_REG[0].GEN1.pcore_i /xregister_file_i/\GEN2.altsyncram_i/ram_i/xpm_memory_sdpram_inst /xpm_memory_base_inst                       | gen_wr_a.gen_byte_narrow.for_mem_cols[1].mem_reg | 512 x 136(READ_FIRST)  | W |   | 512 x 136(WRITE_FIRST) |   | R | Port A and B     | 1      | 2      | 
|\GEN_REG[0].GEN1.pcore_i /iregister_i/\iregister_ram_i/altsyncram_i/ram_i/xpm_memory_sdpram_inst /xpm_memory_base_inst                 | gen_wr_a.gen_byte_narrow.for_mem_cols[1].mem_reg | 64 x 72(READ_FIRST)    | W |   | 64 x 72(WRITE_FIRST)   |   | R | Port A and B     | 1      | 1      | 
|\GEN_REG[0].GEN1.pcore_i /register_bank_i/\register_file_i/ram3_i/ram2_i/xpm_memory_sdpram_inst /xpm_memory_base_inst                  | gen_wr_a.gen_byte_narrow.for_mem_cols[1].mem_reg | 256 x 128(READ_FIRST)  | W |   | 256 x 128(WRITE_FIRST) |   | R | Port A and B     | 0      | 2      | 
|\GEN_REG[0].GEN1.pcore_i /register_bank_i/\register_file_i2/ram3_i/ram2_i/xpm_memory_sdpram_inst /xpm_memory_base_inst                 | gen_wr_a.gen_byte_narrow.for_mem_cols[1].mem_reg | 256 x 128(READ_FIRST)  | W |   | 256 x 128(WRITE_FIRST) |   | R | Port A and B     | 0      | 2      | 
|\GEN_STREAM[0].stream_i /\lookup_i/xpm_memory_spram_inst/xpm_memory_base_inst                                                          | gen_wr_a.gen_word_narrow.mem_reg                 | 512 x 24(READ_FIRST)   | W | R |                        |   |   | Port A           | 1      | 0      | 
|\GEN_STREAM[1].stream_i /\lookup_i/xpm_memory_spram_inst/xpm_memory_base_inst                                                          | gen_wr_a.gen_word_narrow.mem_reg                 | 512 x 24(READ_FIRST)   | W | R |                        |   |   | Port A           | 1      | 0      | 
|\GEN_STREAM[2].stream_i /\lookup_i/xpm_memory_spram_inst/xpm_memory_base_inst                                                          | gen_wr_a.gen_word_narrow.mem_reg                 | 512 x 24(READ_FIRST)   | W | R |                        |   |   | Port A           | 1      | 0      | 
|\GEN_STREAM[3].stream_i /\lookup_i/xpm_memory_spram_inst/xpm_memory_base_inst                                                          | gen_wr_a.gen_word_narrow.mem_reg                 | 512 x 24(READ_FIRST)   | W | R |                        |   |   | Port A           | 1      | 0      | 
|\GEN_STREAM[4].stream_i /\lookup_i/xpm_memory_spram_inst/xpm_memory_base_inst                                                          | gen_wr_a.gen_word_narrow.mem_reg                 | 512 x 24(READ_FIRST)   | W | R |                        |   |   | Port A           | 1      | 0      | 
|\GEN_STREAM[5].stream_i /\lookup_i/xpm_memory_spram_inst/xpm_memory_base_inst                                                          | gen_wr_a.gen_word_narrow.mem_reg                 | 512 x 24(READ_FIRST)   | W | R |                        |   |   | Port A           | 1      | 0      | 
|\GEN_STREAM[6].stream_i /\lookup_i/xpm_memory_spram_inst/xpm_memory_base_inst                                                          | gen_wr_a.gen_word_narrow.mem_reg                 | 512 x 24(READ_FIRST)   | W | R |                        |   |   | Port A           | 1      | 0      | 
|\GEN_STREAM[7].stream_i /\lookup_i/xpm_memory_spram_inst/xpm_memory_base_inst                                                          | gen_wr_a.gen_word_narrow.mem_reg                 | 512 x 24(READ_FIRST)   | W | R |                        |   |   | Port A           | 1      | 0      | 
|\GEN_STREAM_1[0].stream_i1 /\lookup_i/xpm_memory_spram_inst/xpm_memory_base_inst                                                       | gen_wr_a.gen_word_narrow.mem_reg                 | 512 x 24(READ_FIRST)   | W | R |                        |   |   | Port A           | 1      | 0      | 
|\GEN_STREAM_1[1].stream_i1 /\lookup_i/xpm_memory_spram_inst/xpm_memory_base_inst                                                       | gen_wr_a.gen_word_narrow.mem_reg                 | 512 x 24(READ_FIRST)   | W | R |                        |   |   | Port A           | 1      | 0      | 
|\GEN_STREAM_1[2].stream_i1 /\lookup_i/xpm_memory_spram_inst/xpm_memory_base_inst                                                       | gen_wr_a.gen_word_narrow.mem_reg                 | 512 x 24(READ_FIRST)   | W | R |                        |   |   | Port A           | 1      | 0      | 
|\GEN_STREAM_1[3].stream_i1 /\lookup_i/xpm_memory_spram_inst/xpm_memory_base_inst                                                       | gen_wr_a.gen_word_narrow.mem_reg                 | 512 x 24(READ_FIRST)   | W | R |                        |   |   | Port A           | 1      | 0      | 
|\GEN_STREAM_1[4].stream_i1 /\lookup_i/xpm_memory_spram_inst/xpm_memory_base_inst                                                       | gen_wr_a.gen_word_narrow.mem_reg                 | 512 x 24(READ_FIRST)   | W | R |                        |   |   | Port A           | 1      | 0      | 
|\GEN_STREAM_1[5].stream_i1 /\lookup_i/xpm_memory_spram_inst/xpm_memory_base_inst                                                       | gen_wr_a.gen_word_narrow.mem_reg                 | 512 x 24(READ_FIRST)   | W | R |                        |   |   | Port A           | 1      | 0      | 
|\GEN_STREAM_1[6].stream_i1 /\lookup_i/xpm_memory_spram_inst/xpm_memory_base_inst                                                       | gen_wr_a.gen_word_narrow.mem_reg                 | 512 x 24(READ_FIRST)   | W | R |                        |   |   | Port A           | 1      | 0      | 
|\GEN_STREAM_1[7].stream_i1 /\lookup_i/xpm_memory_spram_inst/xpm_memory_base_inst                                                       | gen_wr_a.gen_word_narrow.mem_reg                 | 512 x 24(READ_FIRST)   | W | R |                        |   |   | Port A           | 1      | 0      | 
|instr_i/\rom_i/ram_i/xpm_memory_spram_inst/xpm_memory_base_inst                                                                        | gen_wr_a.gen_byte_narrow.for_mem_cols[1].mem_reg | 1 K x 128(READ_FIRST)  | W |   | 1 K x 128(WRITE_FIRST) |   | R | Port A and B     | 0      | 4      | 
|\cpu_inst/system_cpu /IBusCachedPlugin_cache                                                                                           | ways_1_tags_reg                                  | 128 x 22(READ_FIRST)   | W |   | 128 x 22(WRITE_FIRST)  |   | R | Port A and B     | 1      | 0      | 
|\cpu_inst/system_cpu /IBusCachedPlugin_cache                                                                                           | banks_1_reg                                      | 1 K x 32(READ_FIRST)   | W |   | 1 K x 32(WRITE_FIRST)  |   | R | Port A and B     | 0      | 1      | 
|\cpu_inst/system_cpu /IBusCachedPlugin_cache                                                                                           | banks_0_reg                                      | 1 K x 32(READ_FIRST)   | W |   | 1 K x 32(WRITE_FIRST)  |   | R | Port A and B     | 0      | 1      | 
|\cpu_inst/system_cpu /IBusCachedPlugin_cache                                                                                           | ways_0_tags_reg                                  | 128 x 22(READ_FIRST)   | W |   | 128 x 22(WRITE_FIRST)  |   | R | Port A and B     | 1      | 0      | 
|\cpu_inst/system_cpu /dataCache_1                                                                                                      | ways_0_tags_reg                                  | 256 x 21(READ_FIRST)   | W |   | 256 x 21(WRITE_FIRST)  |   | R | Port A and B     | 1      | 0      | 
|\cpu_inst/system_cpu /dataCache_1                                                                                                      | ways_0_data_symbol0_reg                          | 2 K x 8(READ_FIRST)    | W |   | 2 K x 8(WRITE_FIRST)   |   | R | Port A and B     | 1      | 0      | 
|\cpu_inst/system_cpu /dataCache_1                                                                                                      | ways_0_data_symbol1_reg                          | 2 K x 8(READ_FIRST)    | W |   | 2 K x 8(WRITE_FIRST)   |   | R | Port A and B     | 1      | 0      | 
|\cpu_inst/system_cpu /dataCache_1                                                                                                      | ways_0_data_symbol2_reg                          | 2 K x 8(READ_FIRST)    | W |   | 2 K x 8(WRITE_FIRST)   |   | R | Port A and B     | 1      | 0      | 
|\cpu_inst/system_cpu /dataCache_1                                                                                                      | ways_0_data_symbol3_reg                          | 2 K x 8(READ_FIRST)    | W |   | 2 K x 8(WRITE_FIRST)   |   | R | Port A and B     | 1      | 0      | 
|\axi_split_ibus_i/GEN1.axi_split_read_i/read_ifc_i/GEN1.slave_cmd_fifo/ram_i/xpm_memory_sdpram_inst /xpm_memory_base_inst              | gen_wr_a.gen_word_narrow.mem_reg                 | 32 x 58(READ_FIRST)    | W |   | 32 x 58(WRITE_FIRST)   |   | R | Port A and B     | 0      | 1      | 
|\axi_split_ibus_i/GEN1.axi_split_read_i/read_ifc_i/GEN2.slave_resp_fifo/ram_i/xpm_memory_sdpram_inst /xpm_memory_base_inst             | gen_wr_a.gen_word_narrow.mem_reg                 | 32 x 36(READ_FIRST)    | W |   | 32 x 36(WRITE_FIRST)   |   | R | Port A and B     | 1      | 0      | 
|\axi_split_ibus_i/GEN1.axi_split_read_i/pending_fifo/ram_i/xpm_memory_sdpram_inst /xpm_memory_base_inst                                | gen_wr_a.gen_word_narrow.mem_reg                 | 256 x 5(READ_FIRST)    | W |   | 256 x 5(WRITE_FIRST)   |   | R | Port A and B     | 1      | 0      | 
|axi_merge_inst/axi_merge_read_i/\GEN_SLAVE_NO_RESIZE.slave_i0/GEN1.slave_cmd_fifo/ram_i/xpm_memory_sdpram_inst /xpm_memory_base_inst   | gen_wr_a.gen_word_narrow.mem_reg                 | 32 x 58(READ_FIRST)    | W |   | 32 x 58(WRITE_FIRST)   |   | R | Port A and B     | 0      | 1      | 
|axi_merge_inst/axi_merge_read_i/\GEN_SLAVE_NO_RESIZE.slave_i0/GEN2.slave_resp_fifo/ram_i/xpm_memory_sdpram_inst /xpm_memory_base_inst  | gen_wr_a.gen_word_narrow.mem_reg                 | 128 x 68(READ_FIRST)   | W |   | 128 x 68(WRITE_FIRST)  |   | R | Port A and B     | 0      | 1      | 
|axi_merge_inst/axi_merge_read_i/\slave_i1/slave_cmd_pend_fifo/ram_i/xpm_memory_sdpram_inst /xpm_memory_base_inst                       | gen_wr_a.gen_word_narrow.mem_reg                 | 32 x 58(READ_FIRST)    | W |   | 32 x 58(WRITE_FIRST)   |   | R | Port A and B     | 0      | 1      | 
|axi_merge_inst/axi_merge_read_i/\slave_i1/GEN1.slave_cmd_fifo/ram_i/xpm_memory_sdpram_inst /xpm_memory_base_inst                       | gen_wr_a.gen_word_narrow.mem_reg                 | 32 x 58(READ_FIRST)    | W |   | 32 x 58(WRITE_FIRST)   |   | R | Port A and B     | 0      | 1      | 
|axi_merge_inst/axi_merge_read_i/\slave_i1/GEN2.slave_resp_fifo/ram_i/xpm_memory_sdpram_inst /xpm_memory_base_inst                      | gen_wr_a.gen_word_narrow.mem_reg                 | 32 x 68(READ_FIRST)    | W |   | 32 x 68(WRITE_FIRST)   |   | R | Port A and B     | 0      | 1      | 
|axi_merge_inst/axi_merge_read_i/\slave_i2/slave_cmd_pend_fifo/ram_i/xpm_memory_sdpram_inst /xpm_memory_base_inst                       | gen_wr_a.gen_word_narrow.mem_reg                 | 32 x 58(READ_FIRST)    | W |   | 32 x 58(WRITE_FIRST)   |   | R | Port A and B     | 0      | 1      | 
|axi_merge_inst/axi_merge_read_i/\slave_i2/GEN1.slave_cmd_fifo/ram_i/xpm_memory_sdpram_inst /xpm_memory_base_inst                       | gen_wr_a.gen_word_narrow.mem_reg                 | 32 x 58(READ_FIRST)    | W |   | 32 x 58(WRITE_FIRST)   |   | R | Port A and B     | 0      | 1      | 
|axi_merge_inst/axi_merge_read_i/\slave_i2/GEN2.slave_resp_fifo/ram_i/xpm_memory_sdpram_inst /xpm_memory_base_inst                      | gen_wr_a.gen_word_narrow.mem_reg                 | 32 x 68(READ_FIRST)    | W |   | 32 x 68(WRITE_FIRST)   |   | R | Port A and B     | 0      | 1      | 
|axi_merge_inst/axi_merge_read_i/\GEN1_NO_RESIZE.slavew_i/GEN1.slave_cmd_fifo/ram_i/xpm_memory_sdpram_inst /xpm_memory_base_inst        | gen_wr_a.gen_word_narrow.mem_reg                 | 64 x 58(READ_FIRST)    | W |   | 64 x 58(WRITE_FIRST)   |   | R | Port A and B     | 0      | 1      | 
|axi_merge_inst/axi_merge_read_i/\GEN1_NO_RESIZE.slavew_i/GEN2.slave_resp_fifo/ram_i/xpm_memory_sdpram_inst /xpm_memory_base_inst       | gen_wr_a.gen_word_narrow.mem_reg                 | 512 x 68(READ_FIRST)   | W |   | 512 x 68(WRITE_FIRST)  |   | R | Port A and B     | 0      | 1      | 
|axi_merge_inst/axi_merge_read_i/\pend_master_fifo_i/ram_i/xpm_memory_sdpram_inst /xpm_memory_base_inst                                 | gen_wr_a.gen_word_narrow.mem_reg                 | 256 x 6(READ_FIRST)    | W |   | 256 x 6(WRITE_FIRST)   |   | R | Port A and B     | 1      | 0      | 
|axi_merge_inst/axi_merge_write_i/\GEN1_NO_RESIZE.slavew_i/GEN1.slave_cmd_fifo/ram_i/xpm_memory_sdpram_inst /xpm_memory_base_inst       | gen_wr_a.gen_word_narrow.mem_reg                 | 256 x 58(READ_FIRST)   | W |   | 256 x 58(WRITE_FIRST)  |   | R | Port A and B     | 0      | 1      | 
|axi_merge_inst/axi_merge_write_i/\GEN1_NO_RESIZE.slavew_i/GEN2.slave_data_fifo/ram_i/xpm_memory_sdpram_inst /xpm_memory_base_inst      | gen_wr_a.gen_word_narrow.mem_reg                 | 256 x 73(READ_FIRST)   | W |   | 256 x 73(WRITE_FIRST)  |   | R | Port A and B     | 1      | 1      | 
|axi_merge_inst/axi_merge_write_i/\GEN_SLAVE_NO_RESIZE.slave_i0/GEN1.slave_cmd_fifo/ram_i/xpm_memory_sdpram_inst /xpm_memory_base_inst  | gen_wr_a.gen_word_narrow.mem_reg                 | 32 x 58(READ_FIRST)    | W |   | 32 x 58(WRITE_FIRST)   |   | R | Port A and B     | 0      | 1      | 
|axi_merge_inst/axi_merge_write_i/\GEN_SLAVE_NO_RESIZE.slave_i0/GEN2.slave_data_fifo/ram_i/xpm_memory_sdpram_inst /xpm_memory_base_inst | gen_wr_a.gen_word_narrow.mem_reg                 | 32 x 73(READ_FIRST)    | W |   | 32 x 73(WRITE_FIRST)   |   | R | Port A and B     | 1      | 1      | 
|axi_merge_inst/axi_merge_write_i/\slave_i1/GEN1.slave_cmd_fifo/ram_i/xpm_memory_sdpram_inst /xpm_memory_base_inst                      | gen_wr_a.gen_word_narrow.mem_reg                 | 32 x 58(READ_FIRST)    | W |   | 32 x 58(WRITE_FIRST)   |   | R | Port A and B     | 0      | 1      | 
|axi_merge_inst/axi_merge_write_i/\slave_i1/GEN2.slave_data_fifo/ram_i/xpm_memory_sdpram_inst /xpm_memory_base_inst                     | gen_wr_a.gen_word_narrow.mem_reg                 | 32 x 37(READ_FIRST)    | W |   | 32 x 37(WRITE_FIRST)   |   | R | Port A and B     | 0      | 1      | 
|axi_merge_inst/axi_merge_write_i/\slave_i2/GEN1.slave_cmd_fifo/ram_i/xpm_memory_sdpram_inst /xpm_memory_base_inst                      | gen_wr_a.gen_word_narrow.mem_reg                 | 32 x 58(READ_FIRST)    | W |   | 32 x 58(WRITE_FIRST)   |   | R | Port A and B     | 0      | 1      | 
|axi_merge_inst/axi_merge_write_i/\slave_i2/GEN2.slave_data_fifo/ram_i/xpm_memory_sdpram_inst /xpm_memory_base_inst                     | gen_wr_a.gen_word_narrow.mem_reg                 | 32 x 37(READ_FIRST)    | W |   | 32 x 37(WRITE_FIRST)   |   | R | Port A and B     | 0      | 1      | 
|axi_merge_inst/axi_merge_write_i/\pend_master_fifo_i/ram_i/xpm_memory_sdpram_inst /xpm_memory_base_inst                                | gen_wr_a.gen_word_narrow.mem_reg                 | 256 x 4(READ_FIRST)    | W |   | 256 x 4(WRITE_FIRST)   |   | R | Port A and B     | 1      | 0      | 
|axi_merge_inst/axi_merge_write_i/\pend_data_fifo_i/ram_i/xpm_memory_sdpram_inst /xpm_memory_base_inst                                  | gen_wr_a.gen_word_narrow.mem_reg                 | 256 x 6(READ_FIRST)    | W |   | 256 x 6(WRITE_FIRST)   |   | R | Port A and B     | 1      | 0      | 
|axi_split_dbus_i/\GEN1.axi_split_read_i/read_ifc_i/GEN1.slave_cmd_fifo/ram_i/xpm_memory_sdpram_inst /xpm_memory_base_inst              | gen_wr_a.gen_word_narrow.mem_reg                 | 32 x 58(READ_FIRST)    | W |   | 32 x 58(WRITE_FIRST)   |   | R | Port A and B     | 0      | 1      | 
|axi_split_dbus_i/\GEN1.axi_split_read_i/read_ifc_i/GEN2.slave_resp_fifo/ram_i/xpm_memory_sdpram_inst /xpm_memory_base_inst             | gen_wr_a.gen_word_narrow.mem_reg                 | 32 x 36(READ_FIRST)    | W |   | 32 x 36(WRITE_FIRST)   |   | R | Port A and B     | 1      | 0      | 
|axi_split_dbus_i/\GEN1.axi_split_read_i/pending_fifo/ram_i/xpm_memory_sdpram_inst /xpm_memory_base_inst                                | gen_wr_a.gen_word_narrow.mem_reg                 | 256 x 5(READ_FIRST)    | W |   | 256 x 5(WRITE_FIRST)   |   | R | Port A and B     | 1      | 0      | 
|axi_split_dbus_i/\GEN2.axi_split_write_i/write_fifo_i/GEN1.slave_cmd_fifo/ram_i/xpm_memory_sdpram_inst /xpm_memory_base_inst           | gen_wr_a.gen_word_narrow.mem_reg                 | 32 x 58(READ_FIRST)    | W |   | 32 x 58(WRITE_FIRST)   |   | R | Port A and B     | 0      | 1      | 
|axi_split_dbus_i/\GEN2.axi_split_write_i/write_fifo_i/GEN2.slave_data_fifo/ram_i/xpm_memory_sdpram_inst /xpm_memory_base_inst          | gen_wr_a.gen_word_narrow.mem_reg                 | 32 x 37(READ_FIRST)    | W |   | 32 x 37(WRITE_FIRST)   |   | R | Port A and B     | 0      | 1      | 
|axi_split_dbus_i/\GEN2.axi_split_write_i/pending_resp_fifo/ram_i/xpm_memory_sdpram_inst /xpm_memory_base_inst                          | gen_wr_a.gen_word_narrow.mem_reg                 | 256 x 5(READ_FIRST)    | W |   | 256 x 5(WRITE_FIRST)   |   | R | Port A and B     | 1      | 0      | 
|axi_split_dbus_i/\GEN2.axi_split_write_i/pending_data_fifo/ram_i/xpm_memory_sdpram_inst /xpm_memory_base_inst                          | gen_wr_a.gen_word_narrow.mem_reg                 | 256 x 5(READ_FIRST)    | W |   | 256 x 5(WRITE_FIRST)   |   | R | Port A and B     | 1      | 0      | 
|\TCM_i/ram_i/ram2_i/xpm_memory_sdpram_inst /xpm_memory_base_inst                                                                       | gen_wr_a.gen_byte_narrow.for_mem_cols[1].mem_reg | 4 K x 32(READ_FIRST)   | W |   | 4 K x 32(WRITE_FIRST)  |   | R | Port A and B     | 0      | 4      | 
|\axi_stream_write_inst/write_fifo2/ram_i/xpm_memory_sdpram_inst /xpm_memory_base_inst                                                  | gen_wr_a.gen_word_narrow.mem_reg                 | 1 K x 64(READ_FIRST)   | W |   | 1 K x 64(WRITE_FIRST)  |   | R | Port A and B     | 0      | 2      | 
|\axilite_i/waddr_fifo_i/ram_i/xpm_memory_sdpram_inst /xpm_memory_base_inst                                                             | gen_wr_a.gen_word_narrow.mem_reg                 | 64 x 24(READ_FIRST)    | W |   | 64 x 24(WRITE_FIRST)   |   | R | Port A and B     | 1      | 0      | 
|\axilite_i/wdata_fifo_i/ram_i/xpm_memory_sdpram_inst /xpm_memory_base_inst                                                             | gen_wr_a.gen_word_narrow.mem_reg                 | 64 x 32(READ_FIRST)    | W |   | 64 x 32(WRITE_FIRST)   |   | R | Port A and B     | 1      | 0      | 
|sram_i/sram_0_i/\altsyncram_i/xpm_memory_sdpram_inst /xpm_memory_base_inst                                                             | gen_wr_a.gen_byte_narrow.for_mem_cols[1].mem_reg | 1 K x 128(READ_FIRST)  | W |   | 1 K x 128(WRITE_FIRST) |   | R | Port A and B     | 0      | 4      | 
|sram_i/sram_1_i/\altsyncram_i/xpm_memory_sdpram_inst /xpm_memory_base_inst                                                             | gen_wr_a.gen_byte_narrow.for_mem_cols[1].mem_reg | 1 K x 128(READ_FIRST)  | W |   | 1 K x 128(WRITE_FIRST) |   | R | Port A and B     | 0      | 4      | 
|\ddr_rx_i/read_data_fifo_i/ram_i/xpm_memory_sdpram_inst /xpm_memory_base_inst                                                          | gen_wr_a.gen_word_narrow.mem_reg                 | 512 x 64(READ_FIRST)   | W |   | 512 x 64(WRITE_FIRST)  |   | R | Port A and B     | 0      | 1      | 
|\ddr_rx_i/read_record_fifo_i/ram_i/xpm_memory_sdpram_inst /xpm_memory_base_inst                                                        | gen_wr_a.gen_word_narrow.mem_reg                 | 128 x 35(READ_FIRST)   | W |   | 128 x 35(WRITE_FIRST)  |   | R | Port A and B     | 1      | 0      | 
|UART_INST/\txfifo_i/ram_i/xpm_memory_sdpram_inst /xpm_memory_base_inst                                                                 | gen_wr_a.gen_word_narrow.mem_reg                 | 256 x 8(READ_FIRST)    | W |   | 256 x 8(WRITE_FIRST)   |   | R | Port A and B     | 1      | 0      | 
|UART_INST/\rxfifo_i/ram_i/xpm_memory_sdpram_inst /xpm_memory_base_inst                                                                 | gen_wr_a.gen_word_narrow.mem_reg                 | 256 x 8(READ_FIRST)    | W |   | 256 x 8(WRITE_FIRST)   |   | R | Port A and B     | 1      | 0      | 
+---------------------------------------------------------------------------------------------------------------------------------------+--------------------------------------------------+------------------------+---+---+------------------------+---+---+------------------+--------+--------+


Distributed RAM: Final Mapping Report
+-----------------------------------------------------------------------------------------------------------------+----------------------------------+----------------+----------------------+--------------+
|Module Name                                                                                                      | RTL Object                       | Inference      | Size (Depth x Width) | Primitives   | 
+-----------------------------------------------------------------------------------------------------------------+----------------------------------+----------------+----------------------+--------------+
|read_pending_i/\ram_i/xpm_memory_sdpram_inst /xpm_memory_base_inst                                               | gen_wr_a.gen_word_narrow.mem_reg | Implied        | 8 x 5                | RAM32M x 1   | 
|axi_merge_inst/\read_i/GEN1_CCD.slave_cmd_fifo/GEN2.afifo_i/ram_i/xpm_memory_sdpram_inst /xpm_memory_base_inst   | gen_wr_a.gen_word_narrow.mem_reg | User Attribute | 32 x 58              | RAM32M x 10  | 
|axi_merge_inst/\read_i/GEN2_CCD.slave_resp_fifo/GEN2.afifo_i/ram_i/xpm_memory_sdpram_inst /xpm_memory_base_inst  | gen_wr_a.gen_word_narrow.mem_reg | User Attribute | 32 x 68              | RAM32M x 12  | 
|axi_merge_inst/\write_i/GEN1_CCD.slave_cmd_fifo/GEN2.afifo_i/ram_i/xpm_memory_sdpram_inst /xpm_memory_base_inst  | gen_wr_a.gen_word_narrow.mem_reg | User Attribute | 32 x 58              | RAM32M x 10  | 
|axi_merge_inst/\write_i/GEN2_CCD.slave_data_fifo/GEN2.afifo_i/ram_i/xpm_memory_sdpram_inst /xpm_memory_base_inst | gen_wr_a.gen_word_narrow.mem_reg | User Attribute | 32 x 73              | RAM32M x 13  | 
|\TCM_i/TCM_read1_i/resp_fifo/ram_i/xpm_memory_sdpram_inst /xpm_memory_base_inst                                  | gen_wr_a.gen_word_narrow.mem_reg | Implied        | 16 x 33              | RAM32M x 6   | 
|\TCM_i/TCM_read2_i/resp_fifo/ram_i/xpm_memory_sdpram_inst /xpm_memory_base_inst                                  | gen_wr_a.gen_word_narrow.mem_reg | Implied        | 16 x 33              | RAM32M x 6   | 
|\axi_stream_write_inst/write_fifo/GEN2.afifo_i/ram_i/xpm_memory_sdpram_inst /xpm_memory_base_inst                | gen_wr_a.gen_word_narrow.mem_reg | User Attribute | 32 x 64              | RAM32M x 11  | 
|sram_i/axi_ifc_i/\resp_fifo/ram_i/xpm_memory_sdpram_inst /xpm_memory_base_inst                                   | gen_wr_a.gen_word_narrow.mem_reg | Implied        | 16 x 33              | RAM32M x 6   | 
|\ddr_rx_i/ddr_rx_fifo_i/ram_i/xpm_memory_sdpram_inst /xpm_memory_base_inst                                       | gen_wr_a.gen_word_narrow.mem_reg | Implied        | 16 x 38              | RAM32M x 7   | 
|axi_apb_bridge_inst/\wcmd_i/ram_i/xpm_memory_sdpram_inst /xpm_memory_base_inst                                   | gen_wr_a.gen_word_narrow.mem_reg | Implied        | 8 x 33               | RAM32M x 6   | 
|axi_apb_bridge_inst/\wdata_i/ram_i/xpm_memory_sdpram_inst /xpm_memory_base_inst                                  | gen_wr_a.gen_word_narrow.mem_reg | Implied        | 8 x 32               | RAM32M x 6   | 
|axi_apb_bridge_inst/\rcmd_i/ram_i/xpm_memory_sdpram_inst /xpm_memory_base_inst                                   | gen_wr_a.gen_word_narrow.mem_reg | Implied        | 8 x 33               | RAM32M x 6   | 
|axi_apb_bridge_inst/\rresp_i/ram_i/xpm_memory_sdpram_inst /xpm_memory_base_inst                                  | gen_wr_a.gen_word_narrow.mem_reg | Implied        | 8 x 33               | RAM32M x 6   | 
+-----------------------------------------------------------------------------------------------------------------+----------------------------------+----------------+----------------------+--------------+

---------------------------------------------------------------------------------
Finished ROM, RAM, DSP, Shift Register and Retiming Reporting
---------------------------------------------------------------------------------
---------------------------------------------------------------------------------
Start Technology Mapping
---------------------------------------------------------------------------------
INFO: [Synth 8-7052] The timing for the instance dp0_ii_5/dp_sink1_i/dp_sink_fifo_i/ram_i/xpm_memory_sdpram_inst/xpm_memory_base_inst/gen_wr_a.gen_word_narrow.mem_reg_0 (implemented as a Block RAM) might be sub-optimal as no optional output register could be merged into the ram block. Providing additional output register may help in improving timing.
INFO: [Synth 8-7052] The timing for the instance dp0_ii_5/dp_sink1_i/dp_sink_fifo_i/ram_i/xpm_memory_sdpram_inst/xpm_memory_base_inst/gen_wr_a.gen_word_narrow.mem_reg_1 (implemented as a Block RAM) might be sub-optimal as no optional output register could be merged into the ram block. Providing additional output register may help in improving timing.
INFO: [Synth 8-7052] The timing for the instance dp0_ii_5/dp_sink1_i/dp_sink_fifo_i2/ram_i/xpm_memory_sdpram_inst/xpm_memory_base_inst/gen_wr_a.gen_word_narrow.mem_reg (implemented as a Block RAM) might be sub-optimal as no optional output register could be merged into the ram block. Providing additional output register may help in improving timing.
INFO: [Synth 8-7052] The timing for the instance dp0_ii_5/dp_sink2_i/dp_sink_fifo_i/ram_i/xpm_memory_sdpram_inst/xpm_memory_base_inst/gen_wr_a.gen_word_narrow.mem_reg_0 (implemented as a Block RAM) might be sub-optimal as no optional output register could be merged into the ram block. Providing additional output register may help in improving timing.
INFO: [Synth 8-7052] The timing for the instance dp0_ii_5/dp_sink2_i/dp_sink_fifo_i/ram_i/xpm_memory_sdpram_inst/xpm_memory_base_inst/gen_wr_a.gen_word_narrow.mem_reg_1 (implemented as a Block RAM) might be sub-optimal as no optional output register could be merged into the ram block. Providing additional output register may help in improving timing.
INFO: [Synth 8-7052] The timing for the instance dp0_ii_5/dp_sink2_i/dp_sink_fifo_i2/ram_i/xpm_memory_sdpram_inst/xpm_memory_base_inst/gen_wr_a.gen_word_narrow.mem_reg (implemented as a Block RAM) might be sub-optimal as no optional output register could be merged into the ram block. Providing additional output register may help in improving timing.
INFO: [Synth 8-7052] The timing for the instance dp0_ii_5/dp_sink3_i/dp_sink_fifo_i/ram_i/xpm_memory_sdpram_inst/xpm_memory_base_inst/gen_wr_a.gen_word_narrow.mem_reg_0 (implemented as a Block RAM) might be sub-optimal as no optional output register could be merged into the ram block. Providing additional output register may help in improving timing.
INFO: [Synth 8-7052] The timing for the instance dp0_ii_5/dp_sink3_i/dp_sink_fifo_i/ram_i/xpm_memory_sdpram_inst/xpm_memory_base_inst/gen_wr_a.gen_word_narrow.mem_reg_1 (implemented as a Block RAM) might be sub-optimal as no optional output register could be merged into the ram block. Providing additional output register may help in improving timing.
INFO: [Synth 8-7052] The timing for the instance dp0_ii_5/dp_sink3_i/dp_sink_fifo_i2/ram_i/xpm_memory_sdpram_inst/xpm_memory_base_inst/gen_wr_a.gen_word_narrow.mem_reg (implemented as a Block RAM) might be sub-optimal as no optional output register could be merged into the ram block. Providing additional output register may help in improving timing.
INFO: [Synth 8-7052] The timing for the instance GEN1.fpu_ii_1/soc_base_inst/ztachip_inst/GEN1.fpu_i/cmd_fifo_i0/ram_i/xpm_memory_sdpram_inst/xpm_memory_base_inst/gen_wr_a.gen_word_narrow.mem_reg_0 (implemented as a Block RAM) might be sub-optimal as no optional output register could be merged into the ram block. Providing additional output register may help in improving timing.
INFO: [Synth 8-7052] The timing for the instance GEN1.fpu_ii_1/soc_base_inst/ztachip_inst/GEN1.fpu_i/cmd_fifo_i0/ram_i/xpm_memory_sdpram_inst/xpm_memory_base_inst/gen_wr_a.gen_word_narrow.mem_reg_1 (implemented as a Block RAM) might be sub-optimal as no optional output register could be merged into the ram block. Providing additional output register may help in improving timing.
INFO: [Synth 8-7052] The timing for the instance GEN1.fpu_ii_1/soc_base_inst/ztachip_inst/GEN1.fpu_i/cmd_fifo_i0/ram_i/xpm_memory_sdpram_inst/xpm_memory_base_inst/gen_wr_a.gen_word_narrow.mem_reg_2 (implemented as a Block RAM) might be sub-optimal as no optional output register could be merged into the ram block. Providing additional output register may help in improving timing.
INFO: [Synth 8-7052] The timing for the instance GEN1.fpu_ii_1/soc_base_inst/ztachip_inst/GEN1.fpu_i/cmd_fifo_i0/ram_i/xpm_memory_sdpram_inst/xpm_memory_base_inst/gen_wr_a.gen_word_narrow.mem_reg_3 (implemented as a Block RAM) might be sub-optimal as no optional output register could be merged into the ram block. Providing additional output register may help in improving timing.
INFO: [Synth 8-7052] The timing for the instance GEN1.fpu_ii_1/soc_base_inst/ztachip_inst/GEN1.fpu_i/cmd_fifo_i0/ram_i/xpm_memory_sdpram_inst/xpm_memory_base_inst/gen_wr_a.gen_word_narrow.mem_reg_4 (implemented as a Block RAM) might be sub-optimal as no optional output register could be merged into the ram block. Providing additional output register may help in improving timing.
INFO: [Synth 8-7052] The timing for the instance GEN1.fpu_ii_1/soc_base_inst/ztachip_inst/GEN1.fpu_i/cmd_fifo_i1/ram_i/xpm_memory_sdpram_inst/xpm_memory_base_inst/gen_wr_a.gen_word_narrow.mem_reg_0 (implemented as a Block RAM) might be sub-optimal as no optional output register could be merged into the ram block. Providing additional output register may help in improving timing.
INFO: [Synth 8-7052] The timing for the instance GEN1.fpu_ii_1/soc_base_inst/ztachip_inst/GEN1.fpu_i/cmd_fifo_i1/ram_i/xpm_memory_sdpram_inst/xpm_memory_base_inst/gen_wr_a.gen_word_narrow.mem_reg_1 (implemented as a Block RAM) might be sub-optimal as no optional output register could be merged into the ram block. Providing additional output register may help in improving timing.
INFO: [Synth 8-7052] The timing for the instance GEN1.fpu_ii_1/soc_base_inst/ztachip_inst/GEN1.fpu_i/cmd_fifo_i1/ram_i/xpm_memory_sdpram_inst/xpm_memory_base_inst/gen_wr_a.gen_word_narrow.mem_reg_2 (implemented as a Block RAM) might be sub-optimal as no optional output register could be merged into the ram block. Providing additional output register may help in improving timing.
INFO: [Synth 8-7052] The timing for the instance GEN1.fpu_ii_1/soc_base_inst/ztachip_inst/GEN1.fpu_i/cmd_fifo_i1/ram_i/xpm_memory_sdpram_inst/xpm_memory_base_inst/gen_wr_a.gen_word_narrow.mem_reg_3 (implemented as a Block RAM) might be sub-optimal as no optional output register could be merged into the ram block. Providing additional output register may help in improving timing.
INFO: [Synth 8-7052] The timing for the instance GEN1.fpu_ii_1/soc_base_inst/ztachip_inst/GEN1.fpu_i/cmd_fifo_i1/ram_i/xpm_memory_sdpram_inst/xpm_memory_base_inst/gen_wr_a.gen_word_narrow.mem_reg_4 (implemented as a Block RAM) might be sub-optimal as no optional output register could be merged into the ram block. Providing additional output register may help in improving timing.
INFO: [Synth 8-7052] The timing for the instance GEN1.fpu_ii_1/soc_base_inst/ztachip_inst/GEN1.fpu_i/B_fifo_i/ram_i/xpm_memory_sdpram_inst/xpm_memory_base_inst/gen_wr_a.gen_word_narrow.mem_reg_0 (implemented as a Block RAM) might be sub-optimal as no optional output register could be merged into the ram block. Providing additional output register may help in improving timing.
INFO: [Synth 8-7052] The timing for the instance GEN1.fpu_ii_1/soc_base_inst/ztachip_inst/GEN1.fpu_i/B_fifo_i/ram_i/xpm_memory_sdpram_inst/xpm_memory_base_inst/gen_wr_a.gen_word_narrow.mem_reg_1 (implemented as a Block RAM) might be sub-optimal as no optional output register could be merged into the ram block. Providing additional output register may help in improving timing.
INFO: [Synth 8-7052] The timing for the instance GEN1.fpu_ii_1/soc_base_inst/ztachip_inst/GEN1.fpu_i/X_fifo_i/ram_i/xpm_memory_sdpram_inst/xpm_memory_base_inst/gen_wr_a.gen_word_narrow.mem_reg_0 (implemented as a Block RAM) might be sub-optimal as no optional output register could be merged into the ram block. Providing additional output register may help in improving timing.
INFO: [Synth 8-7052] The timing for the instance GEN1.fpu_ii_1/soc_base_inst/ztachip_inst/GEN1.fpu_i/X_fifo_i/ram_i/xpm_memory_sdpram_inst/xpm_memory_base_inst/gen_wr_a.gen_word_narrow.mem_reg_1 (implemented as a Block RAM) might be sub-optimal as no optional output register could be merged into the ram block. Providing additional output register may help in improving timing.
INFO: [Synth 8-7052] The timing for the instance GEN1.fpu_ii_1/soc_base_inst/ztachip_inst/GEN1.fpu_i/Y_fifo_i/ram_i/xpm_memory_sdpram_inst/xpm_memory_base_inst/gen_wr_a.gen_word_narrow.mem_reg_0 (implemented as a Block RAM) might be sub-optimal as no optional output register could be merged into the ram block. Providing additional output register may help in improving timing.
INFO: [Synth 8-7052] The timing for the instance GEN1.fpu_ii_1/soc_base_inst/ztachip_inst/GEN1.fpu_i/Y_fifo_i/ram_i/xpm_memory_sdpram_inst/xpm_memory_base_inst/gen_wr_a.gen_word_narrow.mem_reg_1 (implemented as a Block RAM) might be sub-optimal as no optional output register could be merged into the ram block. Providing additional output register may help in improving timing.
INFO: [Synth 8-7052] The timing for the instance dp0_ii_4/soc_base_inst/ztachip_inst/dp_1_i/dp0_i/dp_fetch_1_i/fifo_i/GEN1.fifo_i/fifo_i/ram_i/xpm_memory_sdpram_inst/xpm_memory_base_inst/gen_wr_a.gen_word_narrow.mem_reg_0 (implemented as a Block RAM) might be sub-optimal as no optional output register could be merged into the ram block. Providing additional output register may help in improving timing.
INFO: [Synth 8-7052] The timing for the instance dp0_ii_4/soc_base_inst/ztachip_inst/dp_1_i/dp0_i/dp_fetch_1_i/fifo_i/GEN1.fifo_i/fifo_i/ram_i/xpm_memory_sdpram_inst/xpm_memory_base_inst/gen_wr_a.gen_word_narrow.mem_reg_1 (implemented as a Block RAM) might be sub-optimal as no optional output register could be merged into the ram block. Providing additional output register may help in improving timing.
INFO: [Synth 8-7052] The timing for the instance dp0_ii_4/soc_base_inst/ztachip_inst/dp_1_i/dp0_i/dp_fetch_1_i/fifo_i/GEN1.fifo_i/fifo_i/ram_i/xpm_memory_sdpram_inst/xpm_memory_base_inst/gen_wr_a.gen_word_narrow.mem_reg_2 (implemented as a Block RAM) might be sub-optimal as no optional output register could be merged into the ram block. Providing additional output register may help in improving timing.
INFO: [Synth 8-7052] The timing for the instance dp0_ii_4/soc_base_inst/ztachip_inst/dp_1_i/dp0_i/dp_fetch_1_i/fifo_i/GEN1.fifo_i/fifo_i/ram_i/xpm_memory_sdpram_inst/xpm_memory_base_inst/gen_wr_a.gen_word_narrow.mem_reg_3 (implemented as a Block RAM) might be sub-optimal as no optional output register could be merged into the ram block. Providing additional output register may help in improving timing.
INFO: [Synth 8-7052] The timing for the instance dp0_ii_4/soc_base_inst/ztachip_inst/dp_1_i/dp0_i/dp_fetch_1_i/fifo_i/GEN1.fifo_i/fifo_i/ram_i/xpm_memory_sdpram_inst/xpm_memory_base_inst/gen_wr_a.gen_word_narrow.mem_reg_4 (implemented as a Block RAM) might be sub-optimal as no optional output register could be merged into the ram block. Providing additional output register may help in improving timing.
INFO: [Synth 8-7052] The timing for the instance dp0_ii_4/soc_base_inst/ztachip_inst/dp_1_i/dp0_i/dp_fetch_1_i/fifo_i/GEN1.fifo_i/fifo_i/ram_i/xpm_memory_sdpram_inst/xpm_memory_base_inst/gen_wr_a.gen_word_narrow.mem_reg_5 (implemented as a Block RAM) might be sub-optimal as no optional output register could be merged into the ram block. Providing additional output register may help in improving timing.
INFO: [Synth 8-7052] The timing for the instance dp0_ii_4/soc_base_inst/ztachip_inst/dp_1_i/dp0_i/dp_fetch_1_i/GEN1.ram_i/ram_i/xpm_memory_sdpram_inst/xpm_memory_base_inst/gen_wr_a.gen_word_narrow.mem_reg_0 (implemented as a Block RAM) might be sub-optimal as no optional output register could be merged into the ram block. Providing additional output register may help in improving timing.
INFO: [Synth 8-7052] The timing for the instance dp0_ii_4/soc_base_inst/ztachip_inst/dp_1_i/dp0_i/dp_fetch_1_i/GEN1.ram_i/ram_i/xpm_memory_sdpram_inst/xpm_memory_base_inst/gen_wr_a.gen_word_narrow.mem_reg_1 (implemented as a Block RAM) might be sub-optimal as no optional output register could be merged into the ram block. Providing additional output register may help in improving timing.
INFO: [Synth 8-7052] The timing for the instance dp0_ii_4/soc_base_inst/ztachip_inst/dp_1_i/dp0_i/dp_fetch_1_i/GEN1.ram_i/ram_i/xpm_memory_sdpram_inst/xpm_memory_base_inst/gen_wr_a.gen_word_narrow.mem_reg_2 (implemented as a Block RAM) might be sub-optimal as no optional output register could be merged into the ram block. Providing additional output register may help in improving timing.
INFO: [Synth 8-7052] The timing for the instance dp0_ii_4/soc_base_inst/ztachip_inst/dp_1_i/dp0_i/dp_fetch_1_i/GEN1.ram_i/ram_i/xpm_memory_sdpram_inst/xpm_memory_base_inst/gen_wr_a.gen_word_narrow.mem_reg_3 (implemented as a Block RAM) might be sub-optimal as no optional output register could be merged into the ram block. Providing additional output register may help in improving timing.
INFO: [Synth 8-7052] The timing for the instance dp0_ii_4/soc_base_inst/ztachip_inst/dp_1_i/dp0_i/dp_fetch_1_i/GEN1.ram_i/ram_i/xpm_memory_sdpram_inst/xpm_memory_base_inst/gen_wr_a.gen_word_narrow.mem_reg_4 (implemented as a Block RAM) might be sub-optimal as no optional output register could be merged into the ram block. Providing additional output register may help in improving timing.
INFO: [Synth 8-7052] The timing for the instance dp0_ii_4/soc_base_inst/ztachip_inst/dp_1_i/dp0_i/dp_fetch_1_i/GEN1.ram_i/ram_i/xpm_memory_sdpram_inst/xpm_memory_base_inst/gen_wr_a.gen_word_narrow.mem_reg_5 (implemented as a Block RAM) might be sub-optimal as no optional output register could be merged into the ram block. Providing additional output register may help in improving timing.
INFO: [Synth 8-7052] The timing for the instance dp0_ii_4/soc_base_inst/ztachip_inst/dp_1_i/dp0_i/dp_fetch_1_i/indication_i/ram_i/xpm_memory_sdpram_inst/xpm_memory_base_inst/gen_wr_a.gen_word_narrow.mem_reg (implemented as a Block RAM) might be sub-optimal as no optional output register could be merged into the ram block. Providing additional output register may help in improving timing.
INFO: [Synth 8-5844] Detected registers with asynchronous reset at DSP/BRAM block boundary. Consider using synchronous reset for optimal packing [/home/eslam-elshokafy/Desktop/AIDAChip_Workshop_01/ztachip/HW/src/util/arbiter.vhd:248]
INFO: [Synth 8-5844] Detected registers with asynchronous reset at DSP/BRAM block boundary. Consider using synchronous reset for optimal packing [/home/eslam-elshokafy/Desktop/AIDAChip_Workshop_01/ztachip/HW/src/util/arbiter.vhd:248]
INFO: [Synth 8-5844] Detected registers with asynchronous reset at DSP/BRAM block boundary. Consider using synchronous reset for optimal packing [/home/eslam-elshokafy/Desktop/AIDAChip_Workshop_01/ztachip/HW/src/util/arbiter.vhd:248]
INFO: [Synth 8-5844] Detected registers with asynchronous reset at DSP/BRAM block boundary. Consider using synchronous reset for optimal packing [/home/eslam-elshokafy/Desktop/AIDAChip_Workshop_01/ztachip/HW/src/util/arbiter.vhd:248]
INFO: [Synth 8-5844] Detected registers with asynchronous reset at DSP/BRAM block boundary. Consider using synchronous reset for optimal packing [/home/eslam-elshokafy/Desktop/AIDAChip_Workshop_01/ztachip/HW/src/util/arbiter.vhd:248]
INFO: [Synth 8-5844] Detected registers with asynchronous reset at DSP/BRAM block boundary. Consider using synchronous reset for optimal packing [/home/eslam-elshokafy/Desktop/AIDAChip_Workshop_01/ztachip/HW/src/util/arbiter.vhd:248]
INFO: [Synth 8-5844] Detected registers with asynchronous reset at DSP/BRAM block boundary. Consider using synchronous reset for optimal packing [/home/eslam-elshokafy/Desktop/AIDAChip_Workshop_01/ztachip/HW/src/util/arbiter.vhd:248]
INFO: [Synth 8-5844] Detected registers with asynchronous reset at DSP/BRAM block boundary. Consider using synchronous reset for optimal packing [/home/eslam-elshokafy/Desktop/AIDAChip_Workshop_01/ztachip/HW/src/util/arbiter.vhd:248]
INFO: [Synth 8-7052] The timing for the instance GEN_CELL[0].cell_ii_7/soc_base_inst/ztachip_inst/core_i/GEN_CELL[0].cell_i/GEN_REG[0].GEN1.pcore_i/xregister_file_i/GEN2.altsyncram_i/ram_i/xpm_memory_sdpram_inst/xpm_memory_base_inst/gen_wr_a.gen_byte_narrow.for_mem_cols[1].mem_reg_0 (implemented as a Block RAM) might be sub-optimal as no optional output register could be merged into the ram block. Providing additional output register may help in improving timing.
INFO: [Synth 8-7052] The timing for the instance GEN_CELL[0].cell_ii_7/soc_base_inst/ztachip_inst/core_i/GEN_CELL[0].cell_i/GEN_REG[0].GEN1.pcore_i/xregister_file_i/GEN2.altsyncram_i/ram_i/xpm_memory_sdpram_inst/xpm_memory_base_inst/gen_wr_a.gen_byte_narrow.for_mem_cols[1].mem_reg_1 (implemented as a Block RAM) might be sub-optimal as no optional output register could be merged into the ram block. Providing additional output register may help in improving timing.
INFO: [Synth 8-7052] The timing for the instance GEN_CELL[0].cell_ii_7/soc_base_inst/ztachip_inst/core_i/GEN_CELL[0].cell_i/GEN_REG[0].GEN1.pcore_i/xregister_file_i/GEN2.altsyncram_i/ram_i/xpm_memory_sdpram_inst/xpm_memory_base_inst/gen_wr_a.gen_byte_narrow.for_mem_cols[1].mem_reg_2 (implemented as a Block RAM) might be sub-optimal as no optional output register could be merged into the ram block. Providing additional output register may help in improving timing.
INFO: [Synth 8-7052] The timing for the instance GEN_CELL[0].cell_ii_7/soc_base_inst/ztachip_inst/core_i/GEN_CELL[0].cell_i/GEN_REG[0].GEN1.pcore_i/iregister_i/iregister_ram_i/altsyncram_i/ram_i/xpm_memory_sdpram_inst/xpm_memory_base_inst/gen_wr_a.gen_byte_narrow.for_mem_cols[1].mem_reg_0 (implemented as a Block RAM) might be sub-optimal as no optional output register could be merged into the ram block. Providing additional output register may help in improving timing.
INFO: [Synth 8-7052] The timing for the instance GEN_CELL[0].cell_ii_7/soc_base_inst/ztachip_inst/core_i/GEN_CELL[0].cell_i/GEN_REG[0].GEN1.pcore_i/iregister_i/iregister_ram_i/altsyncram_i/ram_i/xpm_memory_sdpram_inst/xpm_memory_base_inst/gen_wr_a.gen_byte_narrow.for_mem_cols[1].mem_reg_1 (implemented as a Block RAM) might be sub-optimal as no optional output register could be merged into the ram block. Providing additional output register may help in improving timing.
INFO: [Synth 8-7052] The timing for the instance GEN_CELL[0].cell_ii_7/soc_base_inst/ztachip_inst/core_i/GEN_CELL[0].cell_i/GEN_REG[0].GEN1.pcore_i/register_bank_i/register_file_i/ram3_i/ram2_i/xpm_memory_sdpram_inst/xpm_memory_base_inst/gen_wr_a.gen_byte_narrow.for_mem_cols[1].mem_reg_0 (implemented as a Block RAM) might be sub-optimal as no optional output register could be merged into the ram block. Providing additional output register may help in improving timing.
INFO: [Synth 8-7052] The timing for the instance GEN_CELL[0].cell_ii_7/soc_base_inst/ztachip_inst/core_i/GEN_CELL[0].cell_i/GEN_REG[0].GEN1.pcore_i/register_bank_i/register_file_i/ram3_i/ram2_i/xpm_memory_sdpram_inst/xpm_memory_base_inst/gen_wr_a.gen_byte_narrow.for_mem_cols[1].mem_reg_1 (implemented as a Block RAM) might be sub-optimal as no optional output register could be merged into the ram block. Providing additional output register may help in improving timing.
INFO: [Synth 8-7052] The timing for the instance GEN_CELL[0].cell_ii_7/soc_base_inst/ztachip_inst/core_i/GEN_CELL[0].cell_i/GEN_REG[0].GEN1.pcore_i/register_bank_i/register_file_i2/ram3_i/ram2_i/xpm_memory_sdpram_inst/xpm_memory_base_inst/gen_wr_a.gen_byte_narrow.for_mem_cols[1].mem_reg_0 (implemented as a Block RAM) might be sub-optimal as no optional output register could be merged into the ram block. Providing additional output register may help in improving timing.
INFO: [Synth 8-7052] The timing for the instance GEN_CELL[0].cell_ii_7/soc_base_inst/ztachip_inst/core_i/GEN_CELL[0].cell_i/GEN_REG[0].GEN1.pcore_i/register_bank_i/register_file_i2/ram3_i/ram2_i/xpm_memory_sdpram_inst/xpm_memory_base_inst/gen_wr_a.gen_byte_narrow.for_mem_cols[1].mem_reg_1 (implemented as a Block RAM) might be sub-optimal as no optional output register could be merged into the ram block. Providing additional output register may help in improving timing.
INFO: [Synth 8-5844] Detected registers with asynchronous reset at DSP/BRAM block boundary. Consider using synchronous reset for optimal packing [/home/eslam-elshokafy/Desktop/AIDAChip_Workshop_01/ztachip/HW/src/util/arbiter.vhd:219]
INFO: [Synth 8-5844] Detected registers with asynchronous reset at DSP/BRAM block boundary. Consider using synchronous reset for optimal packing [/home/eslam-elshokafy/Desktop/AIDAChip_Workshop_01/ztachip/HW/src/util/arbiter.vhd:220]
INFO: [Synth 8-5844] Detected registers with asynchronous reset at DSP/BRAM block boundary. Consider using synchronous reset for optimal packing [/home/eslam-elshokafy/Desktop/AIDAChip_Workshop_01/ztachip/HW/src/util/arbiter.vhd:231]
INFO: [Synth 8-5844] Detected registers with asynchronous reset at DSP/BRAM block boundary. Consider using synchronous reset for optimal packing [/home/eslam-elshokafy/Desktop/AIDAChip_Workshop_01/ztachip/HW/src/util/arbiter.vhd:219]
INFO: [Synth 8-5844] Detected registers with asynchronous reset at DSP/BRAM block boundary. Consider using synchronous reset for optimal packing [/home/eslam-elshokafy/Desktop/AIDAChip_Workshop_01/ztachip/HW/src/util/arbiter.vhd:220]
INFO: [Synth 8-5844] Detected registers with asynchronous reset at DSP/BRAM block boundary. Consider using synchronous reset for optimal packing [/home/eslam-elshokafy/Desktop/AIDAChip_Workshop_01/ztachip/HW/src/util/arbiter.vhd:231]
INFO: [Synth 8-5844] Detected registers with asynchronous reset at DSP/BRAM block boundary. Consider using synchronous reset for optimal packing [/home/eslam-elshokafy/Desktop/AIDAChip_Workshop_01/ztachip/HW/src/util/arbiter.vhd:219]
INFO: [Synth 8-5844] Detected registers with asynchronous reset at DSP/BRAM block boundary. Consider using synchronous reset for optimal packing [/home/eslam-elshokafy/Desktop/AIDAChip_Workshop_01/ztachip/HW/src/util/arbiter.vhd:220]
INFO: [Synth 8-5844] Detected registers with asynchronous reset at DSP/BRAM block boundary. Consider using synchronous reset for optimal packing [/home/eslam-elshokafy/Desktop/AIDAChip_Workshop_01/ztachip/HW/src/util/arbiter.vhd:231]
INFO: [Synth 8-5844] Detected registers with asynchronous reset at DSP/BRAM block boundary. Consider using synchronous reset for optimal packing [/home/eslam-elshokafy/Desktop/AIDAChip_Workshop_01/ztachip/HW/src/util/arbiter.vhd:219]
INFO: [Synth 8-5844] Detected registers with asynchronous reset at DSP/BRAM block boundary. Consider using synchronous reset for optimal packing [/home/eslam-elshokafy/Desktop/AIDAChip_Workshop_01/ztachip/HW/src/util/arbiter.vhd:220]
INFO: [Synth 8-5844] Detected registers with asynchronous reset at DSP/BRAM block boundary. Consider using synchronous reset for optimal packing [/home/eslam-elshokafy/Desktop/AIDAChip_Workshop_01/ztachip/HW/src/util/arbiter.vhd:231]
INFO: [Synth 8-5844] Detected registers with asynchronous reset at DSP/BRAM block boundary. Consider using synchronous reset for optimal packing [/home/eslam-elshokafy/Desktop/AIDAChip_Workshop_01/ztachip/HW/src/util/arbiter.vhd:219]
INFO: [Synth 8-5844] Detected registers with asynchronous reset at DSP/BRAM block boundary. Consider using synchronous reset for optimal packing [/home/eslam-elshokafy/Desktop/AIDAChip_Workshop_01/ztachip/HW/src/util/arbiter.vhd:220]
INFO: [Synth 8-5844] Detected registers with asynchronous reset at DSP/BRAM block boundary. Consider using synchronous reset for optimal packing [/home/eslam-elshokafy/Desktop/AIDAChip_Workshop_01/ztachip/HW/src/util/arbiter.vhd:231]
INFO: [Synth 8-5844] Detected registers with asynchronous reset at DSP/BRAM block boundary. Consider using synchronous reset for optimal packing [/home/eslam-elshokafy/Desktop/AIDAChip_Workshop_01/ztachip/HW/src/util/arbiter.vhd:219]
INFO: [Synth 8-5844] Detected registers with asynchronous reset at DSP/BRAM block boundary. Consider using synchronous reset for optimal packing [/home/eslam-elshokafy/Desktop/AIDAChip_Workshop_01/ztachip/HW/src/util/arbiter.vhd:220]
INFO: [Synth 8-5844] Detected registers with asynchronous reset at DSP/BRAM block boundary. Consider using synchronous reset for optimal packing [/home/eslam-elshokafy/Desktop/AIDAChip_Workshop_01/ztachip/HW/src/util/arbiter.vhd:231]
INFO: [Synth 8-5844] Detected registers with asynchronous reset at DSP/BRAM block boundary. Consider using synchronous reset for optimal packing [/home/eslam-elshokafy/Desktop/AIDAChip_Workshop_01/ztachip/HW/src/util/arbiter.vhd:219]
INFO: [Synth 8-5844] Detected registers with asynchronous reset at DSP/BRAM block boundary. Consider using synchronous reset for optimal packing [/home/eslam-elshokafy/Desktop/AIDAChip_Workshop_01/ztachip/HW/src/util/arbiter.vhd:220]
INFO: [Synth 8-5844] Detected registers with asynchronous reset at DSP/BRAM block boundary. Consider using synchronous reset for optimal packing [/home/eslam-elshokafy/Desktop/AIDAChip_Workshop_01/ztachip/HW/src/util/arbiter.vhd:231]
INFO: [Synth 8-5844] Detected registers with asynchronous reset at DSP/BRAM block boundary. Consider using synchronous reset for optimal packing [/home/eslam-elshokafy/Desktop/AIDAChip_Workshop_01/ztachip/HW/src/util/arbiter.vhd:219]
INFO: [Synth 8-5844] Detected registers with asynchronous reset at DSP/BRAM block boundary. Consider using synchronous reset for optimal packing [/home/eslam-elshokafy/Desktop/AIDAChip_Workshop_01/ztachip/HW/src/util/arbiter.vhd:220]
INFO: [Synth 8-5844] Detected registers with asynchronous reset at DSP/BRAM block boundary. Consider using synchronous reset for optimal packing [/home/eslam-elshokafy/Desktop/AIDAChip_Workshop_01/ztachip/HW/src/util/arbiter.vhd:231]
INFO: [Synth 8-5844] Detected registers with asynchronous reset at DSP/BRAM block boundary. Consider using synchronous reset for optimal packing [/home/eslam-elshokafy/Desktop/AIDAChip_Workshop_01/ztachip/HW/src/pcore/instr.vhd:65]
INFO: [Synth 8-5844] Detected registers with asynchronous reset at DSP/BRAM block boundary. Consider using synchronous reset for optimal packing [/home/eslam-elshokafy/Desktop/AIDAChip_Workshop_01/ztachip/HW/src/pcore/instr.vhd:66]
INFO: [Synth 8-5844] Detected registers with asynchronous reset at DSP/BRAM block boundary. Consider using synchronous reset for optimal packing [/home/eslam-elshokafy/Desktop/AIDAChip_Workshop_01/ztachip/HW/src/util/arbiter.vhd:248]
INFO: [Synth 8-5844] Detected registers with asynchronous reset at DSP/BRAM block boundary. Consider using synchronous reset for optimal packing [/home/eslam-elshokafy/Desktop/AIDAChip_Workshop_01/ztachip/HW/src/util/arbiter.vhd:248]
INFO: [Synth 8-5844] Detected registers with asynchronous reset at DSP/BRAM block boundary. Consider using synchronous reset for optimal packing [/home/eslam-elshokafy/Desktop/AIDAChip_Workshop_01/ztachip/HW/src/util/arbiter.vhd:248]
INFO: [Synth 8-5844] Detected registers with asynchronous reset at DSP/BRAM block boundary. Consider using synchronous reset for optimal packing [/home/eslam-elshokafy/Desktop/AIDAChip_Workshop_01/ztachip/HW/src/util/arbiter.vhd:248]
INFO: [Synth 8-5844] Detected registers with asynchronous reset at DSP/BRAM block boundary. Consider using synchronous reset for optimal packing [/home/eslam-elshokafy/Desktop/AIDAChip_Workshop_01/ztachip/HW/src/util/arbiter.vhd:248]
INFO: [Synth 8-5844] Detected registers with asynchronous reset at DSP/BRAM block boundary. Consider using synchronous reset for optimal packing [/home/eslam-elshokafy/Desktop/AIDAChip_Workshop_01/ztachip/HW/src/util/arbiter.vhd:248]
INFO: [Synth 8-5844] Detected registers with asynchronous reset at DSP/BRAM block boundary. Consider using synchronous reset for optimal packing [/home/eslam-elshokafy/Desktop/AIDAChip_Workshop_01/ztachip/HW/src/util/arbiter.vhd:248]
INFO: [Synth 8-5844] Detected registers with asynchronous reset at DSP/BRAM block boundary. Consider using synchronous reset for optimal packing [/home/eslam-elshokafy/Desktop/AIDAChip_Workshop_01/ztachip/HW/src/util/arbiter.vhd:248]
INFO: [Synth 8-7052] The timing for the instance soc_base_inst/ztachip_inst/core_i/GEN_CELL[0].cell_i/GEN_REG[1].GEN1.pcore_i/xregister_file_i/GEN2.altsyncram_i/ram_i/xpm_memory_sdpram_inst/xpm_memory_base_inst/gen_wr_a.gen_byte_narrow.for_mem_cols[1].mem_reg_0 (implemented as a Block RAM) might be sub-optimal as no optional output register could be merged into the ram block. Providing additional output register may help in improving timing.
INFO: [Synth 8-7052] The timing for the instance soc_base_inst/ztachip_inst/core_i/GEN_CELL[0].cell_i/GEN_REG[1].GEN1.pcore_i/xregister_file_i/GEN2.altsyncram_i/ram_i/xpm_memory_sdpram_inst/xpm_memory_base_inst/gen_wr_a.gen_byte_narrow.for_mem_cols[1].mem_reg_1 (implemented as a Block RAM) might be sub-optimal as no optional output register could be merged into the ram block. Providing additional output register may help in improving timing.
INFO: [Synth 8-7052] The timing for the instance soc_base_inst/ztachip_inst/core_i/GEN_CELL[0].cell_i/GEN_REG[1].GEN1.pcore_i/xregister_file_i/GEN2.altsyncram_i/ram_i/xpm_memory_sdpram_inst/xpm_memory_base_inst/gen_wr_a.gen_byte_narrow.for_mem_cols[1].mem_reg_2 (implemented as a Block RAM) might be sub-optimal as no optional output register could be merged into the ram block. Providing additional output register may help in improving timing.
INFO: [Synth 8-7052] The timing for the instance soc_base_inst/ztachip_inst/core_i/GEN_CELL[0].cell_i/GEN_REG[1].GEN1.pcore_i/iregister_i/iregister_ram_i/altsyncram_i/ram_i/xpm_memory_sdpram_inst/xpm_memory_base_inst/gen_wr_a.gen_byte_narrow.for_mem_cols[1].mem_reg_0 (implemented as a Block RAM) might be sub-optimal as no optional output register could be merged into the ram block. Providing additional output register may help in improving timing.
INFO: [Synth 8-7052] The timing for the instance soc_base_inst/ztachip_inst/core_i/GEN_CELL[0].cell_i/GEN_REG[1].GEN1.pcore_i/iregister_i/iregister_ram_i/altsyncram_i/ram_i/xpm_memory_sdpram_inst/xpm_memory_base_inst/gen_wr_a.gen_byte_narrow.for_mem_cols[1].mem_reg_1 (implemented as a Block RAM) might be sub-optimal as no optional output register could be merged into the ram block. Providing additional output register may help in improving timing.
INFO: [Synth 8-7052] The timing for the instance soc_base_inst/ztachip_inst/core_i/GEN_CELL[0].cell_i/GEN_REG[1].GEN1.pcore_i/register_bank_i/register_file_i/ram3_i/ram2_i/xpm_memory_sdpram_inst/xpm_memory_base_inst/gen_wr_a.gen_byte_narrow.for_mem_cols[1].mem_reg_0 (implemented as a Block RAM) might be sub-optimal as no optional output register could be merged into the ram block. Providing additional output register may help in improving timing.
INFO: [Synth 8-7052] The timing for the instance soc_base_inst/ztachip_inst/core_i/GEN_CELL[0].cell_i/GEN_REG[1].GEN1.pcore_i/register_bank_i/register_file_i/ram3_i/ram2_i/xpm_memory_sdpram_inst/xpm_memory_base_inst/gen_wr_a.gen_byte_narrow.for_mem_cols[1].mem_reg_1 (implemented as a Block RAM) might be sub-optimal as no optional output register could be merged into the ram block. Providing additional output register may help in improving timing.
INFO: [Synth 8-7052] The timing for the instance soc_base_inst/ztachip_inst/core_i/GEN_CELL[0].cell_i/GEN_REG[1].GEN1.pcore_i/register_bank_i/register_file_i2/ram3_i/ram2_i/xpm_memory_sdpram_inst/xpm_memory_base_inst/gen_wr_a.gen_byte_narrow.for_mem_cols[1].mem_reg_0 (implemented as a Block RAM) might be sub-optimal as no optional output register could be merged into the ram block. Providing additional output register may help in improving timing.
INFO: [Synth 8-7052] The timing for the instance soc_base_inst/ztachip_inst/core_i/GEN_CELL[0].cell_i/GEN_REG[1].GEN1.pcore_i/register_bank_i/register_file_i2/ram3_i/ram2_i/xpm_memory_sdpram_inst/xpm_memory_base_inst/gen_wr_a.gen_byte_narrow.for_mem_cols[1].mem_reg_1 (implemented as a Block RAM) might be sub-optimal as no optional output register could be merged into the ram block. Providing additional output register may help in improving timing.
INFO: [Synth 8-5844] Detected registers with asynchronous reset at DSP/BRAM block boundary. Consider using synchronous reset for optimal packing [/home/eslam-elshokafy/Desktop/AIDAChip_Workshop_01/ztachip/HW/src/util/arbiter.vhd:219]
INFO: [Synth 8-5844] Detected registers with asynchronous reset at DSP/BRAM block boundary. Consider using synchronous reset for optimal packing [/home/eslam-elshokafy/Desktop/AIDAChip_Workshop_01/ztachip/HW/src/util/arbiter.vhd:220]
INFO: [Synth 8-5844] Detected registers with asynchronous reset at DSP/BRAM block boundary. Consider using synchronous reset for optimal packing [/home/eslam-elshokafy/Desktop/AIDAChip_Workshop_01/ztachip/HW/src/util/arbiter.vhd:231]
INFO: [Synth 8-5844] Detected registers with asynchronous reset at DSP/BRAM block boundary. Consider using synchronous reset for optimal packing [/home/eslam-elshokafy/Desktop/AIDAChip_Workshop_01/ztachip/HW/src/util/arbiter.vhd:219]
INFO: [Synth 8-5844] Detected registers with asynchronous reset at DSP/BRAM block boundary. Consider using synchronous reset for optimal packing [/home/eslam-elshokafy/Desktop/AIDAChip_Workshop_01/ztachip/HW/src/util/arbiter.vhd:220]
INFO: [Synth 8-5844] Detected registers with asynchronous reset at DSP/BRAM block boundary. Consider using synchronous reset for optimal packing [/home/eslam-elshokafy/Desktop/AIDAChip_Workshop_01/ztachip/HW/src/util/arbiter.vhd:231]
INFO: [Synth 8-5844] Detected registers with asynchronous reset at DSP/BRAM block boundary. Consider using synchronous reset for optimal packing [/home/eslam-elshokafy/Desktop/AIDAChip_Workshop_01/ztachip/HW/src/util/arbiter.vhd:219]
INFO: [Synth 8-5844] Detected registers with asynchronous reset at DSP/BRAM block boundary. Consider using synchronous reset for optimal packing [/home/eslam-elshokafy/Desktop/AIDAChip_Workshop_01/ztachip/HW/src/util/arbiter.vhd:220]
INFO: [Synth 8-5844] Detected registers with asynchronous reset at DSP/BRAM block boundary. Consider using synchronous reset for optimal packing [/home/eslam-elshokafy/Desktop/AIDAChip_Workshop_01/ztachip/HW/src/util/arbiter.vhd:231]
INFO: [Synth 8-5844] Detected registers with asynchronous reset at DSP/BRAM block boundary. Consider using synchronous reset for optimal packing [/home/eslam-elshokafy/Desktop/AIDAChip_Workshop_01/ztachip/HW/src/util/arbiter.vhd:219]
INFO: [Synth 8-5844] Detected registers with asynchronous reset at DSP/BRAM block boundary. Consider using synchronous reset for optimal packing [/home/eslam-elshokafy/Desktop/AIDAChip_Workshop_01/ztachip/HW/src/util/arbiter.vhd:220]
INFO: [Synth 8-5844] Detected registers with asynchronous reset at DSP/BRAM block boundary. Consider using synchronous reset for optimal packing [/home/eslam-elshokafy/Desktop/AIDAChip_Workshop_01/ztachip/HW/src/util/arbiter.vhd:231]
INFO: [Synth 8-5844] Detected registers with asynchronous reset at DSP/BRAM block boundary. Consider using synchronous reset for optimal packing [/home/eslam-elshokafy/Desktop/AIDAChip_Workshop_01/ztachip/HW/src/util/arbiter.vhd:219]
INFO: [Synth 8-5844] Detected registers with asynchronous reset at DSP/BRAM block boundary. Consider using synchronous reset for optimal packing [/home/eslam-elshokafy/Desktop/AIDAChip_Workshop_01/ztachip/HW/src/util/arbiter.vhd:220]
INFO: [Synth 8-5844] Detected registers with asynchronous reset at DSP/BRAM block boundary. Consider using synchronous reset for optimal packing [/home/eslam-elshokafy/Desktop/AIDAChip_Workshop_01/ztachip/HW/src/util/arbiter.vhd:231]
INFO: [Synth 8-5844] Detected registers with asynchronous reset at DSP/BRAM block boundary. Consider using synchronous reset for optimal packing [/home/eslam-elshokafy/Desktop/AIDAChip_Workshop_01/ztachip/HW/src/util/arbiter.vhd:219]
INFO: [Synth 8-5844] Detected registers with asynchronous reset at DSP/BRAM block boundary. Consider using synchronous reset for optimal packing [/home/eslam-elshokafy/Desktop/AIDAChip_Workshop_01/ztachip/HW/src/util/arbiter.vhd:220]
INFO: [Synth 8-5844] Detected registers with asynchronous reset at DSP/BRAM block boundary. Consider using synchronous reset for optimal packing [/home/eslam-elshokafy/Desktop/AIDAChip_Workshop_01/ztachip/HW/src/util/arbiter.vhd:231]
INFO: [Synth 8-5844] Detected registers with asynchronous reset at DSP/BRAM block boundary. Consider using synchronous reset for optimal packing [/home/eslam-elshokafy/Desktop/AIDAChip_Workshop_01/ztachip/HW/src/util/arbiter.vhd:219]
INFO: [Synth 8-5844] Detected registers with asynchronous reset at DSP/BRAM block boundary. Consider using synchronous reset for optimal packing [/home/eslam-elshokafy/Desktop/AIDAChip_Workshop_01/ztachip/HW/src/util/arbiter.vhd:220]
INFO: [Synth 8-5844] Detected registers with asynchronous reset at DSP/BRAM block boundary. Consider using synchronous reset for optimal packing [/home/eslam-elshokafy/Desktop/AIDAChip_Workshop_01/ztachip/HW/src/util/arbiter.vhd:231]
INFO: [Synth 8-5844] Detected registers with asynchronous reset at DSP/BRAM block boundary. Consider using synchronous reset for optimal packing [/home/eslam-elshokafy/Desktop/AIDAChip_Workshop_01/ztachip/HW/src/util/arbiter.vhd:219]
INFO: [Synth 8-5844] Detected registers with asynchronous reset at DSP/BRAM block boundary. Consider using synchronous reset for optimal packing [/home/eslam-elshokafy/Desktop/AIDAChip_Workshop_01/ztachip/HW/src/util/arbiter.vhd:220]
INFO: [Synth 8-5844] Detected registers with asynchronous reset at DSP/BRAM block boundary. Consider using synchronous reset for optimal packing [/home/eslam-elshokafy/Desktop/AIDAChip_Workshop_01/ztachip/HW/src/util/arbiter.vhd:231]
INFO: [Synth 8-5844] Detected registers with asynchronous reset at DSP/BRAM block boundary. Consider using synchronous reset for optimal packing [/home/eslam-elshokafy/Desktop/AIDAChip_Workshop_01/ztachip/HW/src/pcore/instr.vhd:65]
INFO: [Synth 8-5844] Detected registers with asynchronous reset at DSP/BRAM block boundary. Consider using synchronous reset for optimal packing [/home/eslam-elshokafy/Desktop/AIDAChip_Workshop_01/ztachip/HW/src/pcore/instr.vhd:66]
INFO: [Synth 8-5844] Detected registers with asynchronous reset at DSP/BRAM block boundary. Consider using synchronous reset for optimal packing [/home/eslam-elshokafy/Desktop/AIDAChip_Workshop_01/ztachip/HW/src/util/arbiter.vhd:248]
INFO: [Synth 8-5844] Detected registers with asynchronous reset at DSP/BRAM block boundary. Consider using synchronous reset for optimal packing [/home/eslam-elshokafy/Desktop/AIDAChip_Workshop_01/ztachip/HW/src/util/arbiter.vhd:248]
INFO: [Synth 8-5844] Detected registers with asynchronous reset at DSP/BRAM block boundary. Consider using synchronous reset for optimal packing [/home/eslam-elshokafy/Desktop/AIDAChip_Workshop_01/ztachip/HW/src/util/arbiter.vhd:248]
INFO: [Synth 8-5844] Detected registers with asynchronous reset at DSP/BRAM block boundary. Consider using synchronous reset for optimal packing [/home/eslam-elshokafy/Desktop/AIDAChip_Workshop_01/ztachip/HW/src/util/arbiter.vhd:248]
INFO: [Synth 8-5844] Detected registers with asynchronous reset at DSP/BRAM block boundary. Consider using synchronous reset for optimal packing [/home/eslam-elshokafy/Desktop/AIDAChip_Workshop_01/ztachip/HW/src/util/arbiter.vhd:248]
INFO: [Synth 8-5844] Detected registers with asynchronous reset at DSP/BRAM block boundary. Consider using synchronous reset for optimal packing [/home/eslam-elshokafy/Desktop/AIDAChip_Workshop_01/ztachip/HW/src/util/arbiter.vhd:248]
INFO: [Synth 8-5844] Detected registers with asynchronous reset at DSP/BRAM block boundary. Consider using synchronous reset for optimal packing [/home/eslam-elshokafy/Desktop/AIDAChip_Workshop_01/ztachip/HW/src/util/arbiter.vhd:248]
INFO: [Synth 8-5844] Detected registers with asynchronous reset at DSP/BRAM block boundary. Consider using synchronous reset for optimal packing [/home/eslam-elshokafy/Desktop/AIDAChip_Workshop_01/ztachip/HW/src/util/arbiter.vhd:248]
INFO: [Synth 8-7052] The timing for the instance soc_base_inst/ztachip_inst/core_i/GEN_CELL[0].cell_i/GEN_REG[2].GEN1.pcore_i/xregister_file_i/GEN2.altsyncram_i/ram_i/xpm_memory_sdpram_inst/xpm_memory_base_inst/gen_wr_a.gen_byte_narrow.for_mem_cols[1].mem_reg_0 (implemented as a Block RAM) might be sub-optimal as no optional output register could be merged into the ram block. Providing additional output register may help in improving timing.
INFO: [Synth 8-7052] The timing for the instance soc_base_inst/ztachip_inst/core_i/GEN_CELL[0].cell_i/GEN_REG[2].GEN1.pcore_i/xregister_file_i/GEN2.altsyncram_i/ram_i/xpm_memory_sdpram_inst/xpm_memory_base_inst/gen_wr_a.gen_byte_narrow.for_mem_cols[1].mem_reg_1 (implemented as a Block RAM) might be sub-optimal as no optional output register could be merged into the ram block. Providing additional output register may help in improving timing.
INFO: [Synth 8-7052] The timing for the instance soc_base_inst/ztachip_inst/core_i/GEN_CELL[0].cell_i/GEN_REG[2].GEN1.pcore_i/xregister_file_i/GEN2.altsyncram_i/ram_i/xpm_memory_sdpram_inst/xpm_memory_base_inst/gen_wr_a.gen_byte_narrow.for_mem_cols[1].mem_reg_2 (implemented as a Block RAM) might be sub-optimal as no optional output register could be merged into the ram block. Providing additional output register may help in improving timing.
INFO: [Synth 8-7052] The timing for the instance soc_base_inst/ztachip_inst/core_i/GEN_CELL[0].cell_i/GEN_REG[2].GEN1.pcore_i/iregister_i/iregister_ram_i/altsyncram_i/ram_i/xpm_memory_sdpram_inst/xpm_memory_base_inst/gen_wr_a.gen_byte_narrow.for_mem_cols[1].mem_reg_0 (implemented as a Block RAM) might be sub-optimal as no optional output register could be merged into the ram block. Providing additional output register may help in improving timing.
INFO: [Synth 8-7052] The timing for the instance soc_base_inst/ztachip_inst/core_i/GEN_CELL[0].cell_i/GEN_REG[2].GEN1.pcore_i/iregister_i/iregister_ram_i/altsyncram_i/ram_i/xpm_memory_sdpram_inst/xpm_memory_base_inst/gen_wr_a.gen_byte_narrow.for_mem_cols[1].mem_reg_1 (implemented as a Block RAM) might be sub-optimal as no optional output register could be merged into the ram block. Providing additional output register may help in improving timing.
INFO: [Synth 8-7052] The timing for the instance soc_base_inst/ztachip_inst/core_i/GEN_CELL[0].cell_i/GEN_REG[2].GEN1.pcore_i/register_bank_i/register_file_i/ram3_i/ram2_i/xpm_memory_sdpram_inst/xpm_memory_base_inst/gen_wr_a.gen_byte_narrow.for_mem_cols[1].mem_reg_0 (implemented as a Block RAM) might be sub-optimal as no optional output register could be merged into the ram block. Providing additional output register may help in improving timing.
INFO: [Synth 8-7052] The timing for the instance soc_base_inst/ztachip_inst/core_i/GEN_CELL[0].cell_i/GEN_REG[2].GEN1.pcore_i/register_bank_i/register_file_i/ram3_i/ram2_i/xpm_memory_sdpram_inst/xpm_memory_base_inst/gen_wr_a.gen_byte_narrow.for_mem_cols[1].mem_reg_1 (implemented as a Block RAM) might be sub-optimal as no optional output register could be merged into the ram block. Providing additional output register may help in improving timing.
INFO: [Synth 8-7052] The timing for the instance soc_base_inst/ztachip_inst/core_i/GEN_CELL[0].cell_i/GEN_REG[2].GEN1.pcore_i/register_bank_i/register_file_i2/ram3_i/ram2_i/xpm_memory_sdpram_inst/xpm_memory_base_inst/gen_wr_a.gen_byte_narrow.for_mem_cols[1].mem_reg_0 (implemented as a Block RAM) might be sub-optimal as no optional output register could be merged into the ram block. Providing additional output register may help in improving timing.
INFO: [Synth 8-7052] The timing for the instance soc_base_inst/ztachip_inst/core_i/GEN_CELL[0].cell_i/GEN_REG[2].GEN1.pcore_i/register_bank_i/register_file_i2/ram3_i/ram2_i/xpm_memory_sdpram_inst/xpm_memory_base_inst/gen_wr_a.gen_byte_narrow.for_mem_cols[1].mem_reg_1 (implemented as a Block RAM) might be sub-optimal as no optional output register could be merged into the ram block. Providing additional output register may help in improving timing.
INFO: [Synth 8-5844] Detected registers with asynchronous reset at DSP/BRAM block boundary. Consider using synchronous reset for optimal packing [/home/eslam-elshokafy/Desktop/AIDAChip_Workshop_01/ztachip/HW/src/util/arbiter.vhd:219]
INFO: [Synth 8-5844] Detected registers with asynchronous reset at DSP/BRAM block boundary. Consider using synchronous reset for optimal packing [/home/eslam-elshokafy/Desktop/AIDAChip_Workshop_01/ztachip/HW/src/util/arbiter.vhd:220]
INFO: [Synth 8-5844] Detected registers with asynchronous reset at DSP/BRAM block boundary. Consider using synchronous reset for optimal packing [/home/eslam-elshokafy/Desktop/AIDAChip_Workshop_01/ztachip/HW/src/util/arbiter.vhd:231]
INFO: [Synth 8-5844] Detected registers with asynchronous reset at DSP/BRAM block boundary. Consider using synchronous reset for optimal packing [/home/eslam-elshokafy/Desktop/AIDAChip_Workshop_01/ztachip/HW/src/util/arbiter.vhd:219]
INFO: [Synth 8-5844] Detected registers with asynchronous reset at DSP/BRAM block boundary. Consider using synchronous reset for optimal packing [/home/eslam-elshokafy/Desktop/AIDAChip_Workshop_01/ztachip/HW/src/util/arbiter.vhd:220]
INFO: [Synth 8-5844] Detected registers with asynchronous reset at DSP/BRAM block boundary. Consider using synchronous reset for optimal packing [/home/eslam-elshokafy/Desktop/AIDAChip_Workshop_01/ztachip/HW/src/util/arbiter.vhd:231]
INFO: [Synth 8-5844] Detected registers with asynchronous reset at DSP/BRAM block boundary. Consider using synchronous reset for optimal packing [/home/eslam-elshokafy/Desktop/AIDAChip_Workshop_01/ztachip/HW/src/util/arbiter.vhd:219]
INFO: [Synth 8-5844] Detected registers with asynchronous reset at DSP/BRAM block boundary. Consider using synchronous reset for optimal packing [/home/eslam-elshokafy/Desktop/AIDAChip_Workshop_01/ztachip/HW/src/util/arbiter.vhd:220]
INFO: [Synth 8-5844] Detected registers with asynchronous reset at DSP/BRAM block boundary. Consider using synchronous reset for optimal packing [/home/eslam-elshokafy/Desktop/AIDAChip_Workshop_01/ztachip/HW/src/util/arbiter.vhd:231]
INFO: [Synth 8-5844] Detected registers with asynchronous reset at DSP/BRAM block boundary. Consider using synchronous reset for optimal packing [/home/eslam-elshokafy/Desktop/AIDAChip_Workshop_01/ztachip/HW/src/util/arbiter.vhd:219]
INFO: [Synth 8-5844] Detected registers with asynchronous reset at DSP/BRAM block boundary. Consider using synchronous reset for optimal packing [/home/eslam-elshokafy/Desktop/AIDAChip_Workshop_01/ztachip/HW/src/util/arbiter.vhd:220]
INFO: [Synth 8-5844] Detected registers with asynchronous reset at DSP/BRAM block boundary. Consider using synchronous reset for optimal packing [/home/eslam-elshokafy/Desktop/AIDAChip_Workshop_01/ztachip/HW/src/util/arbiter.vhd:231]
INFO: [Synth 8-5844] Detected registers with asynchronous reset at DSP/BRAM block boundary. Consider using synchronous reset for optimal packing [/home/eslam-elshokafy/Desktop/AIDAChip_Workshop_01/ztachip/HW/src/util/arbiter.vhd:219]
INFO: [Synth 8-5844] Detected registers with asynchronous reset at DSP/BRAM block boundary. Consider using synchronous reset for optimal packing [/home/eslam-elshokafy/Desktop/AIDAChip_Workshop_01/ztachip/HW/src/util/arbiter.vhd:220]
INFO: [Synth 8-5844] Detected registers with asynchronous reset at DSP/BRAM block boundary. Consider using synchronous reset for optimal packing [/home/eslam-elshokafy/Desktop/AIDAChip_Workshop_01/ztachip/HW/src/util/arbiter.vhd:231]
INFO: [Synth 8-5844] Detected registers with asynchronous reset at DSP/BRAM block boundary. Consider using synchronous reset for optimal packing [/home/eslam-elshokafy/Desktop/AIDAChip_Workshop_01/ztachip/HW/src/util/arbiter.vhd:219]
INFO: [Synth 8-5844] Detected registers with asynchronous reset at DSP/BRAM block boundary. Consider using synchronous reset for optimal packing [/home/eslam-elshokafy/Desktop/AIDAChip_Workshop_01/ztachip/HW/src/util/arbiter.vhd:220]
INFO: [Synth 8-5844] Detected registers with asynchronous reset at DSP/BRAM block boundary. Consider using synchronous reset for optimal packing [/home/eslam-elshokafy/Desktop/AIDAChip_Workshop_01/ztachip/HW/src/util/arbiter.vhd:231]
INFO: [Synth 8-5844] Detected registers with asynchronous reset at DSP/BRAM block boundary. Consider using synchronous reset for optimal packing [/home/eslam-elshokafy/Desktop/AIDAChip_Workshop_01/ztachip/HW/src/util/arbiter.vhd:219]
INFO: [Synth 8-5844] Detected registers with asynchronous reset at DSP/BRAM block boundary. Consider using synchronous reset for optimal packing [/home/eslam-elshokafy/Desktop/AIDAChip_Workshop_01/ztachip/HW/src/util/arbiter.vhd:220]
INFO: [Synth 8-5844] Detected registers with asynchronous reset at DSP/BRAM block boundary. Consider using synchronous reset for optimal packing [/home/eslam-elshokafy/Desktop/AIDAChip_Workshop_01/ztachip/HW/src/util/arbiter.vhd:231]
INFO: [Synth 8-5844] Detected registers with asynchronous reset at DSP/BRAM block boundary. Consider using synchronous reset for optimal packing [/home/eslam-elshokafy/Desktop/AIDAChip_Workshop_01/ztachip/HW/src/util/arbiter.vhd:219]
INFO: [Synth 8-5844] Detected registers with asynchronous reset at DSP/BRAM block boundary. Consider using synchronous reset for optimal packing [/home/eslam-elshokafy/Desktop/AIDAChip_Workshop_01/ztachip/HW/src/util/arbiter.vhd:220]
INFO: [Synth 8-5844] Detected registers with asynchronous reset at DSP/BRAM block boundary. Consider using synchronous reset for optimal packing [/home/eslam-elshokafy/Desktop/AIDAChip_Workshop_01/ztachip/HW/src/util/arbiter.vhd:231]
INFO: [Common 17-14] Message 'Synth 8-5844' appears 100 times and further instances of the messages will be disabled. Use the Tcl command set_msg_config to change the current settings.
INFO: [Synth 8-7052] The timing for the instance soc_base_inst/ztachip_inst/core_i/GEN_CELL[0].cell_i/GEN_REG[3].GEN1.pcore_i/xregister_file_i/GEN2.altsyncram_i/ram_i/xpm_memory_sdpram_inst/xpm_memory_base_inst/gen_wr_a.gen_byte_narrow.for_mem_cols[1].mem_reg_0 (implemented as a Block RAM) might be sub-optimal as no optional output register could be merged into the ram block. Providing additional output register may help in improving timing.
INFO: [Synth 8-7052] The timing for the instance soc_base_inst/ztachip_inst/core_i/GEN_CELL[0].cell_i/GEN_REG[3].GEN1.pcore_i/xregister_file_i/GEN2.altsyncram_i/ram_i/xpm_memory_sdpram_inst/xpm_memory_base_inst/gen_wr_a.gen_byte_narrow.for_mem_cols[1].mem_reg_1 (implemented as a Block RAM) might be sub-optimal as no optional output register could be merged into the ram block. Providing additional output register may help in improving timing.
INFO: [Synth 8-7052] The timing for the instance soc_base_inst/ztachip_inst/core_i/GEN_CELL[0].cell_i/GEN_REG[3].GEN1.pcore_i/xregister_file_i/GEN2.altsyncram_i/ram_i/xpm_memory_sdpram_inst/xpm_memory_base_inst/gen_wr_a.gen_byte_narrow.for_mem_cols[1].mem_reg_2 (implemented as a Block RAM) might be sub-optimal as no optional output register could be merged into the ram block. Providing additional output register may help in improving timing.
INFO: [Synth 8-7052] The timing for the instance soc_base_inst/ztachip_inst/core_i/GEN_CELL[0].cell_i/GEN_REG[3].GEN1.pcore_i/iregister_i/iregister_ram_i/altsyncram_i/ram_i/xpm_memory_sdpram_inst/xpm_memory_base_inst/gen_wr_a.gen_byte_narrow.for_mem_cols[1].mem_reg_0 (implemented as a Block RAM) might be sub-optimal as no optional output register could be merged into the ram block. Providing additional output register may help in improving timing.
INFO: [Synth 8-7052] The timing for the instance soc_base_inst/ztachip_inst/core_i/GEN_CELL[0].cell_i/GEN_REG[3].GEN1.pcore_i/iregister_i/iregister_ram_i/altsyncram_i/ram_i/xpm_memory_sdpram_inst/xpm_memory_base_inst/gen_wr_a.gen_byte_narrow.for_mem_cols[1].mem_reg_1 (implemented as a Block RAM) might be sub-optimal as no optional output register could be merged into the ram block. Providing additional output register may help in improving timing.
INFO: [Synth 8-7052] The timing for the instance soc_base_inst/ztachip_inst/core_i/GEN_CELL[0].cell_i/GEN_REG[3].GEN1.pcore_i/register_bank_i/register_file_i/ram3_i/ram2_i/xpm_memory_sdpram_inst/xpm_memory_base_inst/gen_wr_a.gen_byte_narrow.for_mem_cols[1].mem_reg_0 (implemented as a Block RAM) might be sub-optimal as no optional output register could be merged into the ram block. Providing additional output register may help in improving timing.
INFO: [Synth 8-7052] The timing for the instance soc_base_inst/ztachip_inst/core_i/GEN_CELL[0].cell_i/GEN_REG[3].GEN1.pcore_i/register_bank_i/register_file_i/ram3_i/ram2_i/xpm_memory_sdpram_inst/xpm_memory_base_inst/gen_wr_a.gen_byte_narrow.for_mem_cols[1].mem_reg_1 (implemented as a Block RAM) might be sub-optimal as no optional output register could be merged into the ram block. Providing additional output register may help in improving timing.
INFO: [Synth 8-7052] The timing for the instance soc_base_inst/ztachip_inst/core_i/GEN_CELL[0].cell_i/GEN_REG[3].GEN1.pcore_i/register_bank_i/register_file_i2/ram3_i/ram2_i/xpm_memory_sdpram_inst/xpm_memory_base_inst/gen_wr_a.gen_byte_narrow.for_mem_cols[1].mem_reg_0 (implemented as a Block RAM) might be sub-optimal as no optional output register could be merged into the ram block. Providing additional output register may help in improving timing.
INFO: [Synth 8-7052] The timing for the instance soc_base_inst/ztachip_inst/core_i/GEN_CELL[0].cell_i/GEN_REG[3].GEN1.pcore_i/register_bank_i/register_file_i2/ram3_i/ram2_i/xpm_memory_sdpram_inst/xpm_memory_base_inst/gen_wr_a.gen_byte_narrow.for_mem_cols[1].mem_reg_1 (implemented as a Block RAM) might be sub-optimal as no optional output register could be merged into the ram block. Providing additional output register may help in improving timing.
INFO: [Synth 8-7052] The timing for the instance core_ii_8/soc_base_inst/ztachip_inst/core_i/GEN_STREAM[0].stream_i/lookup_i/xpm_memory_spram_inst/xpm_memory_base_inst/gen_wr_a.gen_word_narrow.mem_reg (implemented as a Block RAM) might be sub-optimal as no optional output register could be merged into the ram block. Providing additional output register may help in improving timing.
INFO: [Synth 8-7052] The timing for the instance core_ii_8/soc_base_inst/ztachip_inst/core_i/GEN_STREAM[0].stream_i/lookup_i/xpm_memory_spram_inst/xpm_memory_base_inst/gen_wr_a.gen_word_narrow.mem_reg (implemented as a Block RAM) might be sub-optimal as no optional output register could be merged into the ram block. Providing additional output register may help in improving timing.
INFO: [Synth 8-7052] The timing for the instance core_ii_8/soc_base_inst/ztachip_inst/core_i/GEN_STREAM[1].stream_i/lookup_i/xpm_memory_spram_inst/xpm_memory_base_inst/gen_wr_a.gen_word_narrow.mem_reg (implemented as a Block RAM) might be sub-optimal as no optional output register could be merged into the ram block. Providing additional output register may help in improving timing.
INFO: [Synth 8-7052] The timing for the instance core_ii_8/soc_base_inst/ztachip_inst/core_i/GEN_STREAM[1].stream_i/lookup_i/xpm_memory_spram_inst/xpm_memory_base_inst/gen_wr_a.gen_word_narrow.mem_reg (implemented as a Block RAM) might be sub-optimal as no optional output register could be merged into the ram block. Providing additional output register may help in improving timing.
INFO: [Synth 8-7052] The timing for the instance core_ii_8/soc_base_inst/ztachip_inst/core_i/GEN_STREAM[2].stream_i/lookup_i/xpm_memory_spram_inst/xpm_memory_base_inst/gen_wr_a.gen_word_narrow.mem_reg (implemented as a Block RAM) might be sub-optimal as no optional output register could be merged into the ram block. Providing additional output register may help in improving timing.
INFO: [Synth 8-7052] The timing for the instance core_ii_8/soc_base_inst/ztachip_inst/core_i/GEN_STREAM[2].stream_i/lookup_i/xpm_memory_spram_inst/xpm_memory_base_inst/gen_wr_a.gen_word_narrow.mem_reg (implemented as a Block RAM) might be sub-optimal as no optional output register could be merged into the ram block. Providing additional output register may help in improving timing.
INFO: [Synth 8-7052] The timing for the instance core_ii_8/soc_base_inst/ztachip_inst/core_i/GEN_STREAM[3].stream_i/lookup_i/xpm_memory_spram_inst/xpm_memory_base_inst/gen_wr_a.gen_word_narrow.mem_reg (implemented as a Block RAM) might be sub-optimal as no optional output register could be merged into the ram block. Providing additional output register may help in improving timing.
INFO: [Synth 8-7052] The timing for the instance core_ii_8/soc_base_inst/ztachip_inst/core_i/GEN_STREAM[3].stream_i/lookup_i/xpm_memory_spram_inst/xpm_memory_base_inst/gen_wr_a.gen_word_narrow.mem_reg (implemented as a Block RAM) might be sub-optimal as no optional output register could be merged into the ram block. Providing additional output register may help in improving timing.
INFO: [Synth 8-7052] The timing for the instance core_ii_8/soc_base_inst/ztachip_inst/core_i/GEN_STREAM[4].stream_i/lookup_i/xpm_memory_spram_inst/xpm_memory_base_inst/gen_wr_a.gen_word_narrow.mem_reg (implemented as a Block RAM) might be sub-optimal as no optional output register could be merged into the ram block. Providing additional output register may help in improving timing.
INFO: [Synth 8-7052] The timing for the instance core_ii_8/soc_base_inst/ztachip_inst/core_i/GEN_STREAM[4].stream_i/lookup_i/xpm_memory_spram_inst/xpm_memory_base_inst/gen_wr_a.gen_word_narrow.mem_reg (implemented as a Block RAM) might be sub-optimal as no optional output register could be merged into the ram block. Providing additional output register may help in improving timing.
INFO: [Synth 8-7052] The timing for the instance core_ii_8/soc_base_inst/ztachip_inst/core_i/GEN_STREAM[5].stream_i/lookup_i/xpm_memory_spram_inst/xpm_memory_base_inst/gen_wr_a.gen_word_narrow.mem_reg (implemented as a Block RAM) might be sub-optimal as no optional output register could be merged into the ram block. Providing additional output register may help in improving timing.
INFO: [Synth 8-7052] The timing for the instance core_ii_8/soc_base_inst/ztachip_inst/core_i/GEN_STREAM[5].stream_i/lookup_i/xpm_memory_spram_inst/xpm_memory_base_inst/gen_wr_a.gen_word_narrow.mem_reg (implemented as a Block RAM) might be sub-optimal as no optional output register could be merged into the ram block. Providing additional output register may help in improving timing.
INFO: [Synth 8-7052] The timing for the instance core_ii_8/soc_base_inst/ztachip_inst/core_i/GEN_STREAM[6].stream_i/lookup_i/xpm_memory_spram_inst/xpm_memory_base_inst/gen_wr_a.gen_word_narrow.mem_reg (implemented as a Block RAM) might be sub-optimal as no optional output register could be merged into the ram block. Providing additional output register may help in improving timing.
INFO: [Synth 8-7052] The timing for the instance core_ii_8/soc_base_inst/ztachip_inst/core_i/GEN_STREAM[6].stream_i/lookup_i/xpm_memory_spram_inst/xpm_memory_base_inst/gen_wr_a.gen_word_narrow.mem_reg (implemented as a Block RAM) might be sub-optimal as no optional output register could be merged into the ram block. Providing additional output register may help in improving timing.
INFO: [Synth 8-7052] The timing for the instance core_ii_8/soc_base_inst/ztachip_inst/core_i/GEN_STREAM[7].stream_i/lookup_i/xpm_memory_spram_inst/xpm_memory_base_inst/gen_wr_a.gen_word_narrow.mem_reg (implemented as a Block RAM) might be sub-optimal as no optional output register could be merged into the ram block. Providing additional output register may help in improving timing.
INFO: [Synth 8-7052] The timing for the instance core_ii_8/soc_base_inst/ztachip_inst/core_i/GEN_STREAM[7].stream_i/lookup_i/xpm_memory_spram_inst/xpm_memory_base_inst/gen_wr_a.gen_word_narrow.mem_reg (implemented as a Block RAM) might be sub-optimal as no optional output register could be merged into the ram block. Providing additional output register may help in improving timing.
INFO: [Synth 8-7052] The timing for the instance core_ii_8/soc_base_inst/ztachip_inst/core_i/GEN_STREAM_1[0].stream_i1/lookup_i/xpm_memory_spram_inst/xpm_memory_base_inst/gen_wr_a.gen_word_narrow.mem_reg (implemented as a Block RAM) might be sub-optimal as no optional output register could be merged into the ram block. Providing additional output register may help in improving timing.
INFO: [Synth 8-7052] The timing for the instance core_ii_8/soc_base_inst/ztachip_inst/core_i/GEN_STREAM_1[0].stream_i1/lookup_i/xpm_memory_spram_inst/xpm_memory_base_inst/gen_wr_a.gen_word_narrow.mem_reg (implemented as a Block RAM) might be sub-optimal as no optional output register could be merged into the ram block. Providing additional output register may help in improving timing.
INFO: [Synth 8-7052] The timing for the instance core_ii_8/soc_base_inst/ztachip_inst/core_i/GEN_STREAM_1[1].stream_i1/lookup_i/xpm_memory_spram_inst/xpm_memory_base_inst/gen_wr_a.gen_word_narrow.mem_reg (implemented as a Block RAM) might be sub-optimal as no optional output register could be merged into the ram block. Providing additional output register may help in improving timing.
INFO: [Synth 8-7052] The timing for the instance core_ii_8/soc_base_inst/ztachip_inst/core_i/GEN_STREAM_1[1].stream_i1/lookup_i/xpm_memory_spram_inst/xpm_memory_base_inst/gen_wr_a.gen_word_narrow.mem_reg (implemented as a Block RAM) might be sub-optimal as no optional output register could be merged into the ram block. Providing additional output register may help in improving timing.
INFO: [Synth 8-7052] The timing for the instance core_ii_8/soc_base_inst/ztachip_inst/core_i/GEN_STREAM_1[2].stream_i1/lookup_i/xpm_memory_spram_inst/xpm_memory_base_inst/gen_wr_a.gen_word_narrow.mem_reg (implemented as a Block RAM) might be sub-optimal as no optional output register could be merged into the ram block. Providing additional output register may help in improving timing.
INFO: [Synth 8-7052] The timing for the instance core_ii_8/soc_base_inst/ztachip_inst/core_i/GEN_STREAM_1[2].stream_i1/lookup_i/xpm_memory_spram_inst/xpm_memory_base_inst/gen_wr_a.gen_word_narrow.mem_reg (implemented as a Block RAM) might be sub-optimal as no optional output register could be merged into the ram block. Providing additional output register may help in improving timing.
INFO: [Synth 8-7052] The timing for the instance core_ii_8/soc_base_inst/ztachip_inst/core_i/GEN_STREAM_1[3].stream_i1/lookup_i/xpm_memory_spram_inst/xpm_memory_base_inst/gen_wr_a.gen_word_narrow.mem_reg (implemented as a Block RAM) might be sub-optimal as no optional output register could be merged into the ram block. Providing additional output register may help in improving timing.
INFO: [Synth 8-7052] The timing for the instance core_ii_8/soc_base_inst/ztachip_inst/core_i/GEN_STREAM_1[3].stream_i1/lookup_i/xpm_memory_spram_inst/xpm_memory_base_inst/gen_wr_a.gen_word_narrow.mem_reg (implemented as a Block RAM) might be sub-optimal as no optional output register could be merged into the ram block. Providing additional output register may help in improving timing.
INFO: [Synth 8-7052] The timing for the instance core_ii_8/soc_base_inst/ztachip_inst/core_i/GEN_STREAM_1[4].stream_i1/lookup_i/xpm_memory_spram_inst/xpm_memory_base_inst/gen_wr_a.gen_word_narrow.mem_reg (implemented as a Block RAM) might be sub-optimal as no optional output register could be merged into the ram block. Providing additional output register may help in improving timing.
INFO: [Synth 8-7052] The timing for the instance core_ii_8/soc_base_inst/ztachip_inst/core_i/GEN_STREAM_1[4].stream_i1/lookup_i/xpm_memory_spram_inst/xpm_memory_base_inst/gen_wr_a.gen_word_narrow.mem_reg (implemented as a Block RAM) might be sub-optimal as no optional output register could be merged into the ram block. Providing additional output register may help in improving timing.
INFO: [Common 17-14] Message 'Synth 8-7052' appears 100 times and further instances of the messages will be disabled. Use the Tcl command set_msg_config to change the current settings.
---------------------------------------------------------------------------------
Finished Technology Mapping : Time (s): cpu = 00:04:33 ; elapsed = 00:02:53 . Memory (MB): peak = 5174.605 ; gain = 3408.613 ; free physical = 246 ; free virtual = 6736
---------------------------------------------------------------------------------
---------------------------------------------------------------------------------
Start IO Insertion
---------------------------------------------------------------------------------
---------------------------------------------------------------------------------
Start Flattening Before IO Insertion
---------------------------------------------------------------------------------
---------------------------------------------------------------------------------
Finished Flattening Before IO Insertion
---------------------------------------------------------------------------------
---------------------------------------------------------------------------------
Start Final Netlist Cleanup
---------------------------------------------------------------------------------
---------------------------------------------------------------------------------
Finished Final Netlist Cleanup
---------------------------------------------------------------------------------
---------------------------------------------------------------------------------
Finished IO Insertion : Time (s): cpu = 00:04:46 ; elapsed = 00:03:05 . Memory (MB): peak = 5230.254 ; gain = 3464.262 ; free physical = 244 ; free virtual = 6708
---------------------------------------------------------------------------------
---------------------------------------------------------------------------------
Start Renaming Generated Instances
---------------------------------------------------------------------------------
---------------------------------------------------------------------------------
Finished Renaming Generated Instances : Time (s): cpu = 00:04:46 ; elapsed = 00:03:06 . Memory (MB): peak = 5230.254 ; gain = 3464.262 ; free physical = 246 ; free virtual = 6709
---------------------------------------------------------------------------------
---------------------------------------------------------------------------------
Start Rebuilding User Hierarchy
---------------------------------------------------------------------------------
---------------------------------------------------------------------------------
Finished Rebuilding User Hierarchy : Time (s): cpu = 00:04:57 ; elapsed = 00:03:16 . Memory (MB): peak = 5332.668 ; gain = 3566.676 ; free physical = 272 ; free virtual = 6617
---------------------------------------------------------------------------------
---------------------------------------------------------------------------------
Start Renaming Generated Ports
---------------------------------------------------------------------------------
---------------------------------------------------------------------------------
Finished Renaming Generated Ports : Time (s): cpu = 00:04:57 ; elapsed = 00:03:17 . Memory (MB): peak = 5332.668 ; gain = 3566.676 ; free physical = 272 ; free virtual = 6617
---------------------------------------------------------------------------------
---------------------------------------------------------------------------------
Start Handling Custom Attributes
---------------------------------------------------------------------------------
---------------------------------------------------------------------------------
Finished Handling Custom Attributes : Time (s): cpu = 00:04:59 ; elapsed = 00:03:19 . Memory (MB): peak = 5350.512 ; gain = 3584.520 ; free physical = 265 ; free virtual = 6610
---------------------------------------------------------------------------------
---------------------------------------------------------------------------------
Start Renaming Generated Nets
---------------------------------------------------------------------------------
---------------------------------------------------------------------------------
Finished Renaming Generated Nets : Time (s): cpu = 00:04:59 ; elapsed = 00:03:19 . Memory (MB): peak = 5350.512 ; gain = 3584.520 ; free physical = 265 ; free virtual = 6610
---------------------------------------------------------------------------------
---------------------------------------------------------------------------------
Start ROM, RAM, DSP, Shift Register and Retiming Reporting
---------------------------------------------------------------------------------

Static Shift Register Report:
+------------+---------------------------------------------------------------------------------------------------------------------+--------+-------+--------------+--------------------+-------------------+--------+---------+
|Module Name | RTL Name                                                                                                            | Length | Width | Reset Signal | Pull out first Reg | Pull out last Reg | SRL16E | SRLC32E | 
+------------+---------------------------------------------------------------------------------------------------------------------+--------+-------+--------------+--------------------+-------------------+--------+---------+
|main_zc702  | soc_base_inst/ztachip_inst/core_i/dp_wr_mcast_rrrrr_reg[5]                                                          | 5      | 6     | YES          | NO                 | YES               | 6      | 0       | 
|main_zc702  | soc_base_inst/ztachip_inst/GEN1.fpu_i/falu_vector_i/GEN_FPU[0].falu_core_i/falu_i/delay_i/fifo_r_reg[0]             | 12     | 122   | YES          | NO                 | YES               | 122    | 0       | 
|main_zc702  | soc_base_inst/ztachip_inst/GEN1.fpu_i/falu_vector_i/GEN_FPU[0].falu_core_i/falu_i/delay3_i/fifo_r_reg[0]            | 16     | 71    | YES          | NO                 | YES               | 71     | 0       | 
|main_zc702  | soc_base_inst/ztachip_inst/GEN1.fpu_i/falu_vector_i/GEN_FPU[0].falu_core_i/falu_i/output_delay2_i/fifo_r_reg[0]     | 4      | 40    | YES          | NO                 | YES               | 40     | 0       | 
|main_zc702  | soc_base_inst/ztachip_inst/GEN1.fpu_i/falu_vector_i/GEN_FPU[0].falu_core_i/falu_i/delay8_i/fifo_r_reg[0][31]        | 17     | 34    | YES          | NO                 | YES               | 34     | 0       | 
|main_zc702  | soc_base_inst/ztachip_inst/GEN1.fpu_i/falu_vector_i/GEN_FPU[0].falu_core_i/falu_i/B_delay_i/fifo_r_reg[0][31]       | 8      | 222   | YES          | NO                 | YES               | 222    | 0       | 
|main_zc702  | soc_base_inst/ztachip_inst/GEN1.fpu_i/falu_vector_i/GEN_FPU[0].falu_core_i/falu2_i/delay3_i/fifo_r_reg[0]           | 13     | 40    | YES          | NO                 | YES               | 40     | 0       | 
|main_zc702  | soc_base_inst/ztachip_inst/GEN1.fpu_i/falu_vector_i/GEN_FPU[0].falu_core_i/falu2_i/opcode_delay_i/fifo_r_reg[0][2]  | 9      | 6     | YES          | NO                 | YES               | 6      | 0       | 
|main_zc702  | soc_base_inst/ztachip_inst/GEN1.fpu_i/falu_vector_i/delay1_i/fifo_r_reg[0]                                          | 4      | 1     | YES          | NO                 | YES               | 1      | 0       | 
|main_zc702  | soc_base_inst/ztachip_inst/GEN1.fpu_i/falu_vector_i/delay7_i/fifo_r_reg[0][14]                                      | 4      | 15    | YES          | NO                 | YES               | 15     | 0       | 
|main_zc702  | soc_base_inst/ztachip_inst/GEN1.fpu_i/falu_vector_i/delay2_i/fifo_r_reg[0]                                          | 4      | 1     | YES          | NO                 | YES               | 1      | 0       | 
|main_zc702  | soc_base_inst/ztachip_inst/GEN1.fpu_i/falu_vector_i/delay3_i/fifo_r_reg[0]                                          | 4      | 1     | YES          | NO                 | YES               | 1      | 0       | 
|main_zc702  | soc_base_inst/ztachip_inst/GEN1.fpu_i/falu_vector_i/delay5_i/fifo_r_reg[0]                                          | 4      | 1     | YES          | NO                 | YES               | 1      | 0       | 
|main_zc702  | soc_base_inst/ztachip_inst/GEN1.fpu_i/falu_vector_i/delay6_i/fifo_r_reg[0][2]                                       | 4      | 3     | YES          | NO                 | YES               | 3      | 0       | 
|main_zc702  | soc_base_inst/ztachip_inst/GEN1.fpu_i/falu_vector_i/delay10_i/fifo_r_reg[0][3]                                      | 4      | 4     | YES          | NO                 | YES               | 4      | 0       | 
|main_zc702  | soc_base_inst/ztachip_inst/GEN1.fpu_i/falu_vector_i/delay4_i/fifo_r_reg[0][15]                                      | 4      | 16    | YES          | NO                 | YES               | 16     | 0       | 
|main_zc702  | soc_base_inst/ztachip_inst/GEN1.fpu_i/falu_vector_i/delay8_i/fifo_r_reg[0][2]                                       | 4      | 3     | YES          | NO                 | YES               | 3      | 0       | 
|main_zc702  | soc_base_inst/ztachip_inst/core_i/GEN_CELL[0].cell_i/GEN_REG[1].GEN1.pcore_i/instr_decoder2_i/mu_lane_rrrrrr_reg[7] | 6      | 48    | YES          | NO                 | YES               | 48     | 0       | 
|main_zc702  | soc_base_inst/ztachip_inst/core_i/GEN_CELL[0].cell_i/GEN_REG[1].GEN1.pcore_i/instr_decoder2_i/lane_rrr_reg[12]      | 4      | 50    | YES          | NO                 | YES               | 50     | 0       | 
|main_zc702  | soc_base_inst/ztachip_inst/core_i/GEN_CELL[0].cell_i/GEN_REG[1].GEN1.pcore_i/instr_dispatch2_i1/wr_en_delay_r_reg   | 7      | 97    | YES          | NO                 | YES               | 97     | 0       | 
|main_zc702  | soc_base_inst/ztachip_inst/core_i/GEN_CELL[0].cell_i/GEN_REG[1].GEN1.pcore_i/instr_decoder2_i/imu_const_rrr_reg[11] | 5      | 17    | YES          | NO                 | YES               | 17     | 0       | 
|main_zc702  | soc_base_inst/ztachip_inst/core_i/instr_i/instr_fetch_i/tid_rrrrrrrrrrr_reg[15]                                     | 4      | 16    | YES          | NO                 | YES               | 16     | 0       | 
|main_zc702  | soc_base_inst/ztachip_inst/core_i/instr_i/instr_fetch_i/ctrl_opcode_rrrrrrrr_reg[4]                                 | 7      | 5     | YES          | NO                 | YES               | 5      | 0       | 
|main_zc702  | soc_base_inst/ztachip_inst/core_i/instr_i/instr_fetch_i/got_control_rrrrrrrr_reg                                    | 7      | 1     | YES          | NO                 | YES               | 1      | 0       | 
|main_zc702  | soc_base_inst/ztachip_inst/core_i/instr_i/instr_fetch_i/instruction_addr_rr_reg[10]                                 | 4      | 10    | YES          | NO                 | YES               | 10     | 0       | 
|main_zc702  | soc_base_inst/ztachip_inst/core_i/instr_i/instr_fetch_i/ctrl_next_addr_rrrrr_reg[10]                                | 5      | 10    | YES          | NO                 | YES               | 10     | 0       | 
|main_zc702  | soc_base_inst/ztachip_inst/core_i/instr_i/instr_fetch_i/ctrl_goto_addr_rrrrrrrr_reg[10]                             | 7      | 10    | YES          | NO                 | YES               | 10     | 0       | 
|main_zc702  | soc_base_inst/ztachip_inst/core_i/dp_readdatavalid2_rrrrrr_reg                                                      | 6      | 1     | YES          | NO                 | YES               | 1      | 0       | 
|main_zc702  | soc_base_inst/ztachip_inst/core_i/dp_read_gen_valid2_rrrrrr_reg                                                     | 6      | 1     | YES          | NO                 | YES               | 1      | 0       | 
|main_zc702  | soc_base_inst/ztachip_inst/core_i/dp_read_stream2_rrrrr_reg                                                         | 4      | 1     | YES          | NO                 | YES               | 1      | 0       | 
|main_zc702  | soc_base_inst/ztachip_inst/core_i/dp_readdata2_rrrrr_reg[119]                                                       | 4      | 96    | YES          | NO                 | YES               | 96     | 0       | 
|main_zc702  | soc_base_inst/ztachip_inst/core_i/dp_read_data_flow2_rrrrr_reg[1]                                                   | 5      | 2     | YES          | NO                 | YES               | 2      | 0       | 
|main_zc702  | soc_base_inst/ztachip_inst/core_i/dp_readdata_vm_rrrrrr_reg                                                         | 6      | 1     | YES          | NO                 | YES               | 1      | 0       | 
|main_zc702  | soc_base_inst/ztachip_inst/core_i/dp_write_stream_rrrrr_reg                                                         | 5      | 1     | YES          | NO                 | YES               | 1      | 0       | 
|main_zc702  | soc_base_inst/ztachip_inst/core_i/dp_writedata_rrrrr_reg[127]                                                       | 4      | 64    | YES          | NO                 | YES               | 64     | 0       | 
|main_zc702  | soc_base_inst/ztachip_inst/sram_i/axi_ifc_i/delay_i1/fifo_r_reg[0]                                                  | 4      | 1     | YES          | NO                 | YES               | 1      | 0       | 
|main_zc702  | soc_base_inst/ztachip_inst/sram_i/axi_ifc_i/delay_i2/fifo_r_reg[0]                                                  | 4      | 1     | YES          | NO                 | YES               | 1      | 0       | 
|main_zc702  | soc_base_inst/ztachip_inst/sram_i/read_source_1_rrrr_reg[1]                                                         | 4      | 2     | YES          | NO                 | YES               | 2      | 0       | 
|main_zc702  | soc_base_inst/ztachip_inst/sram_i/read_source_0_rrrr_reg[1]                                                         | 4      | 2     | YES          | NO                 | YES               | 2      | 0       | 
|main_zc702  | soc_base_inst/ztachip_inst/sram_i/dp_read_vm_rrrr_reg                                                               | 4      | 1     | YES          | NO                 | YES               | 1      | 0       | 
+------------+---------------------------------------------------------------------------------------------------------------------+--------+-------+--------------+--------------------+-------------------+--------+---------+

---------------------------------------------------------------------------------
Finished ROM, RAM, DSP, Shift Register and Retiming Reporting
---------------------------------------------------------------------------------
---------------------------------------------------------------------------------
Start Writing Synthesis Report
---------------------------------------------------------------------------------

DSP Final Report (the ' indicates corresponding REG is set)
+------------+-------------+--------+--------+--------+--------+--------+------+------+------+------+-------+------+------+
|Module Name | DSP Mapping | A Size | B Size | C Size | D Size | P Size | AREG | BREG | CREG | DREG | ADREG | MREG | PREG | 
+------------+-------------+--------+--------+--------+--------+--------+------+------+------+------+-------+------+------+
|VexRiscv    | ((A*B)')'   | 30     | 18     | -      | -      | 32     | 0    | 0    | -    | -    | -     | 1    | 1    | 
|VexRiscv    | (A*B)'      | 16     | 18     | -      | -      | 34     | 0    | 0    | -    | -    | -     | 1    | 0    | 
|VexRiscv    | (A*B)'      | 30     | 16     | -      | -      | 34     | 0    | 0    | -    | -    | -     | 1    | 0    | 
|VexRiscv    | (A*B)'      | 16     | 16     | -      | -      | 32     | 0    | 0    | -    | -    | -     | 1    | 0    | 
|multiplier  | Dynamic     | -      | -      | -      | -      | 32     | -    | -    | -    | -    | -     | 1    | 1    | 
|multiplier  | Dynamic     | -      | -      | -      | -      | 32     | -    | -    | -    | -    | -     | 1    | 1    | 
|multiplier  | Dynamic     | -      | -      | -      | -      | 32     | -    | -    | -    | -    | -     | 1    | 1    | 
|multiplier  | Dynamic     | -      | -      | -      | -      | 32     | -    | -    | -    | -    | -     | 1    | 1    | 
|multiplier  | Dynamic     | -      | -      | -      | -      | 32     | -    | -    | -    | -    | -     | 1    | 1    | 
|multiplier  | Dynamic     | -      | -      | -      | -      | 32     | -    | -    | -    | -    | -     | 1    | 1    | 
|multiplier  | Dynamic     | -      | -      | -      | -      | 32     | -    | -    | -    | -    | -     | 1    | 1    | 
|multiplier  | Dynamic     | -      | -      | -      | -      | 32     | -    | -    | -    | -    | -     | 1    | 1    | 
|multiplier  | (A*B)'      | 30     | 18     | -      | -      | 13     | 0    | 0    | -    | -    | -     | 1    | 0    | 
|multiplier  | Dynamic     | -      | -      | -      | -      | 32     | -    | -    | -    | -    | -     | 1    | 1    | 
|multiplier  | Dynamic     | -      | -      | -      | -      | 32     | -    | -    | -    | -    | -     | 1    | 1    | 
|multiplier  | Dynamic     | -      | -      | -      | -      | 32     | -    | -    | -    | -    | -     | 1    | 1    | 
|multiplier  | Dynamic     | -      | -      | -      | -      | 32     | -    | -    | -    | -    | -     | 1    | 1    | 
|multiplier  | Dynamic     | -      | -      | -      | -      | 32     | -    | -    | -    | -    | -     | 1    | 1    | 
|multiplier  | Dynamic     | -      | -      | -      | -      | 32     | -    | -    | -    | -    | -     | 1    | 1    | 
|multiplier  | Dynamic     | -      | -      | -      | -      | 32     | -    | -    | -    | -    | -     | 1    | 1    | 
|multiplier  | Dynamic     | -      | -      | -      | -      | 32     | -    | -    | -    | -    | -     | 1    | 1    | 
|multiplier  | (A*B)'      | 30     | 18     | -      | -      | 13     | 0    | 0    | -    | -    | -     | 1    | 0    | 
|multiplier  | Dynamic     | -      | -      | -      | -      | 32     | -    | -    | -    | -    | -     | 1    | 1    | 
|multiplier  | Dynamic     | -      | -      | -      | -      | 32     | -    | -    | -    | -    | -     | 1    | 1    | 
|multiplier  | Dynamic     | -      | -      | -      | -      | 32     | -    | -    | -    | -    | -     | 1    | 1    | 
|multiplier  | Dynamic     | -      | -      | -      | -      | 32     | -    | -    | -    | -    | -     | 1    | 1    | 
|multiplier  | Dynamic     | -      | -      | -      | -      | 32     | -    | -    | -    | -    | -     | 1    | 1    | 
|multiplier  | Dynamic     | -      | -      | -      | -      | 32     | -    | -    | -    | -    | -     | 1    | 1    | 
|multiplier  | Dynamic     | -      | -      | -      | -      | 32     | -    | -    | -    | -    | -     | 1    | 1    | 
|multiplier  | Dynamic     | -      | -      | -      | -      | 32     | -    | -    | -    | -    | -     | 1    | 1    | 
|multiplier  | (A*B)'      | 30     | 18     | -      | -      | 13     | 0    | 0    | -    | -    | -     | 1    | 0    | 
|multiplier  | Dynamic     | -      | -      | -      | -      | 32     | -    | -    | -    | -    | -     | 1    | 1    | 
|multiplier  | Dynamic     | -      | -      | -      | -      | 32     | -    | -    | -    | -    | -     | 1    | 1    | 
|multiplier  | Dynamic     | -      | -      | -      | -      | 32     | -    | -    | -    | -    | -     | 1    | 1    | 
|multiplier  | Dynamic     | -      | -      | -      | -      | 32     | -    | -    | -    | -    | -     | 1    | 1    | 
|multiplier  | Dynamic     | -      | -      | -      | -      | 32     | -    | -    | -    | -    | -     | 1    | 1    | 
|multiplier  | Dynamic     | -      | -      | -      | -      | 32     | -    | -    | -    | -    | -     | 1    | 1    | 
|multiplier  | Dynamic     | -      | -      | -      | -      | 32     | -    | -    | -    | -    | -     | 1    | 1    | 
|multiplier  | Dynamic     | -      | -      | -      | -      | 32     | -    | -    | -    | -    | -     | 1    | 1    | 
|multiplier  | (A*B)'      | 30     | 18     | -      | -      | 13     | 0    | 0    | -    | -    | -     | 1    | 0    | 
|multiplier  | (A*B)'      | 30     | 5      | -      | -      | 24     | 0    | 0    | -    | -    | -     | 0    | 1    | 
|multiplier  | (A*B)'      | 30     | 5      | -      | -      | 24     | 0    | 0    | -    | -    | -     | 0    | 1    | 
|multiplier  | (A*B)'      | 30     | 5      | -      | -      | 24     | 0    | 0    | -    | -    | -     | 0    | 1    | 
|multiplier  | (A*B)'      | 30     | 5      | -      | -      | 24     | 0    | 0    | -    | -    | -     | 0    | 1    | 
|multiplier  | (A*B)'      | 30     | 5      | -      | -      | 24     | 0    | 0    | -    | -    | -     | 0    | 1    | 
|multiplier  | (A*B)'      | 30     | 5      | -      | -      | 24     | 0    | 0    | -    | -    | -     | 0    | 1    | 
|multiplier  | (A*B)'      | 30     | 5      | -      | -      | 24     | 0    | 0    | -    | -    | -     | 0    | 1    | 
|multiplier  | (A*B)'      | 30     | 5      | -      | -      | 24     | 0    | 0    | -    | -    | -     | 0    | 1    | 
|multiplier  | (A*B)'      | 30     | 5      | -      | -      | 24     | 0    | 0    | -    | -    | -     | 0    | 1    | 
|multiplier  | (A*B)'      | 30     | 5      | -      | -      | 24     | 0    | 0    | -    | -    | -     | 0    | 1    | 
|multiplier  | (A*B)'      | 30     | 5      | -      | -      | 24     | 0    | 0    | -    | -    | -     | 0    | 1    | 
|multiplier  | (A*B)'      | 30     | 5      | -      | -      | 24     | 0    | 0    | -    | -    | -     | 0    | 1    | 
|multiplier  | (A*B)'      | 30     | 5      | -      | -      | 24     | 0    | 0    | -    | -    | -     | 0    | 1    | 
|multiplier  | (A*B)'      | 30     | 5      | -      | -      | 24     | 0    | 0    | -    | -    | -     | 0    | 1    | 
|multiplier  | (A*B)'      | 30     | 5      | -      | -      | 24     | 0    | 0    | -    | -    | -     | 0    | 1    | 
|multiplier  | (A*B)'      | 30     | 5      | -      | -      | 24     | 0    | 0    | -    | -    | -     | 0    | 1    | 
+------------+-------------+--------+--------+--------+--------+--------+------+------+------+------+-------+------+------+


Report BlackBoxes: 
+------+--------------+----------+
|      |BlackBox name |Instances |
+------+--------------+----------+
|1     |clk_mmcm      |         1|
|2     |float_addsub  |         9|
|3     |float_mul     |         4|
+------+--------------+----------+

Report Cell Usage: 
+------+-------------+------+
|      |Cell         |Count |
+------+-------------+------+
|1     |clk_mmcm     |     1|
|2     |float_addsub |     9|
|11    |float_mul    |     4|
|15    |BIBUF        |   130|
|16    |BUFG         |     4|
|17    |CARRY4       |  2059|
|18    |DSP48E1      |    56|
|22    |LUT1         |  1364|
|23    |LUT2         |  6613|
|24    |LUT3         | 12380|
|25    |LUT4         |  8643|
|26    |LUT5         |  8420|
|27    |LUT6         | 16043|
|28    |MUXF7        |   747|
|29    |MUXF8        |   233|
|30    |PS7          |     1|
|31    |RAM32M       |    92|
|32    |RAM32X1D     |     7|
|33    |RAMB18E1     |    49|
|38    |RAMB36E1     |   107|
|42    |SRL16E       |  1024|
|43    |FDCE         | 42874|
|44    |FDPE         |   372|
|45    |FDRE         | 10607|
|46    |FDSE         |     5|
|47    |LD           |  2233|
|48    |IBUF         |     1|
|49    |OBUF         |     1|
+------+-------------+------+
---------------------------------------------------------------------------------
Finished Writing Synthesis Report : Time (s): cpu = 00:05:00 ; elapsed = 00:03:19 . Memory (MB): peak = 5350.512 ; gain = 3584.520 ; free physical = 265 ; free virtual = 6610
---------------------------------------------------------------------------------
Synthesis finished with 0 errors, 0 critical warnings and 801 warnings.
Synthesis Optimization Runtime : Time (s): cpu = 00:04:31 ; elapsed = 00:03:09 . Memory (MB): peak = 5354.426 ; gain = 3052.355 ; free physical = 6558 ; free virtual = 12904
Synthesis Optimization Complete : Time (s): cpu = 00:05:00 ; elapsed = 00:03:24 . Memory (MB): peak = 5354.426 ; gain = 3588.434 ; free physical = 6558 ; free virtual = 12888
INFO: [Project 1-571] Translating synthesized netlist
Netlist sorting complete. Time (s): cpu = 00:00:00.78 ; elapsed = 00:00:00.78 . Memory (MB): peak = 5354.426 ; gain = 0.000 ; free physical = 6574 ; free virtual = 12914
INFO: [Netlist 29-17] Analyzing 5583 Unisim elements for replacement
INFO: [Netlist 29-28] Unisim Transformation completed in 0 CPU seconds
INFO: [Project 1-570] Preparing netlist for logic optimization
INFO: [Opt 31-138] Pushed 0 inverter(s) to 0 load pin(s).
Netlist sorting complete. Time (s): cpu = 00:00:00.03 ; elapsed = 00:00:00.03 . Memory (MB): peak = 5454.098 ; gain = 0.000 ; free physical = 6527 ; free virtual = 12871
INFO: [Project 1-111] Unisim Transformation Summary:
  A total of 2332 instances were transformed.
  LD => LDCE: 2233 instances
  RAM32M => RAM32M (RAMD32(x6), RAMS32(x2)): 92 instances
  RAM32X1D => RAM32X1D (RAMD32(x2)): 7 instances

Synth Design complete | Checksum: a28faa64
INFO: [Common 17-83] Releasing license: Synthesis
1354 Infos, 0 Warnings, 1 Critical Warnings and 0 Errors encountered.
synth_design completed successfully
synth_design: Time (s): cpu = 00:05:19 ; elapsed = 00:03:43 . Memory (MB): peak = 5454.133 ; gain = 3832.000 ; free physical = 6526 ; free virtual = 12872
INFO: [Common 17-2834] synth_design peak Physical Memory [PSS] (MB): overall = 10353.427; main = 4496.885; forked = 6772.163
INFO: [Common 17-2834] synth_design peak Virtual Memory [VSS] (MB): overall = 19608.574; main = 5454.102; forked = 14937.621
Write ShapeDB Complete: Time (s): cpu = 00:00:00.25 ; elapsed = 00:00:00.09 . Memory (MB): peak = 5478.109 ; gain = 0.000 ; free physical = 6518 ; free virtual = 12872
INFO: [Common 17-1381] The checkpoint '/home/eslam-elshokafy/Desktop/AIDAChip_Workshop_01/ztachip/HW/examples/ZC702/ztachip_zc702.runs/synth_1/main_zc702.dcp' has been generated.
write_checkpoint: Time (s): cpu = 00:00:09 ; elapsed = 00:00:07 . Memory (MB): peak = 5478.109 ; gain = 23.977 ; free physical = 6359 ; free virtual = 12872
INFO: [Vivado 12-24828] Executing command : report_utilization -file main_zc702_utilization_synth.rpt -pb main_zc702_utilization_synth.pb
INFO: [Common 17-206] Exiting Vivado at Sun Jun 21 12:42:47 2026...
[Sun Jun 21 12:42:48 2026] synth_1 finished
wait_on_runs: Time (s): cpu = 00:05:58 ; elapsed = 00:03:58 . Memory (MB): peak = 10141.086 ; gain = 0.000 ; free physical = 10831 ; free virtual = 17079
# if {[get_property PROGRESS [get_runs synth_1]] != "100%"} {
#    puts "ERROR: synthesis did not finish. Check the synth_1 log."
#    return
# }
# catch {reset_run impl_1}
# catch {reset_property STEPS.SYNTH_DESIGN.ARGS.FANOUT_LIMIT [get_runs synth_1]}
# catch {set_property strategy Performance_ExplorePostRoutePhysOpt [get_runs impl_1]}
# puts "INFO: impl strategy = [get_property strategy [get_runs impl_1]]"
INFO: impl strategy = Performance_ExplorePostRoutePhysOpt
# puts "INFO: launching implementation + write_bitstream..."
INFO: launching implementation + write_bitstream...
# launch_runs impl_1 -to_step write_bitstream -jobs $JOBS
INFO: [Vivado 12-4149] The synthesis checkpoint for IP '/home/eslam-elshokafy/Desktop/AIDAChip_Workshop_01/ztachip/HW/examples/ZC702/ztachip_zc702.srcs/sources_1/ip/clk_mmcm/clk_mmcm.xci' is already up-to-date
[Sun Jun 21 12:42:51 2026] Launched impl_1...
Run output will be captured here: /home/eslam-elshokafy/Desktop/AIDAChip_Workshop_01/ztachip/HW/examples/ZC702/ztachip_zc702.runs/impl_1/runme.log
# wait_on_run impl_1
[Sun Jun 21 12:42:51 2026] Waiting for impl_1 to finish...
[Sun Jun 21 12:42:56 2026] Waiting for impl_1 to finish...
[Sun Jun 21 12:43:01 2026] Waiting for impl_1 to finish...
[Sun Jun 21 12:43:06 2026] Waiting for impl_1 to finish...
[Sun Jun 21 12:43:16 2026] Waiting for impl_1 to finish...
[Sun Jun 21 12:43:26 2026] Waiting for impl_1 to finish...
[Sun Jun 21 12:43:36 2026] Waiting for impl_1 to finish...
[Sun Jun 21 12:43:46 2026] Waiting for impl_1 to finish...
[Sun Jun 21 12:44:06 2026] Waiting for impl_1 to finish...
[Sun Jun 21 12:44:26 2026] Waiting for impl_1 to finish...
[Sun Jun 21 12:44:46 2026] Waiting for impl_1 to finish...
[Sun Jun 21 12:45:06 2026] Waiting for impl_1 to finish...
[Sun Jun 21 12:45:46 2026] Waiting for impl_1 to finish...
[Sun Jun 21 12:46:26 2026] Waiting for impl_1 to finish...
[Sun Jun 21 12:47:06 2026] Waiting for impl_1 to finish...
[Sun Jun 21 12:47:46 2026] Waiting for impl_1 to finish...
[Sun Jun 21 12:49:07 2026] Waiting for impl_1 to finish...
[Sun Jun 21 12:50:27 2026] Waiting for impl_1 to finish...
[Sun Jun 21 12:51:47 2026] Waiting for impl_1 to finish...

*** Running vivado
    with args -log main_zc702.vdi -applog -m64 -product Vivado -messageDb vivado.pb -mode batch -source main_zc702.tcl -notrace


****** Vivado v2025.2 (64-bit)
  **** SW Build 6299465 on Fri Nov 14 12:34:56 MST 2025
  **** IP Build 6300035 on Fri Nov 14 10:48:45 MST 2025
  **** SharedData Build 6298862 on Thu Nov 13 04:50:51 MST 2025
  **** Start of session at: Sun Jun 21 12:42:54 2026
    ** Copyright 1986-2022 Xilinx, Inc. All Rights Reserved.
    ** Copyright 2022-2025 Advanced Micro Devices, Inc. All Rights Reserved.

source main_zc702.tcl -notrace
CRITICAL WARNING: [Common 17-1355] You are suppressing all messages of type 'WARNING'. You may potentially disregard important DRC, CDC, and implementation messages that can negatively impact your design.  If this is not desired, please run 'reset_msg_config -suppress -severity {WARNING}' to undo this change.
Command: link_design -top main_zc702 -part xc7z020clg484-1
Design is defaulting to srcset: sources_1
Design is defaulting to constrset: constrs_1
INFO: [Device 21-403] Loading part xc7z020clg484-1
INFO: [Project 1-5699] Read binary netlist with skipMacroContent - 1
INFO: [Project 1-454] Reading design checkpoint '/home/eslam-elshokafy/Desktop/AIDAChip_Workshop_01/ztachip/HW/examples/ZC702/ztachip_zc702.gen/sources_1/ip/clk_mmcm/clk_mmcm.dcp' for cell 'clk_mmcm_inst'
INFO: [Project 1-454] Reading design checkpoint '/home/eslam-elshokafy/Desktop/AIDAChip_Workshop_01/ztachip/HW/examples/ZC702/ztachip_zc702.gen/sources_1/ip/float_addsub/float_addsub.dcp' for cell 'soc_base_inst/ztachip_inst/GEN1.fpu_i/falu_vector_i/GEN_FPU[0].falu_core_i/falu2_i/sum_1/float_addsub_inst'
INFO: [Project 1-454] Reading design checkpoint '/home/eslam-elshokafy/Desktop/AIDAChip_Workshop_01/ztachip/HW/examples/ZC702/ztachip_zc702.gen/sources_1/ip/float_mul/float_mul.dcp' for cell 'soc_base_inst/ztachip_inst/GEN1.fpu_i/falu_vector_i/GEN_FPU[0].falu_core_i/falu_i/stage_1/float_mul_inst'
Netlist sorting complete. Time (s): cpu = 00:00:00.6 ; elapsed = 00:00:00.6 . Memory (MB): peak = 1939.535 ; gain = 0.000 ; free physical = 9853 ; free virtual = 16209
INFO: [Netlist 29-17] Analyzing 3604 Unisim elements for replacement
INFO: [Netlist 29-28] Unisim Transformation completed in 0 CPU seconds
INFO: [Project 1-479] Netlist was created with Vivado 2025.2
INFO: [Project 1-570] Preparing netlist for logic optimization
Parsing XDC File [/home/eslam-elshokafy/Desktop/AIDAChip_Workshop_01/ztachip/HW/examples/ZC702/ztachip_zc702.gen/sources_1/ip/clk_mmcm/clk_mmcm_board.xdc] for cell 'clk_mmcm_inst/inst'
Finished Parsing XDC File [/home/eslam-elshokafy/Desktop/AIDAChip_Workshop_01/ztachip/HW/examples/ZC702/ztachip_zc702.gen/sources_1/ip/clk_mmcm/clk_mmcm_board.xdc] for cell 'clk_mmcm_inst/inst'
Parsing XDC File [/home/eslam-elshokafy/Desktop/AIDAChip_Workshop_01/ztachip/HW/examples/ZC702/ztachip_zc702.gen/sources_1/ip/clk_mmcm/clk_mmcm.xdc] for cell 'clk_mmcm_inst/inst'
Finished Parsing XDC File [/home/eslam-elshokafy/Desktop/AIDAChip_Workshop_01/ztachip/HW/examples/ZC702/ztachip_zc702.gen/sources_1/ip/clk_mmcm/clk_mmcm.xdc] for cell 'clk_mmcm_inst/inst'
Parsing XDC File [/home/eslam-elshokafy/Desktop/AIDAChip_Workshop_01/ztachip/HW/examples/ZC702/ztachip_zc702.gen/sources_1/bd/zynq_system/ip/zynq_system_processing_system7_0_0/zynq_system_processing_system7_0_0.xdc] for cell 'ps_inst/zynq_system_i/processing_system7_0/inst'
Finished Parsing XDC File [/home/eslam-elshokafy/Desktop/AIDAChip_Workshop_01/ztachip/HW/examples/ZC702/ztachip_zc702.gen/sources_1/bd/zynq_system/ip/zynq_system_processing_system7_0_0/zynq_system_processing_system7_0_0.xdc] for cell 'ps_inst/zynq_system_i/processing_system7_0/inst'
Parsing XDC File [/home/eslam-elshokafy/Desktop/AIDAChip_Workshop_01/ztachip/HW/examples/ZC702/main_zc702.xdc]
Finished Parsing XDC File [/home/eslam-elshokafy/Desktop/AIDAChip_Workshop_01/ztachip/HW/examples/ZC702/main_zc702.xdc]
INFO: [Project 1-538] Using original IP XDC constraints instead of the XDC constraints in dcp '/home/eslam-elshokafy/Desktop/AIDAChip_Workshop_01/ztachip/HW/examples/ZC702/ztachip_zc702.gen/sources_1/ip/clk_mmcm/clk_mmcm.dcp'
INFO: [Project 1-1714] 98 XPM XDC files have been applied to the design.
INFO: [Opt 31-138] Pushed 0 inverter(s) to 0 load pin(s).
INFO: [Project 1-1687] 5 scoped IP constraints or related sub-commands were skipped due to synthesis logic optimizations usually triggered by constant connectivity or unconnected output pins. To review the skipped constraints and messages, run the command 'set_param netlist.IPMsgFiltering false' before opening the design.
Netlist sorting complete. Time (s): cpu = 00:00:00.01 ; elapsed = 00:00:00.01 . Memory (MB): peak = 2782.438 ; gain = 0.000 ; free physical = 9129 ; free virtual = 15503
INFO: [Project 1-111] Unisim Transformation Summary:
  A total of 99 instances were transformed.
  RAM32M => RAM32M (RAMD32(x6), RAMS32(x2)): 92 instances
  RAM32X1D => RAM32X1D (RAMD32(x2)): 7 instances

14 Infos, 0 Warnings, 1 Critical Warnings and 0 Errors encountered.
link_design completed successfully
link_design: Time (s): cpu = 00:00:22 ; elapsed = 00:00:18 . Memory (MB): peak = 2782.473 ; gain = 1161.555 ; free physical = 9128 ; free virtual = 15503
Command: opt_design -directive Explore
INFO: [Vivado_Tcl 4-136] Directive used for opt_design is: Explore
Attempting to get a license for feature 'Implementation' and/or device 'xc7z020'
INFO: [Common 17-349] Got license for feature 'Implementation' and/or device 'xc7z020'
Running DRC as a precondition to command opt_design

Starting DRC Task
INFO: [DRC 23-27] Running DRC with 8 threads
INFO: [Project 1-461] DRC finished with 0 Errors
INFO: [Project 1-462] Please refer to the DRC report (report_drc) for more information.

Time (s): cpu = 00:00:01 ; elapsed = 00:00:00.4 . Memory (MB): peak = 2782.473 ; gain = 0.000 ; free physical = 9124 ; free virtual = 15503

Starting Logic Optimization Task

Phase 1 Initialization

Phase 1.1 Core Generation And Design Setup
Phase 1.1 Core Generation And Design Setup | Checksum: 29f3dcdee

Time (s): cpu = 00:00:00.07 ; elapsed = 00:00:00.08 . Memory (MB): peak = 2986.250 ; gain = 0.000 ; free physical = 8864 ; free virtual = 15242

Phase 1.2 Setup Constraints And Sort Netlist
Phase 1.2 Setup Constraints And Sort Netlist | Checksum: 29f3dcdee

Time (s): cpu = 00:00:00.1 ; elapsed = 00:00:00.11 . Memory (MB): peak = 2986.250 ; gain = 0.000 ; free physical = 8864 ; free virtual = 15242
Phase 1 Initialization | Checksum: 29f3dcdee

Time (s): cpu = 00:00:00.11 ; elapsed = 00:00:00.11 . Memory (MB): peak = 2986.250 ; gain = 0.000 ; free physical = 8864 ; free virtual = 15242

Phase 2 Timer Update And Timing Data Collection

Phase 2.1 Detect if minReqCache needed
Phase 2.1 Detect if minReqCache needed | Checksum: 29f3dcdee

Time (s): cpu = 00:00:00.14 ; elapsed = 00:00:00.16 . Memory (MB): peak = 3002.250 ; gain = 16.000 ; free physical = 8840 ; free virtual = 15218

Phase 2.2 Timer Update
INFO: [Timing 38-35] Done setting XDC timing constraints.
Phase 2.2 Timer Update | Checksum: 29f3dcdee

Time (s): cpu = 00:00:07 ; elapsed = 00:00:02 . Memory (MB): peak = 3100.062 ; gain = 113.812 ; free physical = 8761 ; free virtual = 15139

Phase 2.3 Timing Data Collection
Phase 2.3 Timing Data Collection | Checksum: 29f3dcdee

Time (s): cpu = 00:00:07 ; elapsed = 00:00:02 . Memory (MB): peak = 3100.062 ; gain = 113.812 ; free physical = 8760 ; free virtual = 15137
Phase 2 Timer Update And Timing Data Collection | Checksum: 29f3dcdee

Time (s): cpu = 00:00:07 ; elapsed = 00:00:02 . Memory (MB): peak = 3100.062 ; gain = 113.812 ; free physical = 8760 ; free virtual = 15137

Phase 3 Retarget
INFO: [Opt 31-1851] Number of loadless carry chains removed were: 0
INFO: [Opt 31-1834] Total Chains To Be Transformed Were: 0 AND Number of Transformed insts Created are: 0
INFO: [Opt 31-1566] Pulled 25 inverters resulting in an inversion of 571 pins
INFO: [Opt 31-138] Pushed 14 inverter(s) to 146 load pin(s).
INFO: [Opt 31-49] Retargeted 0 cell(s).
Phase 3 Retarget | Checksum: 296dda41b

Time (s): cpu = 00:00:08 ; elapsed = 00:00:03 . Memory (MB): peak = 3100.062 ; gain = 113.812 ; free physical = 8760 ; free virtual = 15137
Retarget | Checksum: 296dda41b
INFO: [Opt 31-389] Phase Retarget created 237 cells and removed 322 cells
INFO: [Opt 31-1021] In phase Retarget, 6 netlist objects are constrained preventing optimization. Please run opt_design with -debug_log to get more detail. 

Phase 4 Constant propagation
INFO: [Opt 31-138] Pushed 0 inverter(s) to 0 load pin(s).
Phase 4 Constant propagation | Checksum: 205accd74

Time (s): cpu = 00:00:09 ; elapsed = 00:00:04 . Memory (MB): peak = 3100.062 ; gain = 113.812 ; free physical = 8760 ; free virtual = 15137
Constant propagation | Checksum: 205accd74
INFO: [Opt 31-389] Phase Constant propagation created 124 cells and removed 154 cells

Phase 5 Sweep
INFO: [Constraints 18-11670] Building netlist checker database with flags, 0x8
Done building netlist checker database: Time (s): cpu = 00:00:00.02 ; elapsed = 00:00:00.03 . Memory (MB): peak = 3100.062 ; gain = 0.000 ; free physical = 8758 ; free virtual = 15136
INFO: [Constraints 18-11670] Building netlist checker database with flags, 0x8
Done building netlist checker database: Time (s): cpu = 00:00:00.01 ; elapsed = 00:00:00.01 . Memory (MB): peak = 3100.062 ; gain = 0.000 ; free physical = 8757 ; free virtual = 15135
Phase 5 Sweep | Checksum: 2b63eab2d

Time (s): cpu = 00:00:10 ; elapsed = 00:00:05 . Memory (MB): peak = 3100.062 ; gain = 113.812 ; free physical = 8757 ; free virtual = 15135
Sweep | Checksum: 2b63eab2d
INFO: [Opt 31-389] Phase Sweep created 0 cells and removed 172 cells

Phase 6 BUFG optimization
INFO: [Opt 31-129] Inserted BUFG to drive high-fanout reset|set|enable net. BUFG cell: ps_inst/io_asyncReset_BUFG_inst, Net: ps_inst/io_asyncReset
Phase 6 BUFG optimization | Checksum: 2da28bde0

Time (s): cpu = 00:00:11 ; elapsed = 00:00:06 . Memory (MB): peak = 3132.078 ; gain = 145.828 ; free physical = 8757 ; free virtual = 15135
BUFG optimization | Checksum: 2da28bde0
INFO: [Opt 31-662] Phase BUFG optimization created 1 cells of which 1 are BUFGs and removed 1 cells.

Phase 7 Shift Register Optimization
INFO: [Opt 31-1064] SRL Remap converted 0 SRLs to 0 registers and converted 0 registers of register chains to 0 SRLs
Phase 7 Shift Register Optimization | Checksum: 2da28bde0

Time (s): cpu = 00:00:11 ; elapsed = 00:00:06 . Memory (MB): peak = 3132.078 ; gain = 145.828 ; free physical = 8757 ; free virtual = 15135
Shift Register Optimization | Checksum: 2da28bde0
INFO: [Opt 31-389] Phase Shift Register Optimization created 0 cells and removed 0 cells
INFO: [Opt 31-1555] control_set_opt supports Versal devices only, and device 7z020 is unsupported

Phase 8 Post Processing Netlist
Phase 8 Post Processing Netlist | Checksum: 2854050fb

Time (s): cpu = 00:00:11 ; elapsed = 00:00:06 . Memory (MB): peak = 3132.078 ; gain = 145.828 ; free physical = 8757 ; free virtual = 15135
Post Processing Netlist | Checksum: 2854050fb
INFO: [Opt 31-389] Phase Post Processing Netlist created 0 cells and removed 0 cells

Phase 9 Finalization

Phase 9.1 Finalizing Design Cores and Updating Shapes
Phase 9.1 Finalizing Design Cores and Updating Shapes | Checksum: 215ff1f0d

Time (s): cpu = 00:00:13 ; elapsed = 00:00:08 . Memory (MB): peak = 3132.078 ; gain = 145.828 ; free physical = 8757 ; free virtual = 15135

Phase 9.2 Verifying Netlist Connectivity

Starting Connectivity Check Task

Time (s): cpu = 00:00:00.11 ; elapsed = 00:00:00.1 . Memory (MB): peak = 3132.078 ; gain = 0.000 ; free physical = 8757 ; free virtual = 15135
Phase 9.2 Verifying Netlist Connectivity | Checksum: 215ff1f0d

Time (s): cpu = 00:00:14 ; elapsed = 00:00:08 . Memory (MB): peak = 3132.078 ; gain = 145.828 ; free physical = 8757 ; free virtual = 15135
Phase 9 Finalization | Checksum: 215ff1f0d

Time (s): cpu = 00:00:14 ; elapsed = 00:00:08 . Memory (MB): peak = 3132.078 ; gain = 145.828 ; free physical = 8757 ; free virtual = 15135
Opt_design Change Summary
=========================


-------------------------------------------------------------------------------------------------------------------------
|  Phase                        |  #Cells created  |  #Cells Removed  |  #Constrained objects preventing optimizations  |
-------------------------------------------------------------------------------------------------------------------------
|  Retarget                     |             237  |             322  |                                              6  |
|  Constant propagation         |             124  |             154  |                                              0  |
|  Sweep                        |               0  |             172  |                                              0  |
|  BUFG optimization            |               1  |               1  |                                              0  |
|  Shift Register Optimization  |               0  |               0  |                                              0  |
|  Post Processing Netlist      |               0  |               0  |                                              0  |
-------------------------------------------------------------------------------------------------------------------------


Ending Logic Optimization Task | Checksum: 215ff1f0d

Time (s): cpu = 00:00:14 ; elapsed = 00:00:08 . Memory (MB): peak = 3132.078 ; gain = 145.828 ; free physical = 8757 ; free virtual = 15135
Netlist sorting complete. Time (s): cpu = 00:00:00.01 ; elapsed = 00:00:00.01 . Memory (MB): peak = 3132.078 ; gain = 0.000 ; free physical = 8757 ; free virtual = 15135
INFO: [Common 17-83] Releasing license: Implementation
39 Infos, 0 Warnings, 1 Critical Warnings and 0 Errors encountered.
opt_design completed successfully
opt_design: Time (s): cpu = 00:00:17 ; elapsed = 00:00:10 . Memory (MB): peak = 3132.078 ; gain = 349.605 ; free physical = 8757 ; free virtual = 15135
INFO: [Vivado 12-24828] Executing command : report_drc -file main_zc702_drc_opted.rpt -pb main_zc702_drc_opted.pb -rpx main_zc702_drc_opted.rpx
Command: report_drc -file main_zc702_drc_opted.rpt -pb main_zc702_drc_opted.pb -rpx main_zc702_drc_opted.rpx
INFO: [IP_Flow 19-1839] IP Catalog is up to date.
INFO: [DRC 23-27] Running DRC with 8 threads
INFO: [Vivado_Tcl 2-168] The results of DRC are in file /home/eslam-elshokafy/Desktop/AIDAChip_Workshop_01/ztachip/HW/examples/ZC702/ztachip_zc702.runs/impl_1/main_zc702_drc_opted.rpt.
report_drc completed successfully
INFO: [Timing 38-480] Writing timing data to binary archive.
Wrote PlaceDB: Time (s): cpu = 00:00:00 ; elapsed = 00:00:00 . Memory (MB): peak = 3132.078 ; gain = 0.000 ; free physical = 8751 ; free virtual = 15133
Wrote PulsedLatchDB: Time (s): cpu = 00:00:00 ; elapsed = 00:00:00 . Memory (MB): peak = 3132.078 ; gain = 0.000 ; free physical = 8751 ; free virtual = 15133
Writing XDEF routing.
Writing XDEF routing logical nets.
Write ShapeDB Complete: Time (s): cpu = 00:00:00.42 ; elapsed = 00:00:00.09 . Memory (MB): peak = 3132.078 ; gain = 0.000 ; free physical = 8751 ; free virtual = 15139
Writing XDEF routing special nets.
Wrote RouteStorage: Time (s): cpu = 00:00:00.65 ; elapsed = 00:00:00.15 . Memory (MB): peak = 3132.078 ; gain = 0.000 ; free physical = 8747 ; free virtual = 15139
Wrote PlaceStorage: Time (s): cpu = 00:00:00.02 ; elapsed = 00:00:00 . Memory (MB): peak = 3132.078 ; gain = 0.000 ; free physical = 8747 ; free virtual = 15139
Wrote Netlist Cache: Time (s): cpu = 00:00:00 ; elapsed = 00:00:00.01 . Memory (MB): peak = 3132.078 ; gain = 0.000 ; free physical = 8747 ; free virtual = 15139
Wrote Device Cache: Time (s): cpu = 00:00:00.02 ; elapsed = 00:00:00 . Memory (MB): peak = 3132.078 ; gain = 0.000 ; free physical = 8745 ; free virtual = 15138
Write Physdb Complete: Time (s): cpu = 00:00:00.7 ; elapsed = 00:00:00.16 . Memory (MB): peak = 3132.078 ; gain = 0.000 ; free physical = 8745 ; free virtual = 15138
INFO: [Common 17-1381] The checkpoint '/home/eslam-elshokafy/Desktop/AIDAChip_Workshop_01/ztachip/HW/examples/ZC702/ztachip_zc702.runs/impl_1/main_zc702_opt.dcp' has been generated.
Command: place_design -directive Explore
Attempting to get a license for feature 'Implementation' and/or device 'xc7z020'
INFO: [Common 17-349] Got license for feature 'Implementation' and/or device 'xc7z020'
INFO: [Common 17-83] Releasing license: Implementation
INFO: [DRC 23-27] Running DRC with 8 threads
INFO: [Vivado_Tcl 4-198] DRC finished with 0 Errors
INFO: [Vivado_Tcl 4-199] Please refer to the DRC report (report_drc) for more information.
INFO: [Timing 38-35] Done setting XDC timing constraints.
INFO: [Vivado_Tcl 4-2302] The placer was invoked with the 'Explore' directive.
Running DRC as a precondition to command place_design
INFO: [DRC 23-27] Running DRC with 8 threads
INFO: [Vivado_Tcl 4-198] DRC finished with 0 Errors, 42 Warnings, 9 Advisories
INFO: [Vivado_Tcl 4-199] Please refer to the DRC report (report_drc) for more information.
INFO: [Place 30-611] Multithreading enabled for place_design using a maximum of 8 CPUs

Starting Placer Task

Phase 1 Placer Initialization

Phase 1.1 Placer Initialization Netlist Sorting
Netlist sorting complete. Time (s): cpu = 00:00:00.01 ; elapsed = 00:00:00.02 . Memory (MB): peak = 3220.121 ; gain = 0.000 ; free physical = 8744 ; free virtual = 15139
Phase 1.1 Placer Initialization Netlist Sorting | Checksum: 1842e25d2

Time (s): cpu = 00:00:00.03 ; elapsed = 00:00:00.03 . Memory (MB): peak = 3220.121 ; gain = 0.000 ; free physical = 8744 ; free virtual = 15139
Netlist sorting complete. Time (s): cpu = 00:00:00.01 ; elapsed = 00:00:00.02 . Memory (MB): peak = 3220.121 ; gain = 0.000 ; free physical = 8744 ; free virtual = 15139

Phase 1.2 IO Placement/ Clock Placement/ Build Placer Device
Phase 1.2 IO Placement/ Clock Placement/ Build Placer Device | Checksum: 1cfd9c395

Time (s): cpu = 00:00:06 ; elapsed = 00:00:03 . Memory (MB): peak = 3220.121 ; gain = 0.000 ; free physical = 8755 ; free virtual = 15153

Phase 1.3 Build Placer Netlist Model
Phase 1.3 Build Placer Netlist Model | Checksum: 260b2c7ab

Time (s): cpu = 00:00:30 ; elapsed = 00:00:13 . Memory (MB): peak = 3353.129 ; gain = 133.008 ; free physical = 8533 ; free virtual = 14933

Phase 1.4 Constrain Clocks/Macros
Phase 1.4 Constrain Clocks/Macros | Checksum: 260b2c7ab

Time (s): cpu = 00:00:30 ; elapsed = 00:00:13 . Memory (MB): peak = 3353.129 ; gain = 133.008 ; free physical = 8533 ; free virtual = 14933
Phase 1 Placer Initialization | Checksum: 260b2c7ab

Time (s): cpu = 00:00:30 ; elapsed = 00:00:13 . Memory (MB): peak = 3353.129 ; gain = 133.008 ; free physical = 8533 ; free virtual = 14933

Phase 2 Global Placement

Phase 2.1 Floorplanning
Phase 2.1 Floorplanning | Checksum: 2bc03a584

Time (s): cpu = 00:00:44 ; elapsed = 00:00:16 . Memory (MB): peak = 3374.004 ; gain = 153.883 ; free physical = 8555 ; free virtual = 14956

Phase 2.2 Update Timing before SLR Path Opt
Phase 2.2 Update Timing before SLR Path Opt | Checksum: 1e0bf443e

Time (s): cpu = 00:00:58 ; elapsed = 00:00:19 . Memory (MB): peak = 3486.004 ; gain = 265.883 ; free physical = 8431 ; free virtual = 14831

Phase 2.3 Post-Processing in Floorplanning
Phase 2.3 Post-Processing in Floorplanning | Checksum: 1e0bf443e

Time (s): cpu = 00:00:58 ; elapsed = 00:00:19 . Memory (MB): peak = 3486.004 ; gain = 265.883 ; free physical = 8431 ; free virtual = 14831

Phase 2.4 Global Place Phase1
Phase 2.4 Global Place Phase1 | Checksum: 12e4610c9

Time (s): cpu = 00:02:13 ; elapsed = 00:00:44 . Memory (MB): peak = 3530.004 ; gain = 309.883 ; free physical = 8382 ; free virtual = 14784

Phase 2.5 Global Place Phase2

Phase 2.5.1 UpdateTiming Before Physical Synthesis
Phase 2.5.1 UpdateTiming Before Physical Synthesis | Checksum: 16becfc37

Time (s): cpu = 00:02:26 ; elapsed = 00:00:47 . Memory (MB): peak = 3739.004 ; gain = 518.883 ; free physical = 8168 ; free virtual = 14570

Phase 2.5.2 Physical Synthesis In Placer
INFO: [Physopt 32-1035] Found 6 LUTNM shape to break, 2643 LUT instances to create LUTNM shape
INFO: [Physopt 32-1044] Break lutnm for timing: one critical 6, two critical 0, total 6, new lutff created 0
INFO: [Physopt 32-1138] End 1 Pass. Optimized 1146 nets or LUTs. Breaked 6 LUTs, combined 1140 existing LUTs and moved 0 existing LUT
INFO: [Physopt 32-1408] Pass 1. Identified 1 candidate net for high-fanout optimization.
INFO: [Physopt 32-81] Processed net soc_base_inst/ztachip_inst/dp_1_i/dp0_i/dp_fetch_1_i/fifo_i/GEN1.fifo_i/w_avail_r_reg_n_0. Replicated 7 times.
INFO: [Physopt 32-232] Optimized 1 net. Created 7 new instances.
INFO: [Physopt 32-775] End 1 Pass. Optimized 1 net or cell. Created 7 new cells, deleted 0 existing cell and moved 0 existing cell
Netlist sorting complete. Time (s): cpu = 00:00:00.04 ; elapsed = 00:00:00.04 . Memory (MB): peak = 3764.473 ; gain = 0.000 ; free physical = 8152 ; free virtual = 14557
INFO: [Physopt 32-456] No candidate cells for DSP register optimization found in the design.
INFO: [Physopt 32-775] End 2 Pass. Optimized 0 net or cell. Created 0 new cell, deleted 0 existing cell and moved 0 existing cell
INFO: [Physopt 32-1123] No candidate cells found for Shift Register to Pipeline optimization
INFO: [Physopt 32-775] End 2 Pass. Optimized 0 net or cell. Created 0 new cell, deleted 0 existing cell and moved 0 existing cell
INFO: [Physopt 32-1401] No candidate cells found for Shift Register optimization.
INFO: [Physopt 32-677] No candidate cells for Shift Register optimization found in the design
INFO: [Physopt 32-775] End 1 Pass. Optimized 0 net or cell. Created 0 new cell, deleted 0 existing cell and moved 0 existing cell
INFO: [Physopt 32-526] No candidate cells for BRAM register optimization found in the design
INFO: [Physopt 32-775] End 1 Pass. Optimized 0 net or cell. Created 0 new cell, deleted 0 existing cell and moved 0 existing cell
INFO: [Physopt 32-846] No candidate cells for URAM register optimization found in the design
INFO: [Physopt 32-775] End 1 Pass. Optimized 0 net or cell. Created 0 new cell, deleted 0 existing cell and moved 0 existing cell
INFO: [Physopt 32-846] No candidate cells for URAM register optimization found in the design
INFO: [Physopt 32-775] End 1 Pass. Optimized 0 net or cell. Created 0 new cell, deleted 0 existing cell and moved 0 existing cell
INFO: [Physopt 32-949] No candidate nets found for dynamic/static region interface net replication
INFO: [Physopt 32-775] End 1 Pass. Optimized 0 net or cell. Created 0 new cell, deleted 0 existing cell and moved 0 existing cell
Netlist sorting complete. Time (s): cpu = 00:00:00.02 ; elapsed = 00:00:00.02 . Memory (MB): peak = 3764.473 ; gain = 0.000 ; free physical = 8151 ; free virtual = 14557

Summary of Physical Synthesis Optimizations
============================================


-----------------------------------------------------------------------------------------------------------------------------------------------------------
|  Optimization                                     |  Added Cells  |  Removed Cells  |  Optimized Cells/Nets  |  Dont Touch  |  Iterations  |  Elapsed   |
-----------------------------------------------------------------------------------------------------------------------------------------------------------
|  LUT Combining                                    |            6  |           1140  |                  1146  |           0  |           1  |  00:00:02  |
|  Retime                                           |            0  |              0  |                     0  |           0  |           1  |  00:00:00  |
|  Very High Fanout                                 |            7  |              0  |                     1  |           0  |           1  |  00:00:00  |
|  DSP Register                                     |            0  |              0  |                     0  |           0  |           1  |  00:00:00  |
|  Shift Register to Pipeline                       |            0  |              0  |                     0  |           0  |           1  |  00:00:00  |
|  Shift Register                                   |            0  |              0  |                     0  |           0  |           1  |  00:00:00  |
|  BRAM Register                                    |            0  |              0  |                     0  |           0  |           1  |  00:00:00  |
|  URAM Register                                    |            0  |              0  |                     0  |           0  |           1  |  00:00:00  |
|  Dynamic/Static Region Interface Net Replication  |            0  |              0  |                     0  |           0  |           1  |  00:00:00  |
|  Total                                            |           13  |           1140  |                  1147  |           0  |           9  |  00:00:02  |
-----------------------------------------------------------------------------------------------------------------------------------------------------------


Phase 2.5.2 Physical Synthesis In Placer | Checksum: 12ba22d5f

Time (s): cpu = 00:02:40 ; elapsed = 00:00:52 . Memory (MB): peak = 3764.473 ; gain = 544.352 ; free physical = 8155 ; free virtual = 14561
Phase 2.5 Global Place Phase2 | Checksum: 1fe506115

Time (s): cpu = 00:02:52 ; elapsed = 00:00:57 . Memory (MB): peak = 3764.473 ; gain = 544.352 ; free physical = 8157 ; free virtual = 14563
Phase 2 Global Placement | Checksum: 1fe506115

Time (s): cpu = 00:02:52 ; elapsed = 00:00:57 . Memory (MB): peak = 3764.473 ; gain = 544.352 ; free physical = 8157 ; free virtual = 14563

Phase 3 Detail Placement

Phase 3.1 Commit Multi Column Macros
Phase 3.1 Commit Multi Column Macros | Checksum: 1c6f855ea

Time (s): cpu = 00:03:03 ; elapsed = 00:01:00 . Memory (MB): peak = 3764.473 ; gain = 544.352 ; free physical = 8158 ; free virtual = 14564

Phase 3.2 Commit Most Macros & LUTRAMs
Phase 3.2 Commit Most Macros & LUTRAMs | Checksum: 147183e07

Time (s): cpu = 00:03:22 ; elapsed = 00:01:06 . Memory (MB): peak = 3764.473 ; gain = 544.352 ; free physical = 8162 ; free virtual = 14569

Phase 3.3 Area Swap Optimization
Phase 3.3 Area Swap Optimization | Checksum: 183549e88

Time (s): cpu = 00:03:24 ; elapsed = 00:01:06 . Memory (MB): peak = 3764.473 ; gain = 544.352 ; free physical = 8162 ; free virtual = 14569

Phase 3.4 Pipeline Register Optimization
Phase 3.4 Pipeline Register Optimization | Checksum: f11de774

Time (s): cpu = 00:03:24 ; elapsed = 00:01:06 . Memory (MB): peak = 3764.473 ; gain = 544.352 ; free physical = 8162 ; free virtual = 14569

Phase 3.5 Fast Optimization
Phase 3.5 Fast Optimization | Checksum: e2842342

Time (s): cpu = 00:03:48 ; elapsed = 00:01:11 . Memory (MB): peak = 3764.473 ; gain = 544.352 ; free physical = 8164 ; free virtual = 14573

Phase 3.6 Small Shape Detail Placement
Phase 3.6 Small Shape Detail Placement | Checksum: 1294cbe6d

Time (s): cpu = 00:04:18 ; elapsed = 00:01:39 . Memory (MB): peak = 3764.473 ; gain = 544.352 ; free physical = 8168 ; free virtual = 14575

Phase 3.7 Re-assign LUT pins
Phase 3.7 Re-assign LUT pins | Checksum: 90473a85

Time (s): cpu = 00:04:22 ; elapsed = 00:01:43 . Memory (MB): peak = 3764.473 ; gain = 544.352 ; free physical = 8164 ; free virtual = 14571

Phase 3.8 Pipeline Register Optimization
Phase 3.8 Pipeline Register Optimization | Checksum: 1a495babe

Time (s): cpu = 00:04:23 ; elapsed = 00:01:44 . Memory (MB): peak = 3764.473 ; gain = 544.352 ; free physical = 8164 ; free virtual = 14571
Phase 3 Detail Placement | Checksum: 1a495babe

Time (s): cpu = 00:04:23 ; elapsed = 00:01:44 . Memory (MB): peak = 3764.473 ; gain = 544.352 ; free physical = 8164 ; free virtual = 14571

Phase 4 Post Placement Optimization and Clean-Up

Phase 4.1 Post Commit Optimization
INFO: [Timing 38-35] Done setting XDC timing constraints.

Phase 4.1.1 Post Placement Optimization
Post Placement Optimization Initialization | Checksum: 11856f313

Phase 4.1.1.1 BUFG Insertion

Starting Physical Synthesis Task

Phase 1 Physical Synthesis Initialization
INFO: [Physopt 32-721] Multithreading enabled for phys_opt_design using a maximum of 8 CPUs
INFO: [Physopt 32-619] Estimated Timing Summary | WNS=-1.365 | TNS=-57.355 |
Phase 1 Physical Synthesis Initialization | Checksum: a81f7ee5

Time (s): cpu = 00:00:03 ; elapsed = 00:00:00.81 . Memory (MB): peak = 3764.473 ; gain = 0.000 ; free physical = 8161 ; free virtual = 14568
INFO: [Place 46-33] Processed net ps_inst/PS7_i_0[0], BUFG insertion was skipped due to placement/routing conflicts.
INFO: [Place 46-33] Processed net soc_base_inst/ztachip_inst/dp_1_i/dp0_i/dp_fetch_1_i/fifo_i/GEN1.fifo_i/writeready_out, BUFG insertion was skipped due to placement/routing conflicts.
INFO: [Place 46-33] Processed net soc_base_inst/ztachip_inst/dp_1_i/dp0_i/dp_fetch_1_i/fifo_i/GEN1.fifo_i/fifo_i/E[0], BUFG insertion was skipped due to placement/routing conflicts.
INFO: [Place 46-33] Processed net soc_base_inst/ztachip_inst/dp_1_i/dp0_i/dp_fetch_1_i/fifo_i/readdata1_r[1631]_i_1_n_0, BUFG insertion was skipped due to placement/routing conflicts.
INFO: [Place 46-33] Processed net soc_base_inst/ztachip_inst/dp_1_i/dp0_i/dp_fetch_1_i/fifo_i/readdata2_r[1631]_i_1_n_0, BUFG insertion was skipped due to placement/routing conflicts.
INFO: [Place 46-33] Processed net soc_base_inst/ztachip_inst/dp_1_i/dp0_i/dp_gen_core_i/dp_gen_primary_i/i___379_n_0, BUFG insertion was skipped due to placement/routing conflicts.
INFO: [Place 46-33] Processed net soc_base_inst/ztachip_inst/dp_1_i/dp0_i/dp_gen_core_i/dp_gen_secondary_i/instruction_valid_rr_reg[1], BUFG insertion was skipped due to placement/routing conflicts.
INFO: [Place 46-56] BUFG insertion identified 7 candidate nets. Inserted BUFG: 0, Replicated BUFG Driver: 0, Skipped due to Placement/Routing Conflicts: 7, Skipped due to Timing Degradation: 0, Skipped due to netlist editing failed: 0.
Ending Physical Synthesis Task | Checksum: fbce5eba

Time (s): cpu = 00:00:05 ; elapsed = 00:00:02 . Memory (MB): peak = 3764.473 ; gain = 0.000 ; free physical = 8161 ; free virtual = 14568
Phase 4.1.1.1 BUFG Insertion | Checksum: 11856f313

Time (s): cpu = 00:05:01 ; elapsed = 00:01:55 . Memory (MB): peak = 3764.473 ; gain = 544.352 ; free physical = 8161 ; free virtual = 14568

Phase 4.1.1.2 Post Placement Timing Optimization
INFO: [Place 30-746] Post Placement Timing Summary WNS=0.000. For the most accurate timing information please run report_timing.
Phase 4.1.1.2 Post Placement Timing Optimization | Checksum: 23cd54dbb

Time (s): cpu = 00:05:58 ; elapsed = 00:02:17 . Memory (MB): peak = 3764.473 ; gain = 544.352 ; free physical = 8159 ; free virtual = 14567

Time (s): cpu = 00:05:58 ; elapsed = 00:02:17 . Memory (MB): peak = 3764.473 ; gain = 544.352 ; free physical = 8159 ; free virtual = 14567
Phase 4.1 Post Commit Optimization | Checksum: 23cd54dbb

Time (s): cpu = 00:05:58 ; elapsed = 00:02:17 . Memory (MB): peak = 3764.473 ; gain = 544.352 ; free physical = 8159 ; free virtual = 14567

Phase 4.2 Post Placement Cleanup
Phase 4.2 Post Placement Cleanup | Checksum: 23cd54dbb

Time (s): cpu = 00:05:59 ; elapsed = 00:02:18 . Memory (MB): peak = 3764.473 ; gain = 544.352 ; free physical = 8159 ; free virtual = 14567

Phase 4.3 Placer Reporting

Phase 4.3.1 Print Estimated Congestion
INFO: [Place 30-612] Post-Placement Estimated Congestion 
 ____________________________________________________
|           | Global Congestion | Short Congestion  |
| Direction | Region Size       | Region Size       |
|___________|___________________|___________________|
|      North|                2x2|                8x8|
|___________|___________________|___________________|
|      South|                4x4|                8x8|
|___________|___________________|___________________|
|       East|                4x4|                8x8|
|___________|___________________|___________________|
|       West|                2x2|                4x4|
|___________|___________________|___________________|

Phase 4.3.1 Print Estimated Congestion | Checksum: 23cd54dbb

Time (s): cpu = 00:06:00 ; elapsed = 00:02:18 . Memory (MB): peak = 3764.473 ; gain = 544.352 ; free physical = 8160 ; free virtual = 14567
Phase 4.3 Placer Reporting | Checksum: 23cd54dbb

Time (s): cpu = 00:06:00 ; elapsed = 00:02:18 . Memory (MB): peak = 3764.473 ; gain = 544.352 ; free physical = 8160 ; free virtual = 14567

Phase 4.4 Final Placement Cleanup
Netlist sorting complete. Time (s): cpu = 00:00:00.04 ; elapsed = 00:00:00.04 . Memory (MB): peak = 3764.473 ; gain = 0.000 ; free physical = 8160 ; free virtual = 14567

Time (s): cpu = 00:06:00 ; elapsed = 00:02:18 . Memory (MB): peak = 3764.473 ; gain = 544.352 ; free physical = 8160 ; free virtual = 14567
Phase 4 Post Placement Optimization and Clean-Up | Checksum: 2d6adcd96

Time (s): cpu = 00:06:00 ; elapsed = 00:02:18 . Memory (MB): peak = 3764.473 ; gain = 544.352 ; free physical = 8160 ; free virtual = 14567
Ending Placer Task | Checksum: 1e32c701d

Time (s): cpu = 00:06:01 ; elapsed = 00:02:18 . Memory (MB): peak = 3764.473 ; gain = 544.352 ; free physical = 8160 ; free virtual = 14567
91 Infos, 0 Warnings, 1 Critical Warnings and 0 Errors encountered.
place_design completed successfully
place_design: Time (s): cpu = 00:06:09 ; elapsed = 00:02:23 . Memory (MB): peak = 3764.473 ; gain = 632.395 ; free physical = 8160 ; free virtual = 14567
INFO: [Vivado 12-24838] Running report commands "report_control_sets, report_io, report_utilization" in parallel.
Running report generation with 3 threads.
INFO: [Vivado 12-24828] Executing command : report_io -file main_zc702_io_placed.rpt
report_io: Time (s): cpu = 00:00:00.29 ; elapsed = 00:00:00.14 . Memory (MB): peak = 3764.473 ; gain = 0.000 ; free physical = 8153 ; free virtual = 14560
INFO: [Vivado 12-24828] Executing command : report_control_sets -verbose -file main_zc702_control_sets_placed.rpt
report_control_sets: Time (s): cpu = 00:00:00.43 ; elapsed = 00:00:00.25 . Memory (MB): peak = 3764.473 ; gain = 0.000 ; free physical = 8136 ; free virtual = 14544
INFO: [Vivado 12-24828] Executing command : report_utilization -file main_zc702_utilization_placed.rpt -pb main_zc702_utilization_placed.pb
INFO: [Timing 38-480] Writing timing data to binary archive.
Wrote PlaceDB: Time (s): cpu = 00:00:00 ; elapsed = 00:00:00 . Memory (MB): peak = 3764.473 ; gain = 0.000 ; free physical = 8144 ; free virtual = 14553
Wrote PulsedLatchDB: Time (s): cpu = 00:00:00 ; elapsed = 00:00:00 . Memory (MB): peak = 3764.473 ; gain = 0.000 ; free physical = 8144 ; free virtual = 14553
Writing XDEF routing.
Writing XDEF routing logical nets.
Writing XDEF routing special nets.
Wrote RouteStorage: Time (s): cpu = 00:00:00.73 ; elapsed = 00:00:00.15 . Memory (MB): peak = 3764.473 ; gain = 0.000 ; free physical = 8136 ; free virtual = 14554
Write ShapeDB Complete: Time (s): cpu = 00:00:00.85 ; elapsed = 00:00:00.18 . Memory (MB): peak = 3764.473 ; gain = 0.000 ; free physical = 8123 ; free virtual = 14550
Wrote PlaceStorage: Time (s): cpu = 00:00:06 ; elapsed = 00:00:02 . Memory (MB): peak = 3764.473 ; gain = 0.000 ; free physical = 8042 ; free virtual = 14535
Wrote Netlist Cache: Time (s): cpu = 00:00:00.15 ; elapsed = 00:00:00.08 . Memory (MB): peak = 3764.473 ; gain = 0.000 ; free physical = 8034 ; free virtual = 14535
Wrote Device Cache: Time (s): cpu = 00:00:00.02 ; elapsed = 00:00:00.01 . Memory (MB): peak = 3764.473 ; gain = 0.000 ; free physical = 8034 ; free virtual = 14536
Write Physdb Complete: Time (s): cpu = 00:00:07 ; elapsed = 00:00:02 . Memory (MB): peak = 3764.473 ; gain = 0.000 ; free physical = 8034 ; free virtual = 14536
INFO: [Common 17-1381] The checkpoint '/home/eslam-elshokafy/Desktop/AIDAChip_Workshop_01/ztachip/HW/examples/ZC702/ztachip_zc702.runs/impl_1/main_zc702_placed.dcp' has been generated.
Command: phys_opt_design -directive Explore
Attempting to get a license for feature 'Implementation' and/or device 'xc7z020'
INFO: [Common 17-349] Got license for feature 'Implementation' and/or device 'xc7z020'
INFO: [Vivado_Tcl 4-137] Directive used for phys_opt_design is: Explore

Starting Initial Update Timing Task

Time (s): cpu = 00:00:27 ; elapsed = 00:00:06 . Memory (MB): peak = 3764.473 ; gain = 0.000 ; free physical = 8126 ; free virtual = 14564
INFO: [Vivado_Tcl 4-1435] PhysOpt_Tcl_Interface Runtime Before Starting Physical Synthesis Task | CPU: 27.45s |  WALL: 5.93s
Netlist sorting complete. Time (s): cpu = 00:00:00.01 ; elapsed = 00:00:00.02 . Memory (MB): peak = 3764.473 ; gain = 0.000 ; free physical = 8126 ; free virtual = 14564

Starting Physical Synthesis Task

Phase 1 Physical Synthesis Initialization
INFO: [Physopt 32-721] Multithreading enabled for phys_opt_design using a maximum of 8 CPUs
INFO: [Physopt 32-619] Estimated Timing Summary | WNS=-0.027 | TNS=-0.027 |
Phase 1 Physical Synthesis Initialization | Checksum: 16c2ee3c4

Time (s): cpu = 00:00:08 ; elapsed = 00:00:05 . Memory (MB): peak = 3764.473 ; gain = 0.000 ; free physical = 8131 ; free virtual = 14569

Phase 2 SLR Crossing Optimization
Phase 2 SLR Crossing Optimization | Checksum: 16c2ee3c4

Time (s): cpu = 00:00:08 ; elapsed = 00:00:05 . Memory (MB): peak = 3764.473 ; gain = 0.000 ; free physical = 8131 ; free virtual = 14569
INFO: [Physopt 32-619] Estimated Timing Summary | WNS=-0.027 | TNS=-0.027 |

Phase 3 Fanout Optimization
INFO: [Physopt 32-76] Pass 1. Identified 2 candidate nets for fanout optimization.
INFO: [Physopt 32-572] Net soc_base_inst/ztachip_inst/dp_1_i/dp0_i/dp_fetch_1_i/fifo_i/task_vm_r_i_2_n_0 was not replicated.
Resolution: phys_opt_design can be forced to replicate a net driver using the option -force_replication_on_nets <list of net objects>.
INFO: [Physopt 32-81] Processed net soc_base_inst/ztachip_inst/dp_1_i/dp0_i/dp_gen_core_i/dp_gen_primary_i/s_i0_r[0]. Replicated 2 times.
INFO: [Physopt 32-232] Optimized 1 net. Created 2 new instances.
INFO: [Physopt 32-775] End 1 Pass. Optimized 1 net or cell. Created 2 new cells, deleted 0 existing cell and moved 0 existing cell
INFO: [Physopt 32-619] Estimated Timing Summary | WNS=-0.027 | TNS=-0.027 |
Netlist sorting complete. Time (s): cpu = 00:00:00.04 ; elapsed = 00:00:00.03 . Memory (MB): peak = 3764.473 ; gain = 0.000 ; free physical = 8133 ; free virtual = 14571
Phase 3 Fanout Optimization | Checksum: 1bf74164e

Time (s): cpu = 00:00:12 ; elapsed = 00:00:07 . Memory (MB): peak = 3764.473 ; gain = 0.000 ; free physical = 8133 ; free virtual = 14571

Phase 4 Single Cell Placement Optimization
INFO: [Physopt 32-660] Identified 250 candidate nets for placement-based optimization.
INFO: [Physopt 32-662] Processed net soc_base_inst/ztachip_inst/dp_1_i/dp0_i/dp_fetch_1_i/fifo_i/task_vm_r_i_2_n_0.  Did not re-place instance soc_base_inst/ztachip_inst/dp_1_i/dp0_i/dp_fetch_1_i/fifo_i/task_vm_r_i_2
INFO: [Physopt 32-663] Processed net soc_base_inst/ztachip_inst/dp_1_i/dp0_i/dp_fetch_1_i/fifo_i/rdreq2_r_i_2_n_0.  Re-placed instance soc_base_inst/ztachip_inst/dp_1_i/dp0_i/dp_fetch_1_i/fifo_i/rdreq2_r_i_2
INFO: [Physopt 32-662] Processed net soc_base_inst/ztachip_inst/dp_1_i/dp0_i/dp_fetch_1_i/fifo_i/q2[56].  Did not re-place instance soc_base_inst/ztachip_inst/dp_1_i/dp0_i/dp_fetch_1_i/fifo_i/readdata2_r_reg[56]
INFO: [Physopt 32-662] Processed net soc_base_inst/ztachip_inst/dp_1_i/dp0_i/dp_fetch_1_i/fifo_i/rdreq1_r_i_10_n_0.  Did not re-place instance soc_base_inst/ztachip_inst/dp_1_i/dp0_i/dp_fetch_1_i/fifo_i/rdreq1_r_i_10
INFO: [Physopt 32-662] Processed net soc_base_inst/ztachip_inst/dp_1_i/dp0_i/dp_fetch_1_i/fifo_i/rdreq2_r_i_3_n_0.  Did not re-place instance soc_base_inst/ztachip_inst/dp_1_i/dp0_i/dp_fetch_1_i/fifo_i/rdreq2_r_i_3
INFO: [Physopt 32-663] Processed net soc_base_inst/ztachip_inst/dp_1_i/dp0_i/dp_fetch_1_i/fifo_i/source_bus_id_r[1][1]_i_11_n_0.  Re-placed instance soc_base_inst/ztachip_inst/dp_1_i/dp0_i/dp_fetch_1_i/fifo_i/source_bus_id_r[1][1]_i_11
INFO: [Physopt 32-662] Processed net soc_base_inst/ztachip_inst/dp_1_i/dp0_i/dp_fetch_1_i/fifo_i/rdreq2_r_i_10_n_0.  Did not re-place instance soc_base_inst/ztachip_inst/dp_1_i/dp0_i/dp_fetch_1_i/fifo_i/rdreq2_r_i_10
INFO: [Physopt 32-662] Processed net soc_base_inst/ztachip_inst/dp_1_i/dp0_i/dp_fetch_1_i/fifo_i/rdreq2_r_i_18_n_0.  Did not re-place instance soc_base_inst/ztachip_inst/dp_1_i/dp0_i/dp_fetch_1_i/fifo_i/rdreq2_r_i_18
INFO: [Physopt 32-662] Processed net soc_base_inst/ztachip_inst/dp_1_i/dp0_i/dp_fetch_1_i/fifo_i/rdreq2_r_i_4_n_0.  Did not re-place instance soc_base_inst/ztachip_inst/dp_1_i/dp0_i/dp_fetch_1_i/fifo_i/rdreq2_r_i_4
INFO: [Physopt 32-663] Processed net soc_base_inst/ztachip_inst/dp_1_i/dp0_i/dp_fetch_1_i/fifo_i/readdata1_r_reg[1617]_0[2].  Re-placed instance soc_base_inst/ztachip_inst/dp_1_i/dp0_i/dp_fetch_1_i/fifo_i/task_iregister_auto_r[2]_i_1
INFO: [Physopt 32-662] Processed net soc_base_inst/ztachip_inst/dp_1_i/dp0_i/dp_fetch_1_i/task_iregister_auto_r_reg[27]_0[2].  Did not re-place instance soc_base_inst/ztachip_inst/dp_1_i/dp0_i/dp_fetch_1_i/task_iregister_auto_r_reg[2]
INFO: [Physopt 32-662] Processed net soc_base_inst/ztachip_inst/dp_1_i/dp0_i/dp_fetch_1_i/fifo_i/q2[841].  Did not re-place instance soc_base_inst/ztachip_inst/dp_1_i/dp0_i/dp_fetch_1_i/fifo_i/readdata2_r_reg[841]
INFO: [Physopt 32-663] Processed net soc_base_inst/ztachip_inst/dp_1_i/dp0_i/dp_fetch_1_i/fifo_i/rdreq2_r_i_12_n_0.  Re-placed instance soc_base_inst/ztachip_inst/dp_1_i/dp0_i/dp_fetch_1_i/fifo_i/rdreq2_r_i_12
INFO: [Physopt 32-662] Processed net soc_base_inst/ztachip_inst/dp_1_i/dp0_i/dp_fetch_1_i/fifo_i/rdreq2_r_i_20_n_0.  Did not re-place instance soc_base_inst/ztachip_inst/dp_1_i/dp0_i/dp_fetch_1_i/fifo_i/rdreq2_r_i_20
INFO: [Physopt 32-662] Processed net soc_base_inst/ztachip_inst/dp_1_i/dp0_i/dp_fetch_1_i/fifo_i/rdreq2_r_i_5_n_0.  Did not re-place instance soc_base_inst/ztachip_inst/dp_1_i/dp0_i/dp_fetch_1_i/fifo_i/rdreq2_r_i_5
INFO: [Physopt 32-662] Processed net soc_base_inst/ztachip_inst/dp_1_i/dp0_i/dp_gen_core_i/dp_gen_primary_i/rd_ddr_burstlen[3].  Did not re-place instance soc_base_inst/ztachip_inst/dp_1_i/dp0_i/dp_gen_core_i/dp_gen_primary_i/read_pause_burstlen_r[3]_i_2
INFO: [Physopt 32-663] Processed net soc_base_inst/ztachip_inst/dp_1_i/dp0_i/dp_gen_core_i/dp_gen_primary_i/data_rrrr_reg[63]_0[0].  Re-placed instance soc_base_inst/ztachip_inst/dp_1_i/dp0_i/dp_gen_core_i/dp_gen_primary_i/read_record_write_r[0]_i_1
INFO: [Physopt 32-663] Processed net soc_base_inst/ztachip_inst/dp_1_i/dp0_i/dp_gen_core_i/dp_gen_primary_i/read_pause_burstlen_r[2]_i_4_n_0.  Re-placed instance soc_base_inst/ztachip_inst/dp_1_i/dp0_i/dp_gen_core_i/dp_gen_primary_i/read_pause_burstlen_r[2]_i_4
INFO: [Physopt 32-663] Processed net soc_base_inst/ztachip_inst/dp_1_i/dp0_i/dp_gen_core_i/dp_gen_primary_i/read_pause_burstlen_r[2]_i_9_n_0.  Re-placed instance soc_base_inst/ztachip_inst/dp_1_i/dp0_i/dp_gen_core_i/dp_gen_primary_i/read_pause_burstlen_r[2]_i_9
INFO: [Physopt 32-662] Processed net soc_base_inst/ztachip_inst/dp_1_i/dp0_i/dp_gen_core_i/dp_gen_primary_i/read_pause_burstlen_r[3]_i_4_n_0.  Did not re-place instance soc_base_inst/ztachip_inst/dp_1_i/dp0_i/dp_gen_core_i/dp_gen_primary_i/read_pause_burstlen_r[3]_i_4
INFO: [Physopt 32-662] Processed net soc_base_inst/ztachip_inst/dp_1_i/dp0_i/dp_gen_core_i/dp_gen_secondary_i/s_gen_addr_r_reg[31]_0[0].  Did not re-place instance soc_base_inst/ztachip_inst/dp_1_i/dp0_i/dp_gen_core_i/dp_gen_secondary_i/s_gen_addr_r_reg[0]
INFO: [Physopt 32-662] Processed net soc_base_inst/ztachip_inst/ddr_rx_i/read_request_r[0]_i_4_n_0.  Did not re-place instance soc_base_inst/ztachip_inst/ddr_rx_i/read_request_r[0]_i_4
INFO: [Physopt 32-663] Processed net soc_base_inst/ztachip_inst/dp_1_i/dp0_i/dp_gen_core_i/dp_gen_primary_i/read_pause_burstlen_r[2]_i_19_n_0.  Re-placed instance soc_base_inst/ztachip_inst/dp_1_i/dp0_i/dp_gen_core_i/dp_gen_primary_i/read_pause_burstlen_r[2]_i_19
INFO: [Physopt 32-663] Processed net soc_base_inst/ztachip_inst/dp_1_i/dp0_i/dp_gen_core_i/dp_gen_primary_i/read_pause_burstlen_r[3]_i_3_n_0.  Re-placed instance soc_base_inst/ztachip_inst/dp_1_i/dp0_i/dp_gen_core_i/dp_gen_primary_i/read_pause_burstlen_r[3]_i_3
INFO: [Physopt 32-662] Processed net soc_base_inst/ztachip_inst/ddr_rx_i/read_request_r_reg[12].  Did not re-place instance soc_base_inst/ztachip_inst/ddr_rx_i/read_request_r_reg[12]
INFO: [Physopt 32-662] Processed net soc_base_inst/ztachip_inst/ddr_rx_i/read_request_r_reg[9].  Did not re-place instance soc_base_inst/ztachip_inst/ddr_rx_i/read_request_r_reg[9]
INFO: [Physopt 32-663] Processed net soc_base_inst/axi_merge_inst/axi_merge_read_i/slave_i2/GEN1.slave_cmd_fifo/ram_i/E[0].  Re-placed instance soc_base_inst/axi_merge_inst/axi_merge_read_i/slave_i2/GEN1.slave_cmd_fifo/ram_i/xpm_memory_sdpram_inst_i_1__26
INFO: [Physopt 32-662] Processed net soc_base_inst/axi_split_dbus_i/GEN1.axi_split_read_i/read_ifc_i/GEN1.slave_cmd_fifo/ram_i/gen_wr_a.gen_word_narrow.mem_reg.  Did not re-place instance soc_base_inst/axi_split_dbus_i/GEN1.axi_split_read_i/read_ifc_i/GEN1.slave_cmd_fifo/ram_i/xpm_memory_sdpram_inst_i_18__14
INFO: [Physopt 32-663] Processed net soc_base_inst/axi_split_dbus_i/GEN1.axi_split_read_i/read_ifc_i/GEN1.slave_cmd_fifo/ram_i/xpm_memory_sdpram_inst_i_24__13_n_0.  Re-placed instance soc_base_inst/axi_split_dbus_i/GEN1.axi_split_read_i/read_ifc_i/GEN1.slave_cmd_fifo/ram_i/xpm_memory_sdpram_inst_i_24__13
INFO: [Physopt 32-662] Processed net soc_base_inst/axi_split_dbus_i/GEN1.axi_split_read_i/read_ifc_i/GEN1.slave_cmd_fifo/ram_i/full_r_reg_1[3].  Did not re-place instance soc_base_inst/axi_split_dbus_i/GEN1.axi_split_read_i/read_ifc_i/GEN1.slave_cmd_fifo/ram_i/xpm_memory_sdpram_inst_i_3__37
INFO: [Physopt 32-663] Processed net soc_base_inst/axi_split_dbus_i/GEN1.axi_split_read_i/read_ifc_i/GEN1.slave_cmd_fifo/ram_i/xpm_memory_sdpram_inst_i_27__11_n_0.  Re-placed instance soc_base_inst/axi_split_dbus_i/GEN1.axi_split_read_i/read_ifc_i/GEN1.slave_cmd_fifo/ram_i/xpm_memory_sdpram_inst_i_27__11
INFO: [Physopt 32-663] Processed net soc_base_inst/ztachip_inst/dp_1_i/dp0_i/dp_fetch_1_i/fifo_i/rdreq1_r_i_24_n_0.  Re-placed instance soc_base_inst/ztachip_inst/dp_1_i/dp0_i/dp_fetch_1_i/fifo_i/rdreq1_r_i_24
INFO: [Physopt 32-662] Processed net soc_base_inst/ztachip_inst/dp_1_i/dp0_i/dp_fetch_1_i/fifo_i/q2[842].  Did not re-place instance soc_base_inst/ztachip_inst/dp_1_i/dp0_i/dp_fetch_1_i/fifo_i/readdata2_r_reg[842]
INFO: [Physopt 32-663] Processed net soc_base_inst/ztachip_inst/dp_1_i/dp0_i/dp_fetch_1_i/fifo_i/readdata1_r_reg[1609]_0[8].  Re-placed instance soc_base_inst/ztachip_inst/dp_1_i/dp0_i/dp_fetch_1_i/fifo_i/task_start_addr_r[8]_i_1
INFO: [Physopt 32-662] Processed net soc_base_inst/ztachip_inst/dp_1_i/dp0_i/dp_fetch_1_i/task_start_addr_r_reg[10]_0[8].  Did not re-place instance soc_base_inst/ztachip_inst/dp_1_i/dp0_i/dp_fetch_1_i/task_start_addr_r_reg[8]
INFO: [Physopt 32-662] Processed net soc_base_inst/ztachip_inst/dp_1_i/dp0_i/dp_fetch_1_i/fifo_i/readdata1_r_reg[1631]_0[64].  Did not re-place instance soc_base_inst/ztachip_inst/dp_1_i/dp0_i/dp_fetch_1_i/fifo_i/readdata1_r_reg[1629]
INFO: [Physopt 32-662] Processed net soc_base_inst/ztachip_inst/dp_1_i/dp0_i/dp_fetch_1_i/fifo_i/rdreq1_r_i_2_n_0.  Did not re-place instance soc_base_inst/ztachip_inst/dp_1_i/dp0_i/dp_fetch_1_i/fifo_i/rdreq1_r_i_2
INFO: [Physopt 32-662] Processed net soc_base_inst/ztachip_inst/dp_1_i/dp0_i/dp_fetch_1_i/fifo_i/rdreq1_r_i_22_n_0.  Did not re-place instance soc_base_inst/ztachip_inst/dp_1_i/dp0_i/dp_fetch_1_i/fifo_i/rdreq1_r_i_22
INFO: [Physopt 32-663] Processed net soc_base_inst/ztachip_inst/dp_1_i/dp0_i/dp_fetch_1_i/fifo_i/rdreq1_r_i_33_n_0.  Re-placed instance soc_base_inst/ztachip_inst/dp_1_i/dp0_i/dp_fetch_1_i/fifo_i/rdreq1_r_i_33
INFO: [Physopt 32-662] Processed net soc_base_inst/ztachip_inst/dp_1_i/dp0_i/dp_fetch_1_i/fifo_i/rdreq1_r_i_8_n_0.  Did not re-place instance soc_base_inst/ztachip_inst/dp_1_i/dp0_i/dp_fetch_1_i/fifo_i/rdreq1_r_i_8
INFO: [Physopt 32-663] Processed net soc_base_inst/ztachip_inst/dp_1_i/dp0_i/dp_fetch_1_i/fifo_i/readdata1_r_reg[1609]_0[6].  Re-placed instance soc_base_inst/ztachip_inst/dp_1_i/dp0_i/dp_fetch_1_i/fifo_i/task_start_addr_r[6]_i_1
INFO: [Physopt 32-662] Processed net soc_base_inst/ztachip_inst/dp_1_i/dp0_i/dp_fetch_1_i/task_start_addr_r_reg[10]_0[6].  Did not re-place instance soc_base_inst/ztachip_inst/dp_1_i/dp0_i/dp_fetch_1_i/task_start_addr_r_reg[6]
INFO: [Physopt 32-662] Processed net soc_base_inst/ztachip_inst/ddr_rx_i/read_request_r_reg[11].  Did not re-place instance soc_base_inst/ztachip_inst/ddr_rx_i/read_request_r_reg[11]
INFO: [Physopt 32-662] Processed net soc_base_inst/ztachip_inst/core_i/GEN_CELL[0].cell_i/GEN_REG[1].GEN1.pcore_i/instr_decoder2_i/pre_iregister_auto_r_reg[12]_0[10].  Did not re-place instance soc_base_inst/ztachip_inst/core_i/GEN_CELL[0].cell_i/GEN_REG[1].GEN1.pcore_i/instr_decoder2_i/iregisters_r[3][10]_i_1__1
INFO: [Physopt 32-662] Processed net soc_base_inst/ztachip_inst/core_i/GEN_CELL[0].cell_i/GEN_REG[3].GEN1.pcore_i/instr_decoder2_i/iregisters_r_reg_n_0_[3][10].  Did not re-place instance soc_base_inst/ztachip_inst/core_i/GEN_CELL[0].cell_i/GEN_REG[3].GEN1.pcore_i/instr_decoder2_i/iregisters_r_reg[3][10]
INFO: [Physopt 32-663] Processed net soc_base_inst/ztachip_inst/dp_1_i/dp0_i/dp_fetch_1_i/fifo_i/readdata1_r_reg[1617]_0[13].  Re-placed instance soc_base_inst/ztachip_inst/dp_1_i/dp0_i/dp_fetch_1_i/fifo_i/task_iregister_auto_r[13]_i_1
INFO: [Physopt 32-662] Processed net soc_base_inst/ztachip_inst/dp_1_i/dp0_i/dp_fetch_1_i/task_iregister_auto_r_reg[27]_0[13].  Did not re-place instance soc_base_inst/ztachip_inst/dp_1_i/dp0_i/dp_fetch_1_i/task_iregister_auto_r_reg[13]
INFO: [Physopt 32-663] Processed net soc_base_inst/ztachip_inst/dp_1_i/dp0_i/dp_fetch_1_i/fifo_i/rdreq1_r_i_23_n_0.  Re-placed instance soc_base_inst/ztachip_inst/dp_1_i/dp0_i/dp_fetch_1_i/fifo_i/rdreq1_r_i_23
INFO: [Physopt 32-663] Processed net soc_base_inst/axi_merge_inst/axi_merge_read_i/slave_i2/GEN2.slave_resp_fifo/ram_i/raddr_r_reg[0].  Re-placed instance soc_base_inst/axi_merge_inst/axi_merge_read_i/slave_i2/GEN2.slave_resp_fifo/ram_i/xpm_memory_sdpram_inst_i_7__51
INFO: [Physopt 32-663] Processed net soc_base_inst/axi_merge_inst/axi_merge_read_i/slave_i2/slave_cmd_pend_fifo/ram_i/axislave_resp_fifo_rd1_out__0.  Re-placed instance soc_base_inst/axi_merge_inst/axi_merge_read_i/slave_i2/slave_cmd_pend_fifo/ram_i/xpm_memory_sdpram_inst_i_8__16
INFO: [Physopt 32-663] Processed net soc_base_inst/axi_merge_inst/axi_merge_read_i/slave_i2/slave_cmd_pend_fifo/ram_i/xpm_memory_sdpram_inst_i_13__13_n_0.  Re-placed instance soc_base_inst/axi_merge_inst/axi_merge_read_i/slave_i2/slave_cmd_pend_fifo/ram_i/xpm_memory_sdpram_inst_i_13__13
INFO: [Physopt 32-662] Processed net soc_base_inst/axi_merge_inst/axi_merge_read_i/slave_i2/GEN2.slave_resp_fifo/ram_i/D[4].  Did not re-place instance soc_base_inst/axi_merge_inst/axi_merge_read_i/slave_i2/GEN2.slave_resp_fifo/ram_i/xpm_memory_sdpram_inst_i_2__20
INFO: [Physopt 32-663] Processed net soc_base_inst/axi_merge_inst/axi_merge_read_i/slave_i2/slave_cmd_pend_fifo/ram_i/xpm_memory_sdpram_inst_i_15__13_n_0.  Re-placed instance soc_base_inst/axi_merge_inst/axi_merge_read_i/slave_i2/slave_cmd_pend_fifo/ram_i/xpm_memory_sdpram_inst_i_15__13
INFO: [Physopt 32-663] Processed net soc_base_inst/ztachip_inst/dp_1_i/dp0_i/dp_fetch_1_i/fifo_i/readdata1_r_reg[1621]_0[3].  Re-placed instance soc_base_inst/ztachip_inst/dp_1_i/dp0_i/dp_fetch_1_i/fifo_i/task_tid_mask_r[3]_i_1
INFO: [Physopt 32-662] Processed net soc_base_inst/ztachip_inst/dp_1_i/dp0_i/dp_fetch_1_i/task_tid_mask_r_reg[3]_0[3].  Did not re-place instance soc_base_inst/ztachip_inst/dp_1_i/dp0_i/dp_fetch_1_i/task_tid_mask_r_reg[3]
INFO: [Physopt 32-663] Processed net soc_base_inst/axi_merge_inst/axi_merge_write_i/pend_data_fifo_i/ram_i/read_in0_out.  Re-placed instance soc_base_inst/axi_merge_inst/axi_merge_write_i/pend_data_fifo_i/ram_i/xpm_memory_sdpram_inst_i_14__18
INFO: [Physopt 32-662] Processed net soc_base_inst/axi_merge_inst/axi_merge_write_i/slave_i2/GEN2.slave_data_fifo/ram_i/gen_wr_a.gen_word_narrow.mem_reg.  Did not re-place instance soc_base_inst/axi_merge_inst/axi_merge_write_i/slave_i2/GEN2.slave_data_fifo/ram_i/xpm_memory_sdpram_inst_i_82__6
INFO: [Physopt 32-662] Processed net soc_base_inst/axi_merge_inst/axi_merge_write_i/pend_data_fifo_i/ram_i/gen_wr_a.gen_word_narrow.mem_reg.  Did not re-place instance soc_base_inst/axi_merge_inst/axi_merge_write_i/pend_data_fifo_i/ram_i/xpm_memory_sdpram_inst_i_80__8
INFO: [Physopt 32-663] Processed net soc_base_inst/axi_merge_inst/axi_merge_write_i/GEN1_NO_RESIZE.slavew_i/GEN2.slave_data_fifo/ram_i/address_b[3].  Re-placed instance soc_base_inst/axi_merge_inst/axi_merge_write_i/GEN1_NO_RESIZE.slavew_i/GEN2.slave_data_fifo/ram_i/xpm_memory_sdpram_inst_i_7__24
INFO: [Physopt 32-662] Processed net soc_base_inst/axi_merge_inst/axi_merge_write_i/GEN1_NO_RESIZE.slavew_i/GEN2.slave_data_fifo/full_r_i_11__5_n_0.  Did not re-place instance soc_base_inst/axi_merge_inst/axi_merge_write_i/GEN1_NO_RESIZE.slavew_i/GEN2.slave_data_fifo/full_r_i_11__5
INFO: [Physopt 32-662] Processed net soc_base_inst/axi_merge_inst/axi_merge_write_i/GEN1_NO_RESIZE.slavew_i/GEN2.slave_data_fifo/full_r_i_1__18_n_0.  Did not re-place instance soc_base_inst/axi_merge_inst/axi_merge_write_i/GEN1_NO_RESIZE.slavew_i/GEN2.slave_data_fifo/full_r_i_1__18
INFO: [Physopt 32-662] Processed net soc_base_inst/axi_merge_inst/axi_merge_write_i/GEN1_NO_RESIZE.slavew_i/GEN2.slave_data_fifo/full_r_i_6__12_n_0.  Did not re-place instance soc_base_inst/axi_merge_inst/axi_merge_write_i/GEN1_NO_RESIZE.slavew_i/GEN2.slave_data_fifo/full_r_i_6__12
INFO: [Physopt 32-662] Processed net soc_base_inst/axi_merge_inst/axi_merge_write_i/GEN1_NO_RESIZE.slavew_i/GEN2.slave_data_fifo/full_r_reg_0.  Did not re-place instance soc_base_inst/axi_merge_inst/axi_merge_write_i/GEN1_NO_RESIZE.slavew_i/GEN2.slave_data_fifo/full_r_reg
INFO: [Physopt 32-663] Processed net soc_base_inst/ztachip_inst/dp_1_i/dp0_i/dp_fetch_1_i/fifo_i/readdata1_r_reg[1617]_0[27].  Re-placed instance soc_base_inst/ztachip_inst/dp_1_i/dp0_i/dp_fetch_1_i/fifo_i/task_iregister_auto_r[27]_i_1
INFO: [Physopt 32-662] Processed net soc_base_inst/ztachip_inst/dp_1_i/dp0_i/dp_fetch_1_i/task_iregister_auto_r_reg[27]_0[27].  Did not re-place instance soc_base_inst/ztachip_inst/dp_1_i/dp0_i/dp_fetch_1_i/task_iregister_auto_r_reg[27]
INFO: [Physopt 32-663] Processed net soc_base_inst/ztachip_inst/dp_1_i/dp0_i/dp_fetch_1_i/fifo_i/readdata1_r_reg[1609]_0[7].  Re-placed instance soc_base_inst/ztachip_inst/dp_1_i/dp0_i/dp_fetch_1_i/fifo_i/task_start_addr_r[7]_i_1
INFO: [Physopt 32-662] Processed net soc_base_inst/ztachip_inst/dp_1_i/dp0_i/dp_fetch_1_i/task_start_addr_r_reg[10]_0[7].  Did not re-place instance soc_base_inst/ztachip_inst/dp_1_i/dp0_i/dp_fetch_1_i/task_start_addr_r_reg[7]
INFO: [Physopt 32-662] Processed net soc_base_inst/ztachip_inst/ddr_rx_i/in[3].  Did not re-place instance soc_base_inst/ztachip_inst/ddr_rx_i/read_request_r[0]_i_2
INFO: [Physopt 32-662] Processed net soc_base_inst/ztachip_inst/dp_1_i/dp0_i/dp_fetch_1_i/fifo_i/q1[842].  Did not re-place instance soc_base_inst/ztachip_inst/dp_1_i/dp0_i/dp_fetch_1_i/fifo_i/readdata1_r_reg[842]
INFO: [Physopt 32-662] Processed net soc_base_inst/ztachip_inst/dp_1_i/dp0_i/dp_fetch_1_i/fifo_i/rdreq1_r_i_19_n_0.  Did not re-place instance soc_base_inst/ztachip_inst/dp_1_i/dp0_i/dp_fetch_1_i/fifo_i/rdreq1_r_i_19
INFO: [Physopt 32-662] Processed net soc_base_inst/ztachip_inst/dp_1_i/dp0_i/dp_fetch_1_i/fifo_i/rdreq1_r_i_31_n_0.  Did not re-place instance soc_base_inst/ztachip_inst/dp_1_i/dp0_i/dp_fetch_1_i/fifo_i/rdreq1_r_i_31
INFO: [Physopt 32-662] Processed net soc_base_inst/ztachip_inst/dp_1_i/dp0_i/dp_fetch_1_i/fifo_i/rdreq1_r_i_7_n_0.  Did not re-place instance soc_base_inst/ztachip_inst/dp_1_i/dp0_i/dp_fetch_1_i/fifo_i/rdreq1_r_i_7
INFO: [Physopt 32-663] Processed net soc_base_inst/ztachip_inst/dp_1_i/dp0_i/dp_fetch_1_i/fifo_i/readdata1_r_reg[1621]_0[1].  Re-placed instance soc_base_inst/ztachip_inst/dp_1_i/dp0_i/dp_fetch_1_i/fifo_i/task_tid_mask_r[1]_i_1
INFO: [Physopt 32-662] Processed net soc_base_inst/ztachip_inst/dp_1_i/dp0_i/dp_fetch_1_i/task_tid_mask_r_reg[3]_0[1].  Did not re-place instance soc_base_inst/ztachip_inst/dp_1_i/dp0_i/dp_fetch_1_i/task_tid_mask_r_reg[1]
INFO: [Physopt 32-663] Processed net soc_base_inst/ztachip_inst/dp_1_i/dp0_i/dp_fetch_1_i/fifo_i/readdata1_r_reg[1617]_0[19].  Re-placed instance soc_base_inst/ztachip_inst/dp_1_i/dp0_i/dp_fetch_1_i/fifo_i/task_iregister_auto_r[19]_i_1
INFO: [Physopt 32-662] Processed net soc_base_inst/ztachip_inst/dp_1_i/dp0_i/dp_fetch_1_i/task_iregister_auto_r_reg[27]_0[19].  Did not re-place instance soc_base_inst/ztachip_inst/dp_1_i/dp0_i/dp_fetch_1_i/task_iregister_auto_r_reg[19]
INFO: [Physopt 32-662] Processed net soc_base_inst/ztachip_inst/dp_1_i/dp0_i/dp_fetch_1_i/fifo_i/q2[57].  Did not re-place instance soc_base_inst/ztachip_inst/dp_1_i/dp0_i/dp_fetch_1_i/fifo_i/readdata2_r_reg[57]
INFO: [Physopt 32-663] Processed net soc_base_inst/ztachip_inst/dp_1_i/dp0_i/dp_fetch_1_i/new_cmd_is_safe_r_reg_n_0_[0][0].  Re-placed instance soc_base_inst/ztachip_inst/dp_1_i/dp0_i/dp_fetch_1_i/new_cmd_is_safe_r_reg[0][0]
INFO: [Physopt 32-662] Processed net soc_base_inst/ztachip_inst/dp_1_i/dp0_i/dp_fetch_1_i/fifo_i/rdreq2_r_i_13_n_0.  Did not re-place instance soc_base_inst/ztachip_inst/dp_1_i/dp0_i/dp_fetch_1_i/fifo_i/rdreq2_r_i_13
INFO: [Physopt 32-663] Processed net soc_base_inst/ztachip_inst/dp_1_i/dp0_i/dp_fetch_1_i/fifo_i/rdreq2_r_i_21_n_0.  Re-placed instance soc_base_inst/ztachip_inst/dp_1_i/dp0_i/dp_fetch_1_i/fifo_i/rdreq2_r_i_21
INFO: [Physopt 32-663] Processed net soc_base_inst/ztachip_inst/dp_1_i/dp0_i/dp_fetch_1_i/fifo_i/readdata1_r_reg[1609]_0[9].  Re-placed instance soc_base_inst/ztachip_inst/dp_1_i/dp0_i/dp_fetch_1_i/fifo_i/task_start_addr_r[9]_i_1
INFO: [Physopt 32-662] Processed net soc_base_inst/ztachip_inst/dp_1_i/dp0_i/dp_fetch_1_i/task_start_addr_r_reg[10]_0[9].  Did not re-place instance soc_base_inst/ztachip_inst/dp_1_i/dp0_i/dp_fetch_1_i/task_start_addr_r_reg[9]
INFO: [Physopt 32-663] Processed net soc_base_inst/ztachip_inst/dp_1_i/dp0_i/dp_fetch_1_i/fifo_i/rdreq1_r_i_28_n_0.  Re-placed instance soc_base_inst/ztachip_inst/dp_1_i/dp0_i/dp_fetch_1_i/fifo_i/rdreq1_r_i_28
INFO: [Physopt 32-662] Processed net soc_base_inst/ztachip_inst/dp_1_i/dp0_i/dp_fetch_1_i/fifo_i/task_vm_r_i_4_n_0.  Did not re-place instance soc_base_inst/ztachip_inst/dp_1_i/dp0_i/dp_fetch_1_i/fifo_i/task_vm_r_i_4
INFO: [Physopt 32-663] Processed net soc_base_inst/ztachip_inst/dp_1_i/dp0_i/dp_fetch_1_i/new_cmd_is_safe_r_reg_n_0_[1][2].  Re-placed instance soc_base_inst/ztachip_inst/dp_1_i/dp0_i/dp_fetch_1_i/new_cmd_is_safe_r_reg[1][2]
INFO: [Physopt 32-663] Processed net soc_base_inst/ztachip_inst/dp_1_i/dp0_i/dp_fetch_1_i/fifo_i/rdreq2_r_i_23_n_0.  Re-placed instance soc_base_inst/ztachip_inst/dp_1_i/dp0_i/dp_fetch_1_i/fifo_i/rdreq2_r_i_23
INFO: [Physopt 32-663] Processed net soc_base_inst/ztachip_inst/dp_1_i/dp0_i/dp_fetch_1_i/fifo_i/readdata1_r_reg[1614]_0[1].  Re-placed instance soc_base_inst/ztachip_inst/dp_1_i/dp0_i/dp_fetch_1_i/fifo_i/task_pcore_r[1]_i_1
INFO: [Physopt 32-662] Processed net soc_base_inst/ztachip_inst/dp_1_i/dp0_i/dp_fetch_1_i/task_pcore_r_reg[4]_0[1].  Did not re-place instance soc_base_inst/ztachip_inst/dp_1_i/dp0_i/dp_fetch_1_i/task_pcore_r_reg[1]
INFO: [Physopt 32-662] Processed net soc_base_inst/ztachip_inst/dp_1_i/dp0_i/dp_fetch_1_i/condition_vm0_busy_r_reg_n_0_[2].  Did not re-place instance soc_base_inst/ztachip_inst/dp_1_i/dp0_i/dp_fetch_1_i/condition_vm0_busy_r_reg[2]
INFO: [Physopt 32-663] Processed net soc_base_inst/ztachip_inst/dp_1_i/dp0_i/dp_fetch_1_i/fifo_i/rdreq1_r_i_21_n_0.  Re-placed instance soc_base_inst/ztachip_inst/dp_1_i/dp0_i/dp_fetch_1_i/fifo_i/rdreq1_r_i_21
INFO: [Physopt 32-662] Processed net soc_base_inst/ztachip_inst/dp_1_i/dp0_i/dp_fetch_1_i/fifo_i/rdreq1_r_i_32_n_0.  Did not re-place instance soc_base_inst/ztachip_inst/dp_1_i/dp0_i/dp_fetch_1_i/fifo_i/rdreq1_r_i_32
INFO: [Physopt 32-663] Processed net soc_base_inst/ztachip_inst/dp_1_i/dp0_i/dp_fetch_1_i/new_cmd_is_safe_r_reg_n_0_[2][2].  Re-placed instance soc_base_inst/ztachip_inst/dp_1_i/dp0_i/dp_fetch_1_i/new_cmd_is_safe_r_reg[2][2]
INFO: [Physopt 32-662] Processed net soc_base_inst/ztachip_inst/ddr_rx_i/read_request_r_reg[10].  Did not re-place instance soc_base_inst/ztachip_inst/ddr_rx_i/read_request_r_reg[10]
INFO: [Physopt 32-663] Processed net soc_base_inst/axi_split_dbus_i/GEN2.axi_split_write_i/pending_data_fifo/ram_i/axislave_wvalid_r_reg_0[0].  Re-placed instance soc_base_inst/axi_split_dbus_i/GEN2.axi_split_write_i/pending_data_fifo/ram_i/xpm_memory_sdpram_inst_i_8__29
INFO: [Physopt 32-662] Processed net soc_base_inst/axi_split_dbus_i/GEN2.axi_split_write_i/pending_data_fifo/ram_i/xpm_memory_sdpram_inst_i_9__33_n_0.  Did not re-place instance soc_base_inst/axi_split_dbus_i/GEN2.axi_split_write_i/pending_data_fifo/ram_i/xpm_memory_sdpram_inst_i_9__33
INFO: [Physopt 32-663] Processed net soc_base_inst/axi_split_dbus_i/GEN2.axi_split_write_i/write_fifo_i/GEN2.slave_data_fifo/ram_i/D[4].  Re-placed instance soc_base_inst/axi_split_dbus_i/GEN2.axi_split_write_i/write_fifo_i/GEN2.slave_data_fifo/ram_i/xpm_memory_sdpram_inst_i_2__62
INFO: [Physopt 32-662] Processed net soc_base_inst/axi_split_dbus_i/GEN2.axi_split_write_i/write_fifo_i/GEN2.slave_data_fifo/ram_i/empty_r_reg.  Did not re-place instance soc_base_inst/axi_split_dbus_i/GEN2.axi_split_write_i/write_fifo_i/GEN2.slave_data_fifo/ram_i/xpm_memory_sdpram_inst_i_7__52
INFO: [Physopt 32-662] Processed net soc_base_inst/axi_split_dbus_i/GEN2.axi_split_write_i/pending_resp_fifo/ram_i/aximaster0_wready_in.  Did not re-place instance soc_base_inst/axi_split_dbus_i/GEN2.axi_split_write_i/pending_resp_fifo/ram_i/xpm_memory_sdpram_inst_i_11__21
INFO: [Physopt 32-663] Processed net soc_base_inst/ztachip_inst/dp_1_i/dp0_i/dp_fetch_1_i/fifo_i/q1[57].  Re-placed instance soc_base_inst/ztachip_inst/dp_1_i/dp0_i/dp_fetch_1_i/fifo_i/readdata1_r_reg[57]
INFO: [Physopt 32-662] Processed net soc_base_inst/ztachip_inst/dp_1_i/dp0_i/dp_fetch_1_i/fifo_i/rdreq1_r_i_13_n_0.  Did not re-place instance soc_base_inst/ztachip_inst/dp_1_i/dp0_i/dp_fetch_1_i/fifo_i/rdreq1_r_i_13
INFO: [Physopt 32-663] Processed net soc_base_inst/ztachip_inst/dp_1_i/dp0_i/dp_fetch_1_i/fifo_i/rdreq1_r_i_29_n_0.  Re-placed instance soc_base_inst/ztachip_inst/dp_1_i/dp0_i/dp_fetch_1_i/fifo_i/rdreq1_r_i_29
INFO: [Physopt 32-662] Processed net soc_base_inst/ztachip_inst/dp_1_i/dp0_i/dp_fetch_1_i/fifo_i/rdreq1_r_i_4_n_0.  Did not re-place instance soc_base_inst/ztachip_inst/dp_1_i/dp0_i/dp_fetch_1_i/fifo_i/rdreq1_r_i_4
INFO: [Physopt 32-663] Processed net soc_base_inst/ztachip_inst/dp_1_i/dp0_i/dp_fetch_1_i/fifo_i/readdata1_r_reg[1617]_0[4].  Re-placed instance soc_base_inst/ztachip_inst/dp_1_i/dp0_i/dp_fetch_1_i/fifo_i/task_iregister_auto_r[4]_i_1
INFO: [Physopt 32-662] Processed net soc_base_inst/ztachip_inst/dp_1_i/dp0_i/dp_fetch_1_i/task_iregister_auto_r_reg[27]_0[4].  Did not re-place instance soc_base_inst/ztachip_inst/dp_1_i/dp0_i/dp_fetch_1_i/task_iregister_auto_r_reg[4]
INFO: [Physopt 32-662] Processed net soc_base_inst/ztachip_inst/dp_1_i/dp0_i/dp_fetch_1_i/new_cmd_is_safe_r_reg_n_0_[2][0].  Did not re-place instance soc_base_inst/ztachip_inst/dp_1_i/dp0_i/dp_fetch_1_i/new_cmd_is_safe_r_reg[2][0]
INFO: [Physopt 32-663] Processed net soc_base_inst/ztachip_inst/dp_1_i/dp0_i/dp_fetch_1_i/fifo_i/readdata1_r_reg[1623]_0[0].  Re-placed instance soc_base_inst/ztachip_inst/dp_1_i/dp0_i/dp_fetch_1_i/fifo_i/task_data_model_r[0]_i_1
INFO: [Physopt 32-662] Processed net soc_base_inst/ztachip_inst/dp_1_i/dp0_i/dp_fetch_1_i/task_data_model_r_reg[1]_0[0].  Did not re-place instance soc_base_inst/ztachip_inst/dp_1_i/dp0_i/dp_fetch_1_i/task_data_model_r_reg[0]
INFO: [Physopt 32-663] Processed net soc_base_inst/ztachip_inst/dp_1_i/dp0_i/dp_fetch_1_i/fifo_i/task_vm_r_i_6_n_0.  Re-placed instance soc_base_inst/ztachip_inst/dp_1_i/dp0_i/dp_fetch_1_i/fifo_i/task_vm_r_i_6
INFO: [Physopt 32-663] Processed net soc_base_inst/ztachip_inst/GEN1.fpu_i/B_fifo_i/ram_i/B_r[29]_i_4_n_0.  Re-placed instance soc_base_inst/ztachip_inst/GEN1.fpu_i/B_fifo_i/ram_i/B_r[29]_i_4
INFO: [Physopt 32-663] Processed net soc_base_inst/ztachip_inst/GEN1.fpu_i/B_fifo_i/ram_i/B_r[30]_i_5__0_n_0.  Re-placed instance soc_base_inst/ztachip_inst/GEN1.fpu_i/B_fifo_i/ram_i/B_r[30]_i_5__0
INFO: [Physopt 32-663] Processed net soc_base_inst/ztachip_inst/GEN1.fpu_i/B_fifo_i/ram_i/B_r[29]_i_7__0_n_0.  Re-placed instance soc_base_inst/ztachip_inst/GEN1.fpu_i/B_fifo_i/ram_i/B_r[29]_i_7__0
INFO: [Physopt 32-663] Processed net soc_base_inst/ztachip_inst/GEN1.fpu_i/B_fifo_i/ram_i/B_r[30]_i_9__0_n_0.  Re-placed instance soc_base_inst/ztachip_inst/GEN1.fpu_i/B_fifo_i/ram_i/B_r[30]_i_9__0
INFO: [Physopt 32-662] Processed net soc_base_inst/ztachip_inst/GEN1.fpu_i/B_fifo_i/ram_i/B_r[3]_i_5_n_0.  Did not re-place instance soc_base_inst/ztachip_inst/GEN1.fpu_i/B_fifo_i/ram_i/B_r[3]_i_5
INFO: [Physopt 32-662] Processed net soc_base_inst/ztachip_inst/GEN1.fpu_i/B_fifo_i/ram_i/fpu_instruction_r_reg[B][31][28].  Did not re-place instance soc_base_inst/ztachip_inst/GEN1.fpu_i/B_fifo_i/ram_i/B_r[28]_i_1__0
INFO: [Physopt 32-662] Processed net soc_base_inst/ztachip_inst/GEN1.fpu_i/falu_vector_i/GEN_FPU[1].falu_core_i/B_r[28].  Did not re-place instance soc_base_inst/ztachip_inst/GEN1.fpu_i/falu_vector_i/GEN_FPU[1].falu_core_i/B_r_reg[28]
INFO: [Physopt 32-663] Processed net soc_base_inst/ztachip_inst/dp_1_i/dp0_i/dp_fetch_1_i/fifo_i/readdata1_r_reg[1617]_0[6].  Re-placed instance soc_base_inst/ztachip_inst/dp_1_i/dp0_i/dp_fetch_1_i/fifo_i/task_iregister_auto_r[6]_i_1
INFO: [Physopt 32-662] Processed net soc_base_inst/ztachip_inst/ddr_rx_i/read_request_r_reg[8].  Did not re-place instance soc_base_inst/ztachip_inst/ddr_rx_i/read_request_r_reg[8]
INFO: [Physopt 32-662] Processed net soc_base_inst/ztachip_inst/dp_1_i/dp0_i/dp_fetch_1_i/task_iregister_auto_r_reg[27]_0[6].  Did not re-place instance soc_base_inst/ztachip_inst/dp_1_i/dp0_i/dp_fetch_1_i/task_iregister_auto_r_reg[6]
INFO: [Physopt 32-662] Processed net soc_base_inst/ztachip_inst/ddr_rx_i/read_request_r_reg[5].  Did not re-place instance soc_base_inst/ztachip_inst/ddr_rx_i/read_request_r_reg[5]
INFO: [Physopt 32-663] Processed net soc_base_inst/ztachip_inst/dp_1_i/dp0_i/dp_fetch_1_i/fifo_i/readdata1_r_reg[1609]_0[0].  Re-placed instance soc_base_inst/ztachip_inst/dp_1_i/dp0_i/dp_fetch_1_i/fifo_i/task_start_addr_r[0]_i_1
INFO: [Physopt 32-662] Processed net soc_base_inst/ztachip_inst/dp_1_i/dp0_i/dp_fetch_1_i/task_start_addr_r_reg[10]_0[0].  Did not re-place instance soc_base_inst/ztachip_inst/dp_1_i/dp0_i/dp_fetch_1_i/task_start_addr_r_reg[0]
INFO: [Physopt 32-662] Processed net soc_base_inst/ztachip_inst/dp_1_i/dp0_i/dp_fetch_1_i/condition_vm1_busy_r_reg_n_0_[3].  Did not re-place instance soc_base_inst/ztachip_inst/dp_1_i/dp0_i/dp_fetch_1_i/condition_vm1_busy_r_reg[3]
INFO: [Physopt 32-663] Processed net soc_base_inst/ztachip_inst/dp_1_i/dp0_i/dp_fetch_1_i/fifo_i/readdata1_r_reg[1614]_0[2].  Re-placed instance soc_base_inst/ztachip_inst/dp_1_i/dp0_i/dp_fetch_1_i/fifo_i/task_pcore_r[2]_i_1
INFO: [Physopt 32-662] Processed net soc_base_inst/ztachip_inst/dp_1_i/dp0_i/dp_fetch_1_i/task_pcore_r_reg[4]_0[2].  Did not re-place instance soc_base_inst/ztachip_inst/dp_1_i/dp0_i/dp_fetch_1_i/task_pcore_r_reg[2]
INFO: [Physopt 32-663] Processed net soc_base_inst/ztachip_inst/dp_1_i/dp0_i/dp_fetch_1_i/fifo_i/readdata1_r_reg[1609]_0[5].  Re-placed instance soc_base_inst/ztachip_inst/dp_1_i/dp0_i/dp_fetch_1_i/fifo_i/task_start_addr_r[5]_i_1
INFO: [Physopt 32-662] Processed net soc_base_inst/ztachip_inst/dp_1_i/dp0_i/dp_fetch_1_i/task_start_addr_r_reg[10]_0[5].  Did not re-place instance soc_base_inst/ztachip_inst/dp_1_i/dp0_i/dp_fetch_1_i/task_start_addr_r_reg[5]
INFO: [Physopt 32-662] Processed net soc_base_inst/ztachip_inst/core_i/GEN_CELL[0].cell_i/GEN_REG[1].GEN1.pcore_i/instr_decoder2_i/pre_iregister_auto_r_reg[12]_0[11].  Did not re-place instance soc_base_inst/ztachip_inst/core_i/GEN_CELL[0].cell_i/GEN_REG[1].GEN1.pcore_i/instr_decoder2_i/iregisters_r[3][11]_i_1__1
INFO: [Physopt 32-662] Processed net soc_base_inst/ztachip_inst/core_i/GEN_CELL[0].cell_i/GEN_REG[3].GEN1.pcore_i/instr_decoder2_i/iregisters_r_reg_n_0_[3][11].  Did not re-place instance soc_base_inst/ztachip_inst/core_i/GEN_CELL[0].cell_i/GEN_REG[3].GEN1.pcore_i/instr_decoder2_i/iregisters_r_reg[3][11]
INFO: [Physopt 32-663] Processed net soc_base_inst/ztachip_inst/dp_1_i/dp0_i/dp_fetch_1_i/fifo_i/readdata1_r_reg[1617]_0[17].  Re-placed instance soc_base_inst/ztachip_inst/dp_1_i/dp0_i/dp_fetch_1_i/fifo_i/task_iregister_auto_r[17]_i_1
INFO: [Physopt 32-662] Processed net soc_base_inst/ztachip_inst/dp_1_i/dp0_i/dp_fetch_1_i/task_iregister_auto_r_reg[27]_0[17].  Did not re-place instance soc_base_inst/ztachip_inst/dp_1_i/dp0_i/dp_fetch_1_i/task_iregister_auto_r_reg[17]
INFO: [Physopt 32-662] Processed net soc_base_inst/ztachip_inst/ddr_rx_i/read_request_r_reg[7].  Did not re-place instance soc_base_inst/ztachip_inst/ddr_rx_i/read_request_r_reg[7]
INFO: [Physopt 32-662] Processed net soc_base_inst/ztachip_inst/dp_1_i/dp0_i/dp_fetch_1_i/fifo_i/E[0].  Did not re-place instance soc_base_inst/ztachip_inst/dp_1_i/dp0_i/dp_fetch_1_i/fifo_i/xpm_memory_sdpram_inst_i_1__7
INFO: [Physopt 32-662] Processed net soc_base_inst/ztachip_inst/dp_1_i/dp0_i/dp_fetch_1_i/fifo_i/rdreq1_r_i_3_n_0.  Did not re-place instance soc_base_inst/ztachip_inst/dp_1_i/dp0_i/dp_fetch_1_i/fifo_i/rdreq1_r_i_3
INFO: [Physopt 32-663] Processed net soc_base_inst/ztachip_inst/dp_1_i/dp0_i/dp_fetch_1_i/fifo_i/readdata1_r_reg[1614]_0[4].  Re-placed instance soc_base_inst/ztachip_inst/dp_1_i/dp0_i/dp_fetch_1_i/fifo_i/task_pcore_r[4]_i_1
INFO: [Physopt 32-662] Processed net soc_base_inst/ztachip_inst/dp_1_i/dp0_i/dp_fetch_1_i/task_pcore_r_reg[4]_0[4].  Did not re-place instance soc_base_inst/ztachip_inst/dp_1_i/dp0_i/dp_fetch_1_i/task_pcore_r_reg[4]
INFO: [Physopt 32-662] Processed net soc_base_inst/ztachip_inst/dp_1_i/dp0_i/dp_fetch_1_i/new_cmd_is_safe_r_reg_n_0_[2][1].  Did not re-place instance soc_base_inst/ztachip_inst/dp_1_i/dp0_i/dp_fetch_1_i/new_cmd_is_safe_r_reg[2][1]
INFO: [Physopt 32-662] Processed net soc_base_inst/ztachip_inst/dp_1_i/dp0_i/dp_fetch_1_i/fifo_i/rdreq2_r_i_22_n_0.  Did not re-place instance soc_base_inst/ztachip_inst/dp_1_i/dp0_i/dp_fetch_1_i/fifo_i/rdreq2_r_i_22
INFO: [Physopt 32-663] Processed net soc_base_inst/ztachip_inst/dp_1_i/dp0_i/dp_fetch_1_i/fifo_i/readdata1_r_reg[1617]_0[15].  Re-placed instance soc_base_inst/ztachip_inst/dp_1_i/dp0_i/dp_fetch_1_i/fifo_i/task_iregister_auto_r[15]_i_1
INFO: [Physopt 32-662] Processed net soc_base_inst/ztachip_inst/dp_1_i/dp0_i/dp_fetch_1_i/task_iregister_auto_r_reg[27]_0[15].  Did not re-place instance soc_base_inst/ztachip_inst/dp_1_i/dp0_i/dp_fetch_1_i/task_iregister_auto_r_reg[15]
INFO: [Physopt 32-663] Processed net soc_base_inst/ztachip_inst/dp_1_i/dp0_i/dp_fetch_1_i/fifo_i/readdata1_r_reg[1609]_0[4].  Re-placed instance soc_base_inst/ztachip_inst/dp_1_i/dp0_i/dp_fetch_1_i/fifo_i/task_start_addr_r[4]_i_1
INFO: [Physopt 32-662] Processed net soc_base_inst/ztachip_inst/dp_1_i/dp0_i/dp_fetch_1_i/task_start_addr_r_reg[10]_0[4].  Did not re-place instance soc_base_inst/ztachip_inst/dp_1_i/dp0_i/dp_fetch_1_i/task_start_addr_r_reg[4]
INFO: [Physopt 32-662] Processed net soc_base_inst/ztachip_inst/core_i/GEN_CELL[0].cell_i/GEN_REG[1].GEN1.pcore_i/instr_decoder2_i/pre_iregister_auto_r_reg[12]_0[8].  Did not re-place instance soc_base_inst/ztachip_inst/core_i/GEN_CELL[0].cell_i/GEN_REG[1].GEN1.pcore_i/instr_decoder2_i/iregisters_r[3][8]_i_1__1
INFO: [Physopt 32-662] Processed net soc_base_inst/ztachip_inst/core_i/GEN_CELL[0].cell_i/GEN_REG[3].GEN1.pcore_i/instr_decoder2_i/iregisters_r_reg_n_0_[3][8].  Did not re-place instance soc_base_inst/ztachip_inst/core_i/GEN_CELL[0].cell_i/GEN_REG[3].GEN1.pcore_i/instr_decoder2_i/iregisters_r_reg[3][8]
INFO: [Physopt 32-663] Processed net soc_base_inst/ztachip_inst/dp_1_i/dp0_i/dp_fetch_1_i/fifo_i/readdata1_r_reg[1609]_0[10].  Re-placed instance soc_base_inst/ztachip_inst/dp_1_i/dp0_i/dp_fetch_1_i/fifo_i/task_start_addr_r[10]_i_1
INFO: [Physopt 32-663] Processed net soc_base_inst/ztachip_inst/dp_1_i/dp0_i/dp_fetch_1_i/fifo_i/readdata1_r_reg[1623]_0[1].  Re-placed instance soc_base_inst/ztachip_inst/dp_1_i/dp0_i/dp_fetch_1_i/fifo_i/task_data_model_r[1]_i_1
INFO: [Physopt 32-662] Processed net soc_base_inst/ztachip_inst/dp_1_i/dp0_i/dp_fetch_1_i/task_data_model_r_reg[1]_0[1].  Did not re-place instance soc_base_inst/ztachip_inst/dp_1_i/dp0_i/dp_fetch_1_i/task_data_model_r_reg[1]
INFO: [Physopt 32-662] Processed net soc_base_inst/ztachip_inst/dp_1_i/dp0_i/dp_fetch_1_i/task_start_addr_r_reg[10]_0[10].  Did not re-place instance soc_base_inst/ztachip_inst/dp_1_i/dp0_i/dp_fetch_1_i/task_start_addr_r_reg[10]
INFO: [Physopt 32-663] Processed net soc_base_inst/ztachip_inst/GEN1.fpu_i/Y_fifo_i/ram_i/Y_r[12]_i_5__0_n_0.  Re-placed instance soc_base_inst/ztachip_inst/GEN1.fpu_i/Y_fifo_i/ram_i/Y_r[12]_i_5__0
INFO: [Physopt 32-663] Processed net soc_base_inst/ztachip_inst/GEN1.fpu_i/Y_fifo_i/ram_i/Y_r[29]_i_7_n_0.  Re-placed instance soc_base_inst/ztachip_inst/GEN1.fpu_i/Y_fifo_i/ram_i/Y_r[29]_i_7
INFO: [Physopt 32-663] Processed net soc_base_inst/ztachip_inst/GEN1.fpu_i/Y_fifo_i/ram_i/Y_r[31]_i_9_n_0.  Re-placed instance soc_base_inst/ztachip_inst/GEN1.fpu_i/Y_fifo_i/ram_i/Y_r[31]_i_9
INFO: [Physopt 32-662] Processed net soc_base_inst/ztachip_inst/GEN1.fpu_i/Y_fifo_i/ram_i/Y_r[23]_i_3_n_0.  Did not re-place instance soc_base_inst/ztachip_inst/GEN1.fpu_i/Y_fifo_i/ram_i/Y_r[23]_i_3
INFO: [Physopt 32-662] Processed net soc_base_inst/ztachip_inst/GEN1.fpu_i/Y_fifo_i/ram_i/Y_r[23]_i_5__0_n_0.  Did not re-place instance soc_base_inst/ztachip_inst/GEN1.fpu_i/Y_fifo_i/ram_i/Y_r[23]_i_5__0
INFO: [Physopt 32-663] Processed net soc_base_inst/ztachip_inst/GEN1.fpu_i/Y_fifo_i/ram_i/Y_r[29]_i_9_n_0.  Re-placed instance soc_base_inst/ztachip_inst/GEN1.fpu_i/Y_fifo_i/ram_i/Y_r[29]_i_9
INFO: [Physopt 32-662] Processed net soc_base_inst/ztachip_inst/GEN1.fpu_i/Y_fifo_i/ram_i/gen_wr_a.gen_word_narrow.mem_reg_0[23].  Did not re-place instance soc_base_inst/ztachip_inst/GEN1.fpu_i/Y_fifo_i/ram_i/Y_r[23]_i_1__0
INFO: [Physopt 32-662] Processed net soc_base_inst/ztachip_inst/GEN1.fpu_i/falu_vector_i/GEN_FPU[1].falu_core_i/Y_r[23].  Did not re-place instance soc_base_inst/ztachip_inst/GEN1.fpu_i/falu_vector_i/GEN_FPU[1].falu_core_i/Y_r_reg[23]
INFO: [Physopt 32-662] Processed net soc_base_inst/axi_merge_inst/axi_merge_read_i/slave_i2/GEN2.slave_resp_fifo/full_r_i_1__10_n_0.  Did not re-place instance soc_base_inst/axi_merge_inst/axi_merge_read_i/slave_i2/GEN2.slave_resp_fifo/full_r_i_1__10
INFO: [Physopt 32-663] Processed net soc_base_inst/axi_merge_inst/axi_merge_read_i/slave_i2/GEN2.slave_resp_fifo/full_r_i_7__8_n_0.  Re-placed instance soc_base_inst/axi_merge_inst/axi_merge_read_i/slave_i2/GEN2.slave_resp_fifo/full_r_i_7__8
INFO: [Physopt 32-662] Processed net soc_base_inst/axi_merge_inst/axi_merge_read_i/slave_i2/GEN2.slave_resp_fifo/axislave_resp_fifo_full.  Did not re-place instance soc_base_inst/axi_merge_inst/axi_merge_read_i/slave_i2/GEN2.slave_resp_fifo/full_r_reg
INFO: [Physopt 32-662] Processed net soc_base_inst/ztachip_inst/core_i/GEN_CELL[0].cell_i/GEN_REG[1].GEN1.pcore_i/instr_decoder2_i/pre_iregister_auto_r_reg[12]_0[5].  Did not re-place instance soc_base_inst/ztachip_inst/core_i/GEN_CELL[0].cell_i/GEN_REG[1].GEN1.pcore_i/instr_decoder2_i/iregisters_r[3][5]_i_1__1
INFO: [Physopt 32-662] Processed net soc_base_inst/ztachip_inst/core_i/GEN_CELL[0].cell_i/GEN_REG[3].GEN1.pcore_i/instr_decoder2_i/iregisters_r_reg_n_0_[3][5].  Did not re-place instance soc_base_inst/ztachip_inst/core_i/GEN_CELL[0].cell_i/GEN_REG[3].GEN1.pcore_i/instr_decoder2_i/iregisters_r_reg[3][5]
INFO: [Physopt 32-662] Processed net soc_base_inst/ztachip_inst/dp_1_i/dp0_i/dp_fetch_1_i/fifo_i/q1[1627].  Did not re-place instance soc_base_inst/ztachip_inst/dp_1_i/dp0_i/dp_fetch_1_i/fifo_i/readdata1_r_reg[1627]
INFO: [Physopt 32-662] Processed net soc_base_inst/ztachip_inst/dp_1_i/dp0_i/dp_fetch_1_i/fifo_i/rdreq1_r_i_18_n_0.  Did not re-place instance soc_base_inst/ztachip_inst/dp_1_i/dp0_i/dp_fetch_1_i/fifo_i/rdreq1_r_i_18
INFO: [Physopt 32-663] Processed net soc_base_inst/ztachip_inst/dp_1_i/dp0_i/dp_fetch_1_i/fifo_i/rdreq1_r_i_5_n_0.  Re-placed instance soc_base_inst/ztachip_inst/dp_1_i/dp0_i/dp_fetch_1_i/fifo_i/rdreq1_r_i_5
INFO: [Physopt 32-663] Processed net soc_base_inst/ztachip_inst/dp_1_i/dp0_i/dp_fetch_1_i/fifo_i/readdata1_r_reg[1617]_0[23].  Re-placed instance soc_base_inst/ztachip_inst/dp_1_i/dp0_i/dp_fetch_1_i/fifo_i/task_iregister_auto_r[23]_i_1
INFO: [Physopt 32-662] Processed net soc_base_inst/ztachip_inst/dp_1_i/dp0_i/dp_fetch_1_i/task_iregister_auto_r_reg[27]_0[23].  Did not re-place instance soc_base_inst/ztachip_inst/dp_1_i/dp0_i/dp_fetch_1_i/task_iregister_auto_r_reg[23]
INFO: [Physopt 32-662] Processed net soc_base_inst/ztachip_inst/GEN1.fpu_i/B_fifo_i/ram_i/B_r[28]_i_4_n_0.  Did not re-place instance soc_base_inst/ztachip_inst/GEN1.fpu_i/B_fifo_i/ram_i/B_r[28]_i_4
INFO: [Physopt 32-663] Processed net soc_base_inst/ztachip_inst/GEN1.fpu_i/B_fifo_i/ram_i/B_r[30]_i_6_n_0.  Re-placed instance soc_base_inst/ztachip_inst/GEN1.fpu_i/B_fifo_i/ram_i/B_r[30]_i_6
INFO: [Physopt 32-663] Processed net soc_base_inst/ztachip_inst/GEN1.fpu_i/B_fifo_i/ram_i/B_r[22]_i_8_n_0.  Re-placed instance soc_base_inst/ztachip_inst/GEN1.fpu_i/B_fifo_i/ram_i/B_r[22]_i_8
INFO: [Physopt 32-662] Processed net soc_base_inst/ztachip_inst/GEN1.fpu_i/B_fifo_i/ram_i/B_r[28]_i_5_n_0.  Did not re-place instance soc_base_inst/ztachip_inst/GEN1.fpu_i/B_fifo_i/ram_i/B_r[28]_i_5
INFO: [Physopt 32-662] Processed net soc_base_inst/ztachip_inst/GEN1.fpu_i/B_fifo_i/ram_i/B_r[31]_i_3_n_0.  Did not re-place instance soc_base_inst/ztachip_inst/GEN1.fpu_i/B_fifo_i/ram_i/B_r[31]_i_3
INFO: [Physopt 32-663] Processed net soc_base_inst/ztachip_inst/GEN1.fpu_i/B_fifo_i/ram_i/B_r[31]_i_9__0_n_0.  Re-placed instance soc_base_inst/ztachip_inst/GEN1.fpu_i/B_fifo_i/ram_i/B_r[31]_i_9__0
INFO: [Physopt 32-662] Processed net soc_base_inst/ztachip_inst/GEN1.fpu_i/B_fifo_i/ram_i/fpu_instruction_r_reg[B][31][31].  Did not re-place instance soc_base_inst/ztachip_inst/GEN1.fpu_i/B_fifo_i/ram_i/B_r[31]_i_1
INFO: [Physopt 32-662] Processed net soc_base_inst/ztachip_inst/GEN1.fpu_i/falu_vector_i/GEN_FPU[1].falu_core_i/B_r[31].  Did not re-place instance soc_base_inst/ztachip_inst/GEN1.fpu_i/falu_vector_i/GEN_FPU[1].falu_core_i/B_r_reg[31]
INFO: [Physopt 32-662] Processed net soc_base_inst/ztachip_inst/dp_1_i/dp0_i/dp_fetch_1_i/new_cmd_is_safe_r_reg_n_0_[1][0].  Did not re-place instance soc_base_inst/ztachip_inst/dp_1_i/dp0_i/dp_fetch_1_i/new_cmd_is_safe_r_reg[1][0]
INFO: [Physopt 32-662] Processed net soc_base_inst/ztachip_inst/dp_1_i/dp0_i/dp_fetch_1_i/fifo_i/readdata1_r_reg[1617]_0[5].  Did not re-place instance soc_base_inst/ztachip_inst/dp_1_i/dp0_i/dp_fetch_1_i/fifo_i/task_iregister_auto_r[5]_i_1
INFO: [Physopt 32-662] Processed net soc_base_inst/ztachip_inst/dp_1_i/dp0_i/dp_fetch_1_i/task_iregister_auto_r_reg[27]_0[5].  Did not re-place instance soc_base_inst/ztachip_inst/dp_1_i/dp0_i/dp_fetch_1_i/task_iregister_auto_r_reg[5]
INFO: [Physopt 32-663] Processed net soc_base_inst/ztachip_inst/dp_1_i/dp0_i/dp_fetch_1_i/fifo_i/readdata1_r_reg[1617]_0[9].  Re-placed instance soc_base_inst/ztachip_inst/dp_1_i/dp0_i/dp_fetch_1_i/fifo_i/task_iregister_auto_r[9]_i_1
INFO: [Physopt 32-662] Processed net soc_base_inst/ztachip_inst/dp_1_i/dp0_i/dp_fetch_1_i/task_iregister_auto_r_reg[27]_0[9].  Did not re-place instance soc_base_inst/ztachip_inst/dp_1_i/dp0_i/dp_fetch_1_i/task_iregister_auto_r_reg[9]
INFO: [Physopt 32-662] Processed net soc_base_inst/ztachip_inst/GEN1.fpu_i/B_fifo_i/ram_i/B_r[30]_i_4_n_0.  Did not re-place instance soc_base_inst/ztachip_inst/GEN1.fpu_i/B_fifo_i/ram_i/B_r[30]_i_4
INFO: [Physopt 32-663] Processed net soc_base_inst/ztachip_inst/GEN1.fpu_i/B_fifo_i/ram_i/B_r[30]_i_8_n_0.  Re-placed instance soc_base_inst/ztachip_inst/GEN1.fpu_i/B_fifo_i/ram_i/B_r[30]_i_8
INFO: [Physopt 32-662] Processed net soc_base_inst/ztachip_inst/dp_1_i/dp0_i/dp_fetch_1_i/indication_i/waddr_r_reg[0].  Did not re-place instance soc_base_inst/ztachip_inst/dp_1_i/dp0_i/dp_fetch_1_i/indication_i/waddr_r_reg[0]
INFO: [Physopt 32-663] Processed net soc_base_inst/ztachip_inst/dp_1_i/dp0_i/dp_fetch_1_i/fifo_i/rdreq1_r_i_27_n_0.  Re-placed instance soc_base_inst/ztachip_inst/dp_1_i/dp0_i/dp_fetch_1_i/fifo_i/rdreq1_r_i_27
INFO: [Physopt 32-663] Processed net soc_base_inst/ztachip_inst/dp_1_i/dp0_i/dp_fetch_1_i/fifo_i/task_lockstep_0.  Re-placed instance soc_base_inst/ztachip_inst/dp_1_i/dp0_i/dp_fetch_1_i/fifo_i/task_lockstep_r_i_1
INFO: [Physopt 32-662] Processed net soc_base_inst/ztachip_inst/dp_1_i/dp0_i/dp_fetch_1_i/task_lockstep.  Did not re-place instance soc_base_inst/ztachip_inst/dp_1_i/dp0_i/dp_fetch_1_i/task_lockstep_r_reg
INFO: [Physopt 32-662] Processed net soc_base_inst/ztachip_inst/dp_1_i/dp0_i/dp_fetch_1_i/fifo_i/q1[1628].  Did not re-place instance soc_base_inst/ztachip_inst/dp_1_i/dp0_i/dp_fetch_1_i/fifo_i/readdata1_r_reg[1628]
INFO: [Physopt 32-663] Processed net soc_base_inst/ztachip_inst/dp_1_i/dp0_i/dp_fetch_1_i/fifo_i/rdreq2_r_i_15_n_0.  Re-placed instance soc_base_inst/ztachip_inst/dp_1_i/dp0_i/dp_fetch_1_i/fifo_i/rdreq2_r_i_15
INFO: [Physopt 32-663] Processed net soc_base_inst/ztachip_inst/dp_1_i/dp0_i/dp_fetch_1_i/fifo_i/rdreq2_r_i_24_n_0.  Re-placed instance soc_base_inst/ztachip_inst/dp_1_i/dp0_i/dp_fetch_1_i/fifo_i/rdreq2_r_i_24
INFO: [Physopt 32-663] Processed net soc_base_inst/ztachip_inst/dp_1_i/dp0_i/dp_fetch_1_i/fifo_i/rdreq2_r_i_6_n_0.  Re-placed instance soc_base_inst/ztachip_inst/dp_1_i/dp0_i/dp_fetch_1_i/fifo_i/rdreq2_r_i_6
INFO: [Physopt 32-663] Processed net soc_base_inst/ztachip_inst/dp_1_i/dp0_i/dp_fetch_1_i/fifo_i/readdata1_r_reg[1617]_0[22].  Re-placed instance soc_base_inst/ztachip_inst/dp_1_i/dp0_i/dp_fetch_1_i/fifo_i/task_iregister_auto_r[22]_i_1
INFO: [Physopt 32-662] Processed net soc_base_inst/ztachip_inst/dp_1_i/dp0_i/dp_fetch_1_i/task_iregister_auto_r_reg[27]_0[22].  Did not re-place instance soc_base_inst/ztachip_inst/dp_1_i/dp0_i/dp_fetch_1_i/task_iregister_auto_r_reg[22]
INFO: [Physopt 32-662] Processed net soc_base_inst/ztachip_inst/GEN1.fpu_i/B_fifo_i/ram_i/B_r[11]_i_3_n_0.  Did not re-place instance soc_base_inst/ztachip_inst/GEN1.fpu_i/B_fifo_i/ram_i/B_r[11]_i_3
INFO: [Physopt 32-662] Processed net soc_base_inst/ztachip_inst/GEN1.fpu_i/B_fifo_i/ram_i/B_r[11]_i_5_n_0.  Did not re-place instance soc_base_inst/ztachip_inst/GEN1.fpu_i/B_fifo_i/ram_i/B_r[11]_i_5
INFO: [Physopt 32-663] Processed net soc_base_inst/ztachip_inst/dp_1_i/dp0_i/dp_fetch_1_i/fifo_i/readdata1_r_reg[1609]_0[1].  Re-placed instance soc_base_inst/ztachip_inst/dp_1_i/dp0_i/dp_fetch_1_i/fifo_i/task_start_addr_r[1]_i_1
INFO: [Physopt 32-662] Processed net soc_base_inst/ztachip_inst/dp_1_i/dp0_i/dp_fetch_1_i/task_start_addr_r_reg[10]_0[1].  Did not re-place instance soc_base_inst/ztachip_inst/dp_1_i/dp0_i/dp_fetch_1_i/task_start_addr_r_reg[1]
INFO: [Physopt 32-663] Processed net soc_base_inst/ztachip_inst/dp_1_i/dp0_i/dp_fetch_1_i/fifo_i/GEN1.fifo_i/host_dp_writewait.  Re-placed instance soc_base_inst/ztachip_inst/dp_1_i/dp0_i/dp_fetch_1_i/fifo_i/GEN1.fifo_i/bus_write_r_i_2
INFO: [Physopt 32-662] Processed net soc_base_inst/ztachip_inst/dp_1_i/dp0_i/dp_fetch_1_i/bus_waddr_r_reg_n_0_[1].  Did not re-place instance soc_base_inst/ztachip_inst/dp_1_i/dp0_i/dp_fetch_1_i/bus_waddr_r_reg[1]
INFO: [Physopt 32-663] Processed net soc_base_inst/axi_split_dbus_i/GEN2.axi_split_write_i/pending_resp_fifo/ram_i/xpm_memory_sdpram_inst_i_18__13_n_0.  Re-placed instance soc_base_inst/axi_split_dbus_i/GEN2.axi_split_write_i/pending_resp_fifo/ram_i/xpm_memory_sdpram_inst_i_18__13
INFO: [Physopt 32-662] Processed net soc_base_inst/axi_split_dbus_i/GEN2.axi_split_write_i/pending_resp_fifo/ram_i/empty_r_reg.  Did not re-place instance soc_base_inst/axi_split_dbus_i/GEN2.axi_split_write_i/pending_resp_fifo/ram_i/xpm_memory_sdpram_inst_i_19__11
INFO: [Physopt 32-663] Processed net soc_base_inst/ztachip_inst/dp_1_i/dp0_i/dp_fetch_1_i/template_r[burst_max_len][25]_i_7_n_0.  Re-placed instance soc_base_inst/ztachip_inst/dp_1_i/dp0_i/dp_fetch_1_i/template_r[burst_max_len][25]_i_7
INFO: [Physopt 32-663] Processed net soc_base_inst/ztachip_inst/dp_1_i/dp0_i/dp_fetch_1_i/load_busid_r[3]_i_3_n_0.  Re-placed instance soc_base_inst/ztachip_inst/dp_1_i/dp0_i/dp_fetch_1_i/load_busid_r[3]_i_3
INFO: [Physopt 32-662] Processed net soc_base_inst/axi_split_dbus_i/GEN2.axi_split_write_i/pending_resp_fifo/ram_i/D[4].  Did not re-place instance soc_base_inst/axi_split_dbus_i/GEN2.axi_split_write_i/pending_resp_fifo/ram_i/xpm_memory_sdpram_inst_i_10__32
INFO: [Physopt 32-663] Processed net soc_base_inst/axi_split_dbus_i/GEN2.axi_split_write_i/pending_resp_fifo/ram_i/xpm_memory_sdpram_inst_i_22__13_n_0.  Re-placed instance soc_base_inst/axi_split_dbus_i/GEN2.axi_split_write_i/pending_resp_fifo/ram_i/xpm_memory_sdpram_inst_i_22__13
INFO: [Physopt 32-663] Processed net soc_base_inst/axi_split_dbus_i/GEN2.axi_split_write_i/pending_data_fifo/waddr_r_reg[4]_0.  Re-placed instance soc_base_inst/axi_split_dbus_i/GEN2.axi_split_write_i/pending_data_fifo/empty_r_i_5__6
INFO: [Physopt 32-662] Processed net soc_base_inst/axi_split_dbus_i/GEN2.axi_split_write_i/pending_resp_fifo/ram_i/waddr_r_reg[5].  Did not re-place instance soc_base_inst/axi_split_dbus_i/GEN2.axi_split_write_i/pending_resp_fifo/ram_i/empty_r_i_1__27
INFO: [Physopt 32-663] Processed net soc_base_inst/ztachip_inst/axilite_i/bus_write_r_reg_7.  Re-placed instance soc_base_inst/ztachip_inst/axilite_i/xpm_memory_sdpram_inst_i_27__15
INFO: [Physopt 32-663] Processed net soc_base_inst/ztachip_inst/dp_1_i/dp0_i/dp_fetch_1_i/fifo_i/readdata1_r_reg[1614]_0[3].  Re-placed instance soc_base_inst/ztachip_inst/dp_1_i/dp0_i/dp_fetch_1_i/fifo_i/task_pcore_r[3]_i_1
INFO: [Physopt 32-662] Processed net soc_base_inst/axi_split_dbus_i/GEN2.axi_split_write_i/pending_resp_fifo/empty_r_reg_0.  Did not re-place instance soc_base_inst/axi_split_dbus_i/GEN2.axi_split_write_i/pending_resp_fifo/empty_r_reg
INFO: [Physopt 32-662] Processed net soc_base_inst/ztachip_inst/dp_1_i/dp0_i/dp_fetch_1_i/task_pcore_r_reg[4]_0[3].  Did not re-place instance soc_base_inst/ztachip_inst/dp_1_i/dp0_i/dp_fetch_1_i/task_pcore_r_reg[3]
INFO: [Physopt 32-663] Processed net soc_base_inst/ztachip_inst/dp_1_i/dp0_i/dp_fetch_1_i/fifo_i/readdata1_r_reg[1617]_0[26].  Re-placed instance soc_base_inst/ztachip_inst/dp_1_i/dp0_i/dp_fetch_1_i/fifo_i/task_iregister_auto_r[26]_i_1
INFO: [Physopt 32-662] Processed net soc_base_inst/ztachip_inst/dp_1_i/dp0_i/dp_fetch_1_i/task_iregister_auto_r_reg[27]_0[26].  Did not re-place instance soc_base_inst/ztachip_inst/dp_1_i/dp0_i/dp_fetch_1_i/task_iregister_auto_r_reg[26]
INFO: [Physopt 32-663] Processed net soc_base_inst/ztachip_inst/dp_1_i/dp0_i/dp_fetch_1_i/fifo_i/readdata1_r_reg[1617]_0[12].  Re-placed instance soc_base_inst/ztachip_inst/dp_1_i/dp0_i/dp_fetch_1_i/fifo_i/task_iregister_auto_r[12]_i_1
INFO: [Physopt 32-662] Processed net soc_base_inst/ztachip_inst/dp_1_i/dp0_i/dp_fetch_1_i/task_iregister_auto_r_reg[27]_0[12].  Did not re-place instance soc_base_inst/ztachip_inst/dp_1_i/dp0_i/dp_fetch_1_i/task_iregister_auto_r_reg[12]
INFO: [Physopt 32-663] Processed net soc_base_inst/ztachip_inst/dp_1_i/dp0_i/dp_fetch_1_i/fifo_i/readdata1_r_reg[1617]_0[24].  Re-placed instance soc_base_inst/ztachip_inst/dp_1_i/dp0_i/dp_fetch_1_i/fifo_i/task_iregister_auto_r[24]_i_1
INFO: [Physopt 32-662] Processed net soc_base_inst/ztachip_inst/dp_1_i/dp0_i/dp_fetch_1_i/task_iregister_auto_r_reg[27]_0[24].  Did not re-place instance soc_base_inst/ztachip_inst/dp_1_i/dp0_i/dp_fetch_1_i/task_iregister_auto_r_reg[24]
INFO: [Physopt 32-663] Processed net soc_base_inst/ztachip_inst/dp_1_i/dp0_i/dp_fetch_1_i/fifo_i/readdata1_r_reg[1617]_0[0].  Re-placed instance soc_base_inst/ztachip_inst/dp_1_i/dp0_i/dp_fetch_1_i/fifo_i/task_iregister_auto_r[0]_i_1
INFO: [Physopt 32-662] Processed net soc_base_inst/ztachip_inst/dp_1_i/dp0_i/dp_fetch_1_i/task_iregister_auto_r_reg[27]_0[0].  Did not re-place instance soc_base_inst/ztachip_inst/dp_1_i/dp0_i/dp_fetch_1_i/task_iregister_auto_r_reg[0]
INFO: [Physopt 32-662] Processed net soc_base_inst/ztachip_inst/dp_1_i/dp0_i/dp_fetch_1_i/fifo_i/q2[1627].  Did not re-place instance soc_base_inst/ztachip_inst/dp_1_i/dp0_i/dp_fetch_1_i/fifo_i/readdata2_r_reg[1627]
INFO: [Physopt 32-662] Processed net soc_base_inst/ztachip_inst/dp_1_i/dp0_i/dp_fetch_1_i/fifo_i/rdreq2_r_i_7_n_0.  Did not re-place instance soc_base_inst/ztachip_inst/dp_1_i/dp0_i/dp_fetch_1_i/fifo_i/rdreq2_r_i_7
INFO: [Physopt 32-663] Processed net soc_base_inst/ztachip_inst/dp_1_i/dp0_i/dp_fetch_1_i/fifo_i/rdreq2_r_i_17_n_0.  Re-placed instance soc_base_inst/ztachip_inst/dp_1_i/dp0_i/dp_fetch_1_i/fifo_i/rdreq2_r_i_17
INFO: [Physopt 32-662] Processed net soc_base_inst/ztachip_inst/GEN1.fpu_i/B_fifo_i/ram_i/B_r[28]_i_6__0_n_0.  Did not re-place instance soc_base_inst/ztachip_inst/GEN1.fpu_i/B_fifo_i/ram_i/B_r[28]_i_6__0
INFO: [Physopt 32-663] Processed net soc_base_inst/ztachip_inst/dp_1_i/dp0_i/dp_fetch_1_i/fifo_i/readdata1_r_reg[1617]_0[21].  Re-placed instance soc_base_inst/ztachip_inst/dp_1_i/dp0_i/dp_fetch_1_i/fifo_i/task_iregister_auto_r[21]_i_1
INFO: [Physopt 32-662] Processed net soc_base_inst/ztachip_inst/dp_1_i/dp0_i/dp_fetch_1_i/task_iregister_auto_r_reg[27]_0[21].  Did not re-place instance soc_base_inst/ztachip_inst/dp_1_i/dp0_i/dp_fetch_1_i/task_iregister_auto_r_reg[21]
INFO: [Physopt 32-663] Processed net soc_base_inst/ztachip_inst/dp_1_i/dp0_i/dp_fetch_1_i/fifo_i/readdata1_r_reg[1617]_0[25].  Re-placed instance soc_base_inst/ztachip_inst/dp_1_i/dp0_i/dp_fetch_1_i/fifo_i/task_iregister_auto_r[25]_i_1
INFO: [Physopt 32-662] Processed net soc_base_inst/ztachip_inst/dp_1_i/dp0_i/dp_fetch_1_i/task_iregister_auto_r_reg[27]_0[25].  Did not re-place instance soc_base_inst/ztachip_inst/dp_1_i/dp0_i/dp_fetch_1_i/task_iregister_auto_r_reg[25]
INFO: [Physopt 32-663] Processed net soc_base_inst/ztachip_inst/dp_1_i/dp0_i/dp_fetch_1_i/fifo_i/readdata1_r_reg[1621]_0[0].  Re-placed instance soc_base_inst/ztachip_inst/dp_1_i/dp0_i/dp_fetch_1_i/fifo_i/task_tid_mask_r[0]_i_1
INFO: [Physopt 32-662] Processed net soc_base_inst/ztachip_inst/ddr_rx_i/read_request_r_reg[6].  Did not re-place instance soc_base_inst/ztachip_inst/ddr_rx_i/read_request_r_reg[6]
INFO: [Physopt 32-662] Processed net soc_base_inst/ztachip_inst/dp_1_i/dp0_i/dp_fetch_1_i/task_tid_mask_r_reg[3]_0[0].  Did not re-place instance soc_base_inst/ztachip_inst/dp_1_i/dp0_i/dp_fetch_1_i/task_tid_mask_r_reg[0]
INFO: [Physopt 32-663] Processed net soc_base_inst/ztachip_inst/core_i/GEN_CELL[0].cell_i/GEN_REG[1].GEN1.pcore_i/xregister_file_i/read_xreg_r_reg[255]_0[122].  Re-placed instance soc_base_inst/ztachip_inst/core_i/GEN_CELL[0].cell_i/GEN_REG[1].GEN1.pcore_i/xregister_file_i/read_xreg_r_reg[122]
INFO: [Physopt 32-662] Processed net soc_base_inst/ztachip_inst/dp_1_i/dp0_i/dp_fetch_1_i/fifo_i/rdreq1_r_i_11_n_0.  Did not re-place instance soc_base_inst/ztachip_inst/dp_1_i/dp0_i/dp_fetch_1_i/fifo_i/rdreq1_r_i_11
INFO: [Physopt 32-662] Processed net soc_base_inst/cpu_inst/system_cpu/dataCache_1/ways_1_tags_reg_i_50_n_0.  Did not re-place instance soc_base_inst/cpu_inst/system_cpu/dataCache_1/ways_1_tags_reg_i_50
INFO: [Physopt 32-663] Processed net soc_base_inst/cpu_inst/system_cpu/dataCache_1/zz_IBusCachedPlugin_iBusRsp_stages_1_output_m2sPipe_payload_reg[31][4].  Re-placed instance soc_base_inst/cpu_inst/system_cpu/dataCache_1/ways_1_tags_reg_i_7
INFO: [Physopt 32-662] Processed net soc_base_inst/cpu_inst/system_cpu/IBusCachedPlugin_cache/decode_to_execute_INSTRUCTION_reg[7].  Did not re-place instance soc_base_inst/cpu_inst/system_cpu/IBusCachedPlugin_cache/execute_to_memory_SHIFT_RIGHT[31]_i_5
INFO: [Physopt 32-663] Processed net soc_base_inst/cpu_inst/system_cpu/decode_to_execute_SRC2_CTRL[0].  Re-placed instance soc_base_inst/cpu_inst/system_cpu/decode_to_execute_SRC2_CTRL_reg[0]
INFO: [Physopt 32-662] Processed net soc_base_inst/cpu_inst/system_cpu/IBusCachedPlugin_cache/decode_to_execute_BRANCH_CTRL_reg[1].  Did not re-place instance soc_base_inst/cpu_inst/system_cpu/IBusCachedPlugin_cache/ways_1_tags_reg_i_47
INFO: [Physopt 32-662] Processed net soc_base_inst/cpu_inst/system_cpu/IBusCachedPlugin_cache/decode_to_execute_SRC2_FORCE_ZERO_reg.  Did not re-place instance soc_base_inst/cpu_inst/system_cpu/IBusCachedPlugin_cache/execute_to_memory_REGFILE_WRITE_DATA[0]_i_3
INFO: [Physopt 32-663] Processed net soc_base_inst/cpu_inst/system_cpu/dataCache_1/ways_0_data_symbol0_reg_i_27_n_0.  Re-placed instance soc_base_inst/cpu_inst/system_cpu/dataCache_1/ways_0_data_symbol0_reg_i_27
INFO: [Physopt 32-663] Processed net soc_base_inst/cpu_inst/system_cpu/dataCache_1/ways_1_tags_reg_i_39_n_0.  Re-placed instance soc_base_inst/cpu_inst/system_cpu/dataCache_1/ways_1_tags_reg_i_39
INFO: [Physopt 32-662] Processed net soc_base_inst/ztachip_inst/dp_1_i/dp0_i/dp_fetch_1_i/fifo_i/q1[56].  Did not re-place instance soc_base_inst/ztachip_inst/dp_1_i/dp0_i/dp_fetch_1_i/fifo_i/readdata1_r_reg[56]
INFO: [Physopt 32-662] Processed net soc_base_inst/ztachip_inst/dp_1_i/dp0_i/dp_fetch_1_i/p_0_in1_in.  Did not re-place instance soc_base_inst/ztachip_inst/dp_1_i/dp0_i/dp_fetch_1_i/condition_vm1_busy_r_reg[1]
INFO: [Physopt 32-662] Processed net soc_base_inst/ztachip_inst/GEN1.fpu_i/B_fifo_i/ram_i/fpu_instruction_r_reg[B][31][27].  Did not re-place instance soc_base_inst/ztachip_inst/GEN1.fpu_i/B_fifo_i/ram_i/B_r[27]_i_1__0
INFO: [Physopt 32-662] Processed net soc_base_inst/ztachip_inst/GEN1.fpu_i/falu_vector_i/GEN_FPU[1].falu_core_i/B_r[27].  Did not re-place instance soc_base_inst/ztachip_inst/GEN1.fpu_i/falu_vector_i/GEN_FPU[1].falu_core_i/B_r_reg[27]
INFO: [Physopt 32-663] Processed net soc_base_inst/cpu_inst/system_cpu/dataCache_1/zz_IBusCachedPlugin_iBusRsp_stages_1_output_m2sPipe_payload_reg[31][3].  Re-placed instance soc_base_inst/cpu_inst/system_cpu/dataCache_1/ways_1_tags_reg_i_8
INFO: [Common 17-14] Message 'Physopt 32-663' appears 100 times and further instances of the messages will be disabled. Use the Tcl command set_msg_config to change the current settings.
INFO: [Physopt 32-662] Processed net soc_base_inst/cpu_inst/system_cpu/dataCache_1/ways_1_tags_reg_i_42_n_0.  Did not re-place instance soc_base_inst/cpu_inst/system_cpu/dataCache_1/ways_1_tags_reg_i_42
INFO: [Physopt 32-662] Processed net soc_base_inst/ztachip_inst/GEN1.fpu_i/B_fifo_i/ram_i/fpu_instruction_r_reg[B][31][29].  Did not re-place instance soc_base_inst/ztachip_inst/GEN1.fpu_i/B_fifo_i/ram_i/B_r[29]_i_1__0
INFO: [Physopt 32-662] Processed net soc_base_inst/ztachip_inst/GEN1.fpu_i/falu_vector_i/GEN_FPU[1].falu_core_i/B_r[29].  Did not re-place instance soc_base_inst/ztachip_inst/GEN1.fpu_i/falu_vector_i/GEN_FPU[1].falu_core_i/B_r_reg[29]
INFO: [Physopt 32-662] Processed net soc_base_inst/ztachip_inst/dp_1_i/dp0_i/dp_fetch_1_i/task_iregister_auto_r_reg[27]_0[3].  Did not re-place instance soc_base_inst/ztachip_inst/dp_1_i/dp0_i/dp_fetch_1_i/task_iregister_auto_r_reg[3]
INFO: [Physopt 32-662] Processed net soc_base_inst/ztachip_inst/ddr_rx_i/read_request_r_reg[4].  Did not re-place instance soc_base_inst/ztachip_inst/ddr_rx_i/read_request_r_reg[4]
INFO: [Physopt 32-662] Processed net soc_base_inst/ztachip_inst/dp_1_i/dp0_i/dp_fetch_1_i/condition_vm1_busy_r_reg_n_0_[2].  Did not re-place instance soc_base_inst/ztachip_inst/dp_1_i/dp0_i/dp_fetch_1_i/condition_vm1_busy_r_reg[2]
INFO: [Physopt 32-661] Optimized 102 nets.  Re-placed 102 instances.
INFO: [Physopt 32-775] End 1 Pass. Optimized 102 nets or cells. Created 0 new cell, deleted 0 existing cell and moved 102 existing cells
INFO: [Physopt 32-619] Estimated Timing Summary | WNS=0.000 | TNS=0.000 |
Netlist sorting complete. Time (s): cpu = 00:00:00.03 ; elapsed = 00:00:00.02 . Memory (MB): peak = 3764.473 ; gain = 0.000 ; free physical = 8133 ; free virtual = 14572
Phase 4 Single Cell Placement Optimization | Checksum: 1f24f0b3d

Time (s): cpu = 00:00:56 ; elapsed = 00:00:13 . Memory (MB): peak = 3764.473 ; gain = 0.000 ; free physical = 8133 ; free virtual = 14572

Phase 5 Multi Cell Placement Optimization
INFO: [Physopt 32-660] Identified 8 candidate nets for placement-based optimization.
INFO: [Physopt 32-661] Optimized 0 net.  Re-placed 0 instance.
INFO: [Physopt 32-775] End 1 Pass. Optimized 0 net or cell. Created 0 new cell, deleted 0 existing cell and moved 0 existing cell
Phase 5 Multi Cell Placement Optimization | Checksum: 1f24f0b3d

Time (s): cpu = 00:00:57 ; elapsed = 00:00:14 . Memory (MB): peak = 3764.473 ; gain = 0.000 ; free physical = 8133 ; free virtual = 14572

Phase 6 Rewire
INFO: [Physopt 32-246] Starting Signal Push optimization...
INFO: [Physopt 32-241] No nets found for rewiring () optimization.
INFO: [Physopt 32-232] Optimized 0 net. Created 0 new instance.
INFO: [Physopt 32-775] End 1 Pass. Optimized 0 net or cell. Created 0 new cell, deleted 0 existing cell and moved 0 existing cell
Netlist sorting complete. Time (s): cpu = 00:00:00.01 ; elapsed = 00:00:00.01 . Memory (MB): peak = 3764.473 ; gain = 0.000 ; free physical = 8133 ; free virtual = 14572
Phase 6 Rewire | Checksum: 1f24f0b3d

Time (s): cpu = 00:00:57 ; elapsed = 00:00:14 . Memory (MB): peak = 3764.473 ; gain = 0.000 ; free physical = 8133 ; free virtual = 14572

Phase 7 Critical Cell Optimization
INFO: [Physopt 32-68] No nets found for critical-cell optimization.
INFO: [Physopt 32-232] Optimized 0 net. Created 0 new instance.
INFO: [Physopt 32-775] End 1 Pass. Optimized 0 net or cell. Created 0 new cell, deleted 0 existing cell and moved 0 existing cell
Phase 7 Critical Cell Optimization | Checksum: 1f24f0b3d

Time (s): cpu = 00:00:57 ; elapsed = 00:00:14 . Memory (MB): peak = 3764.473 ; gain = 0.000 ; free physical = 8133 ; free virtual = 14572

Phase 8 Fanout Optimization
INFO: [Physopt 32-64] No nets found for fanout-optimization.
INFO: [Physopt 32-232] Optimized 0 net. Created 0 new instance.
INFO: [Physopt 32-775] End 1 Pass. Optimized 0 net or cell. Created 0 new cell, deleted 0 existing cell and moved 0 existing cell
Phase 8 Fanout Optimization | Checksum: 1f24f0b3d

Time (s): cpu = 00:00:57 ; elapsed = 00:00:14 . Memory (MB): peak = 3764.473 ; gain = 0.000 ; free physical = 8133 ; free virtual = 14572

Phase 9 Single Cell Placement Optimization
INFO: [Physopt 32-660] Identified 8 candidate nets for placement-based optimization.
INFO: [Physopt 32-662] Processed net soc_base_inst/ztachip_inst/core_i/GEN_CELL[0].cell_i/GEN_REG[1].GEN1.pcore_i/instr_decoder2_i/pre_iregister_auto_r_reg[12]_0[10].  Did not re-place instance soc_base_inst/ztachip_inst/core_i/GEN_CELL[0].cell_i/GEN_REG[1].GEN1.pcore_i/instr_decoder2_i/iregisters_r[3][10]_i_1__1
INFO: [Physopt 32-662] Processed net soc_base_inst/ztachip_inst/core_i/GEN_CELL[0].cell_i/GEN_REG[3].GEN1.pcore_i/instr_decoder2_i/iregisters_r_reg_n_0_[3][10].  Did not re-place instance soc_base_inst/ztachip_inst/core_i/GEN_CELL[0].cell_i/GEN_REG[3].GEN1.pcore_i/instr_decoder2_i/iregisters_r_reg[3][10]
INFO: [Physopt 32-662] Processed net soc_base_inst/ztachip_inst/core_i/GEN_CELL[0].cell_i/GEN_REG[1].GEN1.pcore_i/instr_decoder2_i/pre_iregister_auto_r_reg[12]_0[11].  Did not re-place instance soc_base_inst/ztachip_inst/core_i/GEN_CELL[0].cell_i/GEN_REG[1].GEN1.pcore_i/instr_decoder2_i/iregisters_r[3][11]_i_1__1
INFO: [Physopt 32-662] Processed net soc_base_inst/ztachip_inst/core_i/GEN_CELL[0].cell_i/GEN_REG[3].GEN1.pcore_i/instr_decoder2_i/iregisters_r_reg_n_0_[3][11].  Did not re-place instance soc_base_inst/ztachip_inst/core_i/GEN_CELL[0].cell_i/GEN_REG[3].GEN1.pcore_i/instr_decoder2_i/iregisters_r_reg[3][11]
INFO: [Physopt 32-662] Processed net soc_base_inst/ztachip_inst/core_i/GEN_CELL[0].cell_i/GEN_REG[1].GEN1.pcore_i/instr_decoder2_i/pre_iregister_auto_r_reg[12]_0[8].  Did not re-place instance soc_base_inst/ztachip_inst/core_i/GEN_CELL[0].cell_i/GEN_REG[1].GEN1.pcore_i/instr_decoder2_i/iregisters_r[3][8]_i_1__1
INFO: [Physopt 32-662] Processed net soc_base_inst/ztachip_inst/core_i/GEN_CELL[0].cell_i/GEN_REG[3].GEN1.pcore_i/instr_decoder2_i/iregisters_r_reg_n_0_[3][8].  Did not re-place instance soc_base_inst/ztachip_inst/core_i/GEN_CELL[0].cell_i/GEN_REG[3].GEN1.pcore_i/instr_decoder2_i/iregisters_r_reg[3][8]
INFO: [Physopt 32-662] Processed net soc_base_inst/ztachip_inst/core_i/GEN_CELL[0].cell_i/GEN_REG[1].GEN1.pcore_i/instr_decoder2_i/pre_iregister_auto_r_reg[12]_0[5].  Did not re-place instance soc_base_inst/ztachip_inst/core_i/GEN_CELL[0].cell_i/GEN_REG[1].GEN1.pcore_i/instr_decoder2_i/iregisters_r[3][5]_i_1__1
INFO: [Physopt 32-662] Processed net soc_base_inst/ztachip_inst/core_i/GEN_CELL[0].cell_i/GEN_REG[3].GEN1.pcore_i/instr_decoder2_i/iregisters_r_reg_n_0_[3][5].  Did not re-place instance soc_base_inst/ztachip_inst/core_i/GEN_CELL[0].cell_i/GEN_REG[3].GEN1.pcore_i/instr_decoder2_i/iregisters_r_reg[3][5]
INFO: [Physopt 32-661] Optimized 0 net.  Re-placed 0 instance.
INFO: [Physopt 32-775] End 1 Pass. Optimized 0 net or cell. Created 0 new cell, deleted 0 existing cell and moved 0 existing cell
Netlist sorting complete. Time (s): cpu = 00:00:00.01 ; elapsed = 00:00:00.02 . Memory (MB): peak = 3764.473 ; gain = 0.000 ; free physical = 8133 ; free virtual = 14571
Phase 9 Single Cell Placement Optimization | Checksum: 1ca2d7569

Time (s): cpu = 00:00:59 ; elapsed = 00:00:15 . Memory (MB): peak = 3764.473 ; gain = 0.000 ; free physical = 8133 ; free virtual = 14571

Phase 10 Multi Cell Placement Optimization
INFO: [Physopt 32-660] Identified 8 candidate nets for placement-based optimization.
INFO: [Physopt 32-661] Optimized 0 net.  Re-placed 0 instance.
INFO: [Physopt 32-775] End 1 Pass. Optimized 0 net or cell. Created 0 new cell, deleted 0 existing cell and moved 0 existing cell
Phase 10 Multi Cell Placement Optimization | Checksum: 1ca2d7569

Time (s): cpu = 00:00:59 ; elapsed = 00:00:15 . Memory (MB): peak = 3764.473 ; gain = 0.000 ; free physical = 8133 ; free virtual = 14571

Phase 11 Rewire
INFO: [Physopt 32-246] Starting Signal Push optimization...
INFO: [Physopt 32-241] No nets found for rewiring () optimization.
INFO: [Physopt 32-232] Optimized 0 net. Created 0 new instance.
INFO: [Physopt 32-775] End 1 Pass. Optimized 0 net or cell. Created 0 new cell, deleted 0 existing cell and moved 0 existing cell
Netlist sorting complete. Time (s): cpu = 00:00:00.02 ; elapsed = 00:00:00.02 . Memory (MB): peak = 3764.473 ; gain = 0.000 ; free physical = 8133 ; free virtual = 14571
Phase 11 Rewire | Checksum: 1ca2d7569

Time (s): cpu = 00:00:59 ; elapsed = 00:00:15 . Memory (MB): peak = 3764.473 ; gain = 0.000 ; free physical = 8133 ; free virtual = 14571

Phase 12 Critical Cell Optimization
INFO: [Physopt 32-68] No nets found for critical-cell optimization.
INFO: [Physopt 32-232] Optimized 0 net. Created 0 new instance.
INFO: [Physopt 32-775] End 1 Pass. Optimized 0 net or cell. Created 0 new cell, deleted 0 existing cell and moved 0 existing cell
Phase 12 Critical Cell Optimization | Checksum: 1ca2d7569

Time (s): cpu = 00:01:00 ; elapsed = 00:00:15 . Memory (MB): peak = 3764.473 ; gain = 0.000 ; free physical = 8133 ; free virtual = 14571

Phase 13 SLR Crossing Optimization
Phase 13 SLR Crossing Optimization | Checksum: 1ca2d7569

Time (s): cpu = 00:01:00 ; elapsed = 00:00:15 . Memory (MB): peak = 3764.473 ; gain = 0.000 ; free physical = 8133 ; free virtual = 14571

Phase 14 Fanout Optimization
INFO: [Physopt 32-64] No nets found for fanout-optimization.
INFO: [Physopt 32-232] Optimized 0 net. Created 0 new instance.
INFO: [Physopt 32-775] End 1 Pass. Optimized 0 net or cell. Created 0 new cell, deleted 0 existing cell and moved 0 existing cell
Phase 14 Fanout Optimization | Checksum: 1ca2d7569

Time (s): cpu = 00:01:00 ; elapsed = 00:00:16 . Memory (MB): peak = 3764.473 ; gain = 0.000 ; free physical = 8133 ; free virtual = 14571

Phase 15 Single Cell Placement Optimization
INFO: [Physopt 32-660] Identified 8 candidate nets for placement-based optimization.
INFO: [Physopt 32-662] Processed net soc_base_inst/ztachip_inst/core_i/GEN_CELL[0].cell_i/GEN_REG[1].GEN1.pcore_i/instr_decoder2_i/pre_iregister_auto_r_reg[12]_0[10].  Did not re-place instance soc_base_inst/ztachip_inst/core_i/GEN_CELL[0].cell_i/GEN_REG[1].GEN1.pcore_i/instr_decoder2_i/iregisters_r[3][10]_i_1__1
INFO: [Physopt 32-662] Processed net soc_base_inst/ztachip_inst/core_i/GEN_CELL[0].cell_i/GEN_REG[3].GEN1.pcore_i/instr_decoder2_i/iregisters_r_reg_n_0_[3][10].  Did not re-place instance soc_base_inst/ztachip_inst/core_i/GEN_CELL[0].cell_i/GEN_REG[3].GEN1.pcore_i/instr_decoder2_i/iregisters_r_reg[3][10]
INFO: [Physopt 32-662] Processed net soc_base_inst/ztachip_inst/core_i/GEN_CELL[0].cell_i/GEN_REG[1].GEN1.pcore_i/instr_decoder2_i/pre_iregister_auto_r_reg[12]_0[11].  Did not re-place instance soc_base_inst/ztachip_inst/core_i/GEN_CELL[0].cell_i/GEN_REG[1].GEN1.pcore_i/instr_decoder2_i/iregisters_r[3][11]_i_1__1
INFO: [Physopt 32-662] Processed net soc_base_inst/ztachip_inst/core_i/GEN_CELL[0].cell_i/GEN_REG[3].GEN1.pcore_i/instr_decoder2_i/iregisters_r_reg_n_0_[3][11].  Did not re-place instance soc_base_inst/ztachip_inst/core_i/GEN_CELL[0].cell_i/GEN_REG[3].GEN1.pcore_i/instr_decoder2_i/iregisters_r_reg[3][11]
INFO: [Physopt 32-662] Processed net soc_base_inst/ztachip_inst/core_i/GEN_CELL[0].cell_i/GEN_REG[1].GEN1.pcore_i/instr_decoder2_i/pre_iregister_auto_r_reg[12]_0[8].  Did not re-place instance soc_base_inst/ztachip_inst/core_i/GEN_CELL[0].cell_i/GEN_REG[1].GEN1.pcore_i/instr_decoder2_i/iregisters_r[3][8]_i_1__1
INFO: [Physopt 32-662] Processed net soc_base_inst/ztachip_inst/core_i/GEN_CELL[0].cell_i/GEN_REG[3].GEN1.pcore_i/instr_decoder2_i/iregisters_r_reg_n_0_[3][8].  Did not re-place instance soc_base_inst/ztachip_inst/core_i/GEN_CELL[0].cell_i/GEN_REG[3].GEN1.pcore_i/instr_decoder2_i/iregisters_r_reg[3][8]
INFO: [Physopt 32-662] Processed net soc_base_inst/ztachip_inst/core_i/GEN_CELL[0].cell_i/GEN_REG[1].GEN1.pcore_i/instr_decoder2_i/pre_iregister_auto_r_reg[12]_0[5].  Did not re-place instance soc_base_inst/ztachip_inst/core_i/GEN_CELL[0].cell_i/GEN_REG[1].GEN1.pcore_i/instr_decoder2_i/iregisters_r[3][5]_i_1__1
INFO: [Physopt 32-662] Processed net soc_base_inst/ztachip_inst/core_i/GEN_CELL[0].cell_i/GEN_REG[3].GEN1.pcore_i/instr_decoder2_i/iregisters_r_reg_n_0_[3][5].  Did not re-place instance soc_base_inst/ztachip_inst/core_i/GEN_CELL[0].cell_i/GEN_REG[3].GEN1.pcore_i/instr_decoder2_i/iregisters_r_reg[3][5]
INFO: [Physopt 32-661] Optimized 0 net.  Re-placed 0 instance.
INFO: [Physopt 32-775] End 1 Pass. Optimized 0 net or cell. Created 0 new cell, deleted 0 existing cell and moved 0 existing cell
Netlist sorting complete. Time (s): cpu = 00:00:00.02 ; elapsed = 00:00:00.01 . Memory (MB): peak = 3764.473 ; gain = 0.000 ; free physical = 8130 ; free virtual = 14570
Phase 15 Single Cell Placement Optimization | Checksum: 1ca2d7569

Time (s): cpu = 00:01:01 ; elapsed = 00:00:16 . Memory (MB): peak = 3764.473 ; gain = 0.000 ; free physical = 8130 ; free virtual = 14570

Phase 16 Multi Cell Placement Optimization
INFO: [Physopt 32-660] Identified 8 candidate nets for placement-based optimization.
INFO: [Physopt 32-661] Optimized 0 net.  Re-placed 0 instance.
INFO: [Physopt 32-775] End 1 Pass. Optimized 0 net or cell. Created 0 new cell, deleted 0 existing cell and moved 0 existing cell
Phase 16 Multi Cell Placement Optimization | Checksum: 1ca2d7569

Time (s): cpu = 00:01:02 ; elapsed = 00:00:16 . Memory (MB): peak = 3764.473 ; gain = 0.000 ; free physical = 8131 ; free virtual = 14570

Phase 17 Rewire
INFO: [Physopt 32-246] Starting Signal Push optimization...
INFO: [Physopt 32-241] No nets found for rewiring () optimization.
INFO: [Physopt 32-232] Optimized 0 net. Created 0 new instance.
INFO: [Physopt 32-775] End 1 Pass. Optimized 0 net or cell. Created 0 new cell, deleted 0 existing cell and moved 0 existing cell
Netlist sorting complete. Time (s): cpu = 00:00:00.02 ; elapsed = 00:00:00.02 . Memory (MB): peak = 3764.473 ; gain = 0.000 ; free physical = 8131 ; free virtual = 14570
Phase 17 Rewire | Checksum: 1ca2d7569

Time (s): cpu = 00:01:02 ; elapsed = 00:00:17 . Memory (MB): peak = 3764.473 ; gain = 0.000 ; free physical = 8131 ; free virtual = 14570

Phase 18 Critical Cell Optimization
INFO: [Physopt 32-68] No nets found for critical-cell optimization.
INFO: [Physopt 32-232] Optimized 0 net. Created 0 new instance.
INFO: [Physopt 32-775] End 1 Pass. Optimized 0 net or cell. Created 0 new cell, deleted 0 existing cell and moved 0 existing cell
Phase 18 Critical Cell Optimization | Checksum: 1ca2d7569

Time (s): cpu = 00:01:02 ; elapsed = 00:00:17 . Memory (MB): peak = 3764.473 ; gain = 0.000 ; free physical = 8131 ; free virtual = 14570

Phase 19 DSP Register Optimization
INFO: [Physopt 32-456] No candidate cells for DSP register optimization found in the design.
INFO: [Physopt 32-775] End 1 Pass. Optimized 0 net or cell. Created 0 new cell, deleted 0 existing cell and moved 0 existing cell
Phase 19 DSP Register Optimization | Checksum: 1ca2d7569

Time (s): cpu = 00:01:02 ; elapsed = 00:00:17 . Memory (MB): peak = 3764.473 ; gain = 0.000 ; free physical = 8131 ; free virtual = 14570

Phase 20 BRAM Register Optimization
INFO: [Physopt 32-526] No candidate cells for BRAM register optimization found in the design
INFO: [Physopt 32-775] End 1 Pass. Optimized 0 net or cell. Created 0 new cell, deleted 0 existing cell and moved 0 existing cell
Phase 20 BRAM Register Optimization | Checksum: 1ca2d7569

Time (s): cpu = 00:01:02 ; elapsed = 00:00:17 . Memory (MB): peak = 3764.473 ; gain = 0.000 ; free physical = 8131 ; free virtual = 14570

Phase 21 URAM Register Optimization
INFO: [Physopt 32-846] No candidate cells for URAM register optimization found in the design
INFO: [Physopt 32-775] End 1 Pass. Optimized 0 net or cell. Created 0 new cell, deleted 0 existing cell and moved 0 existing cell
INFO: [Physopt 32-846] No candidate cells for URAM register optimization found in the design
INFO: [Physopt 32-775] End 1 Pass. Optimized 0 net or cell. Created 0 new cell, deleted 0 existing cell and moved 0 existing cell
Phase 21 URAM Register Optimization | Checksum: 1ca2d7569

Time (s): cpu = 00:01:02 ; elapsed = 00:00:17 . Memory (MB): peak = 3764.473 ; gain = 0.000 ; free physical = 8131 ; free virtual = 14570

Phase 22 Shift Register Optimization
INFO: [Physopt 32-1401] No candidate cells found for Shift Register optimization.
INFO: [Physopt 32-677] No candidate cells for Shift Register optimization found in the design
INFO: [Physopt 32-775] End 1 Pass. Optimized 0 net or cell. Created 0 new cell, deleted 0 existing cell and moved 0 existing cell
Phase 22 Shift Register Optimization | Checksum: 1ca2d7569

Time (s): cpu = 00:01:02 ; elapsed = 00:00:17 . Memory (MB): peak = 3764.473 ; gain = 0.000 ; free physical = 8131 ; free virtual = 14570

Phase 23 DSP Register Optimization
INFO: [Physopt 32-456] No candidate cells for DSP register optimization found in the design.
INFO: [Physopt 32-775] End 1 Pass. Optimized 0 net or cell. Created 0 new cell, deleted 0 existing cell and moved 0 existing cell
Phase 23 DSP Register Optimization | Checksum: 1ca2d7569

Time (s): cpu = 00:01:02 ; elapsed = 00:00:17 . Memory (MB): peak = 3764.473 ; gain = 0.000 ; free physical = 8131 ; free virtual = 14570

Phase 24 BRAM Register Optimization
INFO: [Physopt 32-526] No candidate cells for BRAM register optimization found in the design
INFO: [Physopt 32-775] End 1 Pass. Optimized 0 net or cell. Created 0 new cell, deleted 0 existing cell and moved 0 existing cell
Phase 24 BRAM Register Optimization | Checksum: 1ca2d7569

Time (s): cpu = 00:01:02 ; elapsed = 00:00:17 . Memory (MB): peak = 3764.473 ; gain = 0.000 ; free physical = 8131 ; free virtual = 14570

Phase 25 URAM Register Optimization
INFO: [Physopt 32-846] No candidate cells for URAM register optimization found in the design
INFO: [Physopt 32-775] End 1 Pass. Optimized 0 net or cell. Created 0 new cell, deleted 0 existing cell and moved 0 existing cell
INFO: [Physopt 32-846] No candidate cells for URAM register optimization found in the design
INFO: [Physopt 32-775] End 1 Pass. Optimized 0 net or cell. Created 0 new cell, deleted 0 existing cell and moved 0 existing cell
Phase 25 URAM Register Optimization | Checksum: 1ca2d7569

Time (s): cpu = 00:01:02 ; elapsed = 00:00:17 . Memory (MB): peak = 3764.473 ; gain = 0.000 ; free physical = 8131 ; free virtual = 14570

Phase 26 Shift Register Optimization
INFO: [Physopt 32-1401] No candidate cells found for Shift Register optimization.
INFO: [Physopt 32-677] No candidate cells for Shift Register optimization found in the design
INFO: [Physopt 32-775] End 1 Pass. Optimized 0 net or cell. Created 0 new cell, deleted 0 existing cell and moved 0 existing cell
Phase 26 Shift Register Optimization | Checksum: 1ca2d7569

Time (s): cpu = 00:01:02 ; elapsed = 00:00:17 . Memory (MB): peak = 3764.473 ; gain = 0.000 ; free physical = 8131 ; free virtual = 14570

Phase 27 Critical Pin Optimization
INFO: [Physopt 32-606] Identified 4 candidate nets for critical-pin optimization.
INFO: [Physopt 32-608] Optimized 4 nets.  Swapped 81 pins.
INFO: [Physopt 32-775] End 1 Pass. Optimized 4 nets or cells. Created 0 new cell, deleted 0 existing cell and moved 81 existing cells
INFO: [Physopt 32-619] Estimated Timing Summary | WNS=0.000 | TNS=0.000 |
Netlist sorting complete. Time (s): cpu = 00:00:00.02 ; elapsed = 00:00:00.02 . Memory (MB): peak = 3764.473 ; gain = 0.000 ; free physical = 8131 ; free virtual = 14570
Phase 27 Critical Pin Optimization | Checksum: 1ca2d7569

Time (s): cpu = 00:01:03 ; elapsed = 00:00:17 . Memory (MB): peak = 3764.473 ; gain = 0.000 ; free physical = 8131 ; free virtual = 14570

Phase 28 Very High Fanout Optimization
INFO: [Physopt 32-1408] Pass 1. Identified 5 candidate nets for high-fanout optimization.
INFO: [Physopt 32-572] Net soc_base_inst/ztachip_inst/dp_1_i/dp0_i/dp_gen_core_i/dp_gen_primary_i/dp_src_bus_id_rr[1]_i_1_n_0 was not replicated.
Resolution: phys_opt_design can be forced to replicate a net driver using the option -force_replication_on_nets <list of net objects>.
INFO: [Physopt 32-572] Net soc_base_inst/ztachip_inst/dp_1_i/dp0_i/dp_fetch_1_i/fifo_i/rdreq2_r_i_2_n_0 was not replicated.
Resolution: phys_opt_design can be forced to replicate a net driver using the option -force_replication_on_nets <list of net objects>.
INFO: [Physopt 32-81] Processed net soc_base_inst/ztachip_inst/dp_1_i/dp0_i/dp_gen_core_i/dp_gen_primary_i/gen_valid_r_reg[2]_1. Replicated 3 times.
INFO: [Physopt 32-572] Net soc_base_inst/ztachip_inst/dp_1_i/dp0_i/dp_fetch_1_i/fifo_i/GEN1.fifo_i/writeready_out was not replicated.
Resolution: phys_opt_design can be forced to replicate a net driver using the option -force_replication_on_nets <list of net objects>.
INFO: [Physopt 32-232] Optimized 1 net. Created 3 new instances.
INFO: [Physopt 32-775] End 1 Pass. Optimized 1 net or cell. Created 3 new cells, deleted 0 existing cell and moved 0 existing cell
INFO: [Physopt 32-619] Estimated Timing Summary | WNS=0.000 | TNS=0.000 |
Netlist sorting complete. Time (s): cpu = 00:00:00.06 ; elapsed = 00:00:00.06 . Memory (MB): peak = 3764.473 ; gain = 0.000 ; free physical = 8131 ; free virtual = 14569
Phase 28 Very High Fanout Optimization | Checksum: 1a2aff45d

Time (s): cpu = 00:01:18 ; elapsed = 00:00:21 . Memory (MB): peak = 3764.473 ; gain = 0.000 ; free physical = 8131 ; free virtual = 14569

Phase 29 Single Cell Placement Optimization
INFO: [Physopt 32-661] Optimized 0 net.  Re-placed 0 instance.
INFO: [Physopt 32-775] End 1 Pass. Optimized 0 net or cell. Created 0 new cell, deleted 0 existing cell and moved 0 existing cell
Phase 29 Single Cell Placement Optimization | Checksum: 1a2aff45d

Time (s): cpu = 00:01:18 ; elapsed = 00:00:21 . Memory (MB): peak = 3764.473 ; gain = 0.000 ; free physical = 8130 ; free virtual = 14569

Phase 30 Multi Cell Placement Optimization
INFO: [Physopt 32-661] Optimized 0 net.  Re-placed 0 instance.
INFO: [Physopt 32-775] End 1 Pass. Optimized 0 net or cell. Created 0 new cell, deleted 0 existing cell and moved 0 existing cell
Phase 30 Multi Cell Placement Optimization | Checksum: 1a2aff45d

Time (s): cpu = 00:01:18 ; elapsed = 00:00:22 . Memory (MB): peak = 3764.473 ; gain = 0.000 ; free physical = 8130 ; free virtual = 14569

Phase 31 SLR Crossing Optimization
Phase 31 SLR Crossing Optimization | Checksum: 1a2aff45d

Time (s): cpu = 00:01:18 ; elapsed = 00:00:22 . Memory (MB): peak = 3764.473 ; gain = 0.000 ; free physical = 8130 ; free virtual = 14569

Phase 32 Critical Path Optimization
INFO: [Physopt 32-619] Estimated Timing Summary | WNS=0.000 | TNS=0.000 |
INFO: [Physopt 32-619] Estimated Timing Summary | WNS=0.000 | TNS=0.000 |
Netlist sorting complete. Time (s): cpu = 00:00:00.02 ; elapsed = 00:00:00.02 . Memory (MB): peak = 3764.473 ; gain = 0.000 ; free physical = 8130 ; free virtual = 14569
Phase 32 Critical Path Optimization | Checksum: 1a2aff45d

Time (s): cpu = 00:01:19 ; elapsed = 00:00:22 . Memory (MB): peak = 3764.473 ; gain = 0.000 ; free physical = 8130 ; free virtual = 14569

Phase 33 BRAM Enable Optimization
Phase 33 BRAM Enable Optimization | Checksum: 1a2aff45d

Time (s): cpu = 00:01:19 ; elapsed = 00:00:22 . Memory (MB): peak = 3764.473 ; gain = 0.000 ; free physical = 8130 ; free virtual = 14569
INFO: [Physopt 32-960] Skip hold-fix as initial WHS does not violate hold threshold 250 ps
Netlist sorting complete. Time (s): cpu = 00:00:00.02 ; elapsed = 00:00:00.02 . Memory (MB): peak = 3764.473 ; gain = 0.000 ; free physical = 8130 ; free virtual = 14569
INFO: [Physopt 32-603] Post Physical Optimization Timing Summary | WNS=0.000 | TNS=0.000 |

Summary of Physical Synthesis Optimizations
============================================


----------------------------------------------------------------------------------------------------------------------------------------------------------------------
|  Optimization            |  WNS Gain (ns)  |  TNS Gain (ns)  |  Added Cells  |  Removed Cells  |  Optimized Cells/Nets  |  Dont Touch  |  Iterations  |  Elapsed   |
----------------------------------------------------------------------------------------------------------------------------------------------------------------------
|  Fanout                  |          0.000  |          0.000  |            2  |              0  |                     1  |           0  |           3  |  00:00:01  |
|  Single Cell Placement   |          0.027  |          0.109  |            0  |              0  |                   102  |           0  |           4  |  00:00:08  |
|  Multi Cell Placement    |          0.000  |          0.000  |            0  |              0  |                     0  |           0  |           4  |  00:00:01  |
|  Rewire                  |          0.000  |          0.000  |            0  |              0  |                     0  |           0  |           3  |  00:00:01  |
|  Critical Cell           |          0.000  |          0.000  |            0  |              0  |                     0  |           0  |           3  |  00:00:01  |
|  SLR Crossing            |          0.000  |          0.000  |            0  |              0  |                     0  |           0  |           3  |  00:00:00  |
|  DSP Register            |          0.000  |          0.000  |            0  |              0  |                     0  |           0  |           2  |  00:00:00  |
|  BRAM Register           |          0.000  |          0.000  |            0  |              0  |                     0  |           0  |           2  |  00:00:00  |
|  URAM Register           |          0.000  |          0.000  |            0  |              0  |                     0  |           0  |           2  |  00:00:00  |
|  Shift Register          |          0.000  |          0.000  |            0  |              0  |                     0  |           0  |           2  |  00:00:00  |
|  Critical Pin            |          0.000  |          0.000  |            0  |              0  |                     4  |           0  |           1  |  00:00:00  |
|  Very High Fanout        |          0.000  |          0.000  |            3  |              0  |                     1  |           0  |           1  |  00:00:04  |
|  BRAM Enable             |          0.000  |          0.000  |            0  |              0  |                     0  |           0  |           1  |  00:00:00  |
|  Critical Path           |          0.000  |          0.000  |            0  |              0  |                     0  |           0  |           1  |  00:00:00  |
|  Total                   |          0.027  |          0.109  |            5  |              0  |                   108  |           0  |          32  |  00:00:16  |
----------------------------------------------------------------------------------------------------------------------------------------------------------------------


Netlist sorting complete. Time (s): cpu = 00:00:00.02 ; elapsed = 00:00:00.01 . Memory (MB): peak = 3764.473 ; gain = 0.000 ; free physical = 8130 ; free virtual = 14569
Ending Physical Synthesis Task | Checksum: 193d1c75c

Time (s): cpu = 00:01:20 ; elapsed = 00:00:22 . Memory (MB): peak = 3764.473 ; gain = 0.000 ; free physical = 8130 ; free virtual = 14569
INFO: [Common 17-83] Releasing license: Implementation
463 Infos, 0 Warnings, 1 Critical Warnings and 0 Errors encountered.
phys_opt_design completed successfully
phys_opt_design: Time (s): cpu = 00:01:47 ; elapsed = 00:00:28 . Memory (MB): peak = 3764.473 ; gain = 0.000 ; free physical = 8130 ; free virtual = 14569
INFO: [Timing 38-480] Writing timing data to binary archive.
Wrote PlaceDB: Time (s): cpu = 00:00:00 ; elapsed = 00:00:00 . Memory (MB): peak = 3764.473 ; gain = 0.000 ; free physical = 8130 ; free virtual = 14570
Wrote PulsedLatchDB: Time (s): cpu = 00:00:00 ; elapsed = 00:00:00 . Memory (MB): peak = 3764.473 ; gain = 0.000 ; free physical = 8130 ; free virtual = 14570
Writing XDEF routing.
Writing XDEF routing logical nets.
Write ShapeDB Complete: Time (s): cpu = 00:00:00.66 ; elapsed = 00:00:00.14 . Memory (MB): peak = 3764.473 ; gain = 0.000 ; free physical = 8110 ; free virtual = 14563
Writing XDEF routing special nets.
Wrote RouteStorage: Time (s): cpu = 00:00:00.74 ; elapsed = 00:00:00.16 . Memory (MB): peak = 3764.473 ; gain = 0.000 ; free physical = 8110 ; free virtual = 14563
Wrote PlaceStorage: Time (s): cpu = 00:00:06 ; elapsed = 00:00:02 . Memory (MB): peak = 3764.473 ; gain = 0.000 ; free physical = 8031 ; free virtual = 14552
Wrote Netlist Cache: Time (s): cpu = 00:00:00.16 ; elapsed = 00:00:00.08 . Memory (MB): peak = 3764.473 ; gain = 0.000 ; free physical = 8022 ; free virtual = 14552
Wrote Device Cache: Time (s): cpu = 00:00:00.02 ; elapsed = 00:00:00.01 . Memory (MB): peak = 3764.473 ; gain = 0.000 ; free physical = 8022 ; free virtual = 14553
Write Physdb Complete: Time (s): cpu = 00:00:07 ; elapsed = 00:00:02 . Memory (MB): peak = 3764.473 ; gain = 0.000 ; free physical = 8022 ; free virtual = 14553
INFO: [Common 17-1381] The checkpoint '/home/eslam-elshokafy/Desktop/AIDAChip_Workshop_01/ztachip/HW/examples/ZC702/ztachip_zc702.runs/impl_1/main_zc702_physopt.dcp' has been generated.
Command: route_design -directive Explore -tns_cleanup
Attempting to get a license for feature 'Implementation' and/or device 'xc7z020'
INFO: [Common 17-349] Got license for feature 'Implementation' and/or device 'xc7z020'
INFO: [DRC 23-27] Running DRC with 8 threads
INFO: [Vivado_Tcl 4-198] DRC finished with 0 Errors
INFO: [Vivado_Tcl 4-199] Please refer to the DRC report (report_drc) for more information.


Starting Routing Task
INFO: [Route 35-270] Using Router directive 'Explore'.
INFO: [Route 35-254] Multithreading enabled for route_design using a maximum of 8 CPUs

Phase 1 Build RT Design
Checksum: PlaceDB: a1c00a3b ConstDB: 0 ShapeSum: 6af865c RouteDB: 15f972f0
Post Restoration Checksum: NetGraph: 9f673c72 | NumContArr: 525ff506 | Constraints: c2a8fa9d | Timing: c2a8fa9d
Phase 1 Build RT Design | Checksum: 2771926b2

Time (s): cpu = 00:00:54 ; elapsed = 00:00:20 . Memory (MB): peak = 3764.473 ; gain = 0.000 ; free physical = 8110 ; free virtual = 14580

Phase 2 Router Initialization

Phase 2.1 Fix Topology Constraints
Phase 2.1 Fix Topology Constraints | Checksum: 2771926b2

Time (s): cpu = 00:00:55 ; elapsed = 00:00:20 . Memory (MB): peak = 3764.473 ; gain = 0.000 ; free physical = 8110 ; free virtual = 14580

Phase 2.2 Pre Route Cleanup
Phase 2.2 Pre Route Cleanup | Checksum: 2771926b2

Time (s): cpu = 00:00:55 ; elapsed = 00:00:20 . Memory (MB): peak = 3764.473 ; gain = 0.000 ; free physical = 8110 ; free virtual = 14580

Phase 2.3 Update Timing
Phase 2.3 Update Timing | Checksum: 1b836ce61

Time (s): cpu = 00:01:41 ; elapsed = 00:00:32 . Memory (MB): peak = 3764.473 ; gain = 0.000 ; free physical = 8110 ; free virtual = 14581
INFO: [Route 35-416] Intermediate Timing Summary | WNS=0.000  | TNS=0.000  | WHS=-0.566 | THS=-1476.392|


Phase 2.4 Soft Constraint Pins - Fast Budgeting
Phase 2.4 Soft Constraint Pins - Fast Budgeting | Checksum: 1c598c550

Time (s): cpu = 00:02:00 ; elapsed = 00:00:37 . Memory (MB): peak = 3764.473 ; gain = 0.000 ; free physical = 8109 ; free virtual = 14580

Router Utilization Summary
  Global Vertical Routing Utilization    = 0 %
  Global Horizontal Routing Utilization  = 0 %
  Routable Net Status*
  *Does not include unroutable nets such as driverless and loadless.
  Run report_route_status for detailed report.
  Number of Failed Nets               = 97549
    (Failed Nets is the sum of unrouted and partially routed nets)
  Number of Unrouted Nets             = 97548
  Number of Partially Routed Nets     = 1
  Number of Node Overlaps             = 4

Phase 2 Router Initialization | Checksum: 1a58c38e7

Time (s): cpu = 00:02:01 ; elapsed = 00:00:38 . Memory (MB): peak = 3764.473 ; gain = 0.000 ; free physical = 8109 ; free virtual = 14580

Phase 3 Global Routing
Phase 3 Global Routing | Checksum: 1a58c38e7

Time (s): cpu = 00:02:01 ; elapsed = 00:00:38 . Memory (MB): peak = 3764.473 ; gain = 0.000 ; free physical = 8109 ; free virtual = 14580

Phase 4 Initial Routing

Phase 4.1 Initial Net Routing Pass
Phase 4.1 Initial Net Routing Pass | Checksum: 1de2437de

Time (s): cpu = 00:05:47 ; elapsed = 00:01:26 . Memory (MB): peak = 3830.457 ; gain = 65.984 ; free physical = 7990 ; free virtual = 14462
Phase 4 Initial Routing | Checksum: 1de2437de

Time (s): cpu = 00:05:47 ; elapsed = 00:01:26 . Memory (MB): peak = 3830.457 ; gain = 65.984 ; free physical = 7990 ; free virtual = 14462
INFO: [Route 35-580] Design has 4 pins with tight setup and hold constraints.

The top 5 pins with tight setup and hold constraints:

+====================+===================+=====================================================================================================================================================================================================================================+
| Launch Setup Clock | Launch Hold Clock | Pin                                                                                                                                                                                                                                 |
+====================+===================+=====================================================================================================================================================================================================================================+
| clk_out1_clk_mmcm  | clk_out1_clk_mmcm | soc_base_inst/ztachip_inst/core_i/GEN_CELL[0].cell_i/GEN_REG[2].GEN1.pcore_i/xregister_file_i/GEN2.altsyncram_i/ram_i/xpm_memory_sdpram_inst/xpm_memory_base_inst/gen_wr_a.gen_byte_narrow.for_mem_cols[1].mem_reg_1/ADDRBWRADDR[8] |
| clk_out1_clk_mmcm  | clk_out1_clk_mmcm | soc_base_inst/ztachip_inst/ddr_rx_i/read_data_fifo_i/full_r_reg/D                                                                                                                                                                   |
| clk_out1_clk_mmcm  | clk_out1_clk_mmcm | soc_base_inst/ztachip_inst/core_i/GEN_CELL[0].cell_i/GEN_REG[2].GEN1.pcore_i/xregister_file_i/GEN2.altsyncram_i/ram_i/xpm_memory_sdpram_inst/xpm_memory_base_inst/gen_wr_a.gen_byte_narrow.for_mem_cols[1].mem_reg_0/ADDRBWRADDR[8] |
| clk_out1_clk_mmcm  | clk_out1_clk_mmcm | soc_base_inst/ztachip_inst/core_i/GEN_CELL[0].cell_i/GEN_REG[2].GEN1.pcore_i/xregister_file_i/GEN2.altsyncram_i/ram_i/xpm_memory_sdpram_inst/xpm_memory_base_inst/gen_wr_a.gen_byte_narrow.for_mem_cols[1].mem_reg_2/ADDRARDADDR[6] |
+--------------------+-------------------+-------------------------------------------------------------------------------------------------------------------------------------------------------------------------------------------------------------------------------------+

File with complete list of pins: tight_setup_hold_pins.txt


Phase 5 Rip-up And Reroute

Phase 5.1 Global Iteration 0
 Number of Nodes with overlaps = 14164
 Number of Nodes with overlaps = 1714
 Number of Nodes with overlaps = 474
 Number of Nodes with overlaps = 171
 Number of Nodes with overlaps = 59
 Number of Nodes with overlaps = 20
 Number of Nodes with overlaps = 9
 Number of Nodes with overlaps = 1
 Number of Nodes with overlaps = 0
INFO: [Route 35-416] Intermediate Timing Summary | WNS=-0.054 | TNS=-0.088 | WHS=N/A    | THS=N/A    |

Phase 5.1 Global Iteration 0 | Checksum: 25221fba2

Time (s): cpu = 00:12:33 ; elapsed = 00:03:29 . Memory (MB): peak = 5042.457 ; gain = 1277.984 ; free physical = 6789 ; free virtual = 13261

Phase 5.2 Global Iteration 1
 Number of Nodes with overlaps = 1492
 Number of Nodes with overlaps = 283
 Number of Nodes with overlaps = 136
 Number of Nodes with overlaps = 71
 Number of Nodes with overlaps = 36
 Number of Nodes with overlaps = 20
 Number of Nodes with overlaps = 14
 Number of Nodes with overlaps = 4
 Number of Nodes with overlaps = 3
 Number of Nodes with overlaps = 2
 Number of Nodes with overlaps = 1
 Number of Nodes with overlaps = 1
 Number of Nodes with overlaps = 1
 Number of Nodes with overlaps = 0
INFO: [Route 35-416] Intermediate Timing Summary | WNS=0.000  | TNS=0.000  | WHS=N/A    | THS=N/A    |

Phase 5.2 Global Iteration 1 | Checksum: 296137f0f

Time (s): cpu = 00:14:23 ; elapsed = 00:04:31 . Memory (MB): peak = 5042.457 ; gain = 1277.984 ; free physical = 6791 ; free virtual = 13267
Phase 5 Rip-up And Reroute | Checksum: 296137f0f

Time (s): cpu = 00:14:23 ; elapsed = 00:04:31 . Memory (MB): peak = 5042.457 ; gain = 1277.984 ; free physical = 6791 ; free virtual = 13267

Phase 6 Delay and Skew Optimization

Phase 6.1 TNS Cleanup

Phase 6.1.1 Delay CleanUp

Phase 6.1.1.1 Update Timing
Phase 6.1.1.1 Update Timing | Checksum: 2a3bb73d2

Time (s): cpu = 00:14:28 ; elapsed = 00:04:32 . Memory (MB): peak = 5042.457 ; gain = 1277.984 ; free physical = 6790 ; free virtual = 13267
INFO: [Route 35-416] Intermediate Timing Summary | WNS=0.000  | TNS=0.000  | WHS=N/A    | THS=N/A    |

Phase 6.1.1 Delay CleanUp | Checksum: 2a3bb73d2

Time (s): cpu = 00:14:28 ; elapsed = 00:04:32 . Memory (MB): peak = 5042.457 ; gain = 1277.984 ; free physical = 6790 ; free virtual = 13267
Phase 6.1 TNS Cleanup | Checksum: 2a3bb73d2

Time (s): cpu = 00:14:28 ; elapsed = 00:04:32 . Memory (MB): peak = 5042.457 ; gain = 1277.984 ; free physical = 6790 ; free virtual = 13267

Phase 6.2 Clock Skew Optimization
Phase 6.2 Clock Skew Optimization | Checksum: 2a3bb73d2

Time (s): cpu = 00:14:29 ; elapsed = 00:04:32 . Memory (MB): peak = 5042.457 ; gain = 1277.984 ; free physical = 6790 ; free virtual = 13267
Phase 6 Delay and Skew Optimization | Checksum: 2a3bb73d2

Time (s): cpu = 00:14:29 ; elapsed = 00:04:33 . Memory (MB): peak = 5042.457 ; gain = 1277.984 ; free physical = 6790 ; free virtual = 13267

Phase 7 Post Hold Fix

Phase 7.1 Hold Fix Iter
INFO: [Route 35-416] Intermediate Timing Summary | WNS=0.000  | TNS=0.000  | WHS=-0.033 | THS=-0.198 |


Phase 7.1.1 Lut RouteThru Assignment for hold
Phase 7.1.1 Lut RouteThru Assignment for hold | Checksum: 2b057052e

Time (s): cpu = 00:14:46 ; elapsed = 00:04:40 . Memory (MB): peak = 5042.457 ; gain = 1277.984 ; free physical = 6793 ; free virtual = 13269
Phase 7.1 Hold Fix Iter | Checksum: 2b057052e

Time (s): cpu = 00:14:46 ; elapsed = 00:04:41 . Memory (MB): peak = 5042.457 ; gain = 1277.984 ; free physical = 6793 ; free virtual = 13269

Phase 7.2 Additional Hold Fix
INFO: [Route 35-416] Intermediate Timing Summary | WNS=0.000  | TNS=0.000  | WHS=0.030  | THS=0.000  |

Phase 7.2 Additional Hold Fix | Checksum: 259291e17

Time (s): cpu = 00:14:54 ; elapsed = 00:04:42 . Memory (MB): peak = 5042.457 ; gain = 1277.984 ; free physical = 6793 ; free virtual = 13269

Phase 7.3 Non Free Resource Hold Fix Iter
Phase 7.3 Non Free Resource Hold Fix Iter | Checksum: 2c2ad625a

Time (s): cpu = 00:14:56 ; elapsed = 00:04:43 . Memory (MB): peak = 5042.457 ; gain = 1277.984 ; free physical = 6790 ; free virtual = 13268
Phase 7 Post Hold Fix | Checksum: 2c2ad625a

Time (s): cpu = 00:14:56 ; elapsed = 00:04:43 . Memory (MB): peak = 5042.457 ; gain = 1277.984 ; free physical = 6790 ; free virtual = 13268

Phase 8 Route finalize

Router Utilization Summary
  Global Vertical Routing Utilization    = 34.4624 %
  Global Horizontal Routing Utilization  = 40.9875 %
  Routable Net Status*
  *Does not include unroutable nets such as driverless and loadless.
  Run report_route_status for detailed report.
  Number of Failed Nets               = 0
    (Failed Nets is the sum of unrouted and partially routed nets)
  Number of Unrouted Nets             = 0
  Number of Partially Routed Nets     = 0
  Number of Node Overlaps             = 0

Phase 8 Route finalize | Checksum: 2c2ad625a

Time (s): cpu = 00:14:57 ; elapsed = 00:04:43 . Memory (MB): peak = 5042.457 ; gain = 1277.984 ; free physical = 6790 ; free virtual = 13268

Phase 9 Verifying routed nets

 Verification completed successfully
Phase 9 Verifying routed nets | Checksum: 2c2ad625a

Time (s): cpu = 00:14:58 ; elapsed = 00:04:43 . Memory (MB): peak = 5042.457 ; gain = 1277.984 ; free physical = 6789 ; free virtual = 13267

Phase 10 Depositing Routes
Phase 10 Depositing Routes | Checksum: 2a0e86ad8

Time (s): cpu = 00:15:06 ; elapsed = 00:04:48 . Memory (MB): peak = 5042.457 ; gain = 1277.984 ; free physical = 6791 ; free virtual = 13267

Phase 11 Post Process Routing
Phase 11 Post Process Routing | Checksum: 2a0e86ad8

Time (s): cpu = 00:15:06 ; elapsed = 00:04:49 . Memory (MB): peak = 5042.457 ; gain = 1277.984 ; free physical = 6791 ; free virtual = 13267

Phase 12 Post Router Timing
INFO: [Route 35-20] Post Routing Timing Summary | WNS=0.000  | TNS=0.000  | WHS=0.015  | THS=0.000  |

Phase 12 Post Router Timing | Checksum: 2a22187c0

Time (s): cpu = 00:15:49 ; elapsed = 00:04:56 . Memory (MB): peak = 5042.457 ; gain = 1277.984 ; free physical = 6790 ; free virtual = 13267
INFO: [Route 35-61] The design met the timing requirement.
Total Elapsed time in route_design: 295.89 secs

Phase 13 Post-Route Event Processing
Phase 13 Post-Route Event Processing | Checksum: 150640ba8

Time (s): cpu = 00:15:50 ; elapsed = 00:04:56 . Memory (MB): peak = 5042.457 ; gain = 1277.984 ; free physical = 6791 ; free virtual = 13267
INFO: [Route 35-16] Router Completed Successfully
Ending Routing Task | Checksum: 150640ba8

Time (s): cpu = 00:15:50 ; elapsed = 00:04:56 . Memory (MB): peak = 5042.457 ; gain = 1277.984 ; free physical = 6791 ; free virtual = 13267

Routing Is Done.
INFO: [Common 17-83] Releasing license: Implementation
482 Infos, 0 Warnings, 1 Critical Warnings and 0 Errors encountered.
route_design completed successfully
route_design: Time (s): cpu = 00:15:52 ; elapsed = 00:04:57 . Memory (MB): peak = 5042.457 ; gain = 1277.984 ; free physical = 6791 ; free virtual = 13267
INFO: [Vivado 12-24828] Executing command : report_drc -file main_zc702_drc_routed.rpt -pb main_zc702_drc_routed.pb -rpx main_zc702_drc_routed.rpx
Command: report_drc -file main_zc702_drc_routed.rpt -pb main_zc702_drc_routed.pb -rpx main_zc702_drc_routed.rpx
INFO: [IP_Flow 19-1839] IP Catalog is up to date.
INFO: [DRC 23-27] Running DRC with 8 threads
INFO: [Vivado_Tcl 2-168] The results of DRC are in file /home/eslam-elshokafy/Desktop/AIDAChip_Workshop_01/ztachip/HW/examples/ZC702/ztachip_zc702.runs/impl_1/main_zc702_drc_routed.rpt.
report_drc completed successfully
INFO: [Vivado 12-24828] Executing command : report_methodology -file main_zc702_methodology_drc_routed.rpt -pb main_zc702_methodology_drc_routed.pb -rpx main_zc702_methodology_drc_routed.rpx
Command: report_methodology -file main_zc702_methodology_drc_routed.rpt -pb main_zc702_methodology_drc_routed.pb -rpx main_zc702_methodology_drc_routed.rpx
INFO: [Timing 38-35] Done setting XDC timing constraints.
INFO: [DRC 23-133] Running Methodology with 8 threads
INFO: [Vivado_Tcl 2-1520] The results of Report Methodology are in file /home/eslam-elshokafy/Desktop/AIDAChip_Workshop_01/ztachip/HW/examples/ZC702/ztachip_zc702.runs/impl_1/main_zc702_methodology_drc_routed.rpt.
report_methodology completed successfully
report_methodology: Time (s): cpu = 00:01:01 ; elapsed = 00:00:11 . Memory (MB): peak = 5042.457 ; gain = 0.000 ; free physical = 6784 ; free virtual = 13268
INFO: [Vivado 12-24828] Executing command : report_timing_summary -max_paths 10 -routable_nets -report_unconstrained -file main_zc702_timing_summary_routed.rpt -pb main_zc702_timing_summary_routed.pb -rpx main_zc702_timing_summary_routed.rpx
INFO: [Timing 38-35] Done setting XDC timing constraints.
INFO: [Timing 38-91] UpdateTimingParams: Speed grade: -1, Delay Type: min_max.
INFO: [Timing 38-191] Multithreading enabled for timing update using a maximum of 8 CPUs
report_timing_summary: Time (s): cpu = 00:00:15 ; elapsed = 00:00:06 . Memory (MB): peak = 5042.457 ; gain = 0.000 ; free physical = 6778 ; free virtual = 13264
INFO: [Vivado 12-24838] Running report commands "report_bus_skew, report_incremental_reuse, report_route_status" in parallel.
Running report generation with 3 threads.
INFO: [Vivado 12-24828] Executing command : report_incremental_reuse -file main_zc702_incremental_reuse_routed.rpt
INFO: [Vivado_Tcl 4-1062] Incremental flow is disabled. No incremental reuse Info to report.
INFO: [Vivado 12-24828] Executing command : report_bus_skew -warn_on_violation -file main_zc702_bus_skew_routed.rpt -pb main_zc702_bus_skew_routed.pb -rpx main_zc702_bus_skew_routed.rpx
INFO: [Timing 38-91] UpdateTimingParams: Speed grade: -1, Delay Type: min_max.
INFO: [Timing 38-191] Multithreading enabled for timing update using a maximum of 8 CPUs
INFO: [Vivado 12-24828] Executing command : report_route_status -file main_zc702_route_status.rpt -pb main_zc702_route_status.pb
INFO: [Vivado 12-24828] Executing command : report_power -file main_zc702_power_routed.rpt -pb main_zc702_power_summary_routed.pb -rpx main_zc702_power_routed.rpx
Command: report_power -file main_zc702_power_routed.rpt -pb main_zc702_power_summary_routed.pb -rpx main_zc702_power_routed.rpx
Running Vector-less Activity Propagation...

Finished Running Vector-less Activity Propagation
502 Infos, 0 Warnings, 1 Critical Warnings and 0 Errors encountered.
report_power completed successfully
report_power: Time (s): cpu = 00:00:23 ; elapsed = 00:00:09 . Memory (MB): peak = 5082.477 ; gain = 40.020 ; free physical = 6764 ; free virtual = 13262
INFO: [Vivado 12-24828] Executing command : report_clock_utilization -file main_zc702_clock_utilization_routed.rpt
generate_parallel_reports: Time (s): cpu = 00:02:01 ; elapsed = 00:00:34 . Memory (MB): peak = 5082.477 ; gain = 40.020 ; free physical = 6756 ; free virtual = 13256
INFO: [Timing 38-480] Writing timing data to binary archive.
Wrote PlaceDB: Time (s): cpu = 00:00:00.01 ; elapsed = 00:00:00 . Memory (MB): peak = 5082.477 ; gain = 0.000 ; free physical = 6755 ; free virtual = 13255
Wrote PulsedLatchDB: Time (s): cpu = 00:00:00 ; elapsed = 00:00:00 . Memory (MB): peak = 5082.477 ; gain = 0.000 ; free physical = 6755 ; free virtual = 13255
Writing XDEF routing.
Writing XDEF routing logical nets.
Write ShapeDB Complete: Time (s): cpu = 00:00:00.6 ; elapsed = 00:00:00.13 . Memory (MB): peak = 5082.477 ; gain = 0.000 ; free physical = 6743 ; free virtual = 13257
Writing XDEF routing special nets.
Wrote RouteStorage: Time (s): cpu = 00:00:03 ; elapsed = 00:00:00.66 . Memory (MB): peak = 5082.477 ; gain = 0.000 ; free physical = 6720 ; free virtual = 13266
Wrote PlaceStorage: Time (s): cpu = 00:00:05 ; elapsed = 00:00:02 . Memory (MB): peak = 5082.477 ; gain = 0.000 ; free physical = 6661 ; free virtual = 13260
Wrote Netlist Cache: Time (s): cpu = 00:00:00.16 ; elapsed = 00:00:00.09 . Memory (MB): peak = 5082.477 ; gain = 0.000 ; free physical = 6653 ; free virtual = 13260
Wrote Device Cache: Time (s): cpu = 00:00:00.02 ; elapsed = 00:00:00.01 . Memory (MB): peak = 5082.477 ; gain = 0.000 ; free physical = 6645 ; free virtual = 13254
Write Physdb Complete: Time (s): cpu = 00:00:09 ; elapsed = 00:00:03 . Memory (MB): peak = 5082.477 ; gain = 0.000 ; free physical = 6645 ; free virtual = 13253
INFO: [Common 17-1381] The checkpoint '/home/eslam-elshokafy/Desktop/AIDAChip_Workshop_01/ztachip/HW/examples/ZC702/ztachip_zc702.runs/impl_1/main_zc702_routed.dcp' has been generated.
write_checkpoint: Time (s): cpu = 00:00:11 ; elapsed = 00:00:05 . Memory (MB): peak = 5082.477 ; gain = 0.000 ; free physical = 6726 ; free virtual = 13262
Command: phys_opt_design -directive Explore
Attempting to get a license for feature 'Implementation' and/or device 'xc7z020'
INFO: [Common 17-349] Got license for feature 'Implementation' and/or device 'xc7z020'
INFO: [Vivado_Tcl 4-241] Physical synthesis in post route mode 
INFO: [Vivado_Tcl 4-137] Directive used for phys_opt_design is: Explore
INFO: [Vivado_Tcl 4-2279] Estimated Timing Summary | WNS= 0.000 | TNS= 0.000 | 
INFO: [Vivado_Tcl 4-383] Design worst setup slack (WNS) is greater than or equal to 0.000 ns. All physical synthesis setup optimizations will be skipped.
INFO: [Vivado_Tcl 4-232] No setup violation found. The netlist was not modified.
INFO: [Common 17-83] Releasing license: Implementation
512 Infos, 0 Warnings, 1 Critical Warnings and 0 Errors encountered.
phys_opt_design completed successfully
INFO: [Vivado 12-24828] Executing command : report_timing_summary -max_paths 10 -report_unconstrained -warn_on_violation -file main_zc702_timing_summary_postroute_physopted.rpt -pb main_zc702_timing_summary_postroute_physopted.pb -rpx main_zc702_timing_summary_postroute_physopted.rpx
INFO: [Timing 38-91] UpdateTimingParams: Speed grade: -1, Delay Type: min_max.
INFO: [Timing 38-191] Multithreading enabled for timing update using a maximum of 8 CPUs
INFO: [Vivado 12-24828] Executing command : report_bus_skew -warn_on_violation -file main_zc702_bus_skew_postroute_physopted.rpt -pb main_zc702_bus_skew_postroute_physopted.pb -rpx main_zc702_bus_skew_postroute_physopted.rpx
INFO: [Timing 38-91] UpdateTimingParams: Speed grade: -1, Delay Type: min_max.
INFO: [Timing 38-191] Multithreading enabled for timing update using a maximum of 8 CPUs
INFO: [Timing 38-480] Writing timing data to binary archive.
Wrote PlaceDB: Time (s): cpu = 00:00:00 ; elapsed = 00:00:00 . Memory (MB): peak = 5082.477 ; gain = 0.000 ; free physical = 6723 ; free virtual = 13261
Wrote PulsedLatchDB: Time (s): cpu = 00:00:00 ; elapsed = 00:00:00 . Memory (MB): peak = 5082.477 ; gain = 0.000 ; free physical = 6723 ; free virtual = 13261
Writing XDEF routing.
Writing XDEF routing logical nets.
Write ShapeDB Complete: Time (s): cpu = 00:00:00.6 ; elapsed = 00:00:00.13 . Memory (MB): peak = 5082.477 ; gain = 0.000 ; free physical = 6703 ; free virtual = 13255
Writing XDEF routing special nets.
Wrote RouteStorage: Time (s): cpu = 00:00:03 ; elapsed = 00:00:00.66 . Memory (MB): peak = 5082.477 ; gain = 0.000 ; free physical = 6671 ; free virtual = 13255
Wrote PlaceStorage: Time (s): cpu = 00:00:05 ; elapsed = 00:00:02 . Memory (MB): peak = 5082.477 ; gain = 0.000 ; free physical = 6603 ; free virtual = 13243
Wrote Netlist Cache: Time (s): cpu = 00:00:00.17 ; elapsed = 00:00:00.08 . Memory (MB): peak = 5082.477 ; gain = 0.000 ; free physical = 6595 ; free virtual = 13243
Wrote Device Cache: Time (s): cpu = 00:00:00.02 ; elapsed = 00:00:00.01 . Memory (MB): peak = 5082.477 ; gain = 0.000 ; free physical = 6595 ; free virtual = 13244
Write Physdb Complete: Time (s): cpu = 00:00:09 ; elapsed = 00:00:03 . Memory (MB): peak = 5082.477 ; gain = 0.000 ; free physical = 6595 ; free virtual = 13244
INFO: [Common 17-1381] The checkpoint '/home/eslam-elshokafy/Desktop/AIDAChip_Workshop_01/ztachip/HW/examples/ZC702/ztachip_zc702.runs/impl_1/main_zc702_postroute_physopt.dcp' has been generated.
write_checkpoint: Time (s): cpu = 00:00:11 ; elapsed = 00:00:05 . Memory (MB): peak = 5082.477 ; gain = 0.000 ; free physical = 6674 ; free virtual = 13248
INFO: [Memdata 28-167] Found XPM memory block soc_base_inst/ztachip_inst/sram_i/axi_ifc_i/resp_fifo/ram_i/xpm_memory_sdpram_inst/xpm_memory_base_inst with a P_MEMORY_PRIMITIVE property set to auto. A value of block is required. You will not be able to use the updatemem program to update the bitstream with new data for the soc_base_inst/ztachip_inst/sram_i/axi_ifc_i/resp_fifo/ram_i/xpm_memory_sdpram_inst/xpm_memory_base_inst block.
INFO: [Memdata 28-167] Found XPM memory block soc_base_inst/ztachip_inst/ddr_rx_i/ddr_rx_fifo_i/ram_i/xpm_memory_sdpram_inst/xpm_memory_base_inst with a P_MEMORY_PRIMITIVE property set to auto. A value of block is required. You will not be able to use the updatemem program to update the bitstream with new data for the soc_base_inst/ztachip_inst/ddr_rx_i/ddr_rx_fifo_i/ram_i/xpm_memory_sdpram_inst/xpm_memory_base_inst block.
INFO: [Memdata 28-167] Found XPM memory block soc_base_inst/ztachip_inst/GEN1.fpu_i/read_pending_i/ram_i/xpm_memory_sdpram_inst/xpm_memory_base_inst with a P_MEMORY_PRIMITIVE property set to auto. A value of block is required. You will not be able to use the updatemem program to update the bitstream with new data for the soc_base_inst/ztachip_inst/GEN1.fpu_i/read_pending_i/ram_i/xpm_memory_sdpram_inst/xpm_memory_base_inst block.
INFO: [Memdata 28-167] Found XPM memory block soc_base_inst/axi_stream_write_inst/write_fifo/GEN2.afifo_i/ram_i/xpm_memory_sdpram_inst/xpm_memory_base_inst with a P_MEMORY_PRIMITIVE property set to distributed. A value of block is required. You will not be able to use the updatemem program to update the bitstream with new data for the soc_base_inst/axi_stream_write_inst/write_fifo/GEN2.afifo_i/ram_i/xpm_memory_sdpram_inst/xpm_memory_base_inst block.
INFO: [Memdata 28-167] Found XPM memory block soc_base_inst/axi_merge_inst/write_i/GEN2_CCD.slave_data_fifo/GEN2.afifo_i/ram_i/xpm_memory_sdpram_inst/xpm_memory_base_inst with a P_MEMORY_PRIMITIVE property set to distributed. A value of block is required. You will not be able to use the updatemem program to update the bitstream with new data for the soc_base_inst/axi_merge_inst/write_i/GEN2_CCD.slave_data_fifo/GEN2.afifo_i/ram_i/xpm_memory_sdpram_inst/xpm_memory_base_inst block.
INFO: [Memdata 28-167] Found XPM memory block soc_base_inst/axi_merge_inst/write_i/GEN1_CCD.slave_cmd_fifo/GEN2.afifo_i/ram_i/xpm_memory_sdpram_inst/xpm_memory_base_inst with a P_MEMORY_PRIMITIVE property set to distributed. A value of block is required. You will not be able to use the updatemem program to update the bitstream with new data for the soc_base_inst/axi_merge_inst/write_i/GEN1_CCD.slave_cmd_fifo/GEN2.afifo_i/ram_i/xpm_memory_sdpram_inst/xpm_memory_base_inst block.
INFO: [Memdata 28-167] Found XPM memory block soc_base_inst/axi_merge_inst/read_i/GEN2_CCD.slave_resp_fifo/GEN2.afifo_i/ram_i/xpm_memory_sdpram_inst/xpm_memory_base_inst with a P_MEMORY_PRIMITIVE property set to distributed. A value of block is required. You will not be able to use the updatemem program to update the bitstream with new data for the soc_base_inst/axi_merge_inst/read_i/GEN2_CCD.slave_resp_fifo/GEN2.afifo_i/ram_i/xpm_memory_sdpram_inst/xpm_memory_base_inst block.
INFO: [Memdata 28-167] Found XPM memory block soc_base_inst/axi_merge_inst/read_i/GEN1_CCD.slave_cmd_fifo/GEN2.afifo_i/ram_i/xpm_memory_sdpram_inst/xpm_memory_base_inst with a P_MEMORY_PRIMITIVE property set to distributed. A value of block is required. You will not be able to use the updatemem program to update the bitstream with new data for the soc_base_inst/axi_merge_inst/read_i/GEN1_CCD.slave_cmd_fifo/GEN2.afifo_i/ram_i/xpm_memory_sdpram_inst/xpm_memory_base_inst block.
INFO: [Memdata 28-167] Found XPM memory block soc_base_inst/axi_apb_bridge_inst/wdata_i/ram_i/xpm_memory_sdpram_inst/xpm_memory_base_inst with a P_MEMORY_PRIMITIVE property set to auto. A value of block is required. You will not be able to use the updatemem program to update the bitstream with new data for the soc_base_inst/axi_apb_bridge_inst/wdata_i/ram_i/xpm_memory_sdpram_inst/xpm_memory_base_inst block.
INFO: [Memdata 28-167] Found XPM memory block soc_base_inst/axi_apb_bridge_inst/wcmd_i/ram_i/xpm_memory_sdpram_inst/xpm_memory_base_inst with a P_MEMORY_PRIMITIVE property set to auto. A value of block is required. You will not be able to use the updatemem program to update the bitstream with new data for the soc_base_inst/axi_apb_bridge_inst/wcmd_i/ram_i/xpm_memory_sdpram_inst/xpm_memory_base_inst block.
INFO: [Memdata 28-167] Found XPM memory block soc_base_inst/axi_apb_bridge_inst/rresp_i/ram_i/xpm_memory_sdpram_inst/xpm_memory_base_inst with a P_MEMORY_PRIMITIVE property set to auto. A value of block is required. You will not be able to use the updatemem program to update the bitstream with new data for the soc_base_inst/axi_apb_bridge_inst/rresp_i/ram_i/xpm_memory_sdpram_inst/xpm_memory_base_inst block.
INFO: [Memdata 28-167] Found XPM memory block soc_base_inst/axi_apb_bridge_inst/rcmd_i/ram_i/xpm_memory_sdpram_inst/xpm_memory_base_inst with a P_MEMORY_PRIMITIVE property set to auto. A value of block is required. You will not be able to use the updatemem program to update the bitstream with new data for the soc_base_inst/axi_apb_bridge_inst/rcmd_i/ram_i/xpm_memory_sdpram_inst/xpm_memory_base_inst block.
INFO: [Memdata 28-167] Found XPM memory block soc_base_inst/TCM_i/TCM_read2_i/resp_fifo/ram_i/xpm_memory_sdpram_inst/xpm_memory_base_inst with a P_MEMORY_PRIMITIVE property set to auto. A value of block is required. You will not be able to use the updatemem program to update the bitstream with new data for the soc_base_inst/TCM_i/TCM_read2_i/resp_fifo/ram_i/xpm_memory_sdpram_inst/xpm_memory_base_inst block.
INFO: [Memdata 28-167] Found XPM memory block soc_base_inst/TCM_i/TCM_read1_i/resp_fifo/ram_i/xpm_memory_sdpram_inst/xpm_memory_base_inst with a P_MEMORY_PRIMITIVE property set to auto. A value of block is required. You will not be able to use the updatemem program to update the bitstream with new data for the soc_base_inst/TCM_i/TCM_read1_i/resp_fifo/ram_i/xpm_memory_sdpram_inst/xpm_memory_base_inst block.
Command: write_bitstream -force main_zc702.bit
Attempting to get a license for feature 'Implementation' and/or device 'xc7z020'
INFO: [Common 17-349] Got license for feature 'Implementation' and/or device 'xc7z020'
Running DRC as a precondition to command write_bitstream
INFO: [IP_Flow 19-1839] IP Catalog is up to date.
INFO: [DRC 23-27] Running DRC with 8 threads
INFO: [Vivado 12-3199] DRC finished with 0 Errors
INFO: [Vivado 12-3200] Please refer to the DRC report (report_drc) for more information.
Integrating Hard IP ELF/MEM with the PDI.
INFO: [Designutils 20-2272] Running write_bitstream with 8 threads.
Loading data files...
Loading site data...
Loading route data...
Processing options...
Creating bitmap...
Creating bitstream...
Bitstream compression saved 11971616 bits.
Writing bitstream ./main_zc702.bit...
INFO: [Vivado 12-1842] Bitgen Completed Successfully.
INFO: [Common 17-83] Releasing license: Implementation
542 Infos, 0 Warnings, 1 Critical Warnings and 0 Errors encountered.
write_bitstream completed successfully
write_bitstream: Time (s): cpu = 00:01:03 ; elapsed = 00:00:27 . Memory (MB): peak = 5082.477 ; gain = 0.000 ; free physical = 6677 ; free virtual = 13260
INFO: [Common 17-206] Exiting Vivado at Sun Jun 21 12:52:46 2026...
[Sun Jun 21 12:52:46 2026] impl_1 finished
wait_on_runs: Time (s): cpu = 00:29:09 ; elapsed = 00:09:55 . Memory (MB): peak = 10173.992 ; gain = 0.000 ; free physical = 10509 ; free virtual = 17092
# if {[get_property PROGRESS [get_runs impl_1]] != "100%"} {
#    puts "ERROR: implementation/bitstream did not finish. Check the impl_1 log."
#    return
# }
# open_run impl_1
INFO: [Device 21-403] Loading part xc7z020clg484-1
Netlist sorting complete. Time (s): cpu = 00:00:00.6 ; elapsed = 00:00:00.59 . Memory (MB): peak = 10386.508 ; gain = 0.000 ; free physical = 10190 ; free virtual = 16772
INFO: [Netlist 29-17] Analyzing 3604 Unisim elements for replacement
INFO: [Netlist 29-28] Unisim Transformation completed in 0 CPU seconds
INFO: [Project 1-479] Netlist was created with Vivado 2025.2
INFO: [Project 1-570] Preparing netlist for logic optimization
Read ShapeDB Complete: Time (s): cpu = 00:00:00.11 ; elapsed = 00:00:00.12 . Memory (MB): peak = 10528.414 ; gain = 3.500 ; free physical = 10048 ; free virtual = 16630
INFO: [Timing 38-478] Restoring timing data from binary archive.
INFO: [Timing 38-479] Binary timing data restore complete.
INFO: [Project 1-856] Restoring constraints from binary archive.
INFO: [Project 1-853] Binary constraint restore complete.
INFO: [Designutils 20-5722] Start Reading Physical Databases.
Reading placement.
Read Netlist Cache: Time (s): cpu = 00:00:00.07 ; elapsed = 00:00:00.07 . Memory (MB): peak = 11213.582 ; gain = 0.000 ; free physical = 9417 ; free virtual = 15999
Reading placer database...
Read Device Cache: Time (s): cpu = 00:00:00.01 ; elapsed = 00:00:00.01 . Memory (MB): peak = 11213.582 ; gain = 0.000 ; free physical = 9417 ; free virtual = 15999
Read PlaceDB: Time (s): cpu = 00:00:00 ; elapsed = 00:00:00 . Memory (MB): peak = 11213.582 ; gain = 0.000 ; free physical = 9417 ; free virtual = 15999
Read placeStorage: Time (s): cpu = 00:00:01 ; elapsed = 00:00:01 . Memory (MB): peak = 11245.902 ; gain = 32.320 ; free physical = 9362 ; free virtual = 15944
Read PulsedLatchDB: Time (s): cpu = 00:00:00 ; elapsed = 00:00:00 . Memory (MB): peak = 11245.902 ; gain = 0.000 ; free physical = 9362 ; free virtual = 15944
Reading routing.
Read RouteStorage: Time (s): cpu = 00:00:02 ; elapsed = 00:00:00.5 . Memory (MB): peak = 11304.051 ; gain = 58.148 ; free physical = 9309 ; free virtual = 15891
Read Physdb Files: Time (s): cpu = 00:00:03 ; elapsed = 00:00:02 . Memory (MB): peak = 11304.051 ; gain = 90.469 ; free physical = 9309 ; free virtual = 15891
Restored from archive | CPU: 3.290000 secs | Memory: 77.147667 MB |
Finished XDEF File Restore: Time (s): cpu = 00:00:03 ; elapsed = 00:00:02 . Memory (MB): peak = 11304.051 ; gain = 90.469 ; free physical = 9309 ; free virtual = 15891
Netlist sorting complete. Time (s): cpu = 00:00:00.01 ; elapsed = 00:00:00.01 . Memory (MB): peak = 11351.855 ; gain = 0.000 ; free physical = 9261 ; free virtual = 15843
INFO: [Project 1-111] Unisim Transformation Summary:
  A total of 99 instances were transformed.
  RAM32M => RAM32M (RAMD32(x6), RAMS32(x2)): 92 instances
  RAM32X1D => RAM32X1D (RAMD32(x2)): 7 instances

open_run: Time (s): cpu = 00:00:47 ; elapsed = 00:00:20 . Memory (MB): peak = 11921.184 ; gain = 1747.191 ; free physical = 8672 ; free virtual = 15294
# set wns [get_property STATS.WNS [get_runs impl_1]]
# set whs [get_property STATS.WHS [get_runs impl_1]]
# puts "INFO: ============================================================"
INFO: ============================================================
# puts "INFO:  TIMING   WNS = $wns ns    WHS = $whs ns"
INFO:  TIMING   WNS = 0.000000 ns    WHS = 0.015142 ns
# if {$wns >= 0 && $whs >= 0} {
#    puts "INFO:  >>> TIMING CLOSED - bitstream is GOOD with the PMU <<<"
# } else {
#    puts "INFO:  *** TIMING VIOLATION - do NOT use on board; tell Claude ***"
# }
INFO:  >>> TIMING CLOSED - bitstream is GOOD with the PMU <<<
# puts "INFO:  bitstream: $ZC702/ztachip_zc702.runs/impl_1/main_zc702.bit"
INFO:  bitstream: /home/eslam-elshokafy/Desktop/AIDAChip_Workshop_01/ztachip/HW/examples/ZC702/ztachip_zc702.runs/impl_1/main_zc702.bit
# puts "INFO:  (golden backup safe at phase1_golden_snapshot_2026-06-20/bitstream/)"
INFO:  (golden backup safe at phase1_golden_snapshot_2026-06-20/bitstream/)
# puts "INFO: ============================================================"
INFO: ============================================================
update_compile_order -fileset sources_1
report_timing_summary -delay_type min_max -report_unconstrained -check_timing_verbose -max_paths 10 -input_pins -routable_nets -name timing_1
INFO: [Timing 38-91] UpdateTimingParams: Speed grade: -1, Delay Type: min_max.
INFO: [Timing 38-191] Multithreading enabled for timing update using a maximum of 8 CPUs
report_timing_summary: Time (s): cpu = 00:00:49 ; elapsed = 00:00:11 . Memory (MB): peak = 12122.770 ; gain = 65.348 ; free physical = 7403 ; free virtual = 14840
report_power -name {power_1}
Command: report_power -name power_1
Running Vector-less Activity Propagation...

Finished Running Vector-less Activity Propagation
0 Infos, 0 Warnings, 0 Critical Warnings and 0 Errors encountered.
report_power completed successfully
report_power: Time (s): cpu = 00:00:29 ; elapsed = 00:00:13 . Memory (MB): peak = 12386.699 ; gain = 263.930 ; free physical = 4833 ; free virtual = 13370
exit
INFO: [Common 17-206] Exiting Vivado at Sun Jun 21 15:21:08 2026...
